# Blender 4.2.1 LTS
# www.blender.org
mtllib TAI.mtl
o tai
v -1.426127 -0.243868 -1.000000
v -1.357098 -0.134294 -1.000000
v -1.290724 -0.022343 -1.000000
v -1.227004 0.091985 -1.000000
v -1.165938 0.208689 -1.000000
v -1.107526 0.327771 -1.000000
v -1.051768 0.449230 -1.000000
v -0.998665 0.573065 -1.000000
v -0.948216 0.699277 -1.000000
v -0.900421 0.827866 -1.000000
v -0.855280 0.958832 -1.000000
v -0.812793 1.092175 -1.000000
v -0.772961 1.227895 -1.000000
v -0.772961 0.905590 -1.000000
v -0.773119 0.811921 -1.000000
v -0.773594 0.707755 -1.000000
v -0.774387 0.593090 -1.000000
v -0.775496 0.467928 -1.000000
v -0.776922 0.332267 -1.000000
v -0.778665 0.186109 -1.000000
v -0.780725 0.029453 -1.000000
v -0.783102 -0.137701 -1.000000
v -0.785796 -0.315353 -1.000000
v -0.788806 -0.503502 -1.000000
v -0.792134 -0.702150 -1.000000
v -0.795779 -0.911295 -1.000000
v -1.041072 -0.911295 -1.000000
v -1.083044 -0.859816 -1.000000
v -1.122441 -0.812813 -1.000000
v -1.159263 -0.770287 -1.000000
v -1.193510 -0.732237 -1.000000
v -1.225181 -0.698664 -1.000000
v -1.254278 -0.669567 -1.000000
v -1.280800 -0.644946 -1.000000
v -1.304747 -0.624802 -1.000000
v -1.326120 -0.609135 -1.000000
v -1.344917 -0.597944 -1.000000
v -1.361139 -0.591229 -1.000000
v -1.374786 -0.588991 -1.000000
v -1.385779 -0.590575 -1.000000
v -1.399743 -0.595329 -1.000000
v -1.416678 -0.603252 -1.000000
v -1.436585 -0.614344 -1.000000
v -1.459462 -0.628605 -1.000000
v -1.485311 -0.646036 -1.000000
v -1.514130 -0.666635 -1.000000
v -1.545921 -0.690404 -1.000000
v -1.580683 -0.717342 -1.000000
v -1.618416 -0.747449 -1.000000
v -1.659120 -0.780726 -1.000000
v -1.702795 -0.817171 -1.000000
v -1.724207 -0.836226 -1.000000
v -1.743757 -0.854409 -1.000000
v -1.761445 -0.871720 -1.000000
v -1.777271 -0.888160 -1.000000
v -1.791235 -0.903729 -1.000000
v -1.803337 -0.918426 -1.000000
v -1.813577 -0.932252 -1.000000
v -1.821956 -0.945206 -1.000000
v -1.828472 -0.957288 -1.000000
v -1.833127 -0.968499 -1.000000
v -1.835920 -0.978838 -1.000000
v -1.836851 -0.988306 -1.000000
v -1.836316 -0.997418 -1.000000
v -1.834712 -1.005737 -1.000000
v -1.832038 -1.013263 -1.000000
v -1.828294 -1.019998 -1.000000
v -1.823481 -1.025940 -1.000000
v -1.817598 -1.031090 -1.000000
v -1.810646 -1.035448 -1.000000
v -1.802624 -1.039013 -1.000000
v -1.793532 -1.041786 -1.000000
v -1.783371 -1.043767 -1.000000
v -1.772141 -1.044955 -1.000000
v -1.759840 -1.045351 -1.000000
v -0.801483 -1.045351 -1.000000
v -0.801998 -1.096811 -1.000000
v -0.802592 -1.150409 -1.000000
v -0.803266 -1.206147 -1.000000
v -0.804018 -1.264024 -1.000000
v -0.804850 -1.324040 -1.000000
v -0.805762 -1.386195 -1.000000
v -0.806752 -1.450490 -1.000000
v -0.807822 -1.516924 -1.000000
v -0.808970 -1.585497 -1.000000
v -0.810198 -1.656209 -1.000000
v -0.811506 -1.729060 -1.000000
v -0.812892 -1.804051 -1.000000
v -0.813803 -1.855490 -1.000000
v -0.814635 -1.903325 -1.000000
v -0.815388 -1.947555 -1.000000
v -0.816061 -1.988180 -1.000000
v -0.816656 -2.025199 -1.000000
v -0.817171 -2.058614 -1.000000
v -0.817606 -2.088424 -1.000000
v -0.817963 -2.114629 -1.000000
v -0.818240 -2.137229 -1.000000
v -0.818438 -2.156225 -1.000000
v -0.818557 -2.171615 -1.000000
v -0.818597 -2.183400 -1.000000
v -0.816259 -2.218024 -1.000000
v -0.809248 -2.249636 -1.000000
v -0.797561 -2.278238 -1.000000
v -0.781200 -2.303829 -1.000000
v -0.760165 -2.326409 -1.000000
v -0.734455 -2.345979 -1.000000
v -0.704071 -2.362538 -1.000000
v -0.669012 -2.376086 -1.000000
v -0.629278 -2.386623 -1.000000
v -0.584870 -2.394150 -1.000000
v -0.535788 -2.398666 -1.000000
v -0.482031 -2.400172 -1.000000
v -0.441030 -2.399003 -1.000000
v -0.403594 -2.395497 -1.000000
v -0.369723 -2.389654 -1.000000
v -0.339418 -2.381473 -1.000000
v -0.312678 -2.370956 -1.000000
v -0.289504 -2.358101 -1.000000
v -0.269894 -2.342908 -1.000000
v -0.253850 -2.325379 -1.000000
v -0.241372 -2.305512 -1.000000
v -0.232458 -2.283308 -1.000000
v -0.227110 -2.258767 -1.000000
v -0.225328 -2.231889 -1.000000
v -0.225447 -2.170922 -1.000000
v -0.225803 -2.103062 -1.000000
v -0.226397 -2.028309 -1.000000
v -0.227229 -1.946663 -1.000000
v -0.228299 -1.858124 -1.000000
v -0.229606 -1.762693 -1.000000
v -0.231151 -1.660368 -1.000000
v -0.232934 -1.551151 -1.000000
v -0.234954 -1.435040 -1.000000
v -0.237212 -1.312037 -1.000000
v -0.239708 -1.182140 -1.000000
v -0.242442 -1.045351 -1.000000
v 0.308043 -1.045351 -1.000000
v 0.333258 -1.045589 -1.000000
v 0.359463 -1.046302 -1.000000
v 0.386659 -1.047490 -1.000000
v 0.414845 -1.049154 -1.000000
v 0.444021 -1.051293 -1.000000
v 0.474187 -1.053908 -1.000000
v 0.505344 -1.056998 -1.000000
v 0.537491 -1.060563 -1.000000
v 0.570629 -1.064604 -1.000000
v 0.604757 -1.069120 -1.000000
v 0.639875 -1.074111 -1.000000
v 0.675984 -1.079578 -1.000000
v 0.738734 -0.865659 -1.000000
v 0.702783 -0.872948 -1.000000
v 0.667190 -0.879604 -1.000000
v 0.631952 -0.885625 -1.000000
v 0.597072 -0.891013 -1.000000
v 0.562548 -0.895766 -1.000000
v 0.528380 -0.899886 -1.000000
v 0.494569 -0.903373 -1.000000
v 0.461114 -0.906225 -1.000000
v 0.428016 -0.908443 -1.000000
v 0.395275 -0.910028 -1.000000
v 0.362890 -0.910979 -1.000000
v 0.330862 -0.911295 -1.000000
v -0.242442 -0.911295 -1.000000
v -0.245175 -0.804593 -1.000000
v -0.247671 -0.694603 -1.000000
v -0.249929 -0.581325 -1.000000
v -0.251949 -0.464759 -1.000000
v -0.253732 -0.344905 -1.000000
v -0.255277 -0.221763 -1.000000
v -0.256584 -0.095333 -1.000000
v -0.257653 0.034385 -1.000000
v -0.258485 0.167391 -1.000000
v -0.259080 0.303686 -1.000000
v -0.259436 0.443268 -1.000000
v -0.259555 0.586138 -1.000000
v -0.202193 0.489676 -1.000000
v -0.143246 0.395195 -1.000000
v -0.082715 0.302695 -1.000000
v -0.020599 0.212176 -1.000000
v 0.043101 0.123637 -1.000000
v 0.108386 0.037079 -1.000000
v 0.175255 -0.047498 -1.000000
v 0.243709 -0.130095 -1.000000
v 0.313748 -0.210711 -1.000000
v 0.385371 -0.289346 -1.000000
v 0.458579 -0.366000 -1.000000
v 0.533372 -0.440674 -1.000000
v 0.597310 -0.501957 -1.000000
v 0.663624 -0.563162 -1.000000
v 0.732316 -0.624287 -1.000000
v 0.803385 -0.685334 -1.000000
v 0.876830 -0.746300 -1.000000
v 0.952653 -0.807188 -1.000000
v 1.030852 -0.867997 -1.000000
v 1.111428 -0.928726 -1.000000
v 1.194381 -0.989376 -1.000000
v 1.279711 -1.049947 -1.000000
v 1.367418 -1.110438 -1.000000
v 1.457502 -1.170850 -1.000000
v 1.458017 -1.171306 -1.000000
v 1.458611 -1.171722 -1.000000
v 1.459284 -1.172098 -1.000000
v 1.460037 -1.172435 -1.000000
v 1.460869 -1.172732 -1.000000
v 1.461780 -1.172990 -1.000000
v 1.462770 -1.173208 -1.000000
v 1.463840 -1.173386 -1.000000
v 1.464989 -1.173524 -1.000000
v 1.466217 -1.173623 -1.000000
v 1.467524 -1.173683 -1.000000
v 1.468911 -1.173703 -1.000000
v 1.477111 -1.173366 -1.000000
v 1.484598 -1.172356 -1.000000
v 1.491372 -1.170672 -1.000000
v 1.497433 -1.168315 -1.000000
v 1.502781 -1.165284 -1.000000
v 1.507416 -1.161580 -1.000000
v 1.511338 -1.157203 -1.000000
v 1.514547 -1.152152 -1.000000
v 1.517042 -1.146428 -1.000000
v 1.518825 -1.140030 -1.000000
v 1.519894 -1.132959 -1.000000
v 1.520251 -1.125214 -1.000000
v 1.520212 -1.123808 -1.000000
v 1.520093 -1.122441 -1.000000
v 1.519895 -1.121114 -1.000000
v 1.519617 -1.119827 -1.000000
v 1.519261 -1.118579 -1.000000
v 1.518825 -1.117371 -1.000000
v 1.518310 -1.116202 -1.000000
v 1.517716 -1.115073 -1.000000
v 1.517042 -1.113984 -1.000000
v 1.516290 -1.112934 -1.000000
v 1.515458 -1.111924 -1.000000
v 1.514547 -1.110953 -1.000000
v 1.346898 -0.933539 -1.000000
v 1.187171 -0.751173 -1.000000
v 1.035368 -0.563855 -1.000000
v 0.891488 -0.371586 -1.000000
v 0.755530 -0.174364 -1.000000
v 0.627496 0.027809 -1.000000
v 0.507384 0.234934 -1.000000
v 0.395196 0.447011 -1.000000
v 0.290930 0.664040 -1.000000
v 0.194587 0.886020 -1.000000
v 0.106167 1.112953 -1.000000
v 0.025670 1.344837 -1.000000
v 0.849972 1.344837 -1.000000
v 0.874275 1.344599 -1.000000
v 0.899648 1.343886 -1.000000
v 0.926091 1.342698 -1.000000
v 0.953603 1.341034 -1.000000
v 0.982185 1.338895 -1.000000
v 1.011837 1.336280 -1.000000
v 1.042558 1.333190 -1.000000
v 1.074349 1.329625 -1.000000
v 1.107209 1.325584 -1.000000
v 1.141139 1.321068 -1.000000
v 1.176139 1.316077 -1.000000
v 1.212208 1.310610 -1.000000
v 1.277810 1.524529 -1.000000
v 1.241443 1.517240 -1.000000
v 1.205552 1.510585 -1.000000
v 1.170137 1.504563 -1.000000
v 1.135197 1.499176 -1.000000
v 1.100732 1.494422 -1.000000
v 1.066743 1.490302 -1.000000
v 1.033229 1.486816 -1.000000
v 1.000190 1.483963 -1.000000
v 0.967627 1.481745 -1.000000
v 0.935539 1.480160 -1.000000
v 0.903927 1.479209 -1.000000
v 0.872790 1.478893 -1.000000
v -0.242442 1.478893 -1.000000
v -0.242442 2.163434 -1.000000
v -0.242204 2.230462 -1.000000
v -0.241491 2.296539 -1.000000
v -0.240302 2.361665 -1.000000
v -0.238639 2.425841 -1.000000
v -0.236499 2.489066 -1.000000
v -0.233885 2.551340 -1.000000
v -0.230795 2.612664 -1.000000
v -0.227230 2.673036 -1.000000
v -0.223189 2.732458 -1.000000
v -0.218673 2.790930 -1.000000
v -0.213681 2.848450 -1.000000
v -0.208214 2.905020 -1.000000
v -0.285007 2.897849 -1.000000
v -0.357562 2.890600 -1.000000
v -0.425877 2.883271 -1.000000
v -0.489954 2.875863 -1.000000
v -0.549792 2.868376 -1.000000
v -0.605391 2.860810 -1.000000
v -0.656751 2.853164 -1.000000
v -0.703873 2.845439 -1.000000
v -0.746755 2.837635 -1.000000
v -0.785399 2.829752 -1.000000
v -0.819805 2.821789 -1.000000
v -0.849971 2.813747 -1.000000
v -0.872294 2.806894 -1.000000
v -0.892676 2.799645 -1.000000
v -0.911116 2.791999 -1.000000
v -0.927616 2.783957 -1.000000
v -0.942174 2.775519 -1.000000
v -0.954792 2.766685 -1.000000
v -0.965468 2.757455 -1.000000
v -0.974203 2.747829 -1.000000
v -0.980997 2.737806 -1.000000
v -0.985849 2.727388 -1.000000
v -0.988761 2.716573 -1.000000
v -0.989732 2.705362 -1.000000
v -0.988226 2.691041 -1.000000
v -0.983710 2.676602 -1.000000
v -0.976184 2.662043 -1.000000
v -0.965646 2.647366 -1.000000
v -0.952098 2.632570 -1.000000
v -0.935539 2.617655 -1.000000
v -0.915969 2.602621 -1.000000
v -0.893389 2.587469 -1.000000
v -0.867798 2.572197 -1.000000
v -0.839196 2.556807 -1.000000
v -0.807584 2.541298 -1.000000
v -0.772961 2.525670 -1.000000
v -0.772961 1.478893 -1.000000
v -1.748431 1.478893 -1.000000
v -1.797692 1.540395 -1.000000
v -1.843744 1.596548 -1.000000
v -1.886587 1.647354 -1.000000
v -1.926222 1.692812 -1.000000
v -1.962647 1.732922 -1.000000
v -1.995864 1.767684 -1.000000
v -2.025872 1.797098 -1.000000
v -2.052671 1.821163 -1.000000
v -2.076262 1.839881 -1.000000
v -2.096643 1.853251 -1.000000
v -2.113816 1.861273 -1.000000
v -2.127781 1.863947 -1.000000
v -2.141547 1.862204 -1.000000
v -2.158126 1.856975 -1.000000
v -2.177517 1.848260 -1.000000
v -2.199721 1.836058 -1.000000
v -2.224737 1.820371 -1.000000
v -2.252567 1.801198 -1.000000
v -2.283209 1.778538 -1.000000
v -2.316663 1.752392 -1.000000
v -2.352931 1.722761 -1.000000
v -2.392010 1.689643 -1.000000
v -2.433903 1.653039 -1.000000
v -2.478608 1.612949 -1.000000
v -2.507764 1.587080 -1.000000
v -2.534385 1.562717 -1.000000
v -2.558471 1.539860 -1.000000
v -2.580022 1.518507 -1.000000
v -2.599037 1.498661 -1.000000
v -2.615516 1.480319 -1.000000
v -2.629461 1.463483 -1.000000
v -2.640870 1.448152 -1.000000
v -2.649744 1.434326 -1.000000
v -2.656082 1.422006 -1.000000
v -2.659885 1.411191 -1.000000
v -2.661152 1.401882 -1.000000
v -2.660618 1.392771 -1.000000
v -2.659013 1.384452 -1.000000
v -2.656339 1.376925 -1.000000
v -2.652596 1.370190 -1.000000
v -2.647782 1.364248 -1.000000
v -2.641900 1.359098 -1.000000
v -2.634947 1.354741 -1.000000
v -2.626925 1.351175 -1.000000
v -2.617834 1.348402 -1.000000
v -2.607672 1.346421 -1.000000
v -2.596442 1.345233 -1.000000
v -2.584141 1.344837 -1.000000
v -0.818597 1.344837 -1.000000
v -0.873027 1.228489 -1.000000
v -0.931736 1.114280 -1.000000
v -0.994723 1.002210 -1.000000
v -1.061989 0.892280 -1.000000
v -1.133533 0.784488 -1.000000
v -1.209355 0.678836 -1.000000
v -1.289456 0.575323 -1.000000
v -1.373835 0.473949 -1.000000
v -1.462493 0.374714 -1.000000
v -1.555429 0.277619 -1.000000
v -1.652643 0.182663 -1.000000
v -1.754136 0.089846 -1.000000
v -1.838436 0.016083 -1.000000
v -1.924003 -0.054985 -1.000000
v -2.010839 -0.123360 -1.000000
v -2.098941 -0.189041 -1.000000
v -2.188312 -0.252029 -1.000000
v -2.278950 -0.312322 -1.000000
v -2.370857 -0.369922 -1.000000
v -2.464030 -0.424828 -1.000000
v -2.558472 -0.477040 -1.000000
v -2.654181 -0.526558 -1.000000
v -2.751158 -0.573383 -1.000000
v -2.849401 -0.617513 -1.000000
v -2.852590 -0.619058 -1.000000
v -2.855502 -0.620841 -1.000000
v -2.858136 -0.622861 -1.000000
v -2.860493 -0.625119 -1.000000
v -2.862573 -0.627615 -1.000000
v -2.864375 -0.630348 -1.000000
v -2.865900 -0.633319 -1.000000
v -2.867148 -0.636528 -1.000000
v -2.868119 -0.639975 -1.000000
v -2.868812 -0.643659 -1.000000
v -2.869228 -0.647581 -1.000000
v -2.869367 -0.651740 -1.000000
v -2.869189 -0.656791 -1.000000
v -2.868654 -0.661486 -1.000000
v -2.867763 -0.665823 -1.000000
v -2.866515 -0.669805 -1.000000
v -2.864910 -0.673429 -1.000000
v -2.862949 -0.676698 -1.000000
v -2.860632 -0.679609 -1.000000
v -2.857958 -0.682164 -1.000000
v -2.854927 -0.684363 -1.000000
v -2.851540 -0.686205 -1.000000
v -2.847797 -0.687691 -1.000000
v -2.843697 -0.688820 -1.000000
v -2.809588 -0.697436 -1.000000
v -2.776669 -0.709974 -1.000000
v -2.744937 -0.726434 -1.000000
v -2.714394 -0.746815 -1.000000
v -2.685040 -0.771119 -1.000000
v -2.656874 -0.799344 -1.000000
v -2.629896 -0.831492 -1.000000
v -2.604107 -0.867561 -1.000000
v -2.579507 -0.907552 -1.000000
v -2.556094 -0.951465 -1.000000
v -2.533871 -0.999299 -1.000000
v -2.512835 -1.051056 -1.000000
v -2.507666 -1.066268 -1.000000
v -2.502615 -1.080529 -1.000000
v -2.497683 -1.093840 -1.000000
v -2.492870 -1.106199 -1.000000
v -2.488175 -1.117608 -1.000000
v -2.483600 -1.128067 -1.000000
v -2.479143 -1.137574 -1.000000
v -2.474805 -1.146131 -1.000000
v -2.470586 -1.153737 -1.000000
v -2.466486 -1.160392 -1.000000
v -2.462505 -1.166097 -1.000000
v -2.458642 -1.170850 -1.000000
v -2.454641 -1.174950 -1.000000
v -2.450244 -1.178694 -1.000000
v -2.445450 -1.182081 -1.000000
v -2.440261 -1.185112 -1.000000
v -2.434675 -1.187786 -1.000000
v -2.428694 -1.190103 -1.000000
v -2.422316 -1.192064 -1.000000
v -2.415542 -1.193668 -1.000000
v -2.408371 -1.194916 -1.000000
v -2.400805 -1.195808 -1.000000
v -2.392843 -1.196342 -1.000000
v -2.384484 -1.196521 -1.000000
v -2.373035 -1.195748 -1.000000
v -2.360557 -1.193431 -1.000000
v -2.347048 -1.189568 -1.000000
v -2.332510 -1.184161 -1.000000
v -2.316941 -1.177209 -1.000000
v -2.300343 -1.168711 -1.000000
v -2.282714 -1.158669 -1.000000
v -2.264056 -1.147082 -1.000000
v -2.244367 -1.133949 -1.000000
v -2.223649 -1.119272 -1.000000
v -2.201900 -1.103050 -1.000000
v -2.179121 -1.085283 -1.000000
v -2.109400 -1.031506 -1.000000
v -2.040946 -0.974758 -1.000000
v -1.973759 -0.915039 -1.000000
v -1.907841 -0.852349 -1.000000
v -1.843190 -0.786688 -1.000000
v -1.779806 -0.718055 -1.000000
v -1.717690 -0.646452 -1.000000
v -1.656842 -0.571877 -1.000000
v -1.597262 -0.494332 -1.000000
v -1.538949 -0.413815 -1.000000
v -1.481904 -0.330327 -1.000000
v 2.099258 -0.677411 -1.000000
v 2.099258 0.620365 -1.000000
v 2.146479 0.565855 -1.000000
v 2.194968 0.511662 -1.000000
v 2.244724 0.457786 -1.000000
v 2.295747 0.404227 -1.000000
v 2.348039 0.350985 -1.000000
v 2.401598 0.298060 -1.000000
v 2.456424 0.245452 -1.000000
v 2.512519 0.193160 -1.000000
v 2.569881 0.141186 -1.000000
v 2.628511 0.089529 -1.000000
v 2.688408 0.038188 -1.000000
v 2.749572 -0.012836 -1.000000
v 2.750543 -0.013291 -1.000000
v 2.751553 -0.013707 -1.000000
v 2.752603 -0.014083 -1.000000
v 2.753692 -0.014420 -1.000000
v 2.754821 -0.014717 -1.000000
v 2.755990 -0.014975 -1.000000
v 2.757198 -0.015193 -1.000000
v 2.758446 -0.015371 -1.000000
v 2.759733 -0.015510 -1.000000
v 2.761060 -0.015609 -1.000000
v 2.762427 -0.015668 -1.000000
v 2.763834 -0.015688 -1.000000
v 2.771578 -0.015371 -1.000000
v 2.778649 -0.014420 -1.000000
v 2.785047 -0.012836 -1.000000
v 2.790771 -0.010617 -1.000000
v 2.795822 -0.007765 -1.000000
v 2.800200 -0.004279 -1.000000
v 2.803903 -0.000159 -1.000000
v 2.806934 0.004595 -1.000000
v 2.809291 0.009982 -1.000000
v 2.810975 0.016004 -1.000000
v 2.811985 0.022659 -1.000000
v 2.812322 0.029948 -1.000000
v 2.812302 0.030899 -1.000000
v 2.812243 0.031850 -1.000000
v 2.812144 0.032801 -1.000000
v 2.812005 0.033751 -1.000000
v 2.811827 0.034702 -1.000000
v 2.811609 0.035653 -1.000000
v 2.811351 0.036603 -1.000000
v 2.811054 0.037554 -1.000000
v 2.810718 0.038505 -1.000000
v 2.810341 0.039456 -1.000000
v 2.809925 0.040406 -1.000000
v 2.809470 0.041357 -1.000000
v 2.706293 0.175988 -1.000000
v 2.606880 0.315570 -1.000000
v 2.511231 0.460104 -1.000000
v 2.419345 0.609590 -1.000000
v 2.331222 0.764027 -1.000000
v 2.246863 0.923417 -1.000000
v 2.166267 1.087758 -1.000000
v 2.089434 1.257051 -1.000000
v 2.016365 1.431296 -1.000000
v 1.947059 1.610493 -1.000000
v 1.881517 1.794641 -1.000000
v 1.819738 1.983742 -1.000000
v 1.794305 2.065764 -1.000000
v 1.770299 2.147350 -1.000000
v 1.747718 2.228501 -1.000000
v 1.726564 2.309216 -1.000000
v 1.706836 2.389495 -1.000000
v 1.688534 2.469338 -1.000000
v 1.671658 2.548745 -1.000000
v 1.656209 2.627717 -1.000000
v 1.642185 2.706253 -1.000000
v 1.629588 2.784353 -1.000000
v 1.618416 2.862018 -1.000000
v 1.608671 2.939247 -1.000000
v 1.485668 2.904762 -1.000000
v 1.373360 2.871664 -1.000000
v 1.271749 2.839953 -1.000000
v 1.180833 2.809628 -1.000000
v 1.100613 2.780689 -1.000000
v 1.031090 2.753137 -1.000000
v 0.972262 2.726972 -1.000000
v 0.924130 2.702193 -1.000000
v 0.886694 2.678800 -1.000000
v 0.859954 2.656794 -1.000000
v 0.843911 2.636175 -1.000000
v 0.838563 2.616942 -1.000000
v 0.839989 2.601671 -1.000000
v 0.844267 2.587231 -1.000000
v 0.851398 2.573623 -1.000000
v 0.861381 2.560848 -1.000000
v 0.874216 2.548904 -1.000000
v 0.889903 2.537792 -1.000000
v 0.908443 2.527512 -1.000000
v 0.929835 2.518064 -1.000000
v 0.954079 2.509448 -1.000000
v 0.981175 2.501663 -1.000000
v 1.011124 2.494711 -1.000000
v 1.043925 2.488591 -1.000000
v 1.096672 2.352574 -1.000000
v 1.150330 2.220241 -1.000000
v 1.204899 2.091593 -1.000000
v 1.260379 1.966628 -1.000000
v 1.316771 1.845348 -1.000000
v 1.374073 1.727752 -1.000000
v 1.432287 1.613840 -1.000000
v 1.491412 1.503613 -1.000000
v 1.551448 1.397069 -1.000000
v 1.612395 1.294210 -1.000000
v 1.674253 1.195035 -1.000000
v 1.737023 1.099543 -1.000000
v 1.703825 1.094334 -1.000000
v 1.672688 1.089164 -1.000000
v 1.643611 1.084034 -1.000000
v 1.616594 1.078944 -1.000000
v 1.591637 1.073893 -1.000000
v 1.568740 1.068882 -1.000000
v 1.547902 1.063910 -1.000000
v 1.529125 1.058978 -1.000000
v 1.512408 1.054085 -1.000000
v 1.497750 1.049233 -1.000000
v 1.485153 1.044419 -1.000000
v 1.474615 1.039646 -1.000000
v 1.467326 1.036160 -1.000000
v 1.460671 1.032357 -1.000000
v 1.454649 1.028237 -1.000000
v 1.449262 1.023800 -1.000000
v 1.444508 1.019046 -1.000000
v 1.440388 1.013976 -1.000000
v 1.436902 1.008588 -1.000000
v 1.434050 1.002884 -1.000000
v 1.431831 0.996862 -1.000000
v 1.430247 0.990524 -1.000000
v 1.429296 0.983869 -1.000000
v 1.428979 0.976896 -1.000000
v 1.430029 0.965032 -1.000000
v 1.433178 0.953207 -1.000000
v 1.438427 0.941421 -1.000000
v 1.445776 0.929676 -1.000000
v 1.455224 0.917970 -1.000000
v 1.466771 0.906303 -1.000000
v 1.480419 0.894676 -1.000000
v 1.496165 0.883089 -1.000000
v 1.514012 0.871541 -1.000000
v 1.533958 0.860033 -1.000000
v 1.556003 0.848565 -1.000000
v 1.580148 0.837136 -1.000000
v 1.580148 -2.189105 -1.000000
v 1.582248 -2.228284 -1.000000
v 1.588547 -2.264056 -1.000000
v 1.599045 -2.296421 -1.000000
v 1.613742 -2.325379 -1.000000
v 1.632638 -2.350931 -1.000000
v 1.655733 -2.373075 -1.000000
v 1.683028 -2.391813 -1.000000
v 1.714522 -2.407144 -1.000000
v 1.750214 -2.419068 -1.000000
v 1.790106 -2.427585 -1.000000
v 1.834198 -2.432695 -1.000000
v 1.882487 -2.434399 -1.000000
v 1.922577 -2.432854 -1.000000
v 1.959181 -2.428219 -1.000000
v 1.992299 -2.420494 -1.000000
v 2.021931 -2.409679 -1.000000
v 2.048076 -2.395774 -1.000000
v 2.070736 -2.378780 -1.000000
v 2.089909 -2.358695 -1.000000
v 2.105597 -2.335521 -1.000000
v 2.117798 -2.309256 -1.000000
v 2.126513 -2.279902 -1.000000
v 2.131742 -2.247457 -1.000000
v 2.133486 -2.211923 -1.000000
v 2.128019 -2.104092 -1.000000
v 2.123027 -1.992616 -1.000000
v 2.118511 -1.877496 -1.000000
v 2.114470 -1.758731 -1.000000
v 2.110905 -1.636322 -1.000000
v 2.107815 -1.510268 -1.000000
v 2.105201 -1.380570 -1.000000
v 2.103061 -1.247227 -1.000000
v 2.101398 -1.110240 -1.000000
v 2.100209 -0.969608 -1.000000
v 2.099496 -0.825332 -1.000000
v -1.426127 -0.243868 1.000000
v -1.357098 -0.134294 1.000000
v -1.290724 -0.022343 1.000000
v -1.227004 0.091985 1.000000
v -1.165938 0.208689 1.000000
v -1.107526 0.327771 1.000000
v -1.051769 0.449230 1.000000
v -0.998665 0.573065 1.000000
v -0.948216 0.699277 1.000000
v -0.900421 0.827866 1.000000
v -0.855280 0.958832 1.000000
v -0.812793 1.092175 1.000000
v -0.772961 1.227895 1.000000
v -0.772961 0.905590 1.000000
v -0.773119 0.811921 1.000000
v -0.773595 0.707755 1.000000
v -0.774387 0.593090 1.000000
v -0.775496 0.467928 1.000000
v -0.776922 0.332267 1.000000
v -0.778665 0.186109 1.000000
v -0.780725 0.029453 1.000000
v -0.783102 -0.137701 1.000000
v -0.785796 -0.315353 1.000000
v -0.788806 -0.503502 1.000000
v -0.792134 -0.702150 1.000000
v -0.795779 -0.911295 1.000000
v -1.041073 -0.911295 1.000000
v -1.083044 -0.859816 1.000000
v -1.122441 -0.812813 1.000000
v -1.159263 -0.770287 1.000000
v -1.193510 -0.732237 1.000000
v -1.225182 -0.698664 1.000000
v -1.254279 -0.669567 1.000000
v -1.280801 -0.644946 1.000000
v -1.304748 -0.624802 1.000000
v -1.326120 -0.609135 1.000000
v -1.344917 -0.597944 1.000000
v -1.361139 -0.591229 1.000000
v -1.374786 -0.588991 1.000000
v -1.385779 -0.590575 1.000000
v -1.399743 -0.595329 1.000000
v -1.416679 -0.603252 1.000000
v -1.436585 -0.614344 1.000000
v -1.459462 -0.628605 1.000000
v -1.485311 -0.646036 1.000000
v -1.514131 -0.666635 1.000000
v -1.545921 -0.690404 1.000000
v -1.580683 -0.717342 1.000000
v -1.618416 -0.747449 1.000000
v -1.659120 -0.780726 1.000000
v -1.702795 -0.817171 1.000000
v -1.724207 -0.836226 1.000000
v -1.743757 -0.854409 1.000000
v -1.761445 -0.871720 1.000000
v -1.777271 -0.888160 1.000000
v -1.791235 -0.903729 1.000000
v -1.803337 -0.918426 1.000000
v -1.813578 -0.932251 1.000000
v -1.821956 -0.945205 1.000000
v -1.828473 -0.957288 1.000000
v -1.833127 -0.968499 1.000000
v -1.835920 -0.978838 1.000000
v -1.836851 -0.988306 1.000000
v -1.836316 -0.997417 1.000000
v -1.834712 -1.005737 1.000000
v -1.832038 -1.013263 1.000000
v -1.828295 -1.019998 1.000000
v -1.823481 -1.025940 1.000000
v -1.817599 -1.031090 1.000000
v -1.810646 -1.035448 1.000000
v -1.802624 -1.039013 1.000000
v -1.793533 -1.041786 1.000000
v -1.783372 -1.043767 1.000000
v -1.772141 -1.044955 1.000000
v -1.759840 -1.045351 1.000000
v -0.801483 -1.045351 1.000000
v -0.801998 -1.096811 1.000000
v -0.802592 -1.150409 1.000000
v -0.803266 -1.206147 1.000000
v -0.804019 -1.264024 1.000000
v -0.804851 -1.324040 1.000000
v -0.805762 -1.386195 1.000000
v -0.806752 -1.450490 1.000000
v -0.807822 -1.516924 1.000000
v -0.808970 -1.585497 1.000000
v -0.810199 -1.656209 1.000000
v -0.811506 -1.729060 1.000000
v -0.812892 -1.804051 1.000000
v -0.813804 -1.855490 1.000000
v -0.814635 -1.903325 1.000000
v -0.815388 -1.947555 1.000000
v -0.816062 -1.988180 1.000000
v -0.816656 -2.025199 1.000000
v -0.817171 -2.058614 1.000000
v -0.817607 -2.088424 1.000000
v -0.817963 -2.114629 1.000000
v -0.818240 -2.137229 1.000000
v -0.818438 -2.156225 1.000000
v -0.818557 -2.171615 1.000000
v -0.818597 -2.183400 1.000000
v -0.816260 -2.218024 1.000000
v -0.809248 -2.249636 1.000000
v -0.797561 -2.278238 1.000000
v -0.781201 -2.303829 1.000000
v -0.760165 -2.326409 1.000000
v -0.734455 -2.345979 1.000000
v -0.704071 -2.362538 1.000000
v -0.669012 -2.376086 1.000000
v -0.629278 -2.386623 1.000000
v -0.584870 -2.394150 1.000000
v -0.535788 -2.398666 1.000000
v -0.482031 -2.400172 1.000000
v -0.441030 -2.399003 1.000000
v -0.403594 -2.395497 1.000000
v -0.369723 -2.389654 1.000000
v -0.339418 -2.381473 1.000000
v -0.312678 -2.370956 1.000000
v -0.289504 -2.358101 1.000000
v -0.269895 -2.342908 1.000000
v -0.253851 -2.325379 1.000000
v -0.241372 -2.305512 1.000000
v -0.232459 -2.283308 1.000000
v -0.227111 -2.258767 1.000000
v -0.225328 -2.231889 1.000000
v -0.225447 -2.170922 1.000000
v -0.225803 -2.103062 1.000000
v -0.226398 -2.028309 1.000000
v -0.227230 -1.946663 1.000000
v -0.228299 -1.858124 1.000000
v -0.229606 -1.762693 1.000000
v -0.231151 -1.660368 1.000000
v -0.232934 -1.551151 1.000000
v -0.234955 -1.435040 1.000000
v -0.237213 -1.312037 1.000000
v -0.239708 -1.182140 1.000000
v -0.242442 -1.045351 1.000000
v 0.308043 -1.045351 1.000000
v 0.333258 -1.045589 1.000000
v 0.359463 -1.046302 1.000000
v 0.386659 -1.047490 1.000000
v 0.414844 -1.049154 1.000000
v 0.444021 -1.051293 1.000000
v 0.474187 -1.053908 1.000000
v 0.505344 -1.056998 1.000000
v 0.537491 -1.060563 1.000000
v 0.570629 -1.064604 1.000000
v 0.604757 -1.069120 1.000000
v 0.639875 -1.074111 1.000000
v 0.675984 -1.079578 1.000000
v 0.738733 -0.865659 1.000000
v 0.702783 -0.872948 1.000000
v 0.667189 -0.879604 1.000000
v 0.631952 -0.885625 1.000000
v 0.597072 -0.891013 1.000000
v 0.562547 -0.895766 1.000000
v 0.528380 -0.899886 1.000000
v 0.494569 -0.903372 1.000000
v 0.461114 -0.906225 1.000000
v 0.428016 -0.908443 1.000000
v 0.395275 -0.910028 1.000000
v 0.362890 -0.910978 1.000000
v 0.330861 -0.911295 1.000000
v -0.242442 -0.911295 1.000000
v -0.245175 -0.804593 1.000000
v -0.247671 -0.694603 1.000000
v -0.249929 -0.581325 1.000000
v -0.251949 -0.464759 1.000000
v -0.253732 -0.344905 1.000000
v -0.255277 -0.221763 1.000000
v -0.256584 -0.095333 1.000000
v -0.257654 0.034385 1.000000
v -0.258485 0.167391 1.000000
v -0.259080 0.303686 1.000000
v -0.259436 0.443268 1.000000
v -0.259555 0.586138 1.000000
v -0.202193 0.489676 1.000000
v -0.143247 0.395195 1.000000
v -0.082715 0.302695 1.000000
v -0.020600 0.212176 1.000000
v 0.043101 0.123637 1.000000
v 0.108386 0.037079 1.000000
v 0.175255 -0.047498 1.000000
v 0.243709 -0.130095 1.000000
v 0.313748 -0.210710 1.000000
v 0.385371 -0.289346 1.000000
v 0.458579 -0.366000 1.000000
v 0.533371 -0.440674 1.000000
v 0.597309 -0.501957 1.000000
v 0.663624 -0.563162 1.000000
v 0.732316 -0.624287 1.000000
v 0.803385 -0.685333 1.000000
v 0.876830 -0.746300 1.000000
v 0.952653 -0.807188 1.000000
v 1.030852 -0.867997 1.000000
v 1.111428 -0.928726 1.000000
v 1.194381 -0.989376 1.000000
v 1.279711 -1.049947 1.000000
v 1.367418 -1.110438 1.000000
v 1.457501 -1.170850 1.000000
v 1.458016 -1.171306 1.000000
v 1.458611 -1.171722 1.000000
v 1.459284 -1.172098 1.000000
v 1.460037 -1.172435 1.000000
v 1.460868 -1.172732 1.000000
v 1.461780 -1.172990 1.000000
v 1.462770 -1.173208 1.000000
v 1.463840 -1.173386 1.000000
v 1.464988 -1.173524 1.000000
v 1.466216 -1.173623 1.000000
v 1.467524 -1.173683 1.000000
v 1.468910 -1.173703 1.000000
v 1.477111 -1.173366 1.000000
v 1.484598 -1.172356 1.000000
v 1.491372 -1.170672 1.000000
v 1.497433 -1.168315 1.000000
v 1.502781 -1.165284 1.000000
v 1.507416 -1.161580 1.000000
v 1.511338 -1.157203 1.000000
v 1.514546 -1.152152 1.000000
v 1.517042 -1.146428 1.000000
v 1.518825 -1.140030 1.000000
v 1.519894 -1.132959 1.000000
v 1.520251 -1.125214 1.000000
v 1.520211 -1.123808 1.000000
v 1.520092 -1.122441 1.000000
v 1.519894 -1.121114 1.000000
v 1.519617 -1.119827 1.000000
v 1.519261 -1.118579 1.000000
v 1.518825 -1.117371 1.000000
v 1.518310 -1.116202 1.000000
v 1.517716 -1.115073 1.000000
v 1.517042 -1.113984 1.000000
v 1.516289 -1.112934 1.000000
v 1.515458 -1.111924 1.000000
v 1.514547 -1.110953 1.000000
v 1.346897 -0.933539 1.000000
v 1.187171 -0.751173 1.000000
v 1.035368 -0.563855 1.000000
v 0.891488 -0.371586 1.000000
v 0.755530 -0.174364 1.000000
v 0.627496 0.027809 1.000000
v 0.507384 0.234934 1.000000
v 0.395195 0.447011 1.000000
v 0.290930 0.664040 1.000000
v 0.194587 0.886020 1.000000
v 0.106167 1.112953 1.000000
v 0.025670 1.344837 1.000000
v 0.849971 1.344837 1.000000
v 0.874275 1.344599 1.000000
v 0.899648 1.343886 1.000000
v 0.926091 1.342698 1.000000
v 0.953603 1.341034 1.000000
v 0.982185 1.338895 1.000000
v 1.011837 1.336280 1.000000
v 1.042558 1.333190 1.000000
v 1.074349 1.329625 1.000000
v 1.107209 1.325584 1.000000
v 1.141139 1.321068 1.000000
v 1.176139 1.316077 1.000000
v 1.212208 1.310610 1.000000
v 1.277809 1.524529 1.000000
v 1.241443 1.517240 1.000000
v 1.205552 1.510585 1.000000
v 1.170137 1.504563 1.000000
v 1.135197 1.499176 1.000000
v 1.100732 1.494422 1.000000
v 1.066743 1.490302 1.000000
v 1.033229 1.486816 1.000000
v 1.000190 1.483963 1.000000
v 0.967627 1.481745 1.000000
v 0.935539 1.480160 1.000000
v 0.903927 1.479209 1.000000
v 0.872789 1.478893 1.000000
v -0.242442 1.478893 1.000000
v -0.242442 2.163434 1.000000
v -0.242204 2.230462 1.000000
v -0.241491 2.296539 1.000000
v -0.240303 2.361665 1.000000
v -0.238639 2.425841 1.000000
v -0.236500 2.489066 1.000000
v -0.233885 2.551340 1.000000
v -0.230795 2.612664 1.000000
v -0.227230 2.673036 1.000000
v -0.223189 2.732458 1.000000
v -0.218673 2.790930 1.000000
v -0.213681 2.848450 1.000000
v -0.208215 2.905020 1.000000
v -0.285008 2.897849 1.000000
v -0.357562 2.890600 1.000000
v -0.425877 2.883271 1.000000
v -0.489954 2.875863 1.000000
v -0.549792 2.868376 1.000000
v -0.605391 2.860810 1.000000
v -0.656751 2.853164 1.000000
v -0.703873 2.845439 1.000000
v -0.746756 2.837635 1.000000
v -0.785400 2.829752 1.000000
v -0.819805 2.821789 1.000000
v -0.849972 2.813747 1.000000
v -0.872294 2.806894 1.000000
v -0.892676 2.799645 1.000000
v -0.911117 2.791999 1.000000
v -0.927616 2.783957 1.000000
v -0.942174 2.775519 1.000000
v -0.954792 2.766685 1.000000
v -0.965468 2.757455 1.000000
v -0.974203 2.747829 1.000000
v -0.980997 2.737806 1.000000
v -0.985849 2.727388 1.000000
v -0.988761 2.716573 1.000000
v -0.989732 2.705362 1.000000
v -0.988227 2.691041 1.000000
v -0.983710 2.676602 1.000000
v -0.976184 2.662043 1.000000
v -0.965646 2.647366 1.000000
v -0.952098 2.632570 1.000000
v -0.935539 2.617655 1.000000
v -0.915970 2.602621 1.000000
v -0.893389 2.587469 1.000000
v -0.867798 2.572197 1.000000
v -0.839197 2.556807 1.000000
v -0.807584 2.541298 1.000000
v -0.772961 2.525670 1.000000
v -0.772961 1.478893 1.000000
v -1.748431 1.478893 1.000000
v -1.797692 1.540395 1.000000
v -1.843744 1.596548 1.000000
v -1.886588 1.647354 1.000000
v -1.926222 1.692812 1.000000
v -1.962648 1.732922 1.000000
v -1.995864 1.767684 1.000000
v -2.025872 1.797098 1.000000
v -2.052671 1.821163 1.000000
v -2.076262 1.839881 1.000000
v -2.096643 1.853251 1.000000
v -2.113816 1.861273 1.000000
v -2.127781 1.863947 1.000000
v -2.141547 1.862204 1.000000
v -2.158126 1.856975 1.000000
v -2.177517 1.848260 1.000000
v -2.199721 1.836058 1.000000
v -2.224737 1.820371 1.000000
v -2.252567 1.801198 1.000000
v -2.283209 1.778538 1.000000
v -2.316663 1.752392 1.000000
v -2.352931 1.722761 1.000000
v -2.392010 1.689643 1.000000
v -2.433903 1.653039 1.000000
v -2.478608 1.612949 1.000000
v -2.507764 1.587080 1.000000
v -2.534385 1.562717 1.000000
v -2.558471 1.539860 1.000000
v -2.580022 1.518507 1.000000
v -2.599037 1.498661 1.000000
v -2.615516 1.480319 1.000000
v -2.629461 1.463483 1.000000
v -2.640870 1.448152 1.000000
v -2.649744 1.434326 1.000000
v -2.656082 1.422006 1.000000
v -2.659885 1.411191 1.000000
v -2.661152 1.401882 1.000000
v -2.660618 1.392771 1.000000
v -2.659013 1.384452 1.000000
v -2.656339 1.376925 1.000000
v -2.652596 1.370190 1.000000
v -2.647782 1.364248 1.000000
v -2.641900 1.359098 1.000000
v -2.634947 1.354741 1.000000
v -2.626925 1.351175 1.000000
v -2.617834 1.348402 1.000000
v -2.607672 1.346421 1.000000
v -2.596442 1.345233 1.000000
v -2.584141 1.344837 1.000000
v -0.818597 1.344837 1.000000
v -0.873027 1.228489 1.000000
v -0.931736 1.114280 1.000000
v -0.994723 1.002210 1.000000
v -1.061989 0.892280 1.000000
v -1.133533 0.784488 1.000000
v -1.209356 0.678836 1.000000
v -1.289456 0.575323 1.000000
v -1.373836 0.473949 1.000000
v -1.462493 0.374714 1.000000
v -1.555429 0.277619 1.000000
v -1.652644 0.182663 1.000000
v -1.754136 0.089846 1.000000
v -1.838436 0.016083 1.000000
v -1.924003 -0.054985 1.000000
v -2.010839 -0.123360 1.000000
v -2.098941 -0.189041 1.000000
v -2.188312 -0.252029 1.000000
v -2.278950 -0.312322 1.000000
v -2.370857 -0.369922 1.000000
v -2.464030 -0.424828 1.000000
v -2.558472 -0.477040 1.000000
v -2.654181 -0.526558 1.000000
v -2.751158 -0.573383 1.000000
v -2.849401 -0.617513 1.000000
v -2.852590 -0.619058 1.000000
v -2.855502 -0.620841 1.000000
v -2.858136 -0.622861 1.000000
v -2.860493 -0.625119 1.000000
v -2.862573 -0.627615 1.000000
v -2.864375 -0.630348 1.000000
v -2.865900 -0.633319 1.000000
v -2.867148 -0.636528 1.000000
v -2.868119 -0.639975 1.000000
v -2.868812 -0.643659 1.000000
v -2.869228 -0.647581 1.000000
v -2.869367 -0.651740 1.000000
v -2.869189 -0.656791 1.000000
v -2.868654 -0.661485 1.000000
v -2.867763 -0.665823 1.000000
v -2.866515 -0.669805 1.000000
v -2.864910 -0.673429 1.000000
v -2.862949 -0.676697 1.000000
v -2.860632 -0.679609 1.000000
v -2.857958 -0.682164 1.000000
v -2.854927 -0.684363 1.000000
v -2.851540 -0.686205 1.000000
v -2.847797 -0.687690 1.000000
v -2.843697 -0.688820 1.000000
v -2.809588 -0.697436 1.000000
v -2.776669 -0.709974 1.000000
v -2.744937 -0.726434 1.000000
v -2.714394 -0.746815 1.000000
v -2.685040 -0.771119 1.000000
v -2.656874 -0.799344 1.000000
v -2.629896 -0.831492 1.000000
v -2.604107 -0.867561 1.000000
v -2.579507 -0.907552 1.000000
v -2.556094 -0.951464 1.000000
v -2.533871 -0.999299 1.000000
v -2.512835 -1.051056 1.000000
v -2.507666 -1.066268 1.000000
v -2.502615 -1.080529 1.000000
v -2.497683 -1.093840 1.000000
v -2.492870 -1.106199 1.000000
v -2.488175 -1.117608 1.000000
v -2.483600 -1.128067 1.000000
v -2.479143 -1.137574 1.000000
v -2.474805 -1.146131 1.000000
v -2.470586 -1.153737 1.000000
v -2.466486 -1.160392 1.000000
v -2.462505 -1.166097 1.000000
v -2.458642 -1.170850 1.000000
v -2.454641 -1.174950 1.000000
v -2.450244 -1.178694 1.000000
v -2.445450 -1.182081 1.000000
v -2.440261 -1.185112 1.000000
v -2.434675 -1.187786 1.000000
v -2.428694 -1.190103 1.000000
v -2.422316 -1.192064 1.000000
v -2.415542 -1.193668 1.000000
v -2.408371 -1.194916 1.000000
v -2.400805 -1.195808 1.000000
v -2.392843 -1.196342 1.000000
v -2.384484 -1.196521 1.000000
v -2.373035 -1.195748 1.000000
v -2.360557 -1.193431 1.000000
v -2.347048 -1.189568 1.000000
v -2.332510 -1.184161 1.000000
v -2.316941 -1.177209 1.000000
v -2.300343 -1.168711 1.000000
v -2.282714 -1.158669 1.000000
v -2.264056 -1.147082 1.000000
v -2.244367 -1.133949 1.000000
v -2.223649 -1.119272 1.000000
v -2.201900 -1.103050 1.000000
v -2.179121 -1.085283 1.000000
v -2.109400 -1.031506 1.000000
v -2.040946 -0.974758 1.000000
v -1.973760 -0.915039 1.000000
v -1.907841 -0.852349 1.000000
v -1.843190 -0.786687 1.000000
v -1.779806 -0.718055 1.000000
v -1.717691 -0.646452 1.000000
v -1.656842 -0.571877 1.000000
v -1.597262 -0.494332 1.000000
v -1.538949 -0.413815 1.000000
v -1.481904 -0.330327 1.000000
v 2.099258 -0.677411 1.000000
v 2.099258 0.620365 1.000000
v 2.146479 0.565855 1.000000
v 2.194968 0.511662 1.000000
v 2.244724 0.457786 1.000000
v 2.295747 0.404227 1.000000
v 2.348039 0.350985 1.000000
v 2.401598 0.298060 1.000000
v 2.456424 0.245452 1.000000
v 2.512519 0.193161 1.000000
v 2.569881 0.141186 1.000000
v 2.628511 0.089529 1.000000
v 2.688408 0.038188 1.000000
v 2.749572 -0.012836 1.000000
v 2.750543 -0.013291 1.000000
v 2.751553 -0.013707 1.000000
v 2.752603 -0.014083 1.000000
v 2.753692 -0.014420 1.000000
v 2.754821 -0.014717 1.000000
v 2.755990 -0.014975 1.000000
v 2.757198 -0.015193 1.000000
v 2.758446 -0.015371 1.000000
v 2.759733 -0.015509 1.000000
v 2.761060 -0.015609 1.000000
v 2.762427 -0.015668 1.000000
v 2.763834 -0.015688 1.000000
v 2.771578 -0.015371 1.000000
v 2.778649 -0.014420 1.000000
v 2.785047 -0.012835 1.000000
v 2.790771 -0.010617 1.000000
v 2.795822 -0.007765 1.000000
v 2.800200 -0.004279 1.000000
v 2.803903 -0.000159 1.000000
v 2.806934 0.004595 1.000000
v 2.809291 0.009983 1.000000
v 2.810975 0.016004 1.000000
v 2.811985 0.022659 1.000000
v 2.812322 0.029948 1.000000
v 2.812302 0.030899 1.000000
v 2.812243 0.031850 1.000000
v 2.812144 0.032801 1.000000
v 2.812005 0.033751 1.000000
v 2.811827 0.034702 1.000000
v 2.811609 0.035653 1.000000
v 2.811351 0.036604 1.000000
v 2.811054 0.037554 1.000000
v 2.810718 0.038505 1.000000
v 2.810341 0.039456 1.000000
v 2.809925 0.040407 1.000000
v 2.809470 0.041357 1.000000
v 2.706293 0.175988 1.000000
v 2.606880 0.315570 1.000000
v 2.511231 0.460104 1.000000
v 2.419345 0.609590 1.000000
v 2.331222 0.764027 1.000000
v 2.246863 0.923417 1.000000
v 2.166267 1.087758 1.000000
v 2.089434 1.257051 1.000000
v 2.016365 1.431296 1.000000
v 1.947059 1.610493 1.000000
v 1.881517 1.794641 1.000000
v 1.819737 1.983742 1.000000
v 1.794305 2.065764 1.000000
v 1.770298 2.147350 1.000000
v 1.747718 2.228501 1.000000
v 1.726564 2.309216 1.000000
v 1.706836 2.389495 1.000000
v 1.688534 2.469338 1.000000
v 1.671658 2.548745 1.000000
v 1.656208 2.627717 1.000000
v 1.642185 2.706253 1.000000
v 1.629587 2.784353 1.000000
v 1.618416 2.862018 1.000000
v 1.608671 2.939247 1.000000
v 1.485667 2.904762 1.000000
v 1.373360 2.871664 1.000000
v 1.271748 2.839953 1.000000
v 1.180833 2.809628 1.000000
v 1.100613 2.780689 1.000000
v 1.031089 2.753137 1.000000
v 0.972262 2.726972 1.000000
v 0.924130 2.702193 1.000000
v 0.886694 2.678800 1.000000
v 0.859954 2.656794 1.000000
v 0.843910 2.636175 1.000000
v 0.838562 2.616942 1.000000
v 0.839989 2.601671 1.000000
v 0.844267 2.587231 1.000000
v 0.851398 2.573623 1.000000
v 0.861380 2.560848 1.000000
v 0.874216 2.548904 1.000000
v 0.889903 2.537792 1.000000
v 0.908443 2.527512 1.000000
v 0.929835 2.518064 1.000000
v 0.954079 2.509448 1.000000
v 0.981175 2.501663 1.000000
v 1.011124 2.494711 1.000000
v 1.043925 2.488591 1.000000
v 1.096671 2.352574 1.000000
v 1.150329 2.220241 1.000000
v 1.204899 2.091593 1.000000
v 1.260379 1.966628 1.000000
v 1.316770 1.845348 1.000000
v 1.374073 1.727752 1.000000
v 1.432287 1.613840 1.000000
v 1.491411 1.503613 1.000000
v 1.551447 1.397069 1.000000
v 1.612395 1.294210 1.000000
v 1.674253 1.195035 1.000000
v 1.737022 1.099543 1.000000
v 1.703825 1.094334 1.000000
v 1.672688 1.089164 1.000000
v 1.643611 1.084034 1.000000
v 1.616594 1.078944 1.000000
v 1.591637 1.073893 1.000000
v 1.568739 1.068882 1.000000
v 1.547902 1.063910 1.000000
v 1.529125 1.058978 1.000000
v 1.512407 1.054085 1.000000
v 1.497750 1.049233 1.000000
v 1.485152 1.044419 1.000000
v 1.474615 1.039646 1.000000
v 1.467326 1.036160 1.000000
v 1.460670 1.032357 1.000000
v 1.454649 1.028237 1.000000
v 1.449261 1.023800 1.000000
v 1.444508 1.019046 1.000000
v 1.440388 1.013976 1.000000
v 1.436902 1.008588 1.000000
v 1.434049 1.002884 1.000000
v 1.431831 0.996862 1.000000
v 1.430247 0.990524 1.000000
v 1.429296 0.983869 1.000000
v 1.428979 0.976896 1.000000
v 1.430029 0.965032 1.000000
v 1.433178 0.953207 1.000000
v 1.438427 0.941422 1.000000
v 1.445775 0.929676 1.000000
v 1.455223 0.917970 1.000000
v 1.466771 0.906303 1.000000
v 1.480418 0.894676 1.000000
v 1.496165 0.883089 1.000000
v 1.514012 0.871541 1.000000
v 1.533957 0.860033 1.000000
v 1.556003 0.848565 1.000000
v 1.580148 0.837136 1.000000
v 1.580148 -2.189105 1.000000
v 1.582248 -2.228284 1.000000
v 1.588547 -2.264056 1.000000
v 1.599045 -2.296421 1.000000
v 1.613742 -2.325379 1.000000
v 1.632638 -2.350931 1.000000
v 1.655733 -2.373075 1.000000
v 1.683028 -2.391813 1.000000
v 1.714521 -2.407144 1.000000
v 1.750214 -2.419068 1.000000
v 1.790106 -2.427585 1.000000
v 1.834197 -2.432695 1.000000
v 1.882487 -2.434399 1.000000
v 1.922577 -2.432854 1.000000
v 1.959181 -2.428219 1.000000
v 1.992299 -2.420494 1.000000
v 2.021931 -2.409679 1.000000
v 2.048076 -2.395774 1.000000
v 2.070736 -2.378780 1.000000
v 2.089909 -2.358695 1.000000
v 2.105597 -2.335521 1.000000
v 2.117798 -2.309256 1.000000
v 2.126513 -2.279902 1.000000
v 2.131742 -2.247457 1.000000
v 2.133486 -2.211923 1.000000
v 2.128019 -2.104092 1.000000
v 2.123027 -1.992616 1.000000
v 2.118511 -1.877496 1.000000
v 2.114470 -1.758731 1.000000
v 2.110905 -1.636322 1.000000
v 2.107815 -1.510268 1.000000
v 2.105201 -1.380570 1.000000
v 2.103061 -1.247227 1.000000
v 2.101398 -1.110240 1.000000
v 2.100209 -0.969608 1.000000
v 2.099496 -0.825332 1.000000
v -1.426127 -0.243868 1.000000
v -1.426127 -0.243868 -1.000000
v -1.357098 -0.134294 1.000000
v -1.357098 -0.134294 -1.000000
v -1.290724 -0.022343 1.000000
v -1.290724 -0.022343 -1.000000
v -1.227004 0.091985 1.000000
v -1.227004 0.091985 -1.000000
v -1.165938 0.208689 1.000000
v -1.165938 0.208689 -1.000000
v -1.107526 0.327771 1.000000
v -1.107526 0.327771 -1.000000
v -1.051769 0.449230 1.000000
v -1.051768 0.449230 -1.000000
v -0.998665 0.573065 1.000000
v -0.998665 0.573065 -1.000000
v -0.948216 0.699277 1.000000
v -0.948216 0.699277 -1.000000
v -0.900421 0.827866 1.000000
v -0.900421 0.827866 -1.000000
v -0.855280 0.958832 1.000000
v -0.855280 0.958832 -1.000000
v -0.812793 1.092175 1.000000
v -0.812793 1.092175 -1.000000
v -0.772961 1.227895 1.000000
v -0.772961 1.227895 -1.000000
v -0.772961 0.905590 1.000000
v -0.772961 0.905590 -1.000000
v -0.773119 0.811921 1.000000
v -0.773119 0.811921 -1.000000
v -0.773595 0.707755 1.000000
v -0.773594 0.707755 -1.000000
v -0.774387 0.593090 1.000000
v -0.774387 0.593090 -1.000000
v -0.775496 0.467928 1.000000
v -0.775496 0.467928 -1.000000
v -0.776922 0.332267 1.000000
v -0.776922 0.332267 -1.000000
v -0.778665 0.186109 1.000000
v -0.778665 0.186109 -1.000000
v -0.780725 0.029453 1.000000
v -0.780725 0.029453 -1.000000
v -0.783102 -0.137701 1.000000
v -0.783102 -0.137701 -1.000000
v -0.785796 -0.315353 1.000000
v -0.785796 -0.315353 -1.000000
v -0.788806 -0.503502 1.000000
v -0.788806 -0.503502 -1.000000
v -0.792134 -0.702150 1.000000
v -0.792134 -0.702150 -1.000000
v -0.795779 -0.911295 1.000000
v -0.795779 -0.911295 -1.000000
v -1.041073 -0.911295 1.000000
v -1.041072 -0.911295 -1.000000
v -1.083044 -0.859816 1.000000
v -1.083044 -0.859816 -1.000000
v -1.122441 -0.812813 1.000000
v -1.122441 -0.812813 -1.000000
v -1.159263 -0.770287 1.000000
v -1.159263 -0.770287 -1.000000
v -1.193510 -0.732237 1.000000
v -1.193510 -0.732237 -1.000000
v -1.225182 -0.698664 1.000000
v -1.225181 -0.698664 -1.000000
v -1.254279 -0.669567 1.000000
v -1.254278 -0.669567 -1.000000
v -1.280801 -0.644946 1.000000
v -1.280800 -0.644946 -1.000000
v -1.304748 -0.624802 1.000000
v -1.304747 -0.624802 -1.000000
v -1.326120 -0.609135 1.000000
v -1.326120 -0.609135 -1.000000
v -1.344917 -0.597944 1.000000
v -1.344917 -0.597944 -1.000000
v -1.361139 -0.591229 1.000000
v -1.361139 -0.591229 -1.000000
v -1.374786 -0.588991 1.000000
v -1.374786 -0.588991 -1.000000
v -1.385779 -0.590575 1.000000
v -1.385779 -0.590575 -1.000000
v -1.399743 -0.595329 1.000000
v -1.399743 -0.595329 -1.000000
v -1.416679 -0.603252 1.000000
v -1.416678 -0.603252 -1.000000
v -1.436585 -0.614344 1.000000
v -1.436585 -0.614344 -1.000000
v -1.459462 -0.628605 1.000000
v -1.459462 -0.628605 -1.000000
v -1.485311 -0.646036 1.000000
v -1.485311 -0.646036 -1.000000
v -1.514131 -0.666635 1.000000
v -1.514130 -0.666635 -1.000000
v -1.545921 -0.690404 1.000000
v -1.545921 -0.690404 -1.000000
v -1.580683 -0.717342 1.000000
v -1.580683 -0.717342 -1.000000
v -1.618416 -0.747449 1.000000
v -1.618416 -0.747449 -1.000000
v -1.659120 -0.780726 1.000000
v -1.659120 -0.780726 -1.000000
v -1.702795 -0.817171 1.000000
v -1.702795 -0.817171 -1.000000
v -1.724207 -0.836226 1.000000
v -1.724207 -0.836226 -1.000000
v -1.743757 -0.854409 1.000000
v -1.743757 -0.854409 -1.000000
v -1.761445 -0.871720 1.000000
v -1.761445 -0.871720 -1.000000
v -1.777271 -0.888160 1.000000
v -1.777271 -0.888160 -1.000000
v -1.791235 -0.903729 1.000000
v -1.791235 -0.903729 -1.000000
v -1.803337 -0.918426 1.000000
v -1.803337 -0.918426 -1.000000
v -1.813578 -0.932251 1.000000
v -1.813577 -0.932252 -1.000000
v -1.821956 -0.945205 1.000000
v -1.821956 -0.945206 -1.000000
v -1.828473 -0.957288 1.000000
v -1.828472 -0.957288 -1.000000
v -1.833127 -0.968499 1.000000
v -1.833127 -0.968499 -1.000000
v -1.835920 -0.978838 1.000000
v -1.835920 -0.978838 -1.000000
v -1.836851 -0.988306 1.000000
v -1.836851 -0.988306 -1.000000
v -1.836316 -0.997417 1.000000
v -1.836316 -0.997418 -1.000000
v -1.834712 -1.005737 1.000000
v -1.834712 -1.005737 -1.000000
v -1.832038 -1.013263 1.000000
v -1.832038 -1.013263 -1.000000
v -1.828295 -1.019998 1.000000
v -1.828294 -1.019998 -1.000000
v -1.823481 -1.025940 1.000000
v -1.823481 -1.025940 -1.000000
v -1.817599 -1.031090 1.000000
v -1.817598 -1.031090 -1.000000
v -1.810646 -1.035448 1.000000
v -1.810646 -1.035448 -1.000000
v -1.802624 -1.039013 1.000000
v -1.802624 -1.039013 -1.000000
v -1.793533 -1.041786 1.000000
v -1.793532 -1.041786 -1.000000
v -1.783372 -1.043767 1.000000
v -1.783371 -1.043767 -1.000000
v -1.772141 -1.044955 1.000000
v -1.772141 -1.044955 -1.000000
v -1.759840 -1.045351 1.000000
v -1.759840 -1.045351 -1.000000
v -0.801483 -1.045351 1.000000
v -0.801483 -1.045351 -1.000000
v -0.801998 -1.096811 1.000000
v -0.801998 -1.096811 -1.000000
v -0.802592 -1.150409 1.000000
v -0.802592 -1.150409 -1.000000
v -0.803266 -1.206147 1.000000
v -0.803266 -1.206147 -1.000000
v -0.804019 -1.264024 1.000000
v -0.804018 -1.264024 -1.000000
v -0.804851 -1.324040 1.000000
v -0.804850 -1.324040 -1.000000
v -0.805762 -1.386195 1.000000
v -0.805762 -1.386195 -1.000000
v -0.806752 -1.450490 1.000000
v -0.806752 -1.450490 -1.000000
v -0.807822 -1.516924 1.000000
v -0.807822 -1.516924 -1.000000
v -0.808970 -1.585497 1.000000
v -0.808970 -1.585497 -1.000000
v -0.810199 -1.656209 1.000000
v -0.810198 -1.656209 -1.000000
v -0.811506 -1.729060 1.000000
v -0.811506 -1.729060 -1.000000
v -0.812892 -1.804051 1.000000
v -0.812892 -1.804051 -1.000000
v -0.813804 -1.855490 1.000000
v -0.813803 -1.855490 -1.000000
v -0.814635 -1.903325 1.000000
v -0.814635 -1.903325 -1.000000
v -0.815388 -1.947555 1.000000
v -0.815388 -1.947555 -1.000000
v -0.816062 -1.988180 1.000000
v -0.816061 -1.988180 -1.000000
v -0.816656 -2.025199 1.000000
v -0.816656 -2.025199 -1.000000
v -0.817171 -2.058614 1.000000
v -0.817171 -2.058614 -1.000000
v -0.817607 -2.088424 1.000000
v -0.817606 -2.088424 -1.000000
v -0.817963 -2.114629 1.000000
v -0.817963 -2.114629 -1.000000
v -0.818240 -2.137229 1.000000
v -0.818240 -2.137229 -1.000000
v -0.818438 -2.156225 1.000000
v -0.818438 -2.156225 -1.000000
v -0.818557 -2.171615 1.000000
v -0.818557 -2.171615 -1.000000
v -0.818597 -2.183400 1.000000
v -0.818597 -2.183400 -1.000000
v -0.816260 -2.218024 1.000000
v -0.816259 -2.218024 -1.000000
v -0.809248 -2.249636 1.000000
v -0.809248 -2.249636 -1.000000
v -0.797561 -2.278238 1.000000
v -0.797561 -2.278238 -1.000000
v -0.781201 -2.303829 1.000000
v -0.781200 -2.303829 -1.000000
v -0.760165 -2.326409 1.000000
v -0.760165 -2.326409 -1.000000
v -0.734455 -2.345979 1.000000
v -0.734455 -2.345979 -1.000000
v -0.704071 -2.362538 1.000000
v -0.704071 -2.362538 -1.000000
v -0.669012 -2.376086 1.000000
v -0.669012 -2.376086 -1.000000
v -0.629278 -2.386623 1.000000
v -0.629278 -2.386623 -1.000000
v -0.584870 -2.394150 1.000000
v -0.584870 -2.394150 -1.000000
v -0.535788 -2.398666 1.000000
v -0.535788 -2.398666 -1.000000
v -0.482031 -2.400172 1.000000
v -0.482031 -2.400172 -1.000000
v -0.441030 -2.399003 1.000000
v -0.441030 -2.399003 -1.000000
v -0.403594 -2.395497 1.000000
v -0.403594 -2.395497 -1.000000
v -0.369723 -2.389654 1.000000
v -0.369723 -2.389654 -1.000000
v -0.339418 -2.381473 1.000000
v -0.339418 -2.381473 -1.000000
v -0.312678 -2.370956 1.000000
v -0.312678 -2.370956 -1.000000
v -0.289504 -2.358101 1.000000
v -0.289504 -2.358101 -1.000000
v -0.269895 -2.342908 1.000000
v -0.269894 -2.342908 -1.000000
v -0.253851 -2.325379 1.000000
v -0.253850 -2.325379 -1.000000
v -0.241372 -2.305512 1.000000
v -0.241372 -2.305512 -1.000000
v -0.232459 -2.283308 1.000000
v -0.232458 -2.283308 -1.000000
v -0.227111 -2.258767 1.000000
v -0.227110 -2.258767 -1.000000
v -0.225328 -2.231889 1.000000
v -0.225328 -2.231889 -1.000000
v -0.225447 -2.170922 1.000000
v -0.225447 -2.170922 -1.000000
v -0.225803 -2.103062 1.000000
v -0.225803 -2.103062 -1.000000
v -0.226398 -2.028309 1.000000
v -0.226397 -2.028309 -1.000000
v -0.227230 -1.946663 1.000000
v -0.227229 -1.946663 -1.000000
v -0.228299 -1.858124 1.000000
v -0.228299 -1.858124 -1.000000
v -0.229606 -1.762693 1.000000
v -0.229606 -1.762693 -1.000000
v -0.231151 -1.660368 1.000000
v -0.231151 -1.660368 -1.000000
v -0.232934 -1.551151 1.000000
v -0.232934 -1.551151 -1.000000
v -0.234955 -1.435040 1.000000
v -0.234954 -1.435040 -1.000000
v -0.237213 -1.312037 1.000000
v -0.237212 -1.312037 -1.000000
v -0.239708 -1.182140 1.000000
v -0.239708 -1.182140 -1.000000
v -0.242442 -1.045351 1.000000
v -0.242442 -1.045351 -1.000000
v 0.308043 -1.045351 1.000000
v 0.308043 -1.045351 -1.000000
v 0.333258 -1.045589 1.000000
v 0.333258 -1.045589 -1.000000
v 0.359463 -1.046302 1.000000
v 0.359463 -1.046302 -1.000000
v 0.386659 -1.047490 1.000000
v 0.386659 -1.047490 -1.000000
v 0.414844 -1.049154 1.000000
v 0.414845 -1.049154 -1.000000
v 0.444021 -1.051293 1.000000
v 0.444021 -1.051293 -1.000000
v 0.474187 -1.053908 1.000000
v 0.474187 -1.053908 -1.000000
v 0.505344 -1.056998 1.000000
v 0.505344 -1.056998 -1.000000
v 0.537491 -1.060563 1.000000
v 0.537491 -1.060563 -1.000000
v 0.570629 -1.064604 1.000000
v 0.570629 -1.064604 -1.000000
v 0.604757 -1.069120 1.000000
v 0.604757 -1.069120 -1.000000
v 0.639875 -1.074111 1.000000
v 0.639875 -1.074111 -1.000000
v 0.675984 -1.079578 1.000000
v 0.675984 -1.079578 -1.000000
v 0.738733 -0.865659 1.000000
v 0.738734 -0.865659 -1.000000
v 0.702783 -0.872948 1.000000
v 0.702783 -0.872948 -1.000000
v 0.667189 -0.879604 1.000000
v 0.667190 -0.879604 -1.000000
v 0.631952 -0.885625 1.000000
v 0.631952 -0.885625 -1.000000
v 0.597072 -0.891013 1.000000
v 0.597072 -0.891013 -1.000000
v 0.562547 -0.895766 1.000000
v 0.562548 -0.895766 -1.000000
v 0.528380 -0.899886 1.000000
v 0.528380 -0.899886 -1.000000
v 0.494569 -0.903372 1.000000
v 0.494569 -0.903373 -1.000000
v 0.461114 -0.906225 1.000000
v 0.461114 -0.906225 -1.000000
v 0.428016 -0.908443 1.000000
v 0.428016 -0.908443 -1.000000
v 0.395275 -0.910028 1.000000
v 0.395275 -0.910028 -1.000000
v 0.362890 -0.910978 1.000000
v 0.362890 -0.910979 -1.000000
v 0.330861 -0.911295 1.000000
v 0.330862 -0.911295 -1.000000
v -0.242442 -0.911295 1.000000
v -0.242442 -0.911295 -1.000000
v -0.245175 -0.804593 1.000000
v -0.245175 -0.804593 -1.000000
v -0.247671 -0.694603 1.000000
v -0.247671 -0.694603 -1.000000
v -0.249929 -0.581325 1.000000
v -0.249929 -0.581325 -1.000000
v -0.251949 -0.464759 1.000000
v -0.251949 -0.464759 -1.000000
v -0.253732 -0.344905 1.000000
v -0.253732 -0.344905 -1.000000
v -0.255277 -0.221763 1.000000
v -0.255277 -0.221763 -1.000000
v -0.256584 -0.095333 1.000000
v -0.256584 -0.095333 -1.000000
v -0.257654 0.034385 1.000000
v -0.257653 0.034385 -1.000000
v -0.258485 0.167391 1.000000
v -0.258485 0.167391 -1.000000
v -0.259080 0.303686 1.000000
v -0.259080 0.303686 -1.000000
v -0.259436 0.443268 1.000000
v -0.259436 0.443268 -1.000000
v -0.259555 0.586138 1.000000
v -0.259555 0.586138 -1.000000
v -0.202193 0.489676 1.000000
v -0.202193 0.489676 -1.000000
v -0.143247 0.395195 1.000000
v -0.143246 0.395195 -1.000000
v -0.082715 0.302695 1.000000
v -0.082715 0.302695 -1.000000
v -0.020600 0.212176 1.000000
v -0.020599 0.212176 -1.000000
v 0.043101 0.123637 1.000000
v 0.043101 0.123637 -1.000000
v 0.108386 0.037079 1.000000
v 0.108386 0.037079 -1.000000
v 0.175255 -0.047498 1.000000
v 0.175255 -0.047498 -1.000000
v 0.243709 -0.130095 1.000000
v 0.243709 -0.130095 -1.000000
v 0.313748 -0.210710 1.000000
v 0.313748 -0.210711 -1.000000
v 0.385371 -0.289346 1.000000
v 0.385371 -0.289346 -1.000000
v 0.458579 -0.366000 1.000000
v 0.458579 -0.366000 -1.000000
v 0.533371 -0.440674 1.000000
v 0.533372 -0.440674 -1.000000
v 0.597309 -0.501957 1.000000
v 0.597310 -0.501957 -1.000000
v 0.663624 -0.563162 1.000000
v 0.663624 -0.563162 -1.000000
v 0.732316 -0.624287 1.000000
v 0.732316 -0.624287 -1.000000
v 0.803385 -0.685333 1.000000
v 0.803385 -0.685334 -1.000000
v 0.876830 -0.746300 1.000000
v 0.876830 -0.746300 -1.000000
v 0.952653 -0.807188 1.000000
v 0.952653 -0.807188 -1.000000
v 1.030852 -0.867997 1.000000
v 1.030852 -0.867997 -1.000000
v 1.111428 -0.928726 1.000000
v 1.111428 -0.928726 -1.000000
v 1.194381 -0.989376 1.000000
v 1.194381 -0.989376 -1.000000
v 1.279711 -1.049947 1.000000
v 1.279711 -1.049947 -1.000000
v 1.367418 -1.110438 1.000000
v 1.367418 -1.110438 -1.000000
v 1.457501 -1.170850 1.000000
v 1.457502 -1.170850 -1.000000
v 1.458016 -1.171306 1.000000
v 1.458017 -1.171306 -1.000000
v 1.458611 -1.171722 1.000000
v 1.458611 -1.171722 -1.000000
v 1.459284 -1.172098 1.000000
v 1.459284 -1.172098 -1.000000
v 1.460037 -1.172435 1.000000
v 1.460037 -1.172435 -1.000000
v 1.460868 -1.172732 1.000000
v 1.460869 -1.172732 -1.000000
v 1.461780 -1.172990 1.000000
v 1.461780 -1.172990 -1.000000
v 1.462770 -1.173208 1.000000
v 1.462770 -1.173208 -1.000000
v 1.463840 -1.173386 1.000000
v 1.463840 -1.173386 -1.000000
v 1.464988 -1.173524 1.000000
v 1.464989 -1.173524 -1.000000
v 1.466216 -1.173623 1.000000
v 1.466217 -1.173623 -1.000000
v 1.467524 -1.173683 1.000000
v 1.467524 -1.173683 -1.000000
v 1.468910 -1.173703 1.000000
v 1.468911 -1.173703 -1.000000
v 1.477111 -1.173366 1.000000
v 1.477111 -1.173366 -1.000000
v 1.484598 -1.172356 1.000000
v 1.484598 -1.172356 -1.000000
v 1.491372 -1.170672 1.000000
v 1.491372 -1.170672 -1.000000
v 1.497433 -1.168315 1.000000
v 1.497433 -1.168315 -1.000000
v 1.502781 -1.165284 1.000000
v 1.502781 -1.165284 -1.000000
v 1.507416 -1.161580 1.000000
v 1.507416 -1.161580 -1.000000
v 1.511338 -1.157203 1.000000
v 1.511338 -1.157203 -1.000000
v 1.514546 -1.152152 1.000000
v 1.514547 -1.152152 -1.000000
v 1.517042 -1.146428 1.000000
v 1.517042 -1.146428 -1.000000
v 1.518825 -1.140030 1.000000
v 1.518825 -1.140030 -1.000000
v 1.519894 -1.132959 1.000000
v 1.519894 -1.132959 -1.000000
v 1.520251 -1.125214 1.000000
v 1.520251 -1.125214 -1.000000
v 1.520211 -1.123808 1.000000
v 1.520212 -1.123808 -1.000000
v 1.520092 -1.122441 1.000000
v 1.520093 -1.122441 -1.000000
v 1.519894 -1.121114 1.000000
v 1.519895 -1.121114 -1.000000
v 1.519617 -1.119827 1.000000
v 1.519617 -1.119827 -1.000000
v 1.519261 -1.118579 1.000000
v 1.519261 -1.118579 -1.000000
v 1.518825 -1.117371 1.000000
v 1.518825 -1.117371 -1.000000
v 1.518310 -1.116202 1.000000
v 1.518310 -1.116202 -1.000000
v 1.517716 -1.115073 1.000000
v 1.517716 -1.115073 -1.000000
v 1.517042 -1.113984 1.000000
v 1.517042 -1.113984 -1.000000
v 1.516289 -1.112934 1.000000
v 1.516290 -1.112934 -1.000000
v 1.515458 -1.111924 1.000000
v 1.515458 -1.111924 -1.000000
v 1.514547 -1.110953 1.000000
v 1.514547 -1.110953 -1.000000
v 1.346897 -0.933539 1.000000
v 1.346898 -0.933539 -1.000000
v 1.187171 -0.751173 1.000000
v 1.187171 -0.751173 -1.000000
v 1.035368 -0.563855 1.000000
v 1.035368 -0.563855 -1.000000
v 0.891488 -0.371586 1.000000
v 0.891488 -0.371586 -1.000000
v 0.755530 -0.174364 1.000000
v 0.755530 -0.174364 -1.000000
v 0.627496 0.027809 1.000000
v 0.627496 0.027809 -1.000000
v 0.507384 0.234934 1.000000
v 0.507384 0.234934 -1.000000
v 0.395195 0.447011 1.000000
v 0.395196 0.447011 -1.000000
v 0.290930 0.664040 1.000000
v 0.290930 0.664040 -1.000000
v 0.194587 0.886020 1.000000
v 0.194587 0.886020 -1.000000
v 0.106167 1.112953 1.000000
v 0.106167 1.112953 -1.000000
v 0.025670 1.344837 1.000000
v 0.025670 1.344837 -1.000000
v 0.849971 1.344837 1.000000
v 0.849972 1.344837 -1.000000
v 0.874275 1.344599 1.000000
v 0.874275 1.344599 -1.000000
v 0.899648 1.343886 1.000000
v 0.899648 1.343886 -1.000000
v 0.926091 1.342698 1.000000
v 0.926091 1.342698 -1.000000
v 0.953603 1.341034 1.000000
v 0.953603 1.341034 -1.000000
v 0.982185 1.338895 1.000000
v 0.982185 1.338895 -1.000000
v 1.011837 1.336280 1.000000
v 1.011837 1.336280 -1.000000
v 1.042558 1.333190 1.000000
v 1.042558 1.333190 -1.000000
v 1.074349 1.329625 1.000000
v 1.074349 1.329625 -1.000000
v 1.107209 1.325584 1.000000
v 1.107209 1.325584 -1.000000
v 1.141139 1.321068 1.000000
v 1.141139 1.321068 -1.000000
v 1.176139 1.316077 1.000000
v 1.176139 1.316077 -1.000000
v 1.212208 1.310610 1.000000
v 1.212208 1.310610 -1.000000
v 1.277809 1.524529 1.000000
v 1.277810 1.524529 -1.000000
v 1.241443 1.517240 1.000000
v 1.241443 1.517240 -1.000000
v 1.205552 1.510585 1.000000
v 1.205552 1.510585 -1.000000
v 1.170137 1.504563 1.000000
v 1.170137 1.504563 -1.000000
v 1.135197 1.499176 1.000000
v 1.135197 1.499176 -1.000000
v 1.100732 1.494422 1.000000
v 1.100732 1.494422 -1.000000
v 1.066743 1.490302 1.000000
v 1.066743 1.490302 -1.000000
v 1.033229 1.486816 1.000000
v 1.033229 1.486816 -1.000000
v 1.000190 1.483963 1.000000
v 1.000190 1.483963 -1.000000
v 0.967627 1.481745 1.000000
v 0.967627 1.481745 -1.000000
v 0.935539 1.480160 1.000000
v 0.935539 1.480160 -1.000000
v 0.903927 1.479209 1.000000
v 0.903927 1.479209 -1.000000
v 0.872789 1.478893 1.000000
v 0.872790 1.478893 -1.000000
v -0.242442 1.478893 1.000000
v -0.242442 1.478893 -1.000000
v -0.242442 2.163434 1.000000
v -0.242442 2.163434 -1.000000
v -0.242204 2.230462 1.000000
v -0.242204 2.230462 -1.000000
v -0.241491 2.296539 1.000000
v -0.241491 2.296539 -1.000000
v -0.240303 2.361665 1.000000
v -0.240302 2.361665 -1.000000
v -0.238639 2.425841 1.000000
v -0.238639 2.425841 -1.000000
v -0.236500 2.489066 1.000000
v -0.236499 2.489066 -1.000000
v -0.233885 2.551340 1.000000
v -0.233885 2.551340 -1.000000
v -0.230795 2.612664 1.000000
v -0.230795 2.612664 -1.000000
v -0.227230 2.673036 1.000000
v -0.227230 2.673036 -1.000000
v -0.223189 2.732458 1.000000
v -0.223189 2.732458 -1.000000
v -0.218673 2.790930 1.000000
v -0.218673 2.790930 -1.000000
v -0.213681 2.848450 1.000000
v -0.213681 2.848450 -1.000000
v -0.208215 2.905020 1.000000
v -0.208214 2.905020 -1.000000
v -0.285008 2.897849 1.000000
v -0.285007 2.897849 -1.000000
v -0.357562 2.890600 1.000000
v -0.357562 2.890600 -1.000000
v -0.425877 2.883271 1.000000
v -0.425877 2.883271 -1.000000
v -0.489954 2.875863 1.000000
v -0.489954 2.875863 -1.000000
v -0.549792 2.868376 1.000000
v -0.549792 2.868376 -1.000000
v -0.605391 2.860810 1.000000
v -0.605391 2.860810 -1.000000
v -0.656751 2.853164 1.000000
v -0.656751 2.853164 -1.000000
v -0.703873 2.845439 1.000000
v -0.703873 2.845439 -1.000000
v -0.746756 2.837635 1.000000
v -0.746755 2.837635 -1.000000
v -0.785400 2.829752 1.000000
v -0.785399 2.829752 -1.000000
v -0.819805 2.821789 1.000000
v -0.819805 2.821789 -1.000000
v -0.849972 2.813747 1.000000
v -0.849971 2.813747 -1.000000
v -0.872294 2.806894 1.000000
v -0.872294 2.806894 -1.000000
v -0.892676 2.799645 1.000000
v -0.892676 2.799645 -1.000000
v -0.911117 2.791999 1.000000
v -0.911116 2.791999 -1.000000
v -0.927616 2.783957 1.000000
v -0.927616 2.783957 -1.000000
v -0.942174 2.775519 1.000000
v -0.942174 2.775519 -1.000000
v -0.954792 2.766685 1.000000
v -0.954792 2.766685 -1.000000
v -0.965468 2.757455 1.000000
v -0.965468 2.757455 -1.000000
v -0.974203 2.747829 1.000000
v -0.974203 2.747829 -1.000000
v -0.980997 2.737806 1.000000
v -0.980997 2.737806 -1.000000
v -0.985849 2.727388 1.000000
v -0.985849 2.727388 -1.000000
v -0.988761 2.716573 1.000000
v -0.988761 2.716573 -1.000000
v -0.989732 2.705362 1.000000
v -0.989732 2.705362 -1.000000
v -0.988227 2.691041 1.000000
v -0.988226 2.691041 -1.000000
v -0.983710 2.676602 1.000000
v -0.983710 2.676602 -1.000000
v -0.976184 2.662043 1.000000
v -0.976184 2.662043 -1.000000
v -0.965646 2.647366 1.000000
v -0.965646 2.647366 -1.000000
v -0.952098 2.632570 1.000000
v -0.952098 2.632570 -1.000000
v -0.935539 2.617655 1.000000
v -0.935539 2.617655 -1.000000
v -0.915970 2.602621 1.000000
v -0.915969 2.602621 -1.000000
v -0.893389 2.587469 1.000000
v -0.893389 2.587469 -1.000000
v -0.867798 2.572197 1.000000
v -0.867798 2.572197 -1.000000
v -0.839197 2.556807 1.000000
v -0.839196 2.556807 -1.000000
v -0.807584 2.541298 1.000000
v -0.807584 2.541298 -1.000000
v -0.772961 2.525670 1.000000
v -0.772961 2.525670 -1.000000
v -0.772961 1.478893 1.000000
v -0.772961 1.478893 -1.000000
v -1.748431 1.478893 1.000000
v -1.748431 1.478893 -1.000000
v -1.797692 1.540395 1.000000
v -1.797692 1.540395 -1.000000
v -1.843744 1.596548 1.000000
v -1.843744 1.596548 -1.000000
v -1.886588 1.647354 1.000000
v -1.886587 1.647354 -1.000000
v -1.926222 1.692812 1.000000
v -1.926222 1.692812 -1.000000
v -1.962648 1.732922 1.000000
v -1.962647 1.732922 -1.000000
v -1.995864 1.767684 1.000000
v -1.995864 1.767684 -1.000000
v -2.025872 1.797098 1.000000
v -2.025872 1.797098 -1.000000
v -2.052671 1.821163 1.000000
v -2.052671 1.821163 -1.000000
v -2.076262 1.839881 1.000000
v -2.076262 1.839881 -1.000000
v -2.096643 1.853251 1.000000
v -2.096643 1.853251 -1.000000
v -2.113816 1.861273 1.000000
v -2.113816 1.861273 -1.000000
v -2.127781 1.863947 1.000000
v -2.127781 1.863947 -1.000000
v -2.141547 1.862204 1.000000
v -2.141547 1.862204 -1.000000
v -2.158126 1.856975 1.000000
v -2.158126 1.856975 -1.000000
v -2.177517 1.848260 1.000000
v -2.177517 1.848260 -1.000000
v -2.199721 1.836058 1.000000
v -2.199721 1.836058 -1.000000
v -2.224737 1.820371 1.000000
v -2.224737 1.820371 -1.000000
v -2.252567 1.801198 1.000000
v -2.252567 1.801198 -1.000000
v -2.283209 1.778538 1.000000
v -2.283209 1.778538 -1.000000
v -2.316663 1.752392 1.000000
v -2.316663 1.752392 -1.000000
v -2.352931 1.722761 1.000000
v -2.352931 1.722761 -1.000000
v -2.392010 1.689643 1.000000
v -2.392010 1.689643 -1.000000
v -2.433903 1.653039 1.000000
v -2.433903 1.653039 -1.000000
v -2.478608 1.612949 1.000000
v -2.478608 1.612949 -1.000000
v -2.507764 1.587080 1.000000
v -2.507764 1.587080 -1.000000
v -2.534385 1.562717 1.000000
v -2.534385 1.562717 -1.000000
v -2.558471 1.539860 1.000000
v -2.558471 1.539860 -1.000000
v -2.580022 1.518507 1.000000
v -2.580022 1.518507 -1.000000
v -2.599037 1.498661 1.000000
v -2.599037 1.498661 -1.000000
v -2.615516 1.480319 1.000000
v -2.615516 1.480319 -1.000000
v -2.629461 1.463483 1.000000
v -2.629461 1.463483 -1.000000
v -2.640870 1.448152 1.000000
v -2.640870 1.448152 -1.000000
v -2.649744 1.434326 1.000000
v -2.649744 1.434326 -1.000000
v -2.656082 1.422006 1.000000
v -2.656082 1.422006 -1.000000
v -2.659885 1.411191 1.000000
v -2.659885 1.411191 -1.000000
v -2.661152 1.401882 1.000000
v -2.661152 1.401882 -1.000000
v -2.660618 1.392771 1.000000
v -2.660618 1.392771 -1.000000
v -2.659013 1.384452 1.000000
v -2.659013 1.384452 -1.000000
v -2.656339 1.376925 1.000000
v -2.656339 1.376925 -1.000000
v -2.652596 1.370190 1.000000
v -2.652596 1.370190 -1.000000
v -2.647782 1.364248 1.000000
v -2.647782 1.364248 -1.000000
v -2.641900 1.359098 1.000000
v -2.641900 1.359098 -1.000000
v -2.634947 1.354741 1.000000
v -2.634947 1.354741 -1.000000
v -2.626925 1.351175 1.000000
v -2.626925 1.351175 -1.000000
v -2.617834 1.348402 1.000000
v -2.617834 1.348402 -1.000000
v -2.607672 1.346421 1.000000
v -2.607672 1.346421 -1.000000
v -2.596442 1.345233 1.000000
v -2.596442 1.345233 -1.000000
v -2.584141 1.344837 1.000000
v -2.584141 1.344837 -1.000000
v -0.818597 1.344837 1.000000
v -0.818597 1.344837 -1.000000
v -0.873027 1.228489 1.000000
v -0.873027 1.228489 -1.000000
v -0.931736 1.114280 1.000000
v -0.931736 1.114280 -1.000000
v -0.994723 1.002210 1.000000
v -0.994723 1.002210 -1.000000
v -1.061989 0.892280 1.000000
v -1.061989 0.892280 -1.000000
v -1.133533 0.784488 1.000000
v -1.133533 0.784488 -1.000000
v -1.209356 0.678836 1.000000
v -1.209355 0.678836 -1.000000
v -1.289456 0.575323 1.000000
v -1.289456 0.575323 -1.000000
v -1.373836 0.473949 1.000000
v -1.373835 0.473949 -1.000000
v -1.462493 0.374714 1.000000
v -1.462493 0.374714 -1.000000
v -1.555429 0.277619 1.000000
v -1.555429 0.277619 -1.000000
v -1.652644 0.182663 1.000000
v -1.652643 0.182663 -1.000000
v -1.754136 0.089846 1.000000
v -1.754136 0.089846 -1.000000
v -1.838436 0.016083 1.000000
v -1.838436 0.016083 -1.000000
v -1.924003 -0.054985 1.000000
v -1.924003 -0.054985 -1.000000
v -2.010839 -0.123360 1.000000
v -2.010839 -0.123360 -1.000000
v -2.098941 -0.189041 1.000000
v -2.098941 -0.189041 -1.000000
v -2.188312 -0.252029 1.000000
v -2.188312 -0.252029 -1.000000
v -2.278950 -0.312322 1.000000
v -2.278950 -0.312322 -1.000000
v -2.370857 -0.369922 1.000000
v -2.370857 -0.369922 -1.000000
v -2.464030 -0.424828 1.000000
v -2.464030 -0.424828 -1.000000
v -2.558472 -0.477040 1.000000
v -2.558472 -0.477040 -1.000000
v -2.654181 -0.526558 1.000000
v -2.654181 -0.526558 -1.000000
v -2.751158 -0.573383 1.000000
v -2.751158 -0.573383 -1.000000
v -2.849401 -0.617513 1.000000
v -2.849401 -0.617513 -1.000000
v -2.852590 -0.619058 1.000000
v -2.852590 -0.619058 -1.000000
v -2.855502 -0.620841 1.000000
v -2.855502 -0.620841 -1.000000
v -2.858136 -0.622861 1.000000
v -2.858136 -0.622861 -1.000000
v -2.860493 -0.625119 1.000000
v -2.860493 -0.625119 -1.000000
v -2.862573 -0.627615 1.000000
v -2.862573 -0.627615 -1.000000
v -2.864375 -0.630348 1.000000
v -2.864375 -0.630348 -1.000000
v -2.865900 -0.633319 1.000000
v -2.865900 -0.633319 -1.000000
v -2.867148 -0.636528 1.000000
v -2.867148 -0.636528 -1.000000
v -2.868119 -0.639975 1.000000
v -2.868119 -0.639975 -1.000000
v -2.868812 -0.643659 1.000000
v -2.868812 -0.643659 -1.000000
v -2.869228 -0.647581 1.000000
v -2.869228 -0.647581 -1.000000
v -2.869367 -0.651740 1.000000
v -2.869367 -0.651740 -1.000000
v -2.869189 -0.656791 1.000000
v -2.869189 -0.656791 -1.000000
v -2.868654 -0.661485 1.000000
v -2.868654 -0.661486 -1.000000
v -2.867763 -0.665823 1.000000
v -2.867763 -0.665823 -1.000000
v -2.866515 -0.669805 1.000000
v -2.866515 -0.669805 -1.000000
v -2.864910 -0.673429 1.000000
v -2.864910 -0.673429 -1.000000
v -2.862949 -0.676697 1.000000
v -2.862949 -0.676698 -1.000000
v -2.860632 -0.679609 1.000000
v -2.860632 -0.679609 -1.000000
v -2.857958 -0.682164 1.000000
v -2.857958 -0.682164 -1.000000
v -2.854927 -0.684363 1.000000
v -2.854927 -0.684363 -1.000000
v -2.851540 -0.686205 1.000000
v -2.851540 -0.686205 -1.000000
v -2.847797 -0.687690 1.000000
v -2.847797 -0.687691 -1.000000
v -2.843697 -0.688820 1.000000
v -2.843697 -0.688820 -1.000000
v -2.809588 -0.697436 1.000000
v -2.809588 -0.697436 -1.000000
v -2.776669 -0.709974 1.000000
v -2.776669 -0.709974 -1.000000
v -2.744937 -0.726434 1.000000
v -2.744937 -0.726434 -1.000000
v -2.714394 -0.746815 1.000000
v -2.714394 -0.746815 -1.000000
v -2.685040 -0.771119 1.000000
v -2.685040 -0.771119 -1.000000
v -2.656874 -0.799344 1.000000
v -2.656874 -0.799344 -1.000000
v -2.629896 -0.831492 1.000000
v -2.629896 -0.831492 -1.000000
v -2.604107 -0.867561 1.000000
v -2.604107 -0.867561 -1.000000
v -2.579507 -0.907552 1.000000
v -2.579507 -0.907552 -1.000000
v -2.556094 -0.951464 1.000000
v -2.556094 -0.951465 -1.000000
v -2.533871 -0.999299 1.000000
v -2.533871 -0.999299 -1.000000
v -2.512835 -1.051056 1.000000
v -2.512835 -1.051056 -1.000000
v -2.507666 -1.066268 1.000000
v -2.507666 -1.066268 -1.000000
v -2.502615 -1.080529 1.000000
v -2.502615 -1.080529 -1.000000
v -2.497683 -1.093840 1.000000
v -2.497683 -1.093840 -1.000000
v -2.492870 -1.106199 1.000000
v -2.492870 -1.106199 -1.000000
v -2.488175 -1.117608 1.000000
v -2.488175 -1.117608 -1.000000
v -2.483600 -1.128067 1.000000
v -2.483600 -1.128067 -1.000000
v -2.479143 -1.137574 1.000000
v -2.479143 -1.137574 -1.000000
v -2.474805 -1.146131 1.000000
v -2.474805 -1.146131 -1.000000
v -2.470586 -1.153737 1.000000
v -2.470586 -1.153737 -1.000000
v -2.466486 -1.160392 1.000000
v -2.466486 -1.160392 -1.000000
v -2.462505 -1.166097 1.000000
v -2.462505 -1.166097 -1.000000
v -2.458642 -1.170850 1.000000
v -2.458642 -1.170850 -1.000000
v -2.454641 -1.174950 1.000000
v -2.454641 -1.174950 -1.000000
v -2.450244 -1.178694 1.000000
v -2.450244 -1.178694 -1.000000
v -2.445450 -1.182081 1.000000
v -2.445450 -1.182081 -1.000000
v -2.440261 -1.185112 1.000000
v -2.440261 -1.185112 -1.000000
v -2.434675 -1.187786 1.000000
v -2.434675 -1.187786 -1.000000
v -2.428694 -1.190103 1.000000
v -2.428694 -1.190103 -1.000000
v -2.422316 -1.192064 1.000000
v -2.422316 -1.192064 -1.000000
v -2.415542 -1.193668 1.000000
v -2.415542 -1.193668 -1.000000
v -2.408371 -1.194916 1.000000
v -2.408371 -1.194916 -1.000000
v -2.400805 -1.195808 1.000000
v -2.400805 -1.195808 -1.000000
v -2.392843 -1.196342 1.000000
v -2.392843 -1.196342 -1.000000
v -2.384484 -1.196521 1.000000
v -2.384484 -1.196521 -1.000000
v -2.373035 -1.195748 1.000000
v -2.373035 -1.195748 -1.000000
v -2.360557 -1.193431 1.000000
v -2.360557 -1.193431 -1.000000
v -2.347048 -1.189568 1.000000
v -2.347048 -1.189568 -1.000000
v -2.332510 -1.184161 1.000000
v -2.332510 -1.184161 -1.000000
v -2.316941 -1.177209 1.000000
v -2.316941 -1.177209 -1.000000
v -2.300343 -1.168711 1.000000
v -2.300343 -1.168711 -1.000000
v -2.282714 -1.158669 1.000000
v -2.282714 -1.158669 -1.000000
v -2.264056 -1.147082 1.000000
v -2.264056 -1.147082 -1.000000
v -2.244367 -1.133949 1.000000
v -2.244367 -1.133949 -1.000000
v -2.223649 -1.119272 1.000000
v -2.223649 -1.119272 -1.000000
v -2.201900 -1.103050 1.000000
v -2.201900 -1.103050 -1.000000
v -2.179121 -1.085283 1.000000
v -2.179121 -1.085283 -1.000000
v -2.109400 -1.031506 1.000000
v -2.109400 -1.031506 -1.000000
v -2.040946 -0.974758 1.000000
v -2.040946 -0.974758 -1.000000
v -1.973760 -0.915039 1.000000
v -1.973759 -0.915039 -1.000000
v -1.907841 -0.852349 1.000000
v -1.907841 -0.852349 -1.000000
v -1.843190 -0.786687 1.000000
v -1.843190 -0.786688 -1.000000
v -1.779806 -0.718055 1.000000
v -1.779806 -0.718055 -1.000000
v -1.717691 -0.646452 1.000000
v -1.717690 -0.646452 -1.000000
v -1.656842 -0.571877 1.000000
v -1.656842 -0.571877 -1.000000
v -1.597262 -0.494332 1.000000
v -1.597262 -0.494332 -1.000000
v -1.538949 -0.413815 1.000000
v -1.538949 -0.413815 -1.000000
v -1.481904 -0.330327 1.000000
v -1.481904 -0.330327 -1.000000
v 2.099258 -0.677411 1.000000
v 2.099258 -0.677411 -1.000000
v 2.099258 0.620365 1.000000
v 2.099258 0.620365 -1.000000
v 2.146479 0.565855 1.000000
v 2.146479 0.565855 -1.000000
v 2.194968 0.511662 1.000000
v 2.194968 0.511662 -1.000000
v 2.244724 0.457786 1.000000
v 2.244724 0.457786 -1.000000
v 2.295747 0.404227 1.000000
v 2.295747 0.404227 -1.000000
v 2.348039 0.350985 1.000000
v 2.348039 0.350985 -1.000000
v 2.401598 0.298060 1.000000
v 2.401598 0.298060 -1.000000
v 2.456424 0.245452 1.000000
v 2.456424 0.245452 -1.000000
v 2.512519 0.193161 1.000000
v 2.512519 0.193160 -1.000000
v 2.569881 0.141186 1.000000
v 2.569881 0.141186 -1.000000
v 2.628511 0.089529 1.000000
v 2.628511 0.089529 -1.000000
v 2.688408 0.038188 1.000000
v 2.688408 0.038188 -1.000000
v 2.749572 -0.012836 1.000000
v 2.749572 -0.012836 -1.000000
v 2.750543 -0.013291 1.000000
v 2.750543 -0.013291 -1.000000
v 2.751553 -0.013707 1.000000
v 2.751553 -0.013707 -1.000000
v 2.752603 -0.014083 1.000000
v 2.752603 -0.014083 -1.000000
v 2.753692 -0.014420 1.000000
v 2.753692 -0.014420 -1.000000
v 2.754821 -0.014717 1.000000
v 2.754821 -0.014717 -1.000000
v 2.755990 -0.014975 1.000000
v 2.755990 -0.014975 -1.000000
v 2.757198 -0.015193 1.000000
v 2.757198 -0.015193 -1.000000
v 2.758446 -0.015371 1.000000
v 2.758446 -0.015371 -1.000000
v 2.759733 -0.015509 1.000000
v 2.759733 -0.015510 -1.000000
v 2.761060 -0.015609 1.000000
v 2.761060 -0.015609 -1.000000
v 2.762427 -0.015668 1.000000
v 2.762427 -0.015668 -1.000000
v 2.763834 -0.015688 1.000000
v 2.763834 -0.015688 -1.000000
v 2.771578 -0.015371 1.000000
v 2.771578 -0.015371 -1.000000
v 2.778649 -0.014420 1.000000
v 2.778649 -0.014420 -1.000000
v 2.785047 -0.012835 1.000000
v 2.785047 -0.012836 -1.000000
v 2.790771 -0.010617 1.000000
v 2.790771 -0.010617 -1.000000
v 2.795822 -0.007765 1.000000
v 2.795822 -0.007765 -1.000000
v 2.800200 -0.004279 1.000000
v 2.800200 -0.004279 -1.000000
v 2.803903 -0.000159 1.000000
v 2.803903 -0.000159 -1.000000
v 2.806934 0.004595 1.000000
v 2.806934 0.004595 -1.000000
v 2.809291 0.009983 1.000000
v 2.809291 0.009982 -1.000000
v 2.810975 0.016004 1.000000
v 2.810975 0.016004 -1.000000
v 2.811985 0.022659 1.000000
v 2.811985 0.022659 -1.000000
v 2.812322 0.029948 1.000000
v 2.812322 0.029948 -1.000000
v 2.812302 0.030899 1.000000
v 2.812302 0.030899 -1.000000
v 2.812243 0.031850 1.000000
v 2.812243 0.031850 -1.000000
v 2.812144 0.032801 1.000000
v 2.812144 0.032801 -1.000000
v 2.812005 0.033751 1.000000
v 2.812005 0.033751 -1.000000
v 2.811827 0.034702 1.000000
v 2.811827 0.034702 -1.000000
v 2.811609 0.035653 1.000000
v 2.811609 0.035653 -1.000000
v 2.811351 0.036604 1.000000
v 2.811351 0.036603 -1.000000
v 2.811054 0.037554 1.000000
v 2.811054 0.037554 -1.000000
v 2.810718 0.038505 1.000000
v 2.810718 0.038505 -1.000000
v 2.810341 0.039456 1.000000
v 2.810341 0.039456 -1.000000
v 2.809925 0.040407 1.000000
v 2.809925 0.040406 -1.000000
v 2.809470 0.041357 1.000000
v 2.809470 0.041357 -1.000000
v 2.706293 0.175988 1.000000
v 2.706293 0.175988 -1.000000
v 2.606880 0.315570 1.000000
v 2.606880 0.315570 -1.000000
v 2.511231 0.460104 1.000000
v 2.511231 0.460104 -1.000000
v 2.419345 0.609590 1.000000
v 2.419345 0.609590 -1.000000
v 2.331222 0.764027 1.000000
v 2.331222 0.764027 -1.000000
v 2.246863 0.923417 1.000000
v 2.246863 0.923417 -1.000000
v 2.166267 1.087758 1.000000
v 2.166267 1.087758 -1.000000
v 2.089434 1.257051 1.000000
v 2.089434 1.257051 -1.000000
v 2.016365 1.431296 1.000000
v 2.016365 1.431296 -1.000000
v 1.947059 1.610493 1.000000
v 1.947059 1.610493 -1.000000
v 1.881517 1.794641 1.000000
v 1.881517 1.794641 -1.000000
v 1.819737 1.983742 1.000000
v 1.819738 1.983742 -1.000000
v 1.794305 2.065764 1.000000
v 1.794305 2.065764 -1.000000
v 1.770298 2.147350 1.000000
v 1.770299 2.147350 -1.000000
v 1.747718 2.228501 1.000000
v 1.747718 2.228501 -1.000000
v 1.726564 2.309216 1.000000
v 1.726564 2.309216 -1.000000
v 1.706836 2.389495 1.000000
v 1.706836 2.389495 -1.000000
v 1.688534 2.469338 1.000000
v 1.688534 2.469338 -1.000000
v 1.671658 2.548745 1.000000
v 1.671658 2.548745 -1.000000
v 1.656208 2.627717 1.000000
v 1.656209 2.627717 -1.000000
v 1.642185 2.706253 1.000000
v 1.642185 2.706253 -1.000000
v 1.629587 2.784353 1.000000
v 1.629588 2.784353 -1.000000
v 1.618416 2.862018 1.000000
v 1.618416 2.862018 -1.000000
v 1.608671 2.939247 1.000000
v 1.608671 2.939247 -1.000000
v 1.485667 2.904762 1.000000
v 1.485668 2.904762 -1.000000
v 1.373360 2.871664 1.000000
v 1.373360 2.871664 -1.000000
v 1.271748 2.839953 1.000000
v 1.271749 2.839953 -1.000000
v 1.180833 2.809628 1.000000
v 1.180833 2.809628 -1.000000
v 1.100613 2.780689 1.000000
v 1.100613 2.780689 -1.000000
v 1.031089 2.753137 1.000000
v 1.031090 2.753137 -1.000000
v 0.972262 2.726972 1.000000
v 0.972262 2.726972 -1.000000
v 0.924130 2.702193 1.000000
v 0.924130 2.702193 -1.000000
v 0.886694 2.678800 1.000000
v 0.886694 2.678800 -1.000000
v 0.859954 2.656794 1.000000
v 0.859954 2.656794 -1.000000
v 0.843910 2.636175 1.000000
v 0.843911 2.636175 -1.000000
v 0.838562 2.616942 1.000000
v 0.838563 2.616942 -1.000000
v 0.839989 2.601671 1.000000
v 0.839989 2.601671 -1.000000
v 0.844267 2.587231 1.000000
v 0.844267 2.587231 -1.000000
v 0.851398 2.573623 1.000000
v 0.851398 2.573623 -1.000000
v 0.861380 2.560848 1.000000
v 0.861381 2.560848 -1.000000
v 0.874216 2.548904 1.000000
v 0.874216 2.548904 -1.000000
v 0.889903 2.537792 1.000000
v 0.889903 2.537792 -1.000000
v 0.908443 2.527512 1.000000
v 0.908443 2.527512 -1.000000
v 0.929835 2.518064 1.000000
v 0.929835 2.518064 -1.000000
v 0.954079 2.509448 1.000000
v 0.954079 2.509448 -1.000000
v 0.981175 2.501663 1.000000
v 0.981175 2.501663 -1.000000
v 1.011124 2.494711 1.000000
v 1.011124 2.494711 -1.000000
v 1.043925 2.488591 1.000000
v 1.043925 2.488591 -1.000000
v 1.096671 2.352574 1.000000
v 1.096672 2.352574 -1.000000
v 1.150329 2.220241 1.000000
v 1.150330 2.220241 -1.000000
v 1.204899 2.091593 1.000000
v 1.204899 2.091593 -1.000000
v 1.260379 1.966628 1.000000
v 1.260379 1.966628 -1.000000
v 1.316770 1.845348 1.000000
v 1.316771 1.845348 -1.000000
v 1.374073 1.727752 1.000000
v 1.374073 1.727752 -1.000000
v 1.432287 1.613840 1.000000
v 1.432287 1.613840 -1.000000
v 1.491411 1.503613 1.000000
v 1.491412 1.503613 -1.000000
v 1.551447 1.397069 1.000000
v 1.551448 1.397069 -1.000000
v 1.612395 1.294210 1.000000
v 1.612395 1.294210 -1.000000
v 1.674253 1.195035 1.000000
v 1.674253 1.195035 -1.000000
v 1.737022 1.099543 1.000000
v 1.737023 1.099543 -1.000000
v 1.703825 1.094334 1.000000
v 1.703825 1.094334 -1.000000
v 1.672688 1.089164 1.000000
v 1.672688 1.089164 -1.000000
v 1.643611 1.084034 1.000000
v 1.643611 1.084034 -1.000000
v 1.616594 1.078944 1.000000
v 1.616594 1.078944 -1.000000
v 1.591637 1.073893 1.000000
v 1.591637 1.073893 -1.000000
v 1.568739 1.068882 1.000000
v 1.568740 1.068882 -1.000000
v 1.547902 1.063910 1.000000
v 1.547902 1.063910 -1.000000
v 1.529125 1.058978 1.000000
v 1.529125 1.058978 -1.000000
v 1.512407 1.054085 1.000000
v 1.512408 1.054085 -1.000000
v 1.497750 1.049233 1.000000
v 1.497750 1.049233 -1.000000
v 1.485152 1.044419 1.000000
v 1.485153 1.044419 -1.000000
v 1.474615 1.039646 1.000000
v 1.474615 1.039646 -1.000000
v 1.467326 1.036160 1.000000
v 1.467326 1.036160 -1.000000
v 1.460670 1.032357 1.000000
v 1.460671 1.032357 -1.000000
v 1.454649 1.028237 1.000000
v 1.454649 1.028237 -1.000000
v 1.449261 1.023800 1.000000
v 1.449262 1.023800 -1.000000
v 1.444508 1.019046 1.000000
v 1.444508 1.019046 -1.000000
v 1.440388 1.013976 1.000000
v 1.440388 1.013976 -1.000000
v 1.436902 1.008588 1.000000
v 1.436902 1.008588 -1.000000
v 1.434049 1.002884 1.000000
v 1.434050 1.002884 -1.000000
v 1.431831 0.996862 1.000000
v 1.431831 0.996862 -1.000000
v 1.430247 0.990524 1.000000
v 1.430247 0.990524 -1.000000
v 1.429296 0.983869 1.000000
v 1.429296 0.983869 -1.000000
v 1.428979 0.976896 1.000000
v 1.428979 0.976896 -1.000000
v 1.430029 0.965032 1.000000
v 1.430029 0.965032 -1.000000
v 1.433178 0.953207 1.000000
v 1.433178 0.953207 -1.000000
v 1.438427 0.941422 1.000000
v 1.438427 0.941421 -1.000000
v 1.445775 0.929676 1.000000
v 1.445776 0.929676 -1.000000
v 1.455223 0.917970 1.000000
v 1.455224 0.917970 -1.000000
v 1.466771 0.906303 1.000000
v 1.466771 0.906303 -1.000000
v 1.480418 0.894676 1.000000
v 1.480419 0.894676 -1.000000
v 1.496165 0.883089 1.000000
v 1.496165 0.883089 -1.000000
v 1.514012 0.871541 1.000000
v 1.514012 0.871541 -1.000000
v 1.533957 0.860033 1.000000
v 1.533958 0.860033 -1.000000
v 1.556003 0.848565 1.000000
v 1.556003 0.848565 -1.000000
v 1.580148 0.837136 1.000000
v 1.580148 0.837136 -1.000000
v 1.580148 -2.189105 1.000000
v 1.580148 -2.189105 -1.000000
v 1.582248 -2.228284 1.000000
v 1.582248 -2.228284 -1.000000
v 1.588547 -2.264056 1.000000
v 1.588547 -2.264056 -1.000000
v 1.599045 -2.296421 1.000000
v 1.599045 -2.296421 -1.000000
v 1.613742 -2.325379 1.000000
v 1.613742 -2.325379 -1.000000
v 1.632638 -2.350931 1.000000
v 1.632638 -2.350931 -1.000000
v 1.655733 -2.373075 1.000000
v 1.655733 -2.373075 -1.000000
v 1.683028 -2.391813 1.000000
v 1.683028 -2.391813 -1.000000
v 1.714521 -2.407144 1.000000
v 1.714522 -2.407144 -1.000000
v 1.750214 -2.419068 1.000000
v 1.750214 -2.419068 -1.000000
v 1.790106 -2.427585 1.000000
v 1.790106 -2.427585 -1.000000
v 1.834197 -2.432695 1.000000
v 1.834198 -2.432695 -1.000000
v 1.882487 -2.434399 1.000000
v 1.882487 -2.434399 -1.000000
v 1.922577 -2.432854 1.000000
v 1.922577 -2.432854 -1.000000
v 1.959181 -2.428219 1.000000
v 1.959181 -2.428219 -1.000000
v 1.992299 -2.420494 1.000000
v 1.992299 -2.420494 -1.000000
v 2.021931 -2.409679 1.000000
v 2.021931 -2.409679 -1.000000
v 2.048076 -2.395774 1.000000
v 2.048076 -2.395774 -1.000000
v 2.070736 -2.378780 1.000000
v 2.070736 -2.378780 -1.000000
v 2.089909 -2.358695 1.000000
v 2.089909 -2.358695 -1.000000
v 2.105597 -2.335521 1.000000
v 2.105597 -2.335521 -1.000000
v 2.117798 -2.309256 1.000000
v 2.117798 -2.309256 -1.000000
v 2.126513 -2.279902 1.000000
v 2.126513 -2.279902 -1.000000
v 2.131742 -2.247457 1.000000
v 2.131742 -2.247457 -1.000000
v 2.133486 -2.211923 1.000000
v 2.133486 -2.211923 -1.000000
v 2.128019 -2.104092 1.000000
v 2.128019 -2.104092 -1.000000
v 2.123027 -1.992616 1.000000
v 2.123027 -1.992616 -1.000000
v 2.118511 -1.877496 1.000000
v 2.118511 -1.877496 -1.000000
v 2.114470 -1.758731 1.000000
v 2.114470 -1.758731 -1.000000
v 2.110905 -1.636322 1.000000
v 2.110905 -1.636322 -1.000000
v 2.107815 -1.510268 1.000000
v 2.107815 -1.510268 -1.000000
v 2.105201 -1.380570 1.000000
v 2.105201 -1.380570 -1.000000
v 2.103061 -1.247227 1.000000
v 2.103061 -1.247227 -1.000000
v 2.101398 -1.110240 1.000000
v 2.101398 -1.110240 -1.000000
v 2.100209 -0.969608 1.000000
v 2.100209 -0.969608 -1.000000
v 2.099496 -0.825332 1.000000
v 2.099496 -0.825332 -1.000000
vn -0.0000 -0.0000 -1.0000
vn -0.0000 -0.0000 1.0000
vn 0.8432 -0.5376 -0.0000
vn 0.8532 -0.5216 -0.0000
vn 0.8669 -0.4985 -0.0000
vn 0.8798 -0.4753 -0.0000
vn 0.8920 -0.4520 -0.0000
vn 0.9034 -0.4288 -0.0000
vn 0.9140 -0.4057 -0.0000
vn 0.9239 -0.3827 -0.0000
vn 0.9330 -0.3598 -0.0000
vn 0.9414 -0.3372 -0.0000
vn 0.9492 -0.3147 -0.0000
vn 0.9562 -0.2926 -0.0000
vn -0.1423 -0.9898 -0.0000
vn -1.0000 0.0008 -0.0000
vn -1.0000 0.0031 -0.0000
vn -1.0000 0.0057 -0.0000
vn -1.0000 0.0079 -0.0000
vn -1.0000 0.0097 -0.0000
vn -0.9999 0.0112 -0.0000
vn -0.9999 0.0125 -0.0000
vn -0.9999 0.0137 -0.0000
vn -0.9999 0.0147 -0.0000
vn -0.9999 0.0156 -0.0000
vn -0.9999 0.0164 -0.0000
vn -0.9999 0.0171 -0.0000
vn -0.7009 0.7132 -0.0000
vn 0.4290 0.9033 -0.0000
vn 0.7707 0.6372 -0.0000
vn 0.7612 0.6485 -0.0000
vn 0.7497 0.6618 -0.0000
vn 0.7354 0.6776 -0.0000
vn 0.7173 0.6967 -0.0000
vn 0.6938 0.7201 -0.0000
vn 0.6622 0.7493 -0.0000
vn 0.6178 0.7863 -0.0000
vn 0.5520 0.8338 -0.0000
vn 0.4482 0.8939 -0.0000
vn 0.2740 0.9617 -0.0000
vn 0.0097 1.0000 -0.0000
vn -0.2335 0.9724 -0.0000
vn -0.3736 0.9276 -0.0000
vn -0.4555 0.8902 -0.0000
vn -0.5080 0.8613 -0.0000
vn -0.5441 0.8390 -0.0000
vn -0.5703 0.8214 -0.0000
vn -0.5902 0.8073 -0.0000
vn -0.6057 0.7957 -0.0000
vn -0.6181 0.7861 -0.0000
vn -0.6283 0.7780 -0.0000
vn -0.6368 0.7710 -0.0000
vn -0.6528 0.7575 -0.0000
vn -0.6730 0.7397 -0.0000
vn -0.6903 0.7235 -0.0000
vn -0.7100 0.7042 -0.0000
vn -0.7325 0.6807 -0.0000
vn -0.7584 0.6518 -0.0000
vn -0.7880 0.6156 -0.0000
vn -0.8220 0.5694 -0.0000
vn -0.8606 0.5093 -0.0000
vn -0.9030 0.4296 -0.0000
vn -0.9465 0.3228 -0.0000
vn -0.9837 0.1799 -0.0000
vn -0.9998 0.0197 -0.0000
vn -0.9922 -0.1243 -0.0000
vn -0.9648 -0.2628 -0.0000
vn -0.9113 -0.4117 -0.0000
vn -0.8287 -0.5597 -0.0000
vn -0.7205 -0.6934 -0.0000
vn -0.5968 -0.8024 -0.0000
vn -0.4698 -0.8828 -0.0000
vn -0.3496 -0.9369 -0.0000
vn -0.2419 -0.9703 -0.0000
vn -0.1484 -0.9889 -0.0000
vn -0.0688 -0.9976 -0.0000
vn -0.0161 -0.9999 -0.0000
vn -0.7106 -0.7036 -0.0000
vn -0.9999 0.0105 -0.0000
vn -0.9999 0.0116 -0.0000
vn -0.9999 0.0134 -0.0000
vn -0.9999 0.0143 -0.0000
vn -0.9999 0.0150 -0.0000
vn -0.9999 0.0158 -0.0000
vn -0.9998 0.0177 -0.0000
vn -0.9998 0.0182 -0.0000
vn -0.9998 0.0181 -0.0000
vn -0.9998 0.0175 -0.0000
vn -0.9999 0.0172 -0.0000
vn -0.9999 0.0168 -0.0000
vn -0.9999 0.0163 -0.0000
vn -0.9999 0.0157 -0.0000
vn -0.9999 0.0141 -0.0000
vn -0.9999 0.0129 -0.0000
vn -0.9999 0.0113 -0.0000
vn -1.0000 0.0091 -0.0000
vn -1.0000 0.0055 -0.0000
vn -0.9995 -0.0320 -0.0000
vn -0.9898 -0.1424 -0.0000
vn -0.9544 -0.2985 -0.0000
vn -0.8878 -0.4603 -0.0000
vn -0.7904 -0.6127 -0.0000
vn -0.6711 -0.7414 -0.0000
vn -0.5437 -0.8393 -0.0000
vn -0.4204 -0.9073 -0.0000
vn -0.3089 -0.9511 -0.0000
vn -0.2119 -0.9773 -0.0000
vn -0.1295 -0.9916 -0.0000
vn -0.0598 -0.9982 -0.0000
vn 0.0003 -1.0000 -0.0000
vn 0.0609 -0.9981 -0.0000
vn 0.1317 -0.9913 -0.0000
vn 0.2155 -0.9765 -0.0000
vn 0.3138 -0.9495 -0.0000
vn 0.4265 -0.9045 -0.0000
vn 0.5504 -0.8349 -0.0000
vn 0.6775 -0.7355 -0.0000
vn 0.7955 -0.6060 -0.0000
vn 0.8910 -0.4540 -0.0000
vn 0.9559 -0.2938 -0.0000
vn 0.9902 -0.1399 -0.0000
vn 0.9995 -0.0321 -0.0000
vn 1.0000 0.0036 -0.0000
vn 1.0000 0.0066 -0.0000
vn 1.0000 0.0091 -0.0000
vn 0.9999 0.0111 -0.0000
vn 0.9999 0.0129 -0.0000
vn 0.9999 0.0144 -0.0000
vn 0.9999 0.0157 -0.0000
vn 0.9999 0.0169 -0.0000
vn 0.9998 0.0179 -0.0000
vn 0.9998 0.0188 -0.0000
vn 0.9998 0.0196 -0.0000
vn 0.7141 -0.7000 -0.0000
vn -0.0047 -1.0000 -0.0000
vn -0.0183 -0.9998 -0.0000
vn -0.0354 -0.9994 -0.0000
vn -0.0513 -0.9987 -0.0000
vn -0.0660 -0.9978 -0.0000
vn -0.0797 -0.9968 -0.0000
vn -0.0925 -0.9957 -0.0000
vn -0.1045 -0.9945 -0.0000
vn -0.1156 -0.9933 -0.0000
vn -0.1261 -0.9920 -0.0000
vn -0.1360 -0.9907 -0.0000
vn -0.1452 -0.9894 -0.0000
vn 0.5376 -0.8432 -0.0000
vn 0.7366 0.6763 -0.0000
vn -0.1913 0.9815 -0.0000
vn -0.1761 0.9844 -0.0000
vn -0.1605 0.9870 -0.0000
vn -0.1445 0.9895 -0.0000
vn -0.1281 0.9918 -0.0000
vn -0.1111 0.9938 -0.0000
vn -0.0938 0.9956 -0.0000
vn -0.0759 0.9971 -0.0000
vn -0.0576 0.9983 -0.0000
vn -0.0388 0.9992 -0.0000
vn -0.0196 0.9998 -0.0000
vn -0.0049 1.0000 -0.0000
vn 0.6980 0.7161 -0.0000
vn 0.9997 0.0241 -0.0000
vn 0.9998 0.0213 -0.0000
vn 0.9998 0.0186 -0.0000
vn 0.9999 0.0161 -0.0000
vn 0.9999 0.0137 -0.0000
vn 0.9999 0.0114 -0.0000
vn 1.0000 0.0093 -0.0000
vn 1.0000 0.0072 -0.0000
vn 1.0000 0.0053 -0.0000
vn 1.0000 0.0035 -0.0000
vn 1.0000 0.0017 -0.0000
vn 0.2654 -0.9641 -0.0000
vn -0.8540 -0.5203 -0.0000
vn -0.8426 -0.5385 -0.0000
vn -0.8307 -0.5567 -0.0000
vn -0.8182 -0.5749 -0.0000
vn -0.8051 -0.5931 -0.0000
vn -0.7915 -0.6112 -0.0000
vn -0.7772 -0.6292 -0.0000
vn -0.7625 -0.6470 -0.0000
vn -0.7471 -0.6647 -0.0000
vn -0.7313 -0.6821 -0.0000
vn -0.7149 -0.6992 -0.0000
vn -0.6993 -0.7148 -0.0000
vn -0.6851 -0.7284 -0.0000
vn -0.6715 -0.7410 -0.0000
vn -0.6582 -0.7528 -0.0000
vn -0.6452 -0.7640 -0.0000
vn -0.6324 -0.7746 -0.0000
vn -0.6200 -0.7846 -0.0000
vn -0.6079 -0.7940 -0.0000
vn -0.5961 -0.8029 -0.0000
vn -0.5845 -0.8114 -0.0000
vn -0.5733 -0.8193 -0.0000
vn -0.5624 -0.8269 -0.0000
vn -0.6112 -0.7915 -0.0000
vn -0.6190 -0.7854 -0.0000
vn -0.5313 -0.8472 -0.0000
vn -0.4486 -0.8937 -0.0000
vn -0.3726 -0.9280 -0.0000
vn -0.3043 -0.9526 -0.0000
vn -0.2435 -0.9699 -0.0000
vn -0.1897 -0.9818 -0.0000
vn -0.1421 -0.9898 -0.0000
vn -0.1001 -0.9950 -0.0000
vn -0.0629 -0.9980 -0.0000
vn -0.0298 -0.9996 -0.0000
vn 0.0134 -0.9999 -0.0000
vn 0.0875 -0.9962 -0.0000
vn 0.1877 -0.9822 -0.0000
vn 0.3024 -0.9532 -0.0000
vn 0.4289 -0.9034 -0.0000
vn 0.5604 -0.8282 -0.0000
vn 0.6869 -0.7267 -0.0000
vn 0.7971 -0.6038 -0.0000
vn 0.8830 -0.4693 -0.0000
vn 0.9423 -0.3348 -0.0000
vn 0.9778 -0.2094 -0.0000
vn 0.9952 -0.0979 -0.0000
vn 1.0000 -0.0089 -0.0000
vn 0.9984 0.0574 -0.0000
vn 0.9931 0.1172 -0.0000
vn 0.9838 0.1792 -0.0000
vn 0.9701 0.2428 -0.0000
vn 0.9517 0.3072 -0.0000
vn 0.9284 0.3715 -0.0000
vn 0.9005 0.4348 -0.0000
vn 0.8683 0.4961 -0.0000
vn 0.8321 0.5546 -0.0000
vn 0.7928 0.6095 -0.0000
vn 0.7509 0.6604 -0.0000
vn 0.7280 0.6856 -0.0000
vn 0.7397 0.6730 -0.0000
vn 0.7647 0.6444 -0.0000
vn 0.7889 0.6145 -0.0000
vn 0.8121 0.5835 -0.0000
vn 0.8342 0.5514 -0.0000
vn 0.8551 0.5184 -0.0000
vn 0.8747 0.4847 -0.0000
vn 0.8928 0.4504 -0.0000
vn 0.9095 0.4157 -0.0000
vn 0.9247 0.3807 -0.0000
vn 0.9384 0.3456 -0.0000
vn 0.8148 -0.5797 -0.0000
vn -0.0049 -1.0000 -0.0000
vn -0.0189 -0.9998 -0.0000
vn -0.0365 -0.9993 -0.0000
vn -0.0526 -0.9986 -0.0000
vn -0.0675 -0.9977 -0.0000
vn -0.0812 -0.9967 -0.0000
vn -0.0940 -0.9956 -0.0000
vn -0.1058 -0.9944 -0.0000
vn -0.1168 -0.9932 -0.0000
vn -0.1270 -0.9919 -0.0000
vn -0.1366 -0.9906 -0.0000
vn -0.1455 -0.9894 -0.0000
vn 0.5324 -0.8465 -0.0000
vn 0.7415 0.6710 -0.0000
vn -0.1894 0.9819 -0.0000
vn -0.1750 0.9846 -0.0000
vn -0.1600 0.9871 -0.0000
vn -0.1285 0.9917 -0.0000
vn -0.1119 0.9937 -0.0000
vn -0.0947 0.9955 -0.0000
vn -0.0770 0.9970 -0.0000
vn -0.0587 0.9983 -0.0000
vn -0.0397 0.9992 -0.0000
vn -0.0201 0.9998 -0.0000
vn -0.0051 1.0000 -0.0000
vn 0.7071 0.7071 -0.0000
vn 1.0000 -0.0018 -0.0000
vn 1.0000 -0.0072 -0.0000
vn 0.9999 -0.0145 -0.0000
vn 0.9998 -0.0221 -0.0000
vn 0.9996 -0.0299 -0.0000
vn 0.9993 -0.0379 -0.0000
vn 0.9989 -0.0461 -0.0000
vn 0.9985 -0.0546 -0.0000
vn 0.9980 -0.0634 -0.0000
vn 0.9974 -0.0724 -0.0000
vn 0.9967 -0.0817 -0.0000
vn 0.9958 -0.0913 -0.0000
vn 0.7083 0.7060 -0.0000
vn -0.0962 0.9954 -0.0000
vn -0.1030 0.9947 -0.0000
vn -0.1108 0.9938 -0.0000
vn -0.1195 0.9928 -0.0000
vn -0.1295 0.9916 -0.0000
vn -0.1410 0.9900 -0.0000
vn -0.1545 0.9880 -0.0000
vn -0.1704 0.9854 -0.0000
vn -0.1895 0.9819 -0.0000
vn -0.2127 0.9771 -0.0000
vn -0.2416 0.9704 -0.0000
vn -0.2756 0.9613 -0.0000
vn -0.3144 0.9493 -0.0000
vn -0.3592 0.9333 -0.0000
vn -0.4107 0.9117 -0.0000
vn -0.4701 0.8826 -0.0000
vn -0.5380 0.8429 -0.0000
vn -0.6146 0.7889 -0.0000
vn -0.6986 0.7155 -0.0000
vn -0.7861 0.6181 -0.0000
vn -0.8699 0.4932 -0.0000
vn -0.9396 0.3424 -0.0000
vn -0.9848 0.1738 -0.0000
vn -1.0000 -0.0092 -0.0000
vn -0.9793 -0.2025 -0.0000
vn -0.9249 -0.3803 -0.0000
vn -0.8526 -0.5226 -0.0000
vn -0.7763 -0.6304 -0.0000
vn -0.7042 -0.7100 -0.0000
vn -0.6397 -0.7686 -0.0000
vn -0.5835 -0.8121 -0.0000
vn -0.5350 -0.8448 -0.0000
vn -0.4933 -0.8699 -0.0000
vn -0.4572 -0.8894 -0.0000
vn -0.4260 -0.9047 -0.0000
vn -0.8401 -0.5425 -0.0000
vn -0.7071 0.7071 -0.0000
vn 0.4329 0.9014 -0.0000
vn 0.7769 0.6297 -0.0000
vn 0.7689 0.6394 -0.0000
vn 0.7591 0.6509 -0.0000
vn 0.7471 0.6648 -0.0000
vn 0.7317 0.6816 -0.0000
vn 0.7116 0.7026 -0.0000
vn 0.6842 0.7293 -0.0000
vn 0.6452 0.7641 -0.0000
vn 0.5856 0.8106 -0.0000
vn 0.4871 0.8733 -0.0000
vn 0.3080 0.9514 -0.0000
vn 0.0316 0.9995 -0.0000
vn -0.2141 0.9768 -0.0000
vn -0.3560 0.9345 -0.0000
vn -0.4461 0.8950 -0.0000
vn -0.5066 0.8622 -0.0000
vn -0.5494 0.8355 -0.0000
vn -0.5810 0.8139 -0.0000
vn -0.6052 0.7960 -0.0000
vn -0.6243 0.7812 -0.0000
vn -0.6396 0.7687 -0.0000
vn -0.6523 0.7580 -0.0000
vn -0.6628 0.7488 -0.0000
vn -0.6657 0.7463 -0.0000
vn -0.6694 0.7429 -0.0000
vn -0.6818 0.7316 -0.0000
vn -0.6961 0.7179 -0.0000
vn -0.7130 0.7011 -0.0000
vn -0.7331 0.6802 -0.0000
vn -0.7572 0.6532 -0.0000
vn -0.7865 0.6176 -0.0000
vn -0.8224 0.5689 -0.0000
vn -0.8664 0.4994 -0.0000
vn -0.9185 0.3955 -0.0000
vn -0.9721 0.2345 -0.0000
vn -0.9993 0.0383 -0.0000
vn -0.9923 -0.1242 -0.0000
vn -0.8437 -0.5368 -0.0000
vn -0.8977 0.4405 -0.0000
vn -0.8807 0.4736 -0.0000
vn -0.8625 0.5060 -0.0000
vn -0.8432 0.5376 -0.0000
vn -0.8229 0.5681 -0.0000
vn -0.8018 0.5976 -0.0000
vn -0.7799 0.6260 -0.0000
vn -0.7573 0.6531 -0.0000
vn -0.7342 0.6790 -0.0000
vn -0.7107 0.7035 -0.0000
vn -0.6869 0.7268 -0.0000
vn -0.6667 0.7453 -0.0000
vn -0.6488 0.7610 -0.0000
vn -0.6288 0.7775 -0.0000
vn -0.6082 0.7938 -0.0000
vn -0.5869 0.8096 -0.0000
vn -0.5650 0.8251 -0.0000
vn -0.5425 0.8401 -0.0000
vn -0.5194 0.8545 -0.0000
vn -0.4958 0.8684 -0.0000
vn -0.4717 0.8817 -0.0000
vn -0.4472 0.8944 -0.0000
vn -0.4223 0.9064 -0.0000
vn -0.4229 0.9062 -0.0000
vn -0.4797 0.8775 -0.0000
vn -0.5661 0.8243 -0.0000
vn -0.6512 0.7589 -0.0000
vn -0.7312 0.6822 -0.0000
vn -0.8028 0.5963 -0.0000
vn -0.8635 0.5043 -0.0000
vn -0.9120 0.4101 -0.0000
vn -0.9484 0.3171 -0.0000
vn -0.9736 0.2282 -0.0000
vn -0.9894 0.1453 -0.0000
vn -0.9976 0.0695 -0.0000
vn -1.0000 -0.0009 -0.0000
vn -0.9972 -0.0743 -0.0000
vn -0.9875 -0.1574 -0.0000
vn -0.9681 -0.2505 -0.0000
vn -0.9358 -0.3525 -0.0000
vn -0.8877 -0.4605 -0.0000
vn -0.8217 -0.5699 -0.0000
vn -0.7383 -0.6744 -0.0000
vn -0.6405 -0.7680 -0.0000
vn -0.5336 -0.8457 -0.0000
vn -0.4241 -0.9056 -0.0000
vn -0.3176 -0.9482 -0.0000
vn -0.2552 -0.9669 -0.0000
vn -0.3009 -0.9536 -0.0000
vn -0.4089 -0.9126 -0.0000
vn -0.5085 -0.8610 -0.0000
vn -0.5972 -0.8021 -0.0000
vn -0.6735 -0.7391 -0.0000
vn -0.7376 -0.6752 -0.0000
vn -0.7903 -0.6127 -0.0000
vn -0.8331 -0.5531 -0.0000
vn -0.8675 -0.4974 -0.0000
vn -0.8950 -0.4461 -0.0000
vn -0.9169 -0.3991 -0.0000
vn -0.9370 -0.3493 -0.0000
vn -0.9447 -0.3278 -0.0000
vn -0.9402 -0.3407 -0.0000
vn -0.9348 -0.3552 -0.0000
vn -0.9283 -0.3717 -0.0000
vn -0.9205 -0.3907 -0.0000
vn -0.9109 -0.4127 -0.0000
vn -0.8988 -0.4384 -0.0000
vn -0.8834 -0.4687 -0.0000
vn -0.8632 -0.5049 -0.0000
vn -0.8361 -0.5486 -0.0000
vn -0.7986 -0.6019 -0.0000
vn -0.7467 -0.6652 -0.0000
vn -0.6827 -0.7307 -0.0000
vn -0.6133 -0.7899 -0.0000
vn -0.5412 -0.8409 -0.0000
vn -0.4684 -0.8835 -0.0000
vn -0.3968 -0.9179 -0.0000
vn -0.3278 -0.9448 -0.0000
vn -0.2623 -0.9650 -0.0000
vn -0.2011 -0.9796 -0.0000
vn -0.1443 -0.9895 -0.0000
vn -0.0920 -0.9958 -0.0000
vn -0.0442 -0.9990 -0.0000
vn 0.0230 -0.9997 -0.0000
vn 0.1252 -0.9921 -0.0000
vn 0.2290 -0.9734 -0.0000
vn 0.3120 -0.9501 -0.0000
vn 0.3784 -0.9257 -0.0000
vn 0.4319 -0.9019 -0.0000
vn 0.4755 -0.8797 -0.0000
vn 0.5114 -0.8594 -0.0000
vn 0.5413 -0.8408 -0.0000
vn 0.5665 -0.8240 -0.0000
vn 0.5880 -0.8088 -0.0000
vn 0.6065 -0.7951 -0.0000
vn 0.6129 -0.7902 -0.0000
vn 0.6246 -0.7810 -0.0000
vn 0.6514 -0.7588 -0.0000
vn 0.6768 -0.7361 -0.0000
vn 0.7009 -0.7132 -0.0000
vn 0.7237 -0.6901 -0.0000
vn 0.7451 -0.6670 -0.0000
vn 0.7652 -0.6438 -0.0000
vn 0.7840 -0.6208 -0.0000
vn 0.8015 -0.5980 -0.0000
vn 0.8179 -0.5754 -0.0000
vn 0.8331 -0.5532 -0.0000
vn 1.0000 0.0008 -0.0000
vn 0.3494 -0.9370 -0.0000
vn -0.7506 -0.6608 -0.0000
vn -0.7400 -0.6726 -0.0000
vn -0.7294 -0.6841 -0.0000
vn -0.7188 -0.6953 -0.0000
vn -0.7082 -0.7060 -0.0000
vn -0.6976 -0.7164 -0.0000
vn -0.6871 -0.7265 -0.0000
vn -0.6767 -0.7363 -0.0000
vn -0.6663 -0.7457 -0.0000
vn -0.6560 -0.7548 -0.0000
vn -0.6457 -0.7636 -0.0000
vn -0.5371 -0.8435 -0.0000
vn -0.4029 -0.9152 -0.0000
vn -0.3592 -0.9333 -0.0000
vn -0.3165 -0.9486 -0.0000
vn -0.2750 -0.9615 -0.0000
vn -0.2349 -0.9720 -0.0000
vn -0.1963 -0.9805 -0.0000
vn -0.1595 -0.9872 -0.0000
vn -0.1243 -0.9922 -0.0000
vn -0.0908 -0.9959 -0.0000
vn -0.0589 -0.9983 -0.0000
vn -0.0288 -0.9996 -0.0000
vn 0.0872 -0.9962 -0.0000
vn 0.1871 -0.9823 -0.0000
vn 0.3015 -0.9535 -0.0000
vn 0.4277 -0.9039 -0.0000
vn 0.5591 -0.8291 -0.0000
vn 0.6857 -0.7279 -0.0000
vn 0.7961 -0.6051 -0.0000
vn 0.8823 -0.4706 -0.0000
vn 0.9419 -0.3359 -0.0000
vn 0.9777 -0.2101 -0.0000
vn 0.9952 -0.0983 -0.0000
vn 0.9999 -0.0127 -0.0000
vn 0.9991 0.0416 -0.0000
vn 0.9966 0.0829 -0.0000
vn 0.9923 0.1239 -0.0000
vn 0.9864 0.1643 -0.0000
vn 0.9790 0.2039 -0.0000
vn 0.9702 0.2425 -0.0000
vn 0.9600 0.2799 -0.0000
vn 0.9487 0.3161 -0.0000
vn 0.9364 0.3509 -0.0000
vn 0.9231 0.3845 -0.0000
vn 0.9091 0.4166 -0.0000
vn 0.8523 0.5230 -0.0000
vn 0.8042 0.5943 -0.0000
vn 0.8243 0.5661 -0.0000
vn 0.8430 0.5378 -0.0000
vn 0.8604 0.5097 -0.0000
vn 0.8763 0.4818 -0.0000
vn 0.8909 0.4541 -0.0000
vn 0.9043 0.4268 -0.0000
vn 0.9165 0.4000 -0.0000
vn 0.9275 0.3738 -0.0000
vn 0.9375 0.3480 -0.0000
vn 0.9464 0.3230 -0.0000
vn 0.9529 0.3034 -0.0000
vn 0.9573 0.2892 -0.0000
vn 0.9614 0.2752 -0.0000
vn 0.9654 0.2608 -0.0000
vn 0.9692 0.2461 -0.0000
vn 0.9729 0.2310 -0.0000
vn 0.9765 0.2157 -0.0000
vn 0.9798 0.1999 -0.0000
vn 0.9829 0.1839 -0.0000
vn 0.9859 0.1675 -0.0000
vn 0.9886 0.1508 -0.0000
vn 0.9910 0.1338 -0.0000
vn 0.5530 0.8332 -0.0000
vn -0.2763 0.9611 -0.0000
vn -0.2903 0.9569 -0.0000
vn -0.3072 0.9517 -0.0000
vn -0.3279 0.9447 -0.0000
vn -0.3539 0.9353 -0.0000
vn -0.3875 0.9219 -0.0000
vn -0.4322 0.9018 -0.0000
vn -0.4942 0.8693 -0.0000
vn -0.5839 0.8118 -0.0000
vn -0.7167 0.6974 -0.0000
vn -0.8933 0.4495 -0.0000
vn -0.9960 0.0889 -0.0000
vn -0.9819 -0.1894 -0.0000
vn -0.9267 -0.3759 -0.0000
vn -0.8403 -0.5421 -0.0000
vn -0.7369 -0.6760 -0.0000
vn -0.6310 -0.7758 -0.0000
vn -0.5323 -0.8466 -0.0000
vn -0.4449 -0.8956 -0.0000
vn -0.3697 -0.9292 -0.0000
vn -0.3056 -0.9521 -0.0000
vn -0.2512 -0.9679 -0.0000
vn -0.2048 -0.9788 -0.0000
vn -0.6386 -0.7695 -0.0000
vn -0.9296 -0.3687 -0.0000
vn -0.9237 -0.3831 -0.0000
vn -0.9173 -0.3981 -0.0000
vn -0.9104 -0.4137 -0.0000
vn -0.9029 -0.4299 -0.0000
vn -0.8947 -0.4466 -0.0000
vn -0.8859 -0.4639 -0.0000
vn -0.8763 -0.4818 -0.0000
vn -0.8658 -0.5004 -0.0000
vn -0.8545 -0.5195 -0.0000
vn -0.8421 -0.5393 -0.0000
vn -0.9144 0.4049 -0.0000
vn -0.1594 0.9872 -0.0000
vn -0.1688 0.9857 -0.0000
vn -0.1795 0.9838 -0.0000
vn -0.1918 0.9814 -0.0000
vn -0.2061 0.9785 -0.0000
vn -0.2229 0.9748 -0.0000
vn -0.2431 0.9700 -0.0000
vn -0.2675 0.9636 -0.0000
vn -0.2976 0.9547 -0.0000
vn -0.3357 0.9420 -0.0000
vn -0.3850 0.9229 -0.0000
vn -0.4221 0.9066 -0.0000
vn -0.4641 0.8858 -0.0000
vn -0.5308 0.8475 -0.0000
vn -0.6008 0.7994 -0.0000
vn -0.6722 0.7404 -0.0000
vn -0.7426 0.6697 -0.0000
vn -0.8090 0.5878 -0.0000
vn -0.8683 0.4960 -0.0000
vn -0.9178 0.3971 -0.0000
vn -0.9556 0.2945 -0.0000
vn -0.9814 0.1922 -0.0000
vn -0.9956 0.0935 -0.0000
vn -0.9998 -0.0214 -0.0000
vn -0.9849 -0.1734 -0.0000
vn -0.9429 -0.3332 -0.0000
vn -0.8828 -0.4698 -0.0000
vn -0.8144 -0.5803 -0.0000
vn -0.7454 -0.6666 -0.0000
vn -0.6802 -0.7330 -0.0000
vn -0.6210 -0.7838 -0.0000
vn -0.5682 -0.8229 -0.0000
vn -0.5217 -0.8531 -0.0000
vn -0.4807 -0.8769 -0.0000
vn -0.4447 -0.8957 -0.0000
vn -0.8449 -0.5349 -0.0000
vn -0.9996 -0.0268 -0.0000
vn -0.9935 -0.1137 -0.0000
vn -0.9704 -0.2416 -0.0000
vn -0.9243 -0.3817 -0.0000
vn -0.8508 -0.5254 -0.0000
vn -0.7508 -0.6606 -0.0000
vn -0.6311 -0.7757 -0.0000
vn -0.5032 -0.8642 -0.0000
vn -0.3781 -0.9258 -0.0000
vn -0.2632 -0.9647 -0.0000
vn -0.1621 -0.9868 -0.0000
vn -0.0753 -0.9972 -0.0000
vn 0.0016 -1.0000 -0.0000
vn 0.0821 -0.9966 -0.0000
vn 0.1766 -0.9843 -0.0000
vn 0.2855 -0.9584 -0.0000
vn 0.4072 -0.9133 -0.0000
vn 0.5364 -0.8440 -0.0000
vn 0.6639 -0.7478 -0.0000
vn 0.7784 -0.6277 -0.0000
vn 0.8703 -0.4925 -0.0000
vn 0.9353 -0.3539 -0.0000
vn 0.9750 -0.2223 -0.0000
vn 0.9946 -0.1042 -0.0000
vn 0.9989 0.0477 -0.0000
vn 0.9991 0.0420 -0.0000
vn 0.9993 0.0366 -0.0000
vn 0.9995 0.0316 -0.0000
vn 0.9996 0.0268 -0.0000
vn 0.9998 0.0223 -0.0000
vn 0.9998 0.0181 -0.0000
vn 0.9999 0.0141 -0.0000
vn 0.9999 0.0103 -0.0000
vn 1.0000 0.0067 -0.0000
vn 1.0000 0.0033 -0.0000
vt 0.806609 0.518849
vt 0.798646 0.514864
vt 0.806743 0.513881
vt 0.570725 0.698507
vt 0.568904 0.693132
vt 0.573217 0.695749
vt 0.791238 0.515864
vt 0.564810 0.690685
vt 0.560936 0.688407
vt 0.557281 0.686298
vt 0.553846 0.684359
vt 0.784518 0.516880
vt 0.550631 0.682589
vt 0.806561 0.523859
vt 0.547635 0.680989
vt 0.544858 0.679558
vt 0.568221 0.701334
vt 0.542302 0.678296
vt 0.778486 0.517912
vt 0.539964 0.677204
vt 0.537847 0.676281
vt 0.535949 0.675528
vt 0.534509 0.675018
vt 0.773143 0.518960
vt 0.533156 0.674604
vt 0.531889 0.674287
vt 0.530709 0.674066
vt 0.565704 0.704230
vt 0.806599 0.528910
vt 0.529615 0.673942
vt 0.768489 0.520024
vt 0.528608 0.673914
vt 0.527688 0.673983
vt 0.526854 0.674148
vt 0.764522 0.521105
vt 0.526106 0.674409
vt 0.525445 0.674768
vt 0.563176 0.707193
vt 0.524871 0.675222
vt 0.761245 0.522202
vt 0.524383 0.675773
vt 0.806722 0.534002
vt 0.523903 0.676584
vt 0.758655 0.523315
vt 0.523578 0.677519
vt 0.756754 0.524445
vt 0.523406 0.678577
vt 0.560635 0.710226
vt 0.523387 0.679758
vt 0.755542 0.525590
vt 0.523522 0.681064
vt 0.755018 0.526752
vt 0.523811 0.682493
vt 0.806931 0.539136
vt 0.524252 0.684045
vt 0.754960 0.527730
vt 0.558082 0.713326
vt 0.524848 0.685721
vt 0.755090 0.528683
vt 0.525597 0.687521
vt 0.755408 0.529610
vt 0.755914 0.530513
vt 0.526499 0.689444
vt 0.756608 0.531392
vt 0.527555 0.691491
vt 0.555518 0.716496
vt 0.757490 0.532245
vt 0.807226 0.544310
vt 0.528765 0.693662
vt 0.758561 0.533074
vt 0.759819 0.533877
vt 0.487962 0.748647
vt 0.761265 0.534656
vt 0.762900 0.535410
vt 0.764722 0.536139
vt 0.766733 0.536844
vt 0.552941 0.719733
vt 0.768743 0.545939
vt 0.807607 0.549527
vt 0.550352 0.723040
vt 0.808073 0.554784
vt 0.547751 0.726414
vt 0.770845 0.554811
vt 0.808625 0.560083
vt 0.545138 0.729857
vt 0.542512 0.733369
vt 0.809263 0.565423
vt 0.773041 0.563458
vt 0.515829 0.769327
vt 0.809987 0.570805
vt 0.775331 0.571883
vt 0.810796 0.576228
vt 0.812861 0.588760
vt 0.777713 0.580083
vt 0.432582 0.676202
vt 0.431165 0.675068
vt 0.431955 0.675515
vt 0.430091 0.674694
vt 0.433169 0.677294
vt 0.428733 0.674392
vt 0.433714 0.678792
vt 0.427092 0.674164
vt 0.780189 0.588060
vt 0.434219 0.680696
vt 0.425167 0.674008
vt 0.434683 0.683006
vt 0.422958 0.673924
vt 0.420465 0.673914
vt 0.435106 0.685722
vt 0.815211 0.601017
vt 0.417688 0.673976
vt 0.435487 0.688844
vt 0.414628 0.674111
vt 0.435828 0.692372
vt 0.782758 0.595813
vt 0.411283 0.674319
vt 0.436128 0.696305
vt 0.407655 0.674600
vt 0.403743 0.674953
vt 0.436387 0.700645
vt 0.785420 0.603343
vt 0.401203 0.675169
vt 0.817847 0.612998
vt 0.436605 0.705390
vt 0.398854 0.675405
vt 0.396698 0.675661
vt 0.436783 0.710541
vt 0.394732 0.675938
vt 0.585813 0.834724
vt 0.595383 0.824990
vt 0.597579 0.826020
vt 0.392959 0.676235
vt 0.593236 0.823945
vt 0.591139 0.822885
vt 0.589091 0.821810
vt 0.788176 0.610649
vt 0.587093 0.820721
vt 0.391378 0.676552
vt 0.585145 0.819616
vt 0.583247 0.818497
vt 0.581398 0.817363
vt 0.579598 0.816214
vt 0.577849 0.815050
vt 0.389988 0.676889
vt 0.576149 0.813871
vt 0.574498 0.812677
vt 0.584128 0.833034
vt 0.582481 0.831411
vt 0.580871 0.829855
vt 0.579300 0.828365
vt 0.577711 0.827002
vt 0.576177 0.825686
vt 0.574700 0.824417
vt 0.573214 0.823269
vt 0.571784 0.822166
vt 0.570340 0.821196
vt 0.388790 0.677246
vt 0.568896 0.820345
vt 0.387784 0.677623
vt 0.386969 0.678020
vt 0.820769 0.624703
vt 0.386347 0.678438
vt 0.385916 0.678876
vt 0.385587 0.679375
vt 0.791024 0.617731
vt 0.385345 0.679873
vt 0.567494 0.819562
vt 0.385190 0.680372
vt 0.385122 0.680871
vt 0.385141 0.681371
vt 0.385247 0.681872
vt 0.385440 0.682372
vt 0.385720 0.682874
vt 0.386182 0.683505
vt 0.386979 0.684385
vt 0.388552 0.685844
vt 0.393975 0.690175
vt 0.525434 0.789058
vt 0.520877 0.803844
vt 0.482531 0.757573
vt 0.480489 0.765218
vt 0.475426 0.761456
vt 0.793966 0.624590
vt 0.823975 0.636131
vt 0.468184 0.765070
vt 0.468469 0.781596
vt 0.473404 0.770629
vt 0.797001 0.631225
vt 0.460804 0.768416
vt 0.516907 0.818673
vt 0.794856 0.631232
vt 0.792841 0.631256
vt 0.466272 0.775820
vt 0.790956 0.631298
vt 0.827468 0.647284
vt 0.789202 0.631357
vt 0.787578 0.631434
vt 0.786084 0.631528
vt 0.784721 0.631639
vt 0.783488 0.631769
vt 0.782386 0.631915
vt 0.781414 0.632079
vt 0.780572 0.632261
vt 0.779861 0.632460
vt 0.779367 0.632609
vt 0.778910 0.632785
vt 0.778490 0.632986
vt 0.778107 0.633214
vt 0.777761 0.633468
vt 0.777452 0.633748
vt 0.777179 0.634054
vt 0.776944 0.634386
vt 0.776746 0.634745
vt 0.453286 0.771494
vt 0.776584 0.635130
vt 0.776460 0.635540
vt 0.776372 0.635977
vt 0.776323 0.636736
vt 0.776407 0.637513
vt 0.459094 0.780792
vt 0.776624 0.638308
vt 0.776974 0.639120
vt 0.777457 0.639951
vt 0.831246 0.658161
vt 0.778072 0.640799
vt 0.778821 0.641665
vt 0.464968 0.786350
vt 0.779702 0.642549
vt 0.445630 0.774303
vt 0.513524 0.833546
vt 0.780717 0.643451
vt 0.781864 0.644370
vt 0.783144 0.645308
vt 0.784557 0.646263
vt 0.815214 0.664977
vt 0.755207 0.837241
vt 0.451870 0.785544
vt 0.461059 0.791626
vt 0.437837 0.776844
vt 0.835309 0.668762
vt 0.456743 0.797423
vt 0.444599 0.790076
vt 0.429906 0.779117
vt 0.510729 0.848463
vt 0.482646 0.816976
vt 0.817665 0.668875
vt 0.802628 0.746876
vt 0.839658 0.679087
vt 0.452019 0.803742
vt 0.481963 0.824017
vt 0.477324 0.824240
vt 0.421838 0.781122
vt 0.437282 0.794389
vt 0.820199 0.672766
vt 0.822817 0.676648
vt 0.481435 0.831016
vt 0.413632 0.782858
vt 0.446887 0.810582
vt 0.844292 0.689135
vt 0.825518 0.680523
vt 0.429919 0.798482
vt 0.508521 0.863424
vt 0.472136 0.831347
vt 0.828301 0.684390
vt 0.481062 0.837974
vt 0.405288 0.784327
vt 0.831168 0.688249
vt 0.441348 0.817945
vt 0.422510 0.802355
vt 0.849212 0.698908
vt 0.467084 0.838295
vt 0.480842 0.844891
vt 0.834118 0.692101
vt 0.396807 0.785527
vt 0.837150 0.695945
vt 0.506901 0.878429
vt 0.480777 0.851765
vt 0.415055 0.806008
vt 0.840266 0.699781
vt 0.435401 0.825829
vt 0.388188 0.786458
vt 0.854418 0.708405
vt 0.462166 0.845085
vt 0.843465 0.703610
vt 0.480867 0.858599
vt 0.407553 0.809441
vt 0.381153 0.787063
vt 0.846747 0.707431
vt 0.854437 0.708469
vt 0.854454 0.708533
vt 0.854469 0.708597
vt 0.854481 0.708660
vt 0.850112 0.711244
vt 0.854491 0.708723
vt 0.481111 0.865390
vt 0.854498 0.708786
vt 0.854502 0.708848
vt 0.854504 0.708909
vt 0.457382 0.851717
vt 0.854504 0.708971
vt 0.854501 0.709032
vt 0.854495 0.709092
vt 0.854487 0.709152
vt 0.854395 0.709609
vt 0.429047 0.834234
vt 0.505867 0.893477
vt 0.854267 0.710019
vt 0.374155 0.787483
vt 0.854102 0.710383
vt 0.853901 0.710700
vt 0.853664 0.710971
vt 0.853390 0.711195
vt 0.853080 0.711372
vt 0.852734 0.711503
vt 0.852351 0.711588
vt 0.851932 0.711626
vt 0.850169 0.711282
vt 0.850229 0.711318
vt 0.850291 0.711352
vt 0.850357 0.711384
vt 0.850425 0.711414
vt 0.851476 0.711617
vt 0.850497 0.711441
vt 0.850571 0.711467
vt 0.850648 0.711490
vt 0.850728 0.711511
vt 0.850985 0.711562
vt 0.850810 0.711530
vt 0.850896 0.711547
vt 0.400005 0.812655
vt 0.481509 0.872140
vt 0.367192 0.787719
vt 0.452734 0.858190
vt 0.360266 0.787771
vt 0.482062 0.878849
vt 0.392411 0.815649
vt 0.422285 0.843161
vt 0.505421 0.908570
vt 0.353375 0.787639
vt 0.482769 0.885516
vt 0.448220 0.864505
vt 0.386352 0.817962
vt 0.346521 0.787323
vt 0.483631 0.892141
vt 0.339703 0.786823
vt 0.415115 0.852610
vt 0.380340 0.820077
vt 0.443841 0.870662
vt 0.484646 0.898725
vt 0.332920 0.786138
vt 0.505562 0.923706
vt 0.374374 0.821994
vt 0.326174 0.785269
vt 0.485610 0.904224
vt 0.439597 0.876661
vt 0.319464 0.784216
vt 0.368455 0.823713
vt 0.486697 0.909807
vt 0.407538 0.862581
vt 0.312789 0.782979
vt 0.487909 0.915475
vt 0.506291 0.938886
vt 0.362581 0.825233
vt 0.306151 0.781558
vt 0.435487 0.882502
vt 0.382871 0.835689
vt 0.381646 0.834732
vt 0.382263 0.835064
vt 0.380760 0.834450
vt 0.383441 0.836637
vt 0.379605 0.834217
vt 0.383975 0.837908
vt 0.378180 0.834034
vt 0.384471 0.839503
vt 0.376486 0.833899
vt 0.305932 0.781518
vt 0.305717 0.781500
vt 0.305508 0.781504
vt 0.305304 0.781531
vt 0.489243 0.921228
vt 0.384930 0.841421
vt 0.305105 0.781580
vt 0.304912 0.781652
vt 0.374523 0.833815
vt 0.304723 0.781746
vt 0.304540 0.781863
vt 0.304362 0.782001
vt 0.304190 0.782163
vt 0.304022 0.782347
vt 0.385352 0.843663
vt 0.372290 0.833779
vt 0.356755 0.826556
vt 0.303860 0.782553
vt 0.303681 0.782816
vt 0.303533 0.783075
vt 0.303417 0.783328
vt 0.303332 0.783577
vt 0.369788 0.833793
vt 0.385737 0.846228
vt 0.303278 0.783821
vt 0.303256 0.784060
vt 0.303265 0.784295
vt 0.801208 0.756214
vt 0.303305 0.784524
vt 0.303377 0.784749
vt 0.303481 0.784969
vt 0.490702 0.927065
vt 0.303616 0.785184
vt 0.303791 0.785405
vt 0.305202 0.787115
vt 0.367017 0.833856
vt 0.431512 0.888184
vt 0.306407 0.788979
vt 0.386085 0.849117
vt 0.399553 0.873073
vt 0.307406 0.790998
vt 0.363976 0.833968
vt 0.350975 0.827680
vt 0.308198 0.793173
vt 0.386395 0.852328
vt 0.492284 0.932986
vt 0.308783 0.795502
vt 0.360666 0.834130
vt 0.507607 0.954110
vt 0.386668 0.855864
vt 0.309162 0.797986
vt 0.357087 0.834341
vt 0.345243 0.828605
vt 0.309334 0.800625
vt 0.427671 0.893708
vt 0.493991 0.938993
vt 0.386904 0.859722
vt 0.355288 0.834505
vt 0.799854 0.765325
vt 0.309300 0.803419
vt 0.353616 0.834694
vt 0.339556 0.829333
vt 0.352070 0.834909
vt 0.387103 0.863904
vt 0.468067 0.936510
vt 0.477134 0.927010
vt 0.479233 0.927980
vt 0.309059 0.806368
vt 0.495820 0.945084
vt 0.350652 0.835149
vt 0.475077 0.926020
vt 0.473062 0.925012
vt 0.471089 0.923985
vt 0.349361 0.835415
vt 0.469157 0.922939
vt 0.467267 0.921875
vt 0.465419 0.920791
vt 0.463613 0.919688
vt 0.348197 0.835707
vt 0.461848 0.918567
vt 0.308611 0.809472
vt 0.460125 0.917426
vt 0.458444 0.916267
vt 0.456805 0.915088
vt 0.466436 0.934886
vt 0.464837 0.933323
vt 0.463271 0.931821
vt 0.461738 0.930380
vt 0.460183 0.929059
vt 0.458679 0.927779
vt 0.457192 0.926579
vt 0.455757 0.925419
vt 0.454372 0.924299
vt 0.333916 0.829862
vt 0.347160 0.836024
vt 0.497774 0.951259
vt 0.346250 0.836367
vt 0.509510 0.969377
vt 0.452954 0.923323
vt 0.345467 0.836734
vt 0.307957 0.812731
vt 0.344810 0.837127
vt 0.344281 0.837546
vt 0.798565 0.774212
vt 0.328322 0.830193
vt 0.451572 0.922407
vt 0.343878 0.837991
vt 0.343563 0.838472
vt 0.499851 0.957520
vt 0.343332 0.838953
vt 0.307096 0.816145
vt 0.343184 0.839435
vt 0.343121 0.839916
vt 0.450226 0.921552
vt 0.343141 0.840398
vt 0.343245 0.840880
vt 0.343432 0.841362
vt 0.322775 0.830326
vt 0.343704 0.841844
vt 0.344060 0.842326
vt 0.344528 0.842840
vt 0.345450 0.843690
vt 0.348626 0.846212
vt 0.422924 0.901843
vt 0.418118 0.908695
vt 0.395326 0.881650
vt 0.393441 0.884171
vt 0.502052 0.963864
vt 0.306791 0.817111
vt 0.306516 0.818024
vt 0.306270 0.818884
vt 0.320955 0.830379
vt 0.306054 0.819691
vt 0.391476 0.886796
vt 0.319245 0.830393
vt 0.305867 0.820446
vt 0.797341 0.782873
vt 0.504377 0.970294
vt 0.509520 0.969461
vt 0.509524 0.969543
vt 0.509523 0.969624
vt 0.509517 0.969705
vt 0.509505 0.969784
vt 0.509488 0.969863
vt 0.509465 0.969941
vt 0.305710 0.821148
vt 0.509436 0.970017
vt 0.317646 0.830366
vt 0.509402 0.970093
vt 0.509363 0.970168
vt 0.509318 0.970242
vt 0.509268 0.970315
vt 0.508961 0.970695
vt 0.305582 0.821797
vt 0.508643 0.971014
vt 0.316156 0.830299
vt 0.305483 0.822394
vt 0.508313 0.971273
vt 0.305414 0.822937
vt 0.507973 0.971471
vt 0.314776 0.830192
vt 0.389429 0.889523
vt 0.507622 0.971608
vt 0.305374 0.823428
vt 0.507259 0.971684
vt 0.313506 0.830045
vt 0.305364 0.823867
vt 0.506886 0.971699
vt 0.506501 0.971654
vt 0.305383 0.824252
vt 0.506105 0.971548
vt 0.312345 0.829858
vt 0.505698 0.971381
vt 0.504386 0.970336
vt 0.305433 0.824610
vt 0.504401 0.970379
vt 0.504421 0.970424
vt 0.504447 0.970469
vt 0.505280 0.971153
vt 0.504478 0.970515
vt 0.504515 0.970562
vt 0.504557 0.970610
vt 0.504605 0.970659
vt 0.504850 0.970864
vt 0.504658 0.970709
vt 0.504716 0.970760
vt 0.504781 0.970811
vt 0.305517 0.824964
vt 0.311295 0.829631
vt 0.305634 0.825315
vt 0.305785 0.825662
vt 0.413549 0.915198
vt 0.310355 0.829364
vt 0.305969 0.826006
vt 0.306187 0.826347
vt 0.309525 0.829056
vt 0.306438 0.826684
vt 0.306722 0.827018
vt 0.308804 0.828709
vt 0.307040 0.827349
vt 0.307391 0.827677
vt 0.308194 0.828321
vt 0.307776 0.828001
vt 0.387302 0.892353
vt 0.796183 0.791308
vt 0.385093 0.895286
vt 0.409217 0.921352
vt 0.382802 0.898322
vt 0.795090 0.799519
vt 0.380431 0.901460
vt 0.405123 0.927157
vt 0.377979 0.904701
vt 0.794063 0.807504
vt 0.375445 0.908045
vt 0.401265 0.932613
vt 0.372830 0.911491
vt 0.793101 0.815263
vt 0.370134 0.915040
vt 0.397646 0.937720
vt 0.367357 0.918692
vt 0.792204 0.822797
vt 0.394263 0.942478
vt 0.365454 0.921199
vt 0.363685 0.923530
vt 0.391118 0.946888
vt 0.791372 0.830106
vt 0.362050 0.925686
vt 0.388209 0.950948
vt 0.360549 0.927668
vt 0.359183 0.929474
vt 0.790606 0.837189
vt 0.357950 0.931105
vt 0.385539 0.954660
vt 0.356852 0.932561
vt 0.355888 0.933841
vt 0.383105 0.958023
vt 0.789906 0.844047
vt 0.355058 0.934947
vt 0.354362 0.935878
vt 0.353800 0.936633
vt 0.380909 0.961037
vt 0.353372 0.937213
vt 0.352237 0.939007
vt 0.754960 0.839734
vt 0.789451 0.846273
vt 0.351441 0.940821
vt 0.755010 0.842052
vt 0.379850 0.962300
vt 0.788806 0.848270
vt 0.350985 0.942655
vt 0.378699 0.963318
vt 0.755359 0.844196
vt 0.350868 0.944510
vt 0.787972 0.850037
vt 0.377457 0.964092
vt 0.756006 0.846166
vt 0.351091 0.946384
vt 0.376123 0.964622
vt 0.786947 0.851577
vt 0.374698 0.964908
vt 0.756950 0.847962
vt 0.351653 0.948279
vt 0.785732 0.852887
vt 0.373181 0.964950
vt 0.352555 0.950194
vt 0.758193 0.849584
vt 0.371573 0.964747
vt 0.784327 0.853969
vt 0.353797 0.952129
vt 0.369873 0.964301
vt 0.759734 0.851031
vt 0.355377 0.954085
vt 0.782733 0.854821
vt 0.368081 0.963610
vt 0.357298 0.956060
vt 0.366198 0.962675
vt 0.761573 0.852304
vt 0.359558 0.958056
vt 0.364224 0.961496
vt 0.780948 0.855445
vt 0.362157 0.960072
vt 0.763709 0.853402
vt 0.778973 0.855840
vt 0.766144 0.854327
vt 0.776808 0.856007
vt 0.768877 0.855077
vt 0.774453 0.855944
vt 0.771908 0.855653
vt 0.706653 0.851038
vt 0.706787 0.856007
vt 0.698690 0.855023
vt 0.239096 0.677568
vt 0.241631 0.673914
vt 0.245854 0.678227
vt 0.691281 0.854024
vt 0.249820 0.682330
vt 0.253529 0.686223
vt 0.256980 0.689907
vt 0.260175 0.693381
vt 0.684561 0.853008
vt 0.263112 0.696646
vt 0.706604 0.846029
vt 0.265793 0.699700
vt 0.268216 0.702545
vt 0.236484 0.681256
vt 0.270382 0.705181
vt 0.678530 0.851976
vt 0.272291 0.707606
vt 0.273942 0.709822
vt 0.275337 0.711829
vt 0.276323 0.713367
vt 0.673187 0.850928
vt 0.277174 0.714831
vt 0.277888 0.716220
vt 0.278467 0.717535
vt 0.233796 0.684976
vt 0.706642 0.840978
vt 0.278909 0.718776
vt 0.668532 0.849863
vt 0.279216 0.719941
vt 0.279386 0.721033
vt 0.279421 0.722049
vt 0.664566 0.848783
vt 0.279320 0.722992
vt 0.279083 0.723859
vt 0.231031 0.688729
vt 0.278709 0.724652
vt 0.661288 0.847686
vt 0.278200 0.725371
vt 0.706765 0.835886
vt 0.277386 0.726150
vt 0.658699 0.846572
vt 0.276386 0.726784
vt 0.656798 0.845443
vt 0.275200 0.727272
vt 0.228190 0.692514
vt 0.273828 0.727616
vt 0.655586 0.844297
vt 0.272271 0.727814
vt 0.655062 0.843135
vt 0.270527 0.727867
vt 0.706974 0.830752
vt 0.268598 0.727775
vt 0.655003 0.842158
vt 0.225272 0.696333
vt 0.266483 0.727537
vt 0.655133 0.841205
vt 0.264182 0.727155
vt 0.655451 0.840277
vt 0.655957 0.839374
vt 0.261696 0.726627
vt 0.656652 0.838496
vt 0.259024 0.725954
vt 0.222278 0.700184
vt 0.657534 0.837643
vt 0.707269 0.825577
vt 0.256165 0.725136
vt 0.658604 0.836814
vt 0.659862 0.836010
vt 0.203213 0.787645
vt 0.661309 0.835232
vt 0.662943 0.834478
vt 0.664766 0.833748
vt 0.666776 0.833044
vt 0.219208 0.704068
vt 0.668786 0.823949
vt 0.707650 0.820361
vt 0.216061 0.707984
vt 0.708116 0.815104
vt 0.212837 0.711933
vt 0.670889 0.815077
vt 0.708669 0.809805
vt 0.209537 0.715915
vt 0.206161 0.719930
vt 0.709307 0.804465
vt 0.673085 0.806429
vt 0.171532 0.760808
vt 0.710030 0.799083
vt 0.675374 0.798005
vt 0.710840 0.793660
vt 0.712905 0.781128
vt 0.677757 0.789805
vt 0.293326 0.829230
vt 0.294180 0.829708
vt 0.294828 0.830411
vt 0.295469 0.831422
vt 0.292066 0.828890
vt 0.296103 0.832741
vt 0.290399 0.828690
vt 0.296731 0.834369
vt 0.680232 0.781828
vt 0.288326 0.828629
vt 0.297352 0.836305
vt 0.285847 0.828707
vt 0.297967 0.838549
vt 0.298575 0.841102
vt 0.282962 0.828925
vt 0.715255 0.768871
vt 0.299177 0.843963
vt 0.279671 0.829282
vt 0.299772 0.847133
vt 0.275973 0.829778
vt 0.682801 0.774074
vt 0.300361 0.850611
vt 0.271869 0.830413
vt 0.300943 0.854397
vt 0.301518 0.858491
vt 0.267359 0.831188
vt 0.685464 0.766545
vt 0.301906 0.861147
vt 0.717891 0.756890
vt 0.262442 0.832101
vt 0.302227 0.863611
vt 0.302481 0.865884
vt 0.257119 0.833155
vt 0.302669 0.867964
vt 0.067845 0.691417
vt 0.075399 0.673914
vt 0.077356 0.676395
vt 0.302790 0.869853
vt 0.079318 0.678808
vt 0.081284 0.681154
vt 0.083254 0.683433
vt 0.688219 0.759239
vt 0.085228 0.685644
vt 0.302844 0.871550
vt 0.087206 0.687788
vt 0.089188 0.689864
vt 0.091175 0.691874
vt 0.093165 0.693815
vt 0.095160 0.695690
vt 0.302831 0.873055
vt 0.097159 0.697497
vt 0.099162 0.699236
vt 0.070488 0.693054
vt 0.073035 0.694662
vt 0.075486 0.696243
vt 0.077841 0.697795
vt 0.083147 0.701496
vt 0.088153 0.704980
vt 0.091320 0.707219
vt 0.097651 0.711936
vt 0.102965 0.715905
vt 0.111681 0.722775
vt 0.302752 0.874369
vt 0.122476 0.731649
vt 0.302614 0.875434
vt 0.302413 0.876318
vt 0.720812 0.745185
vt 0.302148 0.877019
vt 0.301820 0.877538
vt 0.301410 0.877971
vt 0.691068 0.752157
vt 0.300979 0.878320
vt 0.132557 0.740229
vt 0.300552 0.878572
vt 0.300105 0.878742
vt 0.299639 0.878833
vt 0.299154 0.878843
vt 0.298650 0.878773
vt 0.298126 0.878623
vt 0.297555 0.878426
vt 0.296934 0.878185
vt 0.296263 0.877901
vt 0.295541 0.877573
vt 0.171241 0.773715
vt 0.158086 0.781401
vt 0.211054 0.807787
vt 0.204182 0.811459
vt 0.208925 0.815470
vt 0.694010 0.745298
vt 0.724019 0.733757
vt 0.207085 0.823225
vt 0.191175 0.826659
vt 0.200584 0.819467
vt 0.697045 0.738663
vt 0.205532 0.831052
vt 0.144759 0.788534
vt 0.694899 0.738656
vt 0.692884 0.738632
vt 0.197206 0.827470
vt 0.690999 0.738590
vt 0.727511 0.722604
vt 0.689245 0.738531
vt 0.687621 0.738454
vt 0.686127 0.738360
vt 0.684764 0.738249
vt 0.683531 0.738119
vt 0.682429 0.737973
vt 0.681457 0.737809
vt 0.680615 0.737627
vt 0.679904 0.737428
vt 0.679410 0.737279
vt 0.678953 0.737103
vt 0.678533 0.736902
vt 0.678150 0.736674
vt 0.677804 0.736420
vt 0.677495 0.736140
vt 0.677223 0.735834
vt 0.676988 0.735502
vt 0.676789 0.735143
vt 0.204268 0.838950
vt 0.676628 0.734758
vt 0.676503 0.734348
vt 0.676415 0.733911
vt 0.676367 0.733152
vt 0.676451 0.732375
vt 0.194049 0.835468
vt 0.676668 0.731580
vt 0.677018 0.730768
vt 0.677500 0.729937
vt 0.731289 0.711727
vt 0.678116 0.729089
vt 0.678864 0.728223
vt 0.187403 0.831082
vt 0.679746 0.727339
vt 0.203292 0.846921
vt 0.131257 0.795114
vt 0.680760 0.726437
vt 0.681907 0.725518
vt 0.683187 0.724580
vt 0.684600 0.723625
vt 0.715257 0.704911
vt 0.655251 0.532647
vt 0.191114 0.843460
vt 0.183221 0.836013
vt 0.202603 0.854963
vt 0.735353 0.701126
vt 0.178631 0.841453
vt 0.188399 0.851448
vt 0.202203 0.863077
vt 0.117581 0.801141
vt 0.154072 0.821004
vt 0.717709 0.701013
vt 0.702671 0.623011
vt 0.739702 0.690802
vt 0.173632 0.847400
vt 0.147474 0.823238
vt 0.148301 0.827736
vt 0.202091 0.871263
vt 0.185906 0.859431
vt 0.720243 0.697122
vt 0.722860 0.693240
vt 0.140882 0.825314
vt 0.202267 0.879521
vt 0.168225 0.853855
vt 0.744336 0.680753
vt 0.725561 0.689365
vt 0.183634 0.867409
vt 0.103732 0.806614
vt 0.142651 0.834304
vt 0.728345 0.685498
vt 0.134294 0.827233
vt 0.202731 0.887850
vt 0.731211 0.681639
vt 0.162408 0.860817
vt 0.181582 0.875382
vt 0.749256 0.670980
vt 0.137123 0.840707
vt 0.127712 0.828995
vt 0.734161 0.677787
vt 0.203484 0.896251
vt 0.737194 0.673943
vt 0.089709 0.811534
vt 0.121135 0.830600
vt 0.179752 0.883350
vt 0.740310 0.670107
vt 0.156183 0.868288
vt 0.204524 0.904724
vt 0.754461 0.661483
vt 0.131716 0.846946
vt 0.743509 0.666278
vt 0.114563 0.832047
vt 0.178143 0.891313
vt 0.205523 0.911604
vt 0.746791 0.662457
vt 0.754481 0.661419
vt 0.754498 0.661355
vt 0.754513 0.661291
vt 0.754525 0.661228
vt 0.750156 0.658644
vt 0.754534 0.661165
vt 0.107996 0.833337
vt 0.754541 0.661102
vt 0.754546 0.661040
vt 0.754548 0.660979
vt 0.126430 0.853020
vt 0.754547 0.660917
vt 0.754544 0.660856
vt 0.754539 0.660796
vt 0.754531 0.660735
vt 0.754439 0.660279
vt 0.149550 0.876267
vt 0.075512 0.815901
vt 0.754311 0.659869
vt 0.206690 0.918409
vt 0.754146 0.659505
vt 0.753945 0.659188
vt 0.753708 0.658917
vt 0.753434 0.658693
vt 0.753124 0.658516
vt 0.752777 0.658385
vt 0.752395 0.658300
vt 0.751976 0.658262
vt 0.750213 0.658606
vt 0.750273 0.658570
vt 0.750335 0.658536
vt 0.750401 0.658504
vt 0.750469 0.658474
vt 0.751520 0.658271
vt 0.750540 0.658447
vt 0.750614 0.658421
vt 0.750691 0.658398
vt 0.750771 0.658377
vt 0.751028 0.658326
vt 0.750854 0.658358
vt 0.750940 0.658341
vt 0.176755 0.899271
vt 0.101435 0.834469
vt 0.208025 0.925138
vt 0.121266 0.858929
vt 0.209529 0.931791
vt 0.094879 0.835444
vt 0.175588 0.907224
vt 0.142507 0.884753
vt 0.061142 0.819715
vt 0.211202 0.938368
vt 0.088328 0.836262
vt 0.116224 0.864674
vt 0.174729 0.913552
vt 0.213043 0.944869
vt 0.081782 0.836922
vt 0.215052 0.951294
vt 0.135056 0.893747
vt 0.174050 0.919791
vt 0.111303 0.870254
vt 0.075241 0.837425
vt 0.217230 0.957644
vt 0.046597 0.822975
vt 0.173551 0.925941
vt 0.219577 0.963917
vt 0.069753 0.837735
vt 0.106503 0.875669
vt 0.222092 0.970115
vt 0.173231 0.932003
vt 0.064156 0.837945
vt 0.127196 0.903249
vt 0.224775 0.976237
vt 0.058449 0.838055
vt 0.031879 0.825682
vt 0.173091 0.937975
vt 0.227627 0.982283
vt 0.101825 0.880920
vt 0.153951 0.920508
vt 0.154587 0.920890
vt 0.154981 0.921337
vt 0.155387 0.922017
vt 0.153054 0.920218
vt 0.155805 0.922930
vt 0.151896 0.920023
vt 0.156233 0.924075
vt 0.150477 0.919921
vt 0.156673 0.925453
vt 0.227715 0.982484
vt 0.227780 0.982686
vt 0.227823 0.982887
vt 0.227843 0.983089
vt 0.052634 0.838066
vt 0.148798 0.919913
vt 0.227840 0.983290
vt 0.227815 0.983492
vt 0.157125 0.927065
vt 0.227767 0.983694
vt 0.227696 0.983895
vt 0.227603 0.984097
vt 0.227487 0.984299
vt 0.227349 0.984501
vt 0.146857 0.919998
vt 0.157588 0.928909
vt 0.173130 0.943858
vt 0.227187 0.984702
vt 0.226975 0.984933
vt 0.226760 0.985133
vt 0.226543 0.985302
vt 0.226324 0.985439
vt 0.158062 0.930986
vt 0.144656 0.920177
vt 0.226102 0.985545
vt 0.225877 0.985620
vt 0.225651 0.985664
vt 0.701252 0.613674
vt 0.225421 0.985677
vt 0.225190 0.985658
vt 0.224956 0.985608
vt 0.046710 0.837977
vt 0.224719 0.985527
vt 0.224478 0.985417
vt 0.222522 0.984447
vt 0.158548 0.933296
vt 0.097269 0.886006
vt 0.220464 0.983710
vt 0.142194 0.920449
vt 0.118928 0.913259
vt 0.218303 0.983205
vt 0.159045 0.935839
vt 0.173349 0.949653
vt 0.216040 0.982934
vt 0.139470 0.920816
vt 0.040678 0.837788
vt 0.213675 0.982895
vt 0.159553 0.938614
vt 0.016987 0.827836
vt 0.136486 0.921275
vt 0.211208 0.983089
vt 0.160073 0.941623
vt 0.173748 0.955358
vt 0.208638 0.983516
vt 0.092834 0.890928
vt 0.034536 0.837500
vt 0.133241 0.921829
vt 0.160287 0.943147
vt 0.699897 0.604562
vt 0.205967 0.984177
vt 0.160454 0.944570
vt 0.174326 0.960975
vt 0.160576 0.945893
vt 0.129736 0.922476
vt 0.042732 0.861799
vt 0.048406 0.849179
vt 0.049807 0.850973
vt 0.203193 0.985069
vt 0.028285 0.837112
vt 0.160652 0.947115
vt 0.051217 0.852723
vt 0.052636 0.854429
vt 0.054063 0.856091
vt 0.160682 0.948237
vt 0.055499 0.857709
vt 0.056944 0.859282
vt 0.058398 0.860811
vt 0.059861 0.862295
vt 0.160667 0.949259
vt 0.061332 0.863736
vt 0.200316 0.986195
vt 0.062812 0.865132
vt 0.064301 0.866484
vt 0.065798 0.867791
vt 0.044655 0.862998
vt 0.046513 0.864180
vt 0.048304 0.865345
vt 0.050030 0.866491
vt 0.053932 0.869238
vt 0.057612 0.871823
vt 0.061695 0.874796
vt 0.064854 0.877109
vt 0.066604 0.878428
vt 0.175084 0.966503
vt 0.160605 0.950180
vt 0.021926 0.836624
vt 0.160497 0.951001
vt 0.001921 0.829437
vt 0.071912 0.882678
vt 0.160352 0.951689
vt 0.197338 0.987554
vt 0.160162 0.952282
vt 0.159929 0.952778
vt 0.698609 0.595676
vt 0.176022 0.971941
vt 0.076885 0.886781
vt 0.159665 0.953161
vt 0.159357 0.953484
vt 0.015457 0.836037
vt 0.159034 0.953744
vt 0.194257 0.989146
vt 0.158697 0.953940
vt 0.158345 0.954073
vt 0.081485 0.890717
vt 0.157995 0.954140
vt 0.157630 0.954147
vt 0.157251 0.954093
vt 0.177139 0.977291
vt 0.156858 0.953978
vt 0.156451 0.953804
vt 0.156026 0.953573
vt 0.155563 0.953310
vt 0.155063 0.953013
vt 0.100859 0.907551
vt 0.096610 0.912309
vt 0.120644 0.924520
vt 0.119100 0.926357
vt 0.008880 0.835350
vt 0.193399 0.989654
vt 0.192585 0.990123
vt 0.191816 0.990552
vt 0.177496 0.979048
vt 0.191090 0.990940
vt 0.117494 0.928272
vt 0.177867 0.980691
vt 0.190408 0.991289
vt 0.697385 0.587015
vt 0.002194 0.834563
vt 0.001839 0.829446
vt 0.001759 0.829460
vt 0.001681 0.829479
vt 0.001605 0.829503
vt 0.001532 0.829532
vt 0.001460 0.829567
vt 0.001391 0.829606
vt 0.189770 0.991597
vt 0.001324 0.829651
vt 0.178252 0.982219
vt 0.001259 0.829700
vt 0.001196 0.829755
vt 0.001135 0.829814
vt 0.001077 0.829879
vt 0.000781 0.830259
vt 0.189176 0.991866
vt 0.000546 0.830635
vt 0.178650 0.983633
vt 0.188626 0.992094
vt 0.000372 0.831009
vt 0.188120 0.992282
vt 0.000259 0.831380
vt 0.179062 0.984933
vt 0.115826 0.930265
vt 0.000206 0.831747
vt 0.187659 0.992431
vt 0.000214 0.832112
vt 0.179488 0.986118
vt 0.187241 0.992539
vt 0.000283 0.832474
vt 0.000413 0.832832
vt 0.186867 0.992607
vt 0.000604 0.833188
vt 0.179928 0.987188
vt 0.000855 0.833541
vt 0.002151 0.834564
vt 0.186512 0.992639
vt 0.002107 0.834560
vt 0.002060 0.834550
vt 0.002011 0.834536
vt 0.001168 0.833891
vt 0.001959 0.834516
vt 0.001906 0.834492
vt 0.001850 0.834462
vt 0.001793 0.834427
vt 0.001541 0.834238
vt 0.001733 0.834387
vt 0.001671 0.834343
vt 0.001607 0.834293
vt 0.186154 0.992638
vt 0.180382 0.988144
vt 0.185791 0.992605
vt 0.185424 0.992538
vt 0.092579 0.916830
vt 0.180849 0.988986
vt 0.185053 0.992439
vt 0.184677 0.992307
vt 0.181330 0.989714
vt 0.184297 0.992142
vt 0.183913 0.991944
vt 0.181825 0.990326
vt 0.183525 0.991713
vt 0.183132 0.991450
vt 0.182334 0.990825
vt 0.182735 0.991154
vt 0.114096 0.932336
vt 0.696227 0.578579
vt 0.112304 0.934485
vt 0.088765 0.921115
vt 0.110449 0.936713
vt 0.695134 0.570369
vt 0.108533 0.939018
vt 0.085169 0.925163
vt 0.106554 0.941402
vt 0.694106 0.562384
vt 0.104513 0.943863
vt 0.081791 0.928974
vt 0.102410 0.946403
vt 0.693144 0.554625
vt 0.100245 0.949021
vt 0.078630 0.932548
vt 0.098018 0.951717
vt 0.692248 0.547090
vt 0.075687 0.935886
vt 0.096489 0.953565
vt 0.095066 0.955284
vt 0.072962 0.938987
vt 0.691416 0.539782
vt 0.093750 0.956872
vt 0.070454 0.941851
vt 0.092541 0.958330
vt 0.091438 0.959658
vt 0.690650 0.532698
vt 0.090442 0.960856
vt 0.068164 0.944479
vt 0.089553 0.961924
vt 0.088770 0.962863
vt 0.066092 0.946870
vt 0.689949 0.525841
vt 0.088094 0.963671
vt 0.087524 0.964349
vt 0.087061 0.964898
vt 0.064237 0.949024
vt 0.086705 0.965316
vt 0.085571 0.966470
vt 0.655003 0.530154
vt 0.689495 0.523615
vt 0.084364 0.967376
vt 0.655054 0.527835
vt 0.063484 0.950029
vt 0.688850 0.521618
vt 0.083082 0.968034
vt 0.062929 0.951060
vt 0.655403 0.525691
vt 0.081726 0.968443
vt 0.688015 0.519850
vt 0.062570 0.952116
vt 0.656049 0.523721
vt 0.080296 0.968603
vt 0.062409 0.953198
vt 0.686990 0.518311
vt 0.062444 0.954306
vt 0.656994 0.521925
vt 0.078792 0.968516
vt 0.685776 0.517001
vt 0.062677 0.955438
vt 0.077214 0.968179
vt 0.658237 0.520304
vt 0.063107 0.956597
vt 0.684371 0.515919
vt 0.075562 0.967595
vt 0.063734 0.957781
vt 0.659777 0.518857
vt 0.073836 0.966761
vt 0.682776 0.515066
vt 0.064559 0.958990
vt 0.072036 0.965680
vt 0.065580 0.960225
vt 0.661616 0.517584
vt 0.070162 0.964350
vt 0.066798 0.961485
vt 0.680991 0.514443
vt 0.068214 0.962771
vt 0.663753 0.516485
vt 0.679017 0.514047
vt 0.666188 0.515561
vt 0.676852 0.513881
vt 0.668921 0.514811
vt 0.674497 0.513944
vt 0.671952 0.514235
vt 0.481324 0.560571
vt 0.483049 0.559771
vt 0.504751 0.578647
vt 0.503871 0.579952
vt 0.484761 0.559145
vt 0.505653 0.577378
vt 0.486403 0.558665
vt 0.506576 0.576138
vt 0.487967 0.558309
vt 0.507518 0.574918
vt 0.489430 0.558058
vt 0.508478 0.573708
vt 0.490770 0.557886
vt 0.509454 0.572498
vt 0.491968 0.557765
vt 0.510443 0.571278
vt 0.493009 0.557671
vt 0.511442 0.570036
vt 0.493875 0.557602
vt 0.512450 0.568761
vt 0.494516 0.557618
vt 0.513462 0.567440
vt 0.494733 0.558083
vt 0.514477 0.566060
vt 0.494786 0.558498
vt 0.515494 0.564601
vt 0.494774 0.556839
vt 0.517054 0.561134
vt 0.494152 0.556807
vt 0.518120 0.560034
vt 0.493531 0.556581
vt 0.519200 0.558718
vt 0.492834 0.556194
vt 0.520289 0.557162
vt 0.491979 0.555624
vt 0.521378 0.555338
vt 0.490905 0.554840
vt 0.522459 0.553215
vt 0.489548 0.553808
vt 0.523522 0.550759
vt 0.487836 0.552495
vt 0.524559 0.547932
vt 0.485690 0.550860
vt 0.525562 0.544686
vt 0.482998 0.548915
vt 0.526526 0.540969
vt 0.479659 0.546564
vt 0.527449 0.536719
vt 0.475547 0.543756
vt 0.528334 0.531859
vt 0.470605 0.540363
vt 0.529193 0.526296
vt 0.467293 0.539013
vt 0.529869 0.519138
vt 0.464081 0.537775
vt 0.532344 0.517089
vt 0.461904 0.535547
vt 0.534879 0.515012
vt 0.459932 0.533331
vt 0.537469 0.512934
vt 0.458161 0.531175
vt 0.540112 0.510882
vt 0.456629 0.529057
vt 0.542805 0.508882
vt 0.455309 0.527028
vt 0.545544 0.506961
vt 0.454205 0.525098
vt 0.548328 0.505141
vt 0.453319 0.523278
vt 0.551155 0.503446
vt 0.452653 0.521574
vt 0.554023 0.501894
vt 0.452211 0.519990
vt 0.556931 0.500502
vt 0.452087 0.518513
vt 0.559875 0.499274
vt 0.452192 0.517152
vt 0.562851 0.498198
vt 0.452500 0.515900
vt 0.565848 0.497234
vt 0.452862 0.514377
vt 0.568806 0.496024
vt 0.453277 0.512573
vt 0.571722 0.494533
vt 0.453747 0.510484
vt 0.574592 0.492736
vt 0.454274 0.508106
vt 0.577414 0.490611
vt 0.454860 0.505440
vt 0.580185 0.488137
vt 0.455506 0.502485
vt 0.582900 0.485296
vt 0.456215 0.499244
vt 0.585554 0.482070
vt 0.456988 0.495718
vt 0.588141 0.478442
vt 0.457826 0.491913
vt 0.590654 0.474397
vt 0.458731 0.487833
vt 0.593084 0.469919
vt 0.459703 0.483484
vt 0.595418 0.464995
vt 0.460549 0.481270
vt 0.597965 0.461864
vt 0.461408 0.479222
vt 0.600498 0.458791
vt 0.462280 0.477342
vt 0.603018 0.455781
vt 0.463163 0.475628
vt 0.605528 0.452842
vt 0.464058 0.474078
vt 0.608031 0.449977
vt 0.464964 0.472693
vt 0.610528 0.447193
vt 0.465881 0.471469
vt 0.613023 0.444493
vt 0.466809 0.470406
vt 0.615518 0.441880
vt 0.467747 0.469500
vt 0.618015 0.439354
vt 0.468695 0.468746
vt 0.620517 0.436912
vt 0.469653 0.468139
vt 0.623025 0.434548
vt 0.470587 0.467604
vt 0.625536 0.432248
vt 0.471509 0.467095
vt 0.628040 0.429954
vt 0.472405 0.466630
vt 0.630542 0.427687
vt 0.473270 0.466193
vt 0.633040 0.425437
vt 0.474086 0.465745
vt 0.635531 0.423188
vt 0.474853 0.465276
vt 0.638010 0.420924
vt 0.475568 0.464776
vt 0.640473 0.418626
vt 0.476227 0.464237
vt 0.642914 0.416274
vt 0.476829 0.463648
vt 0.645327 0.413852
vt 0.477372 0.463005
vt 0.647707 0.411345
vt 0.477853 0.462299
vt 0.650047 0.408740
vt 0.478270 0.461527
vt 0.652344 0.406026
vt 0.478622 0.460685
vt 0.654591 0.403193
vt 0.446020 0.379780
vt 0.628787 0.315865
vt 0.445067 0.375049
vt 0.631118 0.309382
vt 0.444104 0.370167
vt 0.633285 0.302492
vt 0.443126 0.365137
vt 0.635274 0.295184
vt 0.442125 0.359962
vt 0.637071 0.287450
vt 0.441095 0.354646
vt 0.638661 0.279282
vt 0.440029 0.349193
vt 0.640026 0.270672
vt 0.438918 0.343609
vt 0.641149 0.261611
vt 0.437754 0.337899
vt 0.642009 0.252094
vt 0.436527 0.332069
vt 0.642584 0.242115
vt 0.435229 0.326127
vt 0.642852 0.231667
vt 0.433847 0.320081
vt 0.642787 0.220747
vt 0.432372 0.313940
vt 0.642362 0.209349
vt 0.431227 0.310065
vt 0.642938 0.200212
vt 0.430108 0.306574
vt 0.643524 0.191292
vt 0.429024 0.303462
vt 0.644140 0.182608
vt 0.427981 0.300727
vt 0.644803 0.174176
vt 0.426990 0.298363
vt 0.645536 0.166012
vt 0.426058 0.296367
vt 0.646360 0.158133
vt 0.425195 0.294736
vt 0.647299 0.150554
vt 0.424409 0.293466
vt 0.648378 0.143291
vt 0.423709 0.292554
vt 0.649620 0.136359
vt 0.423103 0.291997
vt 0.651052 0.129772
vt 0.422602 0.291793
vt 0.652701 0.123546
vt 0.422184 0.291927
vt 0.654591 0.117696
vt 0.421071 0.289913
vt 0.654381 0.109115
vt 0.420088 0.288178
vt 0.654227 0.100709
vt 0.419104 0.286620
vt 0.654064 0.092389
vt 0.417904 0.285089
vt 0.653808 0.084045
vt 0.416439 0.283526
vt 0.653355 0.075560
vt 0.414657 0.281876
vt 0.652598 0.066819
vt 0.412508 0.280090
vt 0.651429 0.057717
vt 0.409944 0.278133
vt 0.649747 0.048165
vt 0.406919 0.275976
vt 0.647460 0.038091
vt 0.403393 0.273605
vt 0.644482 0.027436
vt 0.399323 0.271009
vt 0.640732 0.016153
vt 0.394668 0.268189
vt 0.636132 0.004205
vt 0.391075 0.266594
vt 0.624351 0.003406
vt 0.387693 0.265395
vt 0.613181 0.003252
vt 0.384519 0.264566
vt 0.602586 0.003685
vt 0.381541 0.264079
vt 0.592520 0.004641
vt 0.378743 0.263905
vt 0.582930 0.006056
vt 0.376100 0.264014
vt 0.573750 0.007859
vt 0.373580 0.264371
vt 0.564903 0.009976
vt 0.371140 0.264940
vt 0.556299 0.012330
vt 0.368734 0.265683
vt 0.547842 0.014844
vt 0.366311 0.266566
vt 0.539438 0.017445
vt 0.365611 0.264692
vt 0.531002 0.020074
vt 0.364690 0.262663
vt 0.522467 0.022691
vt 0.360502 0.259488
vt 0.510060 0.022853
vt 0.355588 0.256189
vt 0.497152 0.022825
vt 0.349938 0.252793
vt 0.483792 0.022653
vt 0.343537 0.249328
vt 0.470030 0.022377
vt 0.336374 0.245819
vt 0.455916 0.022030
vt 0.328432 0.242289
vt 0.441501 0.021637
vt 0.319694 0.238759
vt 0.426838 0.021214
vt 0.310141 0.235247
vt 0.411977 0.020766
vt 0.299749 0.231770
vt 0.396971 0.020290
vt 0.288489 0.228338
vt 0.381870 0.019768
vt 0.276885 0.223054
vt 0.366726 0.019169
vt 0.264573 0.215750
vt 0.351591 0.018468
vt 0.220320 0.187415
vt 0.297485 0.000206
vt 0.218208 0.185163
vt 0.293534 0.002681
vt 0.216025 0.182874
vt 0.289580 0.005160
vt 0.213771 0.180550
vt 0.285630 0.007644
vt 0.211447 0.178191
vt 0.281688 0.010134
vt 0.209052 0.175801
vt 0.277761 0.012633
vt 0.206586 0.173379
vt 0.273856 0.015140
vt 0.203993 0.170799
vt 0.269978 0.017658
vt 0.201323 0.168195
vt 0.266135 0.020187
vt 0.198731 0.164462
vt 0.262333 0.022728
vt 0.196219 0.160736
vt 0.258580 0.025282
vt 0.194094 0.157254
vt 0.254884 0.027851
vt 0.192265 0.153428
vt 0.251253 0.030437
vt 0.182449 0.142605
vt 0.236636 0.027695
vt 0.182048 0.140801
vt 0.233169 0.030185
vt 0.181671 0.139059
vt 0.229853 0.032736
vt 0.181315 0.137370
vt 0.226687 0.035347
vt 0.180976 0.135727
vt 0.223666 0.038013
vt 0.180653 0.134125
vt 0.220787 0.040732
vt 0.180343 0.132562
vt 0.218048 0.043502
vt 0.180047 0.131033
vt 0.215445 0.046318
vt 0.179763 0.129537
vt 0.212976 0.049179
vt 0.179490 0.128070
vt 0.210637 0.052082
vt 0.179228 0.126631
vt 0.208428 0.055025
vt 0.178976 0.125218
vt 0.206343 0.058006
vt 0.178733 0.123828
vt 0.204382 0.061022
vt 0.169263 0.114547
vt 0.186465 0.057368
vt 0.168571 0.114004
vt 0.182425 0.058093
vt 0.167719 0.113437
vt 0.178458 0.058900
vt 0.166725 0.112843
vt 0.174563 0.059789
vt 0.165612 0.112219
vt 0.170740 0.060758
vt 0.164402 0.111570
vt 0.166987 0.061808
vt 0.163119 0.110899
vt 0.163303 0.062937
vt 0.161787 0.110213
vt 0.159689 0.064148
vt 0.160429 0.109517
vt 0.156141 0.065444
vt 0.159067 0.108821
vt 0.152661 0.066828
vt 0.157722 0.108130
vt 0.149246 0.068306
vt 0.156415 0.107453
vt 0.145896 0.069886
vt 0.155165 0.106795
vt 0.142610 0.071578
vt 0.155863 0.107683
vt 0.139971 0.073167
vt 0.156571 0.108695
vt 0.137429 0.074824
vt 0.157295 0.109737
vt 0.134971 0.076542
vt 0.158042 0.110953
vt 0.132582 0.078316
vt 0.158811 0.112311
vt 0.130250 0.080145
vt 0.159607 0.113802
vt 0.127961 0.082025
vt 0.160430 0.115420
vt 0.125702 0.083956
vt 0.161284 0.117164
vt 0.123462 0.085937
vt 0.162173 0.119031
vt 0.121227 0.087970
vt 0.163098 0.121022
vt 0.118986 0.090056
vt 0.164064 0.123137
vt 0.116727 0.092199
vt 0.165073 0.125378
vt 0.114437 0.094401
vt 0.166178 0.127385
vt 0.112369 0.096236
vt 0.167311 0.129532
vt 0.110230 0.098180
vt 0.168477 0.131827
vt 0.108009 0.100241
vt 0.169680 0.134278
vt 0.105697 0.102428
vt 0.170924 0.136893
vt 0.103285 0.104753
vt 0.172215 0.139684
vt 0.100761 0.107227
vt 0.169702 0.143437
vt 0.098114 0.109863
vt 0.167011 0.146814
vt 0.095350 0.112668
vt 0.164182 0.149894
vt 0.092478 0.115650
vt 0.161061 0.152560
vt 0.089506 0.118817
vt 0.157920 0.155020
vt 0.086449 0.122183
vt 0.154777 0.157316
vt 0.083320 0.125761
vt 0.154729 0.156539
vt 0.081858 0.125613
vt 0.154678 0.155762
vt 0.080396 0.125468
vt 0.154626 0.154985
vt 0.078934 0.125327
vt 0.154572 0.154208
vt 0.077471 0.125188
vt 0.154516 0.153430
vt 0.076008 0.125051
vt 0.154459 0.152652
vt 0.074545 0.124918
vt 0.154400 0.151874
vt 0.073081 0.124788
vt 0.154339 0.151095
vt 0.071616 0.124660
vt 0.154277 0.150316
vt 0.070151 0.124536
vt 0.154207 0.149693
vt 0.068686 0.124414
vt 0.154136 0.149070
vt 0.067221 0.124295
vt 0.154063 0.148446
vt 0.065755 0.124179
vt 0.153781 0.147896
vt 0.064212 0.124345
vt 0.153519 0.147353
vt 0.062676 0.124492
vt 0.153276 0.146820
vt 0.061145 0.124624
vt 0.153050 0.146299
vt 0.059618 0.124744
vt 0.152839 0.145792
vt 0.058094 0.124857
vt 0.152642 0.145303
vt 0.056570 0.124968
vt 0.152457 0.144836
vt 0.055047 0.125085
vt 0.152282 0.144396
vt 0.053521 0.125216
vt 0.152117 0.143985
vt 0.051992 0.125369
vt 0.151960 0.143609
vt 0.050459 0.125552
vt 0.151809 0.143270
vt 0.048919 0.125770
vt 0.151665 0.142971
vt 0.047373 0.126030
vt 0.151624 0.142362
vt 0.045876 0.125998
vt 0.151586 0.141752
vt 0.044378 0.125968
vt 0.151550 0.141142
vt 0.042880 0.125941
vt 0.151516 0.140533
vt 0.041381 0.125918
vt 0.151485 0.139923
vt 0.039882 0.125897
vt 0.151456 0.139313
vt 0.038383 0.125880
vt 0.151430 0.138703
vt 0.036884 0.125865
vt 0.151406 0.138093
vt 0.035384 0.125853
vt 0.151385 0.137483
vt 0.033885 0.125844
vt 0.151367 0.136873
vt 0.032385 0.125839
vt 0.151351 0.136264
vt 0.030884 0.125836
vt 0.151338 0.135657
vt 0.029384 0.125836
vt 0.152237 0.149953
vt 0.026680 0.140782
vt 0.152891 0.165084
vt 0.023939 0.156014
vt 0.153258 0.181200
vt 0.021157 0.171563
vt 0.153050 0.198192
vt 0.018336 0.187444
vt 0.151938 0.215753
vt 0.015493 0.203655
vt 0.150148 0.232701
vt 0.012659 0.220182
vt 0.147510 0.249186
vt 0.009881 0.237031
vt 0.144184 0.265134
vt 0.007225 0.254217
vt 0.139581 0.280171
vt 0.004781 0.271758
vt 0.134696 0.294377
vt 0.002686 0.289683
vt 0.129636 0.307727
vt 0.001099 0.308020
vt 0.124193 0.319976
vt 0.000206 0.326793
vt 0.136096 0.372607
vt 0.003272 0.382131
vt 0.135394 0.374467
vt 0.002872 0.384563
vt 0.134723 0.376395
vt 0.002498 0.387078
vt 0.134083 0.378391
vt 0.002151 0.389679
vt 0.133475 0.380456
vt 0.001835 0.392365
vt 0.132900 0.382590
vt 0.001549 0.395136
vt 0.132356 0.384796
vt 0.001296 0.397993
vt 0.131843 0.387073
vt 0.001079 0.400936
vt 0.131363 0.389424
vt 0.000898 0.403965
vt 0.130915 0.391848
vt 0.000757 0.407079
vt 0.130498 0.394346
vt 0.000656 0.410280
vt 0.130113 0.396920
vt 0.000599 0.413566
vt 0.129760 0.399570
vt 0.000587 0.416936
vt 0.125199 0.414076
vt 0.002334 0.432443
vt 0.125563 0.416138
vt 0.002598 0.436496
vt 0.125907 0.418204
vt 0.002921 0.440516
vt 0.126233 0.420273
vt 0.003302 0.444503
vt 0.126537 0.422345
vt 0.003740 0.448455
vt 0.126818 0.424419
vt 0.004233 0.452373
vt 0.127076 0.426495
vt 0.004779 0.456255
vt 0.127309 0.428571
vt 0.005379 0.460102
vt 0.127516 0.430648
vt 0.006029 0.463913
vt 0.127696 0.432724
vt 0.006730 0.467688
vt 0.127847 0.434801
vt 0.007481 0.471427
vt 0.127968 0.436876
vt 0.008279 0.475129
vt 0.128059 0.438950
vt 0.009125 0.478796
vt 0.164028 0.511460
vt 0.032607 0.546784
vt 0.157669 0.558235
vt 0.043400 0.585900
vt 0.152928 0.561541
vt 0.045500 0.589289
vt 0.148169 0.564703
vt 0.047570 0.592549
vt 0.143387 0.567705
vt 0.049621 0.595687
vt 0.138579 0.570535
vt 0.051661 0.598707
vt 0.133744 0.573184
vt 0.053701 0.601613
vt 0.128881 0.575645
vt 0.055749 0.604410
vt 0.123989 0.577913
vt 0.057813 0.607101
vt 0.119070 0.579986
vt 0.059901 0.609688
vt 0.114124 0.581860
vt 0.062022 0.612176
vt 0.109152 0.583536
vt 0.064181 0.614567
vt 0.104155 0.585012
vt 0.066387 0.616862
vt 0.099135 0.586289
vt 0.068646 0.619065
vt 0.102670 0.583202
vt 0.071324 0.621486
vt 0.105911 0.580094
vt 0.074008 0.623747
vt 0.108859 0.576933
vt 0.076676 0.625861
vt 0.111517 0.573688
vt 0.079306 0.627840
vt 0.113894 0.570336
vt 0.081878 0.629694
vt 0.115999 0.566855
vt 0.084377 0.631434
vt 0.117845 0.563229
vt 0.086785 0.633069
vt 0.119446 0.559445
vt 0.089088 0.634608
vt 0.121856 0.559725
vt 0.091272 0.636061
vt 0.123912 0.559914
vt 0.093329 0.637427
vt 0.125658 0.560015
vt 0.095254 0.638711
vt 0.127130 0.560032
vt 0.097043 0.639913
vt 0.128181 0.559907
vt 0.098537 0.640983
vt 0.129116 0.559756
vt 0.099978 0.642014
vt 0.129946 0.559578
vt 0.101365 0.643009
vt 0.130679 0.559369
vt 0.102698 0.643971
vt 0.131324 0.559134
vt 0.103979 0.644901
vt 0.131888 0.558875
vt 0.105210 0.645803
vt 0.132376 0.558587
vt 0.106395 0.646679
vt 0.132795 0.558272
vt 0.107540 0.647533
vt 0.133152 0.557929
vt 0.108655 0.648369
vt 0.133458 0.557559
vt 0.109749 0.649190
vt 0.133723 0.557161
vt 0.110838 0.650002
vt 0.133961 0.556737
vt 0.111937 0.650807
vt 0.134289 0.556263
vt 0.113193 0.651640
vt 0.134606 0.555748
vt 0.114493 0.652472
vt 0.134936 0.555194
vt 0.115865 0.653308
vt 0.135314 0.554608
vt 0.117331 0.654150
vt 0.135648 0.553897
vt 0.118909 0.654999
vt 0.136013 0.553085
vt 0.120614 0.655854
vt 0.136409 0.552149
vt 0.122458 0.656714
vt 0.136854 0.551065
vt 0.124450 0.657578
vt 0.137357 0.549804
vt 0.126602 0.658442
vt 0.137935 0.548333
vt 0.128920 0.659303
vt 0.138599 0.546616
vt 0.131414 0.660159
vt 0.139365 0.544611
vt 0.134092 0.661006
vt 0.206418 0.533113
vt 0.195879 0.664252
vt 0.274230 0.556009
vt 0.254034 0.673502
vt 0.277841 0.558785
vt 0.259081 0.673460
vt 0.279494 0.560649
vt 0.263713 0.673322
vt 0.281000 0.561963
vt 0.267948 0.673100
vt 0.282452 0.562978
vt 0.271798 0.672805
vt 0.283878 0.563783
vt 0.275275 0.672448
vt 0.285303 0.564437
vt 0.278390 0.672038
vt 0.286731 0.564963
vt 0.281152 0.671584
vt 0.288166 0.565378
vt 0.283571 0.671093
vt 0.289612 0.565698
vt 0.285660 0.670572
vt 0.291077 0.565935
vt 0.287431 0.670026
vt 0.292569 0.566097
vt 0.288907 0.669460
vt 0.294108 0.566189
vt 0.290128 0.668876
vt 0.295761 0.566300
vt 0.291324 0.668285
vt 0.297582 0.566514
vt 0.292688 0.667695
vt 0.299576 0.566831
vt 0.294236 0.667104
vt 0.301741 0.567249
vt 0.295973 0.666514
vt 0.304077 0.567767
vt 0.297900 0.665922
vt 0.306576 0.568384
vt 0.300015 0.665329
vt 0.309234 0.569097
vt 0.302313 0.664733
vt 0.312042 0.569906
vt 0.304789 0.664134
vt 0.314992 0.570806
vt 0.307437 0.663530
vt 0.318075 0.571796
vt 0.310251 0.662920
vt 0.321280 0.572872
vt 0.313221 0.662303
vt 0.324598 0.574032
vt 0.316339 0.661678
vt 0.327162 0.574663
vt 0.318490 0.660942
vt 0.329621 0.575213
vt 0.320482 0.660177
vt 0.331982 0.575683
vt 0.322318 0.659384
vt 0.334249 0.576074
vt 0.324005 0.658562
vt 0.336427 0.576390
vt 0.325545 0.657715
vt 0.338521 0.576631
vt 0.326944 0.656841
vt 0.340534 0.576798
vt 0.328208 0.655941
vt 0.342472 0.576892
vt 0.329341 0.655017
vt 0.344336 0.576915
vt 0.330350 0.654069
vt 0.346133 0.576867
vt 0.331245 0.653097
vt 0.347868 0.576749
vt 0.332034 0.652102
vt 0.349547 0.576562
vt 0.332734 0.651088
vt 0.351229 0.576339
vt 0.333415 0.650068
vt 0.352889 0.576090
vt 0.334061 0.649039
vt 0.354580 0.575813
vt 0.334680 0.648003
vt 0.356587 0.575429
vt 0.335281 0.646962
vt 0.358878 0.574952
vt 0.335870 0.645918
vt 0.360598 0.574681
vt 0.336457 0.644873
vt 0.362260 0.574450
vt 0.337049 0.643830
vt 0.363942 0.574252
vt 0.337651 0.642792
vt 0.365645 0.574088
vt 0.338267 0.641761
vt 0.367371 0.573957
vt 0.338900 0.640738
vt 0.369122 0.573861
vt 0.339552 0.639726
vt 0.370898 0.573799
vt 0.340223 0.638726
vt 0.424354 0.604779
vt 0.396752 0.664381
vt 0.426155 0.602930
vt 0.403340 0.664753
vt 0.428248 0.601048
vt 0.409766 0.664800
vt 0.430621 0.599151
vt 0.416031 0.664558
vt 0.433263 0.597259
vt 0.422139 0.664064
vt 0.436162 0.595393
vt 0.428092 0.663352
vt 0.439307 0.593575
vt 0.433896 0.662451
vt 0.442682 0.591828
vt 0.439555 0.661391
vt 0.446272 0.590177
vt 0.445074 0.660198
vt 0.450055 0.588648
vt 0.450459 0.658899
vt 0.454009 0.587267
vt 0.455714 0.657515
vt 0.458103 0.586060
vt 0.460847 0.656070
vt 0.462200 0.585341
vt 0.465862 0.654584
vt 0.465344 0.584771
vt 0.469838 0.653123
vt 0.468407 0.584312
vt 0.473652 0.651655
vt 0.471371 0.583955
vt 0.477312 0.650188
vt 0.474225 0.583691
vt 0.480825 0.648730
vt 0.476964 0.583509
vt 0.484202 0.647287
vt 0.479585 0.583399
vt 0.487450 0.645865
vt 0.482088 0.583347
vt 0.490578 0.644466
vt 0.484475 0.583344
vt 0.493597 0.643094
vt 0.486815 0.583852
vt 0.496515 0.641751
vt 0.489047 0.584353
vt 0.499342 0.640435
vt 0.491174 0.584845
vt 0.502086 0.639146
vt 0.493198 0.585329
vt 0.504757 0.637879
vt 0.492736 0.585460
vt 0.504655 0.637226
vt 0.492272 0.585587
vt 0.504548 0.636573
vt 0.491807 0.585710
vt 0.504436 0.635923
vt 0.491342 0.585828
vt 0.504321 0.635273
vt 0.490877 0.585942
vt 0.504203 0.634623
vt 0.490413 0.586051
vt 0.504084 0.633975
vt 0.489951 0.586155
vt 0.503964 0.633326
vt 0.489490 0.586255
vt 0.503845 0.632677
vt 0.489032 0.586350
vt 0.503727 0.632029
vt 0.488577 0.586440
vt 0.503610 0.631379
vt 0.488125 0.586525
vt 0.503495 0.630729
vt 0.487676 0.586605
vt 0.503383 0.630078
vt 0.487245 0.586673
vt 0.503287 0.629421
vt 0.486804 0.586741
vt 0.503181 0.628768
vt 0.486354 0.586808
vt 0.503066 0.628118
vt 0.485897 0.586874
vt 0.502943 0.627471
vt 0.485431 0.586938
vt 0.502814 0.626827
vt 0.484959 0.587001
vt 0.502679 0.626185
vt 0.484480 0.587062
vt 0.502540 0.625544
vt 0.483996 0.587120
vt 0.502398 0.624904
vt 0.483507 0.587170
vt 0.502255 0.624265
vt 0.483015 0.587203
vt 0.502111 0.623626
vt 0.482517 0.587207
vt 0.501969 0.622986
vt 0.482005 0.587151
vt 0.501828 0.622344
vt 0.481737 0.586677
vt 0.502219 0.621400
vt 0.481521 0.586187
vt 0.502591 0.620464
vt 0.481362 0.585679
vt 0.502951 0.619531
vt 0.481264 0.585152
vt 0.503309 0.618597
vt 0.481232 0.584608
vt 0.503670 0.617657
vt 0.481270 0.584045
vt 0.504041 0.616708
vt 0.481380 0.583464
vt 0.504425 0.615748
vt 0.481565 0.582865
vt 0.504828 0.614773
vt 0.481828 0.582251
vt 0.505252 0.613782
vt 0.482169 0.581623
vt 0.505699 0.612774
vt 0.482588 0.580983
vt 0.506171 0.611748
vt 0.483086 0.580334
vt 0.506670 0.610704
vt 0.482895 0.580211
vt 0.506551 0.610143
vt 0.482687 0.580097
vt 0.506413 0.609598
vt 0.482461 0.579995
vt 0.506255 0.609070
vt 0.482217 0.579902
vt 0.506079 0.608558
vt 0.481956 0.579819
vt 0.505885 0.608062
vt 0.481677 0.579746
vt 0.505674 0.607581
vt 0.481381 0.579682
vt 0.505446 0.607115
vt 0.481068 0.579627
vt 0.505203 0.606664
vt 0.480737 0.579581
vt 0.504944 0.606227
vt 0.480390 0.579543
vt 0.504671 0.605804
vt 0.480026 0.579513
vt 0.504384 0.605394
vt 0.479646 0.579490
vt 0.504084 0.604996
vt 0.479255 0.579470
vt 0.503778 0.604606
vt 0.478860 0.579444
vt 0.503470 0.604218
vt 0.478461 0.579413
vt 0.503161 0.603830
vt 0.478058 0.579377
vt 0.502853 0.603443
vt 0.477653 0.579334
vt 0.502544 0.603056
vt 0.477244 0.579284
vt 0.502237 0.602669
vt 0.476833 0.579228
vt 0.501930 0.602281
vt 0.476419 0.579164
vt 0.501625 0.601892
vt 0.476003 0.579093
vt 0.501321 0.601501
vt 0.475584 0.579013
vt 0.501018 0.601110
vt 0.475164 0.578924
vt 0.500718 0.600716
vt 0.474742 0.578827
vt 0.500419 0.600321
vt 0.474327 0.578633
vt 0.500151 0.599890
vt 0.473825 0.577535
vt 0.499892 0.599448
vt 0.473422 0.577339
vt 0.499644 0.598994
vt 0.473041 0.577134
vt 0.499409 0.598526
vt 0.472683 0.576899
vt 0.499186 0.598045
vt 0.472348 0.576634
vt 0.498975 0.597549
vt 0.472039 0.576339
vt 0.498776 0.597040
vt 0.471754 0.576015
vt 0.498590 0.596517
vt 0.471496 0.575660
vt 0.498416 0.595981
vt 0.471263 0.575276
vt 0.498254 0.595432
vt 0.471057 0.574862
vt 0.498105 0.594870
vt 0.470879 0.574420
vt 0.497968 0.594296
vt 0.471356 0.572960
vt 0.498409 0.592946
vt 0.471901 0.571512
vt 0.498846 0.591624
vt 0.472515 0.570086
vt 0.499283 0.590329
vt 0.473200 0.568692
vt 0.499725 0.589064
vt 0.473958 0.567344
vt 0.500176 0.587827
vt 0.474790 0.566060
vt 0.500639 0.586619
vt 0.475695 0.564858
vt 0.501119 0.585441
vt 0.476674 0.563758
vt 0.501618 0.584290
vt 0.477722 0.562781
vt 0.502140 0.583168
vt 0.478834 0.561949
vt 0.502688 0.582072
vt 0.479993 0.561277
vt 0.503265 0.581001
vt 0.824688 0.422136
vt 0.857954 0.384521
vt 0.918675 0.438402
vt 0.880221 0.478741
vt 0.857555 0.382884
vt 0.922565 0.433886
vt 0.857111 0.381086
vt 0.926308 0.429208
vt 0.856616 0.379125
vt 0.929904 0.424368
vt 0.856067 0.376995
vt 0.933350 0.419369
vt 0.855459 0.374694
vt 0.936645 0.414211
vt 0.854789 0.372217
vt 0.939790 0.408895
vt 0.854051 0.369560
vt 0.942783 0.403423
vt 0.853242 0.366720
vt 0.945622 0.397796
vt 0.852357 0.363691
vt 0.948307 0.392015
vt 0.851392 0.360469
vt 0.950837 0.386081
vt 0.850343 0.357050
vt 0.953212 0.379997
vt 0.849205 0.353429
vt 0.955430 0.373763
vt 0.849350 0.352557
vt 0.956775 0.371600
vt 0.849496 0.351683
vt 0.958116 0.369434
vt 0.849642 0.350808
vt 0.959452 0.367265
vt 0.849789 0.349932
vt 0.960785 0.365094
vt 0.849937 0.349055
vt 0.962113 0.362920
vt 0.850086 0.348177
vt 0.963438 0.360743
vt 0.850235 0.347298
vt 0.964758 0.358564
vt 0.850385 0.346417
vt 0.966074 0.356382
vt 0.850536 0.345535
vt 0.967386 0.354197
vt 0.850688 0.344652
vt 0.968693 0.352010
vt 0.850840 0.343767
vt 0.969997 0.349821
vt 0.850993 0.342882
vt 0.971297 0.347629
vt 0.851110 0.341688
vt 0.972600 0.345084
vt 0.851250 0.340521
vt 0.973886 0.342567
vt 0.851414 0.339379
vt 0.975158 0.340075
vt 0.851603 0.338258
vt 0.976416 0.337603
vt 0.851816 0.337157
vt 0.977661 0.335145
vt 0.852046 0.336064
vt 0.978896 0.332692
vt 0.852280 0.334969
vt 0.980118 0.330236
vt 0.852519 0.333865
vt 0.981328 0.327767
vt 0.852761 0.332749
vt 0.982526 0.325276
vt 0.853008 0.331616
vt 0.983709 0.322752
vt 0.853257 0.330462
vt 0.984877 0.320190
vt 0.853493 0.329274
vt 0.986026 0.317582
vt 0.853678 0.328412
vt 0.987197 0.315320
vt 0.853863 0.327549
vt 0.988364 0.313055
vt 0.854047 0.326687
vt 0.989526 0.310788
vt 0.854231 0.325826
vt 0.990684 0.308518
vt 0.854414 0.324965
vt 0.991838 0.306246
vt 0.854597 0.324104
vt 0.992987 0.303972
vt 0.854780 0.323244
vt 0.994132 0.301695
vt 0.854962 0.322384
vt 0.995273 0.299416
vt 0.855144 0.321524
vt 0.996410 0.297135
vt 0.855326 0.320665
vt 0.997542 0.294852
vt 0.855507 0.319807
vt 0.998670 0.292566
vt 0.855688 0.318949
vt 0.999794 0.290278
vt 0.851598 0.307828
vt 0.998331 0.275813
vt 0.847359 0.296259
vt 0.996480 0.261038
vt 0.842989 0.284267
vt 0.994235 0.245947
vt 0.838506 0.271878
vt 0.991590 0.230537
vt 0.835298 0.257203
vt 0.988534 0.214805
vt 0.832308 0.242353
vt 0.985039 0.198787
vt 0.829681 0.227198
vt 0.981073 0.182521
vt 0.827486 0.212106
vt 0.976599 0.166055
vt 0.826599 0.197485
vt 0.971575 0.149444
vt 0.825944 0.183888
vt 0.965933 0.132745
vt 0.825207 0.171220
vt 0.959595 0.116013
vt 0.824243 0.159712
vt 0.952476 0.099301
vt 0.824470 0.155381
vt 0.948230 0.090050
vt 0.824671 0.151270
vt 0.943681 0.080987
vt 0.824804 0.147339
vt 0.938827 0.072119
vt 0.824881 0.143598
vt 0.933669 0.063452
vt 0.824918 0.140115
vt 0.928206 0.054992
vt 0.824938 0.136893
vt 0.922437 0.046744
vt 0.824962 0.133933
vt 0.916362 0.038715
vt 0.825006 0.131230
vt 0.909980 0.030912
vt 0.825081 0.128780
vt 0.903289 0.023339
vt 0.825197 0.126581
vt 0.896288 0.016004
vt 0.825358 0.124629
vt 0.888975 0.008912
vt 0.825568 0.122921
vt 0.881347 0.002071
vt 0.821725 0.121583
vt 0.869227 0.000750
vt 0.818189 0.120630
vt 0.857995 0.000206
vt 0.814972 0.120006
vt 0.847629 0.000328
vt 0.812132 0.119662
vt 0.838107 0.001016
vt 0.809704 0.119527
vt 0.829402 0.002179
vt 0.807716 0.119534
vt 0.821486 0.003735
vt 0.805944 0.119848
vt 0.814326 0.005606
vt 0.804603 0.120267
vt 0.807884 0.007722
vt 0.803662 0.120746
vt 0.802117 0.010018
vt 0.803095 0.121229
vt 0.796968 0.012436
vt 0.802853 0.121685
vt 0.792355 0.014925
vt 0.802874 0.122090
vt 0.788125 0.017456
vt 0.803081 0.122417
vt 0.784180 0.020008
vt 0.803317 0.122737
vt 0.780286 0.022606
vt 0.803570 0.123048
vt 0.776415 0.025254
vt 0.803847 0.123356
vt 0.772540 0.027963
vt 0.804145 0.123669
vt 0.768645 0.030745
vt 0.804447 0.124002
vt 0.764717 0.033613
vt 0.804754 0.124369
vt 0.760750 0.036582
vt 0.805087 0.124781
vt 0.756744 0.039665
vt 0.805433 0.125257
vt 0.752701 0.042879
vt 0.805819 0.125807
vt 0.748626 0.046237
vt 0.806237 0.126453
vt 0.744525 0.049754
vt 0.806715 0.127208
vt 0.740408 0.053444
vt 0.804625 0.132142
vt 0.732377 0.061119
vt 0.802996 0.137394
vt 0.724831 0.069067
vt 0.801600 0.142954
vt 0.717748 0.077247
vt 0.800233 0.149257
vt 0.711108 0.085621
vt 0.799031 0.155978
vt 0.704890 0.094149
vt 0.797996 0.163117
vt 0.699076 0.102794
vt 0.797174 0.170497
vt 0.693645 0.111518
vt 0.796490 0.178231
vt 0.688575 0.120287
vt 0.795885 0.186211
vt 0.683847 0.129069
vt 0.795350 0.194447
vt 0.679438 0.137831
vt 0.794837 0.203090
vt 0.675329 0.146546
vt 0.794224 0.212055
vt 0.671497 0.155187
vt 0.792607 0.214493
vt 0.670083 0.158913
vt 0.790984 0.215998
vt 0.668779 0.162529
vt 0.789537 0.217451
vt 0.667582 0.166034
vt 0.788234 0.218834
vt 0.666485 0.169426
vt 0.787065 0.220150
vt 0.665485 0.172705
vt 0.786022 0.221403
vt 0.664575 0.175871
vt 0.785096 0.222596
vt 0.663749 0.178922
vt 0.784283 0.223732
vt 0.663004 0.181858
vt 0.783577 0.224813
vt 0.662333 0.184679
vt 0.782971 0.225841
vt 0.661731 0.187385
vt 0.782463 0.226819
vt 0.661192 0.189977
vt 0.782049 0.227748
vt 0.660710 0.192456
vt 0.781788 0.228550
vt 0.660307 0.194726
vt 0.781551 0.229352
vt 0.659926 0.196973
vt 0.781339 0.230157
vt 0.659564 0.199199
vt 0.781149 0.230965
vt 0.659219 0.201408
vt 0.780982 0.231778
vt 0.658890 0.203602
vt 0.780837 0.232598
vt 0.658576 0.205787
vt 0.780712 0.233428
vt 0.658275 0.207966
vt 0.780607 0.234270
vt 0.657986 0.210144
vt 0.780522 0.235127
vt 0.657708 0.212326
vt 0.780456 0.236000
vt 0.657440 0.214516
vt 0.780408 0.236892
vt 0.657183 0.216719
vt 0.780379 0.237806
vt 0.656934 0.218939
vt 0.780344 0.239034
vt 0.656656 0.221465
vt 0.780375 0.240283
vt 0.656397 0.224013
vt 0.780470 0.241564
vt 0.656155 0.226604
vt 0.780628 0.242887
vt 0.655930 0.229257
vt 0.780849 0.244261
vt 0.655722 0.231985
vt 0.781131 0.245691
vt 0.655534 0.234801
vt 0.781476 0.247183
vt 0.655369 0.237713
vt 0.781883 0.248742
vt 0.655229 0.240728
vt 0.782354 0.250370
vt 0.655119 0.243853
vt 0.782890 0.252071
vt 0.655042 0.247091
vt 0.783491 0.253847
vt 0.655003 0.250445
vt 0.784160 0.255701
vt 0.655007 0.253918
vt 0.778954 0.451580
vt 0.655003 0.451014
vt 0.777962 0.453797
vt 0.659691 0.455863
vt 0.777167 0.455959
vt 0.664467 0.460363
vt 0.776518 0.458069
vt 0.669321 0.464567
vt 0.776001 0.460149
vt 0.674247 0.468528
vt 0.775610 0.462221
vt 0.679242 0.472299
vt 0.775343 0.464307
vt 0.684306 0.475926
vt 0.775205 0.466428
vt 0.689446 0.479443
vt 0.775204 0.468599
vt 0.694666 0.482873
vt 0.775355 0.470834
vt 0.699975 0.486227
vt 0.775683 0.473146
vt 0.705381 0.489501
vt 0.776222 0.475552
vt 0.710890 0.492684
vt 0.777032 0.478078
vt 0.716507 0.495756
vt 0.778453 0.477133
vt 0.722118 0.498350
vt 0.779759 0.476150
vt 0.727747 0.500651
vt 0.780943 0.475119
vt 0.733385 0.502693
vt 0.782011 0.474038
vt 0.739026 0.504507
vt 0.782969 0.472903
vt 0.744670 0.506120
vt 0.783827 0.471711
vt 0.750321 0.507559
vt 0.784611 0.470469
vt 0.755986 0.508845
vt 0.785361 0.469188
vt 0.761679 0.509990
vt 0.786049 0.467836
vt 0.767413 0.511000
vt 0.786689 0.466402
vt 0.773202 0.511874
vt 0.787294 0.464867
vt 0.779061 0.512600
vt 0.787876 0.463212
vt 0.785003 0.513164
vt 0.790084 0.460704
vt 0.792782 0.513469
vt 0.792503 0.458093
vt 0.800678 0.513226
vt 0.795051 0.455316
vt 0.808667 0.512423
vt 0.797739 0.452356
vt 0.816725 0.511047
vt 0.800577 0.449207
vt 0.824828 0.509088
vt 0.803572 0.445868
vt 0.832947 0.506540
vt 0.806725 0.442343
vt 0.841053 0.503397
vt 0.810035 0.438638
vt 0.849114 0.499657
vt 0.813496 0.434757
vt 0.857098 0.495318
vt 0.817100 0.430708
vt 0.864970 0.490382
vt 0.820835 0.426498
vt 0.872690 0.484855
s 0
usemtl マテリアル.006
f 554/1/1 556/2/1 555/3/1
f 286/4/1 288/5/1 287/6/1
f 554/1/1 557/7/1 556/2/1
f 286/4/1 289/8/1 288/5/1
f 286/4/1 290/9/1 289/8/1
f 286/4/1 291/10/1 290/9/1
f 286/4/1 292/11/1 291/10/1
f 554/1/1 558/12/1 557/7/1
f 286/4/1 293/13/1 292/11/1
f 553/14/1 558/12/1 554/1/1
f 286/4/1 294/15/1 293/13/1
f 286/4/1 295/16/1 294/15/1
f 285/17/1 295/16/1 286/4/1
f 285/17/1 296/18/1 295/16/1
f 553/14/1 559/19/1 558/12/1
f 285/17/1 297/20/1 296/18/1
f 285/17/1 298/21/1 297/20/1
f 285/17/1 299/22/1 298/21/1
f 285/17/1 300/23/1 299/22/1
f 553/14/1 560/24/1 559/19/1
f 285/17/1 301/25/1 300/23/1
f 285/17/1 302/26/1 301/25/1
f 285/17/1 303/27/1 302/26/1
f 284/28/1 303/27/1 285/17/1
f 552/29/1 560/24/1 553/14/1
f 284/28/1 304/30/1 303/27/1
f 552/29/1 561/31/1 560/24/1
f 284/28/1 305/32/1 304/30/1
f 284/28/1 306/33/1 305/32/1
f 284/28/1 307/34/1 306/33/1
f 552/29/1 562/35/1 561/31/1
f 284/28/1 308/36/1 307/34/1
f 284/28/1 309/37/1 308/36/1
f 283/38/1 309/37/1 284/28/1
f 283/38/1 310/39/1 309/37/1
f 552/29/1 563/40/1 562/35/1
f 283/38/1 311/41/1 310/39/1
f 551/42/1 563/40/1 552/29/1
f 283/38/1 312/43/1 311/41/1
f 551/42/1 564/44/1 563/40/1
f 283/38/1 313/45/1 312/43/1
f 551/42/1 565/46/1 564/44/1
f 283/38/1 314/47/1 313/45/1
f 282/48/1 314/47/1 283/38/1
f 282/48/1 315/49/1 314/47/1
f 551/42/1 566/50/1 565/46/1
f 282/48/1 316/51/1 315/49/1
f 551/42/1 567/52/1 566/50/1
f 282/48/1 317/53/1 316/51/1
f 550/54/1 567/52/1 551/42/1
f 282/48/1 318/55/1 317/53/1
f 550/54/1 568/56/1 567/52/1
f 281/57/1 318/55/1 282/48/1
f 281/57/1 319/58/1 318/55/1
f 550/54/1 569/59/1 568/56/1
f 281/57/1 320/60/1 319/58/1
f 550/54/1 570/61/1 569/59/1
f 550/54/1 571/62/1 570/61/1
f 281/57/1 321/63/1 320/60/1
f 550/54/1 572/64/1 571/62/1
f 281/57/1 322/65/1 321/63/1
f 280/66/1 322/65/1 281/57/1
f 550/54/1 573/67/1 572/64/1
f 549/68/1 573/67/1 550/54/1
f 280/66/1 323/69/1 322/65/1
f 549/68/1 574/70/1 573/67/1
f 549/68/1 575/71/1 574/70/1
f 280/66/1 324/72/1 323/69/1
f 549/68/1 576/73/1 575/71/1
f 549/68/1 577/74/1 576/73/1
f 549/68/1 578/75/1 577/74/1
f 549/68/1 579/76/1 578/75/1
f 279/77/1 324/72/1 280/66/1
f 549/68/1 580/78/1 579/76/1
f 548/79/1 580/78/1 549/68/1
f 278/80/1 324/72/1 279/77/1
f 547/81/1 580/78/1 548/79/1
f 277/82/1 324/72/1 278/80/1
f 547/81/1 581/83/1 580/78/1
f 546/84/1 581/83/1 547/81/1
f 276/85/1 324/72/1 277/82/1
f 275/86/1 324/72/1 276/85/1
f 545/87/1 581/83/1 546/84/1
f 545/87/1 582/88/1 581/83/1
f 274/89/1 324/72/1 275/86/1
f 544/90/1 582/88/1 545/87/1
f 544/90/1 583/91/1 582/88/1
f 543/92/1 583/91/1 544/90/1
f 542/93/1 583/91/1 543/92/1
f 542/93/1 584/94/1 583/91/1
f 336/95/1 338/96/1 337/97/1
f 336/95/1 339/98/1 338/96/1
f 335/99/1 339/98/1 336/95/1
f 335/99/1 340/100/1 339/98/1
f 334/101/1 340/100/1 335/99/1
f 334/101/1 341/102/1 340/100/1
f 542/93/1 585/103/1 584/94/1
f 333/104/1 341/102/1 334/101/1
f 333/104/1 342/105/1 341/102/1
f 332/106/1 342/105/1 333/104/1
f 332/106/1 343/107/1 342/105/1
f 332/106/1 344/108/1 343/107/1
f 331/109/1 344/108/1 332/106/1
f 541/110/1 585/103/1 542/93/1
f 331/109/1 345/111/1 344/108/1
f 330/112/1 345/111/1 331/109/1
f 330/112/1 346/113/1 345/111/1
f 329/114/1 346/113/1 330/112/1
f 541/110/1 586/115/1 585/103/1
f 329/114/1 347/116/1 346/113/1
f 328/117/1 347/116/1 329/114/1
f 328/117/1 348/118/1 347/116/1
f 328/117/1 349/119/1 348/118/1
f 327/120/1 349/119/1 328/117/1
f 541/110/1 587/121/1 586/115/1
f 327/120/1 350/122/1 349/119/1
f 540/123/1 587/121/1 541/110/1
f 326/124/1 350/122/1 327/120/1
f 326/124/1 351/125/1 350/122/1
f 326/124/1 352/126/1 351/125/1
f 325/127/1 352/126/1 326/124/1
f 325/127/1 353/128/1 352/126/1
f 260/129/1 262/130/1 261/131/1
f 325/127/1 354/132/1 353/128/1
f 260/129/1 263/133/1 262/130/1
f 260/129/1 264/134/1 263/133/1
f 260/129/1 265/135/1 264/134/1
f 540/123/1 588/136/1 587/121/1
f 260/129/1 266/137/1 265/135/1
f 325/127/1 355/138/1 354/132/1
f 260/129/1 267/139/1 266/137/1
f 260/129/1 268/140/1 267/139/1
f 260/129/1 269/141/1 268/140/1
f 260/129/1 270/142/1 269/141/1
f 260/129/1 271/143/1 270/142/1
f 325/127/1 356/144/1 355/138/1
f 260/129/1 272/145/1 271/143/1
f 260/129/1 273/146/1 272/145/1
f 260/129/1 259/147/1 273/146/1
f 259/147/1 258/148/1 273/146/1
f 258/148/1 257/149/1 273/146/1
f 257/149/1 256/150/1 273/146/1
f 256/150/1 274/89/1 273/146/1
f 256/150/1 255/151/1 274/89/1
f 255/151/1 254/152/1 274/89/1
f 254/152/1 253/153/1 274/89/1
f 253/153/1 324/72/1 274/89/1
f 253/153/1 252/154/1 324/72/1
f 252/154/1 251/155/1 324/72/1
f 251/155/1 325/127/1 324/72/1
f 251/155/1 250/156/1 325/127/1
f 250/156/1 356/144/1 325/127/1
f 250/156/1 357/157/1 356/144/1
f 250/156/1 249/158/1 357/157/1
f 249/158/1 358/159/1 357/157/1
f 249/158/1 359/160/1 358/159/1
f 539/161/1 588/136/1 540/123/1
f 249/158/1 360/162/1 359/160/1
f 249/158/1 361/163/1 360/162/1
f 249/158/1 362/164/1 361/163/1
f 539/161/1 589/165/1 588/136/1
f 249/158/1 363/166/1 362/164/1
f 249/158/1 248/167/1 363/166/1
f 248/167/1 364/168/1 363/166/1
f 248/167/1 365/169/1 364/168/1
f 248/167/1 366/170/1 365/169/1
f 248/167/1 367/171/1 366/170/1
f 248/167/1 368/172/1 367/171/1
f 248/167/1 369/173/1 368/172/1
f 248/167/1 370/174/1 369/173/1
f 248/167/1 371/175/1 370/174/1
f 248/167/1 372/176/1 371/175/1
f 248/167/1 373/177/1 372/176/1
f 247/178/2 373/177/2 248/167/2
f 246/179/1 374/180/1 247/178/1
f 374/180/1 373/177/1 247/178/1
f 246/179/1 13/181/1 374/180/1
f 13/181/1 375/182/1 374/180/1
f 539/161/1 590/183/1 589/165/1
f 538/184/1 590/183/1 539/161/1
f 13/181/1 376/185/1 375/182/1
f 246/179/1 14/186/1 13/181/1
f 12/187/1 376/185/1 13/181/1
f 538/184/1 591/188/1 590/183/1
f 12/187/1 377/189/1 376/185/1
f 245/190/1 14/186/1 246/179/1
f 538/184/1 592/191/1 591/188/1
f 538/184/1 593/192/1 592/191/1
f 11/193/1 377/189/1 12/187/1
f 538/184/1 594/194/1 593/192/1
f 537/195/1 594/194/1 538/184/1
f 537/195/1 595/196/1 594/194/1
f 537/195/1 596/197/1 595/196/1
f 537/195/1 597/198/1 596/197/1
f 537/195/1 598/199/1 597/198/1
f 537/195/1 599/200/1 598/199/1
f 537/195/1 600/201/1 599/200/1
f 537/195/1 601/202/1 600/201/1
f 537/195/1 602/203/1 601/202/1
f 537/195/1 603/204/1 602/203/1
f 537/195/1 604/205/1 603/204/1
f 537/195/1 605/206/1 604/205/1
f 537/195/1 606/207/1 605/206/1
f 537/195/1 607/208/1 606/207/1
f 537/195/1 608/209/1 607/208/1
f 537/195/1 609/210/1 608/209/1
f 537/195/1 610/211/1 609/210/1
f 537/195/1 611/212/1 610/211/1
f 537/195/1 612/213/1 611/212/1
f 11/193/1 378/214/1 377/189/1
f 537/195/1 613/215/1 612/213/1
f 537/195/1 614/216/1 613/215/1
f 537/195/1 615/217/1 614/216/1
f 537/195/1 616/218/1 615/217/1
f 537/195/1 617/219/1 616/218/1
f 10/220/1 378/214/1 11/193/1
f 537/195/1 618/221/1 617/219/1
f 537/195/1 619/222/1 618/221/1
f 537/195/1 620/223/1 619/222/1
f 536/224/1 620/223/1 537/195/1
f 536/224/1 621/225/1 620/223/1
f 536/224/1 622/226/1 621/225/1
f 245/190/1 15/227/1 14/186/1
f 536/224/1 623/228/1 622/226/1
f 10/220/1 379/229/1 378/214/1
f 244/230/1 15/227/1 245/190/1
f 536/224/1 624/231/1 623/228/1
f 536/224/1 625/232/1 624/231/1
f 536/224/1 626/233/1 625/232/1
f 536/224/1 627/234/1 626/233/1
f 536/224/1 483/235/1 627/234/1
f 483/235/1 628/236/1 627/234/1
f 9/237/1 379/229/1 10/220/1
f 244/230/1 16/238/1 15/227/1
f 9/237/1 380/239/1 379/229/1
f 535/240/1 483/235/1 536/224/1
f 244/230/1 17/241/1 16/238/1
f 8/242/1 380/239/1 9/237/1
f 8/242/1 381/243/1 380/239/1
f 243/244/1 175/245/1 244/230/1
f 175/245/1 17/241/1 244/230/1
f 535/240/1 484/246/1 483/235/1
f 482/247/1 628/236/1 483/235/1
f 534/248/1 484/246/1 535/240/1
f 175/245/1 18/249/1 17/241/1
f 243/244/1 176/250/1 175/245/1
f 174/251/1 18/249/1 175/245/1
f 8/242/1 382/252/1 381/243/1
f 7/253/1 382/252/1 8/242/1
f 534/248/1 485/254/1 484/246/1
f 534/248/1 486/255/1 485/254/1
f 243/244/1 177/256/1 176/250/1
f 7/253/1 383/257/1 382/252/1
f 174/251/1 19/258/1 18/249/1
f 533/259/1 486/255/1 534/248/1
f 533/259/1 487/260/1 486/255/1
f 6/261/1 383/257/1 7/253/1
f 242/262/1 177/256/1 243/244/1
f 173/263/1 19/258/1 174/251/1
f 533/259/1 488/264/1 487/260/1
f 242/262/1 178/265/1 177/256/1
f 6/261/1 384/266/1 383/257/1
f 533/259/1 489/267/1 488/264/1
f 173/263/1 20/268/1 19/258/1
f 5/269/1 384/266/1 6/261/1
f 532/270/1 489/267/1 533/259/1
f 172/271/1 20/268/1 173/263/1
f 242/262/1 179/272/1 178/265/1
f 532/270/1 490/273/1 489/267/1
f 5/269/1 385/274/1 384/266/1
f 532/270/1 491/275/1 490/273/1
f 241/276/1 179/272/1 242/262/1
f 241/276/1 180/277/1 179/272/1
f 4/278/1 385/274/1 5/269/1
f 532/270/1 492/279/1 491/275/1
f 172/271/1 21/280/1 20/268/1
f 4/278/1 386/281/1 385/274/1
f 531/282/1 492/279/1 532/270/1
f 171/283/1 21/280/1 172/271/1
f 531/282/1 493/284/1 492/279/1
f 241/276/1 181/285/1 180/277/1
f 3/286/1 386/281/1 4/278/1
f 3/286/1 387/287/1 386/281/1
f 531/282/1 494/288/1 493/284/1
f 530/289/1 494/288/1 531/282/1
f 529/290/1 494/288/1 530/289/1
f 528/291/1 494/288/1 529/290/1
f 527/292/1 494/288/1 528/291/1
f 527/292/1 495/293/1 494/288/1
f 526/294/1 495/293/1 527/292/1
f 241/276/1 182/295/1 181/285/1
f 525/296/1 495/293/1 526/294/1
f 524/297/1 495/293/1 525/296/1
f 523/298/1 495/293/1 524/297/1
f 170/299/1 21/280/1 171/283/1
f 522/300/1 495/293/1 523/298/1
f 521/301/1 495/293/1 522/300/1
f 520/302/1 495/293/1 521/301/1
f 519/303/1 495/293/1 520/302/1
f 518/304/1 495/293/1 519/303/1
f 170/299/1 22/305/1 21/280/1
f 240/306/1 182/295/1 241/276/1
f 517/307/1 495/293/1 518/304/1
f 3/286/1 388/308/1 387/287/1
f 516/309/1 495/293/1 517/307/1
f 515/310/1 495/293/1 516/309/1
f 514/311/1 495/293/1 515/310/1
f 513/312/1 495/293/1 514/311/1
f 512/313/1 495/293/1 513/312/1
f 511/314/1 495/293/1 512/313/1
f 510/315/1 495/293/1 511/314/1
f 509/316/1 495/293/1 510/315/1
f 509/316/1 496/317/1 495/293/1
f 509/316/1 497/318/1 496/317/1
f 509/316/1 498/319/1 497/318/1
f 509/316/1 499/320/1 498/319/1
f 509/316/1 500/321/1 499/320/1
f 508/322/1 500/321/1 509/316/1
f 508/322/1 501/323/1 500/321/1
f 508/322/1 502/324/1 501/323/1
f 508/322/1 503/325/1 502/324/1
f 508/322/1 504/326/1 503/325/1
f 507/327/1 504/326/1 508/322/1
f 507/327/1 505/328/1 504/326/1
f 507/327/1 506/329/1 505/328/1
f 2/330/1 388/308/1 3/286/1
f 240/306/1 183/331/1 182/295/1
f 2/330/1 389/332/1 388/308/1
f 169/333/1 22/305/1 170/299/1
f 2/330/1 390/334/1 389/332/1
f 240/306/1 184/335/1 183/331/1
f 1/336/1 390/334/1 2/330/1
f 169/333/1 23/337/1 22/305/1
f 239/338/1 184/335/1 240/306/1
f 1/336/1 391/339/1 390/334/1
f 239/338/1 185/340/1 184/335/1
f 168/341/1 23/337/1 169/333/1
f 481/342/1 391/339/1 1/336/1
f 481/342/1 392/343/1 391/339/1
f 239/338/1 186/344/1 185/340/1
f 481/342/1 393/345/1 392/343/1
f 168/341/1 24/346/1 23/337/1
f 480/347/1 393/345/1 481/342/1
f 167/348/1 24/346/1 168/341/1
f 239/338/1 187/349/1 186/344/1
f 480/347/1 394/350/1 393/345/1
f 238/351/1 187/349/1 239/338/1
f 479/352/1 394/350/1 480/347/1
f 479/352/1 395/353/1 394/350/1
f 238/351/1 188/354/1 187/349/1
f 166/355/1 24/346/1 167/348/1
f 479/352/1 396/356/1 395/353/1
f 478/357/1 396/356/1 479/352/1
f 238/351/1 189/358/1 188/354/1
f 166/355/1 25/359/1 24/346/1
f 478/357/1 397/360/1 396/356/1
f 238/351/1 190/361/1 189/358/1
f 237/362/1 190/361/1 238/351/1
f 477/363/1 397/360/1 478/357/1
f 477/363/1 398/364/1 397/360/1
f 165/365/1 25/359/1 166/355/1
f 38/366/1 40/367/1 39/368/1
f 38/366/1 41/369/1 40/367/1
f 37/370/1 41/369/1 38/366/1
f 37/370/1 42/371/1 41/369/1
f 36/372/1 42/371/1 37/370/1
f 36/372/1 43/373/1 42/371/1
f 35/374/1 43/373/1 36/372/1
f 35/374/1 44/375/1 43/373/1
f 477/363/1 399/376/1 398/364/1
f 477/363/1 400/377/1 399/376/1
f 477/363/1 401/378/1 400/377/1
f 477/363/1 402/379/1 401/378/1
f 237/362/1 191/380/1 190/361/1
f 34/381/1 44/375/1 35/374/1
f 477/363/1 403/382/1 402/379/1
f 477/363/1 404/383/1 403/382/1
f 34/381/1 45/384/1 44/375/1
f 477/363/1 405/385/1 404/383/1
f 477/363/1 406/386/1 405/385/1
f 477/363/1 407/387/1 406/386/1
f 477/363/1 408/388/1 407/387/1
f 477/363/1 409/389/1 408/388/1
f 33/390/1 45/384/1 34/381/1
f 33/390/1 46/391/1 45/384/1
f 476/392/1 409/389/1 477/363/1
f 476/392/1 410/393/1 409/389/1
f 476/392/1 411/394/1 410/393/1
f 476/392/1 412/395/1 411/394/1
f 476/392/1 413/396/1 412/395/1
f 476/392/1 414/397/1 413/396/1
f 33/390/1 47/398/1 46/391/1
f 32/399/1 47/398/1 33/390/1
f 476/392/1 415/400/1 414/397/1
f 476/392/1 416/401/1 415/400/1
f 476/392/1 417/402/1 416/401/1
f 663/403/1 628/236/1 482/247/1
f 476/392/1 418/404/1 417/402/1
f 476/392/1 419/405/1 418/404/1
f 476/392/1 420/406/1 419/405/1
f 237/362/1 192/407/1 191/380/1
f 476/392/1 421/408/1 420/406/1
f 476/392/1 422/409/1 421/408/1
f 476/392/1 423/410/1 422/409/1
f 32/399/1 48/411/1 47/398/1
f 164/412/1 25/359/1 165/365/1
f 476/392/1 424/413/1 423/410/1
f 31/414/1 48/411/1 32/399/1
f 164/412/1 26/415/1 25/359/1
f 476/392/1 425/416/1 424/413/1
f 31/414/1 49/417/1 48/411/1
f 475/418/1 425/416/1 476/392/1
f 475/418/1 426/419/1 425/416/1
f 30/420/1 49/417/1 31/414/1
f 237/362/1 193/421/1 192/407/1
f 475/418/1 427/422/1 426/419/1
f 30/420/1 50/423/1 49/417/1
f 236/424/1 193/421/1 237/362/1
f 29/425/1 50/423/1 30/420/1
f 475/418/1 428/426/1 427/422/1
f 29/425/1 51/427/1 50/423/1
f 474/428/1 428/426/1 475/418/1
f 474/428/1 429/429/1 428/426/1
f 163/430/1 26/415/1 164/412/1
f 236/424/1 194/431/1 193/421/1
f 28/432/1 51/427/1 29/425/1
f 28/432/1 52/433/1 51/427/1
f 662/434/1 628/236/1 663/403/1
f 474/428/1 430/435/1 429/429/1
f 28/432/1 53/436/1 52/433/1
f 473/437/1 430/435/1 474/428/1
f 28/432/1 54/438/1 53/436/1
f 27/439/1 54/438/1 28/432/1
f 149/440/1 151/441/1 150/442/1
f 473/437/1 431/443/1 430/435/1
f 236/424/1 195/444/1 194/431/1
f 27/439/1 55/445/1 54/438/1
f 149/440/1 152/446/1 151/441/1
f 149/440/1 153/447/1 152/446/1
f 149/440/1 154/448/1 153/447/1
f 27/439/1 56/449/1 55/445/1
f 149/440/1 155/450/1 154/448/1
f 149/440/1 156/451/1 155/450/1
f 149/440/1 157/452/1 156/451/1
f 149/440/1 158/453/1 157/452/1
f 27/439/1 57/454/1 56/449/1
f 149/440/1 159/455/1 158/453/1
f 473/437/1 432/456/1 431/443/1
f 149/440/1 160/457/1 159/455/1
f 149/440/1 161/458/1 160/457/1
f 149/440/1 162/459/1 161/458/1
f 149/440/1 163/430/1 162/459/1
f 149/440/1 148/460/1 163/430/1
f 148/460/1 147/461/1 163/430/1
f 147/461/1 146/462/1 163/430/1
f 146/462/1 145/463/1 163/430/1
f 145/463/1 26/415/1 163/430/1
f 145/463/1 144/464/1 26/415/1
f 144/464/1 143/465/1 26/415/1
f 143/465/1 27/439/1 26/415/1
f 143/465/1 142/466/1 27/439/1
f 142/466/1 141/467/1 27/439/1
f 141/467/1 140/468/1 27/439/1
f 140/468/1 57/454/1 27/439/1
f 472/469/1 432/456/1 473/437/1
f 140/468/1 58/470/1 57/454/1
f 236/424/1 196/471/1 195/444/1
f 140/468/1 59/472/1 58/470/1
f 235/473/1 196/471/1 236/424/1
f 140/468/1 139/474/1 59/472/1
f 139/474/1 60/475/1 59/472/1
f 472/469/1 433/476/1 432/456/1
f 139/474/1 61/477/1 60/475/1
f 139/474/1 62/478/1 61/477/1
f 661/479/1 628/236/1 662/434/1
f 471/480/1 433/476/1 472/469/1
f 139/474/1 138/481/1 62/478/1
f 138/481/1 63/482/1 62/478/1
f 138/481/1 64/483/1 63/482/1
f 235/473/1 197/484/1 196/471/1
f 138/481/1 65/485/1 64/483/1
f 471/480/1 434/486/1 433/476/1
f 138/481/1 66/487/1 65/485/1
f 138/481/1 67/488/1 66/487/1
f 138/481/1 137/489/1 67/488/1
f 137/489/1 68/490/1 67/488/1
f 137/489/1 69/491/1 68/490/1
f 137/489/1 70/492/1 69/491/1
f 470/493/1 434/486/1 471/480/1
f 137/489/1 71/494/1 70/492/1
f 137/489/1 72/495/1 71/494/1
f 137/489/1 73/496/1 72/495/1
f 137/489/1 74/497/1 73/496/1
f 137/489/1 75/498/1 74/497/1
f 136/499/1 75/498/1 137/489/1
f 135/500/1 76/501/1 136/499/1
f 76/501/1 75/498/1 136/499/1
f 135/500/1 77/502/1 76/501/1
f 235/473/1 198/503/1 197/484/1
f 470/493/1 435/504/1 434/486/1
f 470/493/1 436/505/1 435/504/1
f 470/493/1 437/506/1 436/505/1
f 469/507/1 437/506/1 470/493/1
f 469/507/1 438/508/1 437/506/1
f 135/500/1 78/509/1 77/502/1
f 468/510/1 438/508/1 469/507/1
f 468/510/1 439/511/1 438/508/1
f 660/512/1 628/236/1 661/479/1
f 235/473/1 199/513/1 198/503/1
f 234/514/1 199/513/1 235/473/1
f 233/515/1 199/513/1 234/514/1
f 232/516/1 199/513/1 233/515/1
f 231/517/1 199/513/1 232/516/1
f 230/518/1 199/513/1 231/517/1
f 229/519/1 199/513/1 230/518/1
f 228/520/1 199/513/1 229/519/1
f 468/510/1 440/521/1 439/511/1
f 227/522/1 199/513/1 228/520/1
f 467/523/1 440/521/1 468/510/1
f 226/524/1 199/513/1 227/522/1
f 225/525/1 199/513/1 226/524/1
f 224/526/1 199/513/1 225/525/1
f 223/527/1 199/513/1 224/526/1
f 222/528/1 199/513/1 223/527/1
f 467/523/1 441/529/1 440/521/1
f 221/530/1 199/513/1 222/528/1
f 466/531/1 441/529/1 467/523/1
f 466/531/1 442/532/1 441/529/1
f 220/533/1 199/513/1 221/530/1
f 466/531/1 443/534/1 442/532/1
f 219/535/1 199/513/1 220/533/1
f 465/536/1 443/534/1 466/531/1
f 135/500/1 79/537/1 78/509/1
f 218/538/1 199/513/1 219/535/1
f 465/536/1 444/539/1 443/534/1
f 217/540/1 199/513/1 218/538/1
f 464/541/1 444/539/1 465/536/1
f 464/541/1 445/542/1 444/539/1
f 216/543/1 199/513/1 217/540/1
f 215/544/1 199/513/1 216/543/1
f 464/541/1 446/545/1 445/542/1
f 214/546/1 199/513/1 215/544/1
f 463/547/1 446/545/1 464/541/1
f 213/548/1 199/513/1 214/546/1
f 213/548/1 200/549/1 199/513/1
f 463/547/1 447/550/1 446/545/1
f 213/548/1 201/551/1 200/549/1
f 213/548/1 202/552/1 201/551/1
f 213/548/1 203/553/1 202/552/1
f 212/554/1 203/553/1 213/548/1
f 212/554/1 204/555/1 203/553/1
f 212/554/1 205/556/1 204/555/1
f 212/554/1 206/557/1 205/556/1
f 212/554/1 207/558/1 206/557/1
f 211/559/1 207/558/1 212/554/1
f 211/559/1 208/560/1 207/558/1
f 211/559/1 209/561/1 208/560/1
f 211/559/1 210/562/1 209/561/1
f 463/547/1 448/563/1 447/550/1
f 462/564/1 448/563/1 463/547/1
f 462/564/1 449/565/1 448/563/1
f 462/564/1 450/566/1 449/565/1
f 134/567/1 79/537/1 135/500/1
f 461/568/1 450/566/1 462/564/1
f 461/568/1 451/569/1 450/566/1
f 461/568/1 452/570/1 451/569/1
f 460/571/1 452/570/1 461/568/1
f 460/571/1 453/572/1 452/570/1
f 460/571/1 454/573/1 453/572/1
f 459/574/1 454/573/1 460/571/1
f 459/574/1 455/575/1 454/573/1
f 459/574/1 456/576/1 455/575/1
f 458/577/1 456/576/1 459/574/1
f 458/577/1 457/578/1 456/576/1
f 134/567/1 80/579/1 79/537/1
f 659/580/1 628/236/1 660/512/1
f 134/567/1 81/581/1 80/579/1
f 133/582/1 81/581/1 134/567/1
f 133/582/1 82/583/1 81/581/1
f 658/584/1 628/236/1 659/580/1
f 133/582/1 83/585/1 82/583/1
f 132/586/1 83/585/1 133/582/1
f 132/586/1 84/587/1 83/585/1
f 657/588/1 628/236/1 658/584/1
f 132/586/1 85/589/1 84/587/1
f 131/590/1 85/589/1 132/586/1
f 131/590/1 86/591/1 85/589/1
f 656/592/1 628/236/1 657/588/1
f 131/590/1 87/593/1 86/591/1
f 130/594/1 87/593/1 131/590/1
f 130/594/1 88/595/1 87/593/1
f 655/596/1 628/236/1 656/592/1
f 129/597/1 88/595/1 130/594/1
f 129/597/1 89/598/1 88/595/1
f 129/597/1 90/599/1 89/598/1
f 128/600/1 90/599/1 129/597/1
f 654/601/1 628/236/1 655/596/1
f 128/600/1 91/602/1 90/599/1
f 127/603/1 91/602/1 128/600/1
f 127/603/1 92/604/1 91/602/1
f 127/603/1 93/605/1 92/604/1
f 653/606/1 628/236/1 654/601/1
f 127/603/1 94/607/1 93/605/1
f 126/608/1 94/607/1 127/603/1
f 126/608/1 95/609/1 94/607/1
f 126/608/1 96/610/1 95/609/1
f 125/611/1 96/610/1 126/608/1
f 652/612/1 628/236/1 653/606/1
f 125/611/1 97/613/1 96/610/1
f 125/611/1 98/614/1 97/613/1
f 125/611/1 99/615/1 98/614/1
f 124/616/1 99/615/1 125/611/1
f 124/616/1 100/617/1 99/615/1
f 124/616/1 101/618/1 100/617/1
f 652/612/1 629/619/1 628/236/1
f 651/620/1 629/619/1 652/612/1
f 124/616/1 102/621/1 101/618/1
f 651/620/1 630/622/1 629/619/1
f 123/623/1 102/621/1 124/616/1
f 650/624/1 630/622/1 651/620/1
f 123/623/1 103/625/1 102/621/1
f 122/626/1 103/625/1 123/623/1
f 650/624/1 631/627/1 630/622/1
f 122/626/1 104/628/1 103/625/1
f 649/629/1 631/627/1 650/624/1
f 121/630/1 104/628/1 122/626/1
f 649/629/1 632/631/1 631/627/1
f 121/630/1 105/632/1 104/628/1
f 120/633/1 105/632/1 121/630/1
f 648/634/1 632/631/1 649/629/1
f 119/635/1 105/632/1 120/633/1
f 648/634/1 633/636/1 632/631/1
f 119/635/1 106/637/1 105/632/1
f 647/638/1 633/636/1 648/634/1
f 118/639/1 106/637/1 119/635/1
f 118/639/1 107/640/1 106/637/1
f 647/638/1 634/641/1 633/636/1
f 117/642/1 107/640/1 118/639/1
f 646/643/1 634/641/1 647/638/1
f 117/642/1 108/644/1 107/640/1
f 116/645/1 108/644/1 117/642/1
f 646/643/1 635/646/1 634/641/1
f 116/645/1 109/647/1 108/644/1
f 645/648/1 635/646/1 646/643/1
f 115/649/1 109/647/1 116/645/1
f 115/649/1 110/650/1 109/647/1
f 114/651/1 110/650/1 115/649/1
f 645/648/1 636/652/1 635/646/1
f 114/651/1 111/653/1 110/650/1
f 113/654/1 111/653/1 114/651/1
f 644/655/1 636/652/1 645/648/1
f 113/654/1 112/656/1 111/653/1
f 644/655/1 637/657/1 636/652/1
f 643/658/1 637/657/1 644/655/1
f 643/658/1 638/659/1 637/657/1
f 642/660/1 638/659/1 643/658/1
f 642/660/1 639/661/1 638/659/1
f 641/662/1 639/661/1 642/660/1
f 641/662/1 640/663/1 639/661/1
f 1217/664/2 1218/665/2 1219/666/2
f 949/667/2 950/668/2 951/669/2
f 1217/664/2 1219/666/2 1220/670/2
f 949/667/2 951/669/2 952/671/2
f 949/667/2 952/671/2 953/672/2
f 949/667/2 953/672/2 954/673/2
f 949/667/2 954/673/2 955/674/2
f 1217/664/2 1220/670/2 1221/675/2
f 949/667/2 955/674/2 956/676/2
f 1216/677/2 1217/664/2 1221/675/2
f 949/667/2 956/676/2 957/678/2
f 949/667/2 957/678/2 958/679/2
f 948/680/2 949/667/2 958/679/2
f 948/680/2 958/679/2 959/681/2
f 1216/677/2 1221/675/2 1222/682/2
f 948/680/2 959/681/2 960/683/2
f 948/680/2 960/683/2 961/684/2
f 948/680/2 961/684/2 962/685/2
f 948/680/2 962/685/2 963/686/2
f 1216/677/2 1222/682/2 1223/687/2
f 948/680/2 963/686/2 964/688/2
f 948/680/2 964/688/2 965/689/2
f 948/680/2 965/689/2 966/690/2
f 947/691/2 948/680/2 966/690/2
f 1215/692/2 1216/677/2 1223/687/2
f 947/691/2 966/690/2 967/693/2
f 1215/692/2 1223/687/2 1224/694/2
f 947/691/2 967/693/2 968/695/2
f 947/691/2 968/695/2 969/696/2
f 947/691/2 969/696/2 970/697/2
f 1215/692/2 1224/694/2 1225/698/2
f 947/691/2 970/697/2 971/699/2
f 947/691/2 971/699/2 972/700/2
f 946/701/2 947/691/2 972/700/2
f 946/701/2 972/700/2 973/702/2
f 1215/692/2 1225/698/2 1226/703/2
f 946/701/2 973/702/2 974/704/2
f 1214/705/2 1215/692/2 1226/703/2
f 946/701/2 974/704/2 975/706/2
f 1214/705/2 1226/703/2 1227/707/2
f 946/701/2 975/706/2 976/708/2
f 1214/705/2 1227/707/2 1228/709/2
f 946/701/2 976/708/2 977/710/2
f 945/711/2 946/701/2 977/710/2
f 945/711/2 977/710/2 978/712/2
f 1214/705/2 1228/709/2 1229/713/2
f 945/711/2 978/712/2 979/714/2
f 1214/705/2 1229/713/2 1230/715/2
f 945/711/2 979/714/2 980/716/2
f 1213/717/2 1214/705/2 1230/715/2
f 945/711/2 980/716/2 981/718/2
f 1213/717/2 1230/715/2 1231/719/2
f 944/720/2 945/711/2 981/718/2
f 944/720/2 981/718/2 982/721/2
f 1213/717/2 1231/719/2 1232/722/2
f 944/720/2 982/721/2 983/723/2
f 1213/717/2 1232/722/2 1233/724/2
f 1213/717/2 1233/724/2 1234/725/2
f 944/720/2 983/723/2 984/726/2
f 1213/717/2 1234/725/2 1235/727/2
f 944/720/2 984/726/2 985/728/2
f 943/729/2 944/720/2 985/728/2
f 1213/717/2 1235/727/2 1236/730/2
f 1212/731/2 1213/717/2 1236/730/2
f 943/729/2 985/728/2 986/732/2
f 1212/731/2 1236/730/2 1237/733/2
f 1212/731/2 1237/733/2 1238/734/2
f 943/729/2 986/732/2 987/735/2
f 1212/731/2 1238/734/2 1239/736/2
f 1212/731/2 1239/736/2 1240/737/2
f 1212/731/2 1240/737/2 1241/738/2
f 1212/731/2 1241/738/2 1242/739/2
f 942/740/2 943/729/2 987/735/2
f 1212/731/2 1242/739/2 1243/741/2
f 1211/742/2 1212/731/2 1243/741/2
f 941/743/2 942/740/2 987/735/2
f 1210/744/2 1211/742/2 1243/741/2
f 940/745/2 941/743/2 987/735/2
f 1210/744/2 1243/741/2 1244/746/2
f 1209/747/2 1210/744/2 1244/746/2
f 939/748/2 940/745/2 987/735/2
f 938/749/2 939/748/2 987/735/2
f 1208/750/2 1209/747/2 1244/746/2
f 1208/750/2 1244/746/2 1245/751/2
f 937/752/2 938/749/2 987/735/2
f 1207/753/2 1208/750/2 1245/751/2
f 1207/753/2 1245/751/2 1246/754/2
f 1206/755/2 1207/753/2 1246/754/2
f 1205/756/2 1206/755/2 1246/754/2
f 1205/756/2 1246/754/2 1247/757/2
f 999/758/2 1000/759/2 1001/760/2
f 999/758/2 1001/760/2 1002/761/2
f 998/762/2 999/758/2 1002/761/2
f 998/762/2 1002/761/2 1003/763/2
f 997/764/2 998/762/2 1003/763/2
f 997/764/2 1003/763/2 1004/765/2
f 1205/756/2 1247/757/2 1248/766/2
f 996/767/2 997/764/2 1004/765/2
f 996/767/2 1004/765/2 1005/768/2
f 995/769/2 996/767/2 1005/768/2
f 995/769/2 1005/768/2 1006/770/2
f 995/769/2 1006/770/2 1007/771/2
f 994/772/2 995/769/2 1007/771/2
f 1204/773/2 1205/756/2 1248/766/2
f 994/772/2 1007/771/2 1008/774/2
f 993/775/2 994/772/2 1008/774/2
f 993/775/2 1008/774/2 1009/776/2
f 992/777/2 993/775/2 1009/776/2
f 1204/773/2 1248/766/2 1249/778/2
f 992/777/2 1009/776/2 1010/779/2
f 991/780/2 992/777/2 1010/779/2
f 991/780/2 1010/779/2 1011/781/2
f 991/780/2 1011/781/2 1012/782/2
f 990/783/2 991/780/2 1012/782/2
f 1204/773/2 1249/778/2 1250/784/2
f 990/783/2 1012/782/2 1013/785/2
f 1203/786/2 1204/773/2 1250/784/2
f 989/787/2 990/783/2 1013/785/2
f 989/787/2 1013/785/2 1014/788/2
f 989/787/2 1014/788/2 1015/789/2
f 988/790/2 989/787/2 1015/789/2
f 988/790/2 1015/789/2 1016/791/2
f 923/792/2 924/793/2 925/794/2
f 988/790/2 1016/791/2 1017/795/2
f 923/792/2 925/794/2 926/796/2
f 923/792/2 926/796/2 927/797/2
f 923/792/2 927/797/2 928/798/2
f 1203/786/2 1250/784/2 1251/799/2
f 923/792/2 928/798/2 929/800/2
f 988/790/2 1017/795/2 1018/801/2
f 923/792/2 929/800/2 930/802/2
f 923/792/2 930/802/2 931/803/2
f 923/792/2 931/803/2 932/804/2
f 923/792/2 932/804/2 933/805/2
f 923/792/2 933/805/2 934/806/2
f 988/790/2 1018/801/2 1019/807/2
f 923/792/2 934/806/2 935/808/2
f 923/792/2 935/808/2 936/809/2
f 923/792/2 936/809/2 922/810/2
f 922/810/2 936/809/2 921/811/2
f 921/811/2 936/809/2 920/812/2
f 920/812/2 936/809/2 919/813/2
f 919/813/2 936/809/2 937/752/2
f 919/813/2 937/752/2 918/814/2
f 918/814/2 937/752/2 917/815/2
f 917/815/2 937/752/2 916/816/2
f 916/816/2 937/752/2 987/735/2
f 916/816/2 987/735/2 915/817/2
f 915/817/2 987/735/2 914/818/2
f 914/818/2 987/735/2 988/790/2
f 914/818/2 988/790/2 913/819/2
f 913/819/2 988/790/2 1019/807/2
f 913/819/2 1019/807/2 1020/820/2
f 913/819/2 1020/820/2 912/821/2
f 912/821/2 1020/820/2 1021/822/2
f 912/821/2 1021/822/2 1022/823/2
f 1202/824/2 1203/786/2 1251/799/2
f 912/821/2 1022/823/2 1023/825/2
f 912/821/2 1023/825/2 1024/826/2
f 912/821/2 1024/826/2 1025/827/2
f 1202/824/2 1251/799/2 1252/828/2
f 912/821/2 1025/827/2 1026/829/2
f 912/821/2 1026/829/2 911/830/2
f 911/830/2 1026/829/2 1027/831/2
f 911/830/2 1027/831/2 1028/832/2
f 911/830/2 1028/832/2 1029/833/2
f 911/830/2 1029/833/2 1030/834/2
f 911/830/2 1030/834/2 1031/835/2
f 911/830/2 1031/835/2 1032/836/2
f 911/830/2 1032/836/2 1033/837/2
f 911/830/2 1033/837/2 1034/838/2
f 911/830/2 1034/838/2 1035/839/2
f 911/830/2 1035/839/2 1036/840/2
f 910/841/1 911/830/1 1036/840/1
f 909/842/2 910/841/2 1037/843/2
f 1037/843/2 910/841/2 1036/840/2
f 909/842/2 1037/843/2 676/844/2
f 676/844/2 1037/843/2 1038/845/2
f 1202/824/2 1252/828/2 1253/846/2
f 1201/847/2 1202/824/2 1253/846/2
f 676/844/2 1038/845/2 1039/848/2
f 909/842/2 676/844/2 677/849/2
f 675/850/2 676/844/2 1039/848/2
f 1201/847/2 1253/846/2 1254/851/2
f 675/850/2 1039/848/2 1040/852/2
f 908/853/2 909/842/2 677/849/2
f 1201/847/2 1254/851/2 1255/854/2
f 1201/847/2 1255/854/2 1256/855/2
f 674/856/2 675/850/2 1040/852/2
f 1201/847/2 1256/855/2 1257/857/2
f 1200/858/2 1201/847/2 1257/857/2
f 1200/858/2 1257/857/2 1258/859/2
f 1200/858/2 1258/859/2 1259/860/2
f 1200/858/2 1259/860/2 1260/861/2
f 1200/858/2 1260/861/2 1261/862/2
f 1200/858/2 1261/862/2 1262/863/2
f 1200/858/2 1262/863/2 1263/864/2
f 1200/858/2 1263/864/2 1264/865/2
f 1200/858/2 1264/865/2 1265/866/2
f 1200/858/2 1265/866/2 1266/867/2
f 1200/858/2 1266/867/2 1267/868/2
f 1200/858/2 1267/868/2 1268/869/2
f 1200/858/2 1268/869/2 1269/870/2
f 1200/858/2 1269/870/2 1270/871/2
f 1200/858/2 1270/871/2 1271/872/2
f 1200/858/2 1271/872/2 1272/873/2
f 1200/858/2 1272/873/2 1273/874/2
f 1200/858/2 1273/874/2 1274/875/2
f 1200/858/2 1274/875/2 1275/876/2
f 674/856/2 1040/852/2 1041/877/2
f 1200/858/2 1275/876/2 1276/878/2
f 1200/858/2 1276/878/2 1277/879/2
f 1200/858/2 1277/879/2 1278/880/2
f 1200/858/2 1278/880/2 1279/881/2
f 1200/858/2 1279/881/2 1280/882/2
f 673/883/2 674/856/2 1041/877/2
f 1200/858/2 1280/882/2 1281/884/2
f 1200/858/2 1281/884/2 1282/885/2
f 1200/858/2 1282/885/2 1283/886/2
f 1199/887/2 1200/858/2 1283/886/2
f 1199/887/2 1283/886/2 1284/888/2
f 1199/887/2 1284/888/2 1285/889/2
f 908/853/2 677/849/2 678/890/2
f 1199/887/2 1285/889/2 1286/891/2
f 673/883/2 1041/877/2 1042/892/2
f 907/893/2 908/853/2 678/890/2
f 1199/887/2 1286/891/2 1287/894/2
f 1199/887/2 1287/894/2 1288/895/2
f 1199/887/2 1288/895/2 1289/896/2
f 1199/887/2 1289/896/2 1290/897/2
f 1199/887/2 1290/897/2 1146/898/2
f 1146/898/2 1290/897/2 1291/899/2
f 672/900/2 673/883/2 1042/892/2
f 907/893/2 678/890/2 679/901/2
f 672/900/2 1042/892/2 1043/902/2
f 1198/903/2 1199/887/2 1146/898/2
f 907/893/2 679/901/2 680/904/2
f 671/905/2 672/900/2 1043/902/2
f 671/905/2 1043/902/2 1044/906/2
f 906/907/2 907/893/2 838/908/2
f 838/908/2 907/893/2 680/904/2
f 1198/903/2 1146/898/2 1147/909/2
f 1145/910/2 1146/898/2 1291/899/2
f 1197/911/2 1198/903/2 1147/909/2
f 838/908/2 680/904/2 681/912/2
f 906/907/2 838/908/2 839/913/2
f 837/914/2 838/908/2 681/912/2
f 671/905/2 1044/906/2 1045/915/2
f 670/916/2 671/905/2 1045/915/2
f 1197/911/2 1147/909/2 1148/917/2
f 1197/911/2 1148/917/2 1149/918/2
f 906/907/2 839/913/2 840/919/2
f 670/916/2 1045/915/2 1046/920/2
f 837/914/2 681/912/2 682/921/2
f 1196/922/2 1197/911/2 1149/918/2
f 1196/922/2 1149/918/2 1150/923/2
f 669/924/2 670/916/2 1046/920/2
f 905/925/2 906/907/2 840/919/2
f 836/926/2 837/914/2 682/921/2
f 1196/922/2 1150/923/2 1151/927/2
f 905/925/2 840/919/2 841/928/2
f 669/924/2 1046/920/2 1047/929/2
f 1196/922/2 1151/927/2 1152/930/2
f 836/926/2 682/921/2 683/931/2
f 668/932/2 669/924/2 1047/929/2
f 1195/933/2 1196/922/2 1152/930/2
f 835/934/2 836/926/2 683/931/2
f 905/925/2 841/928/2 842/935/2
f 1195/933/2 1152/930/2 1153/936/2
f 668/932/2 1047/929/2 1048/937/2
f 1195/933/2 1153/936/2 1154/938/2
f 904/939/2 905/925/2 842/935/2
f 904/939/2 842/935/2 843/940/2
f 667/941/2 668/932/2 1048/937/2
f 1195/933/2 1154/938/2 1155/942/2
f 835/934/2 683/931/2 684/943/2
f 667/941/2 1048/937/2 1049/944/2
f 1194/945/2 1195/933/2 1155/942/2
f 834/946/2 835/934/2 684/943/2
f 1194/945/2 1155/942/2 1156/947/2
f 904/939/2 843/940/2 844/948/2
f 666/949/2 667/941/2 1049/944/2
f 666/949/2 1049/944/2 1050/950/2
f 1194/945/2 1156/947/2 1157/951/2
f 1193/952/2 1194/945/2 1157/951/2
f 1192/953/2 1193/952/2 1157/951/2
f 1191/954/2 1192/953/2 1157/951/2
f 1190/955/2 1191/954/2 1157/951/2
f 1190/955/2 1157/951/2 1158/956/2
f 1189/957/2 1190/955/2 1158/956/2
f 904/939/2 844/948/2 845/958/2
f 1188/959/2 1189/957/2 1158/956/2
f 1187/960/2 1188/959/2 1158/956/2
f 1186/961/2 1187/960/2 1158/956/2
f 833/962/2 834/946/2 684/943/2
f 1185/963/2 1186/961/2 1158/956/2
f 1184/964/2 1185/963/2 1158/956/2
f 1183/965/2 1184/964/2 1158/956/2
f 1182/966/2 1183/965/2 1158/956/2
f 1181/967/2 1182/966/2 1158/956/2
f 833/962/2 684/943/2 685/968/2
f 903/969/2 904/939/2 845/958/2
f 1180/970/2 1181/967/2 1158/956/2
f 666/949/2 1050/950/2 1051/971/2
f 1179/972/2 1180/970/2 1158/956/2
f 1178/973/2 1179/972/2 1158/956/2
f 1177/974/2 1178/973/2 1158/956/2
f 1176/975/2 1177/974/2 1158/956/2
f 1175/976/2 1176/975/2 1158/956/2
f 1174/977/2 1175/976/2 1158/956/2
f 1173/978/2 1174/977/2 1158/956/2
f 1172/979/2 1173/978/2 1158/956/2
f 1172/979/2 1158/956/2 1159/980/2
f 1172/979/2 1159/980/2 1160/981/2
f 1172/979/2 1160/981/2 1161/982/2
f 1172/979/2 1161/982/2 1162/983/2
f 1172/979/2 1162/983/2 1163/984/2
f 1171/985/2 1172/979/2 1163/984/2
f 1171/985/2 1163/984/2 1164/986/2
f 1171/985/2 1164/986/2 1165/987/2
f 1171/985/2 1165/987/2 1166/988/2
f 1171/985/2 1166/988/2 1167/989/2
f 1170/990/2 1171/985/2 1167/989/2
f 1170/990/2 1167/989/2 1168/991/2
f 1170/990/2 1168/991/2 1169/992/2
f 665/993/2 666/949/2 1051/971/2
f 903/969/2 845/958/2 846/994/2
f 665/993/2 1051/971/2 1052/995/2
f 832/996/2 833/962/2 685/968/2
f 665/993/2 1052/995/2 1053/997/2
f 903/969/2 846/994/2 847/998/2
f 664/999/2 665/993/2 1053/997/2
f 832/996/2 685/968/2 686/1000/2
f 902/1001/2 903/969/2 847/998/2
f 664/999/2 1053/997/2 1054/1002/2
f 902/1001/2 847/998/2 848/1003/2
f 831/1004/2 832/996/2 686/1000/2
f 1144/1005/2 664/999/2 1054/1002/2
f 1144/1005/2 1054/1002/2 1055/1006/2
f 902/1001/2 848/1003/2 849/1007/2
f 1144/1005/2 1055/1006/2 1056/1008/2
f 831/1004/2 686/1000/2 687/1009/2
f 1143/1010/2 1144/1005/2 1056/1008/2
f 830/1011/2 831/1004/2 687/1009/2
f 902/1001/2 849/1007/2 850/1012/2
f 1143/1010/2 1056/1008/2 1057/1013/2
f 901/1014/2 902/1001/2 850/1012/2
f 1142/1015/2 1143/1010/2 1057/1013/2
f 1142/1015/2 1057/1013/2 1058/1016/2
f 901/1014/2 850/1012/2 851/1017/2
f 829/1018/2 830/1011/2 687/1009/2
f 1142/1015/2 1058/1016/2 1059/1019/2
f 1141/1020/2 1142/1015/2 1059/1019/2
f 901/1014/2 851/1017/2 852/1021/2
f 829/1018/2 687/1009/2 688/1022/2
f 1141/1020/2 1059/1019/2 1060/1023/2
f 901/1014/2 852/1021/2 853/1024/2
f 900/1025/2 901/1014/2 853/1024/2
f 1140/1026/2 1141/1020/2 1060/1023/2
f 1140/1026/2 1060/1023/2 1061/1027/2
f 828/1028/2 829/1018/2 688/1022/2
f 701/1029/2 702/1030/2 703/1031/2
f 701/1029/2 703/1031/2 704/1032/2
f 700/1033/2 701/1029/2 704/1032/2
f 700/1033/2 704/1032/2 705/1034/2
f 699/1035/2 700/1033/2 705/1034/2
f 699/1035/2 705/1034/2 706/1036/2
f 698/1037/2 699/1035/2 706/1036/2
f 698/1037/2 706/1036/2 707/1038/2
f 1140/1026/2 1061/1027/2 1062/1039/2
f 1140/1026/2 1062/1039/2 1063/1040/2
f 1140/1026/2 1063/1040/2 1064/1041/2
f 1140/1026/2 1064/1041/2 1065/1042/2
f 900/1025/2 853/1024/2 854/1043/2
f 697/1044/2 698/1037/2 707/1038/2
f 1140/1026/2 1065/1042/2 1066/1045/2
f 1140/1026/2 1066/1045/2 1067/1046/2
f 697/1044/2 707/1038/2 708/1047/2
f 1140/1026/2 1067/1046/2 1068/1048/2
f 1140/1026/2 1068/1048/2 1069/1049/2
f 1140/1026/2 1069/1049/2 1070/1050/2
f 1140/1026/2 1070/1050/2 1071/1051/2
f 1140/1026/2 1071/1051/2 1072/1052/2
f 696/1053/2 697/1044/2 708/1047/2
f 696/1053/2 708/1047/2 709/1054/2
f 1139/1055/2 1140/1026/2 1072/1052/2
f 1139/1055/2 1072/1052/2 1073/1056/2
f 1139/1055/2 1073/1056/2 1074/1057/2
f 1139/1055/2 1074/1057/2 1075/1058/2
f 1139/1055/2 1075/1058/2 1076/1059/2
f 1139/1055/2 1076/1059/2 1077/1060/2
f 696/1053/2 709/1054/2 710/1061/2
f 695/1062/2 696/1053/2 710/1061/2
f 1139/1055/2 1077/1060/2 1078/1063/2
f 1139/1055/2 1078/1063/2 1079/1064/2
f 1139/1055/2 1079/1064/2 1080/1065/2
f 1326/1066/2 1145/910/2 1291/899/2
f 1139/1055/2 1080/1065/2 1081/1067/2
f 1139/1055/2 1081/1067/2 1082/1068/2
f 1139/1055/2 1082/1068/2 1083/1069/2
f 900/1025/2 854/1043/2 855/1070/2
f 1139/1055/2 1083/1069/2 1084/1071/2
f 1139/1055/2 1084/1071/2 1085/1072/2
f 1139/1055/2 1085/1072/2 1086/1073/2
f 695/1062/2 710/1061/2 711/1074/2
f 827/1075/2 828/1028/2 688/1022/2
f 1139/1055/2 1086/1073/2 1087/1076/2
f 694/1077/2 695/1062/2 711/1074/2
f 827/1075/2 688/1022/2 689/1078/2
f 1139/1055/2 1087/1076/2 1088/1079/2
f 694/1077/2 711/1074/2 712/1080/2
f 1138/1081/2 1139/1055/2 1088/1079/2
f 1138/1081/2 1088/1079/2 1089/1082/2
f 693/1083/2 694/1077/2 712/1080/2
f 900/1025/2 855/1070/2 856/1084/2
f 1138/1081/2 1089/1082/2 1090/1085/2
f 693/1083/2 712/1080/2 713/1086/2
f 899/1087/2 900/1025/2 856/1084/2
f 692/1088/2 693/1083/2 713/1086/2
f 1138/1081/2 1090/1085/2 1091/1089/2
f 692/1088/2 713/1086/2 714/1090/2
f 1137/1091/2 1138/1081/2 1091/1089/2
f 1137/1091/2 1091/1089/2 1092/1092/2
f 826/1093/2 827/1075/2 689/1078/2
f 899/1087/2 856/1084/2 857/1094/2
f 691/1095/2 692/1088/2 714/1090/2
f 691/1095/2 714/1090/2 715/1096/2
f 1325/1097/2 1326/1066/2 1291/899/2
f 1137/1091/2 1092/1092/2 1093/1098/2
f 691/1095/2 715/1096/2 716/1099/2
f 1136/1100/2 1137/1091/2 1093/1098/2
f 691/1095/2 716/1099/2 717/1101/2
f 690/1102/2 691/1095/2 717/1101/2
f 812/1103/2 813/1104/2 814/1105/2
f 1136/1100/2 1093/1098/2 1094/1106/2
f 899/1087/2 857/1094/2 858/1107/2
f 690/1102/2 717/1101/2 718/1108/2
f 812/1103/2 814/1105/2 815/1109/2
f 812/1103/2 815/1109/2 816/1110/2
f 812/1103/2 816/1110/2 817/1111/2
f 690/1102/2 718/1108/2 719/1112/2
f 812/1103/2 817/1111/2 818/1113/2
f 812/1103/2 818/1113/2 819/1114/2
f 812/1103/2 819/1114/2 820/1115/2
f 812/1103/2 820/1115/2 821/1116/2
f 690/1102/2 719/1112/2 720/1117/2
f 812/1103/2 821/1116/2 822/1118/2
f 1136/1100/2 1094/1106/2 1095/1119/2
f 812/1103/2 822/1118/2 823/1120/2
f 812/1103/2 823/1120/2 824/1121/2
f 812/1103/2 824/1121/2 825/1122/2
f 812/1103/2 825/1122/2 826/1093/2
f 812/1103/2 826/1093/2 811/1123/2
f 811/1123/2 826/1093/2 810/1124/2
f 810/1124/2 826/1093/2 809/1125/2
f 809/1125/2 826/1093/2 808/1126/2
f 808/1126/2 826/1093/2 689/1078/2
f 808/1126/2 689/1078/2 807/1127/2
f 807/1127/2 689/1078/2 806/1128/2
f 806/1128/2 689/1078/2 690/1102/2
f 806/1128/2 690/1102/2 805/1129/2
f 805/1129/2 690/1102/2 804/1130/2
f 804/1130/2 690/1102/2 803/1131/2
f 803/1131/2 690/1102/2 720/1117/2
f 1135/1132/2 1136/1100/2 1095/1119/2
f 803/1131/2 720/1117/2 721/1133/2
f 899/1087/2 858/1107/2 859/1134/2
f 803/1131/2 721/1133/2 722/1135/2
f 898/1136/2 899/1087/2 859/1134/2
f 803/1131/2 722/1135/2 802/1137/2
f 802/1137/2 722/1135/2 723/1138/2
f 1135/1132/2 1095/1119/2 1096/1139/2
f 802/1137/2 723/1138/2 724/1140/2
f 802/1137/2 724/1140/2 725/1141/2
f 1324/1142/2 1325/1097/2 1291/899/2
f 1134/1143/2 1135/1132/2 1096/1139/2
f 802/1137/2 725/1141/2 801/1144/2
f 801/1144/2 725/1141/2 726/1145/2
f 801/1144/2 726/1145/2 727/1146/2
f 898/1136/2 859/1134/2 860/1147/2
f 801/1144/2 727/1146/2 728/1148/2
f 1134/1143/2 1096/1139/2 1097/1149/2
f 801/1144/2 728/1148/2 729/1150/2
f 801/1144/2 729/1150/2 730/1151/2
f 801/1144/2 730/1151/2 800/1152/2
f 800/1152/2 730/1151/2 731/1153/2
f 800/1152/2 731/1153/2 732/1154/2
f 800/1152/2 732/1154/2 733/1155/2
f 1133/1156/2 1134/1143/2 1097/1149/2
f 800/1152/2 733/1155/2 734/1157/2
f 800/1152/2 734/1157/2 735/1158/2
f 800/1152/2 735/1158/2 736/1159/2
f 800/1152/2 736/1159/2 737/1160/2
f 800/1152/2 737/1160/2 738/1161/2
f 799/1162/1 800/1152/1 738/1161/1
f 798/1163/2 799/1162/2 739/1164/2
f 739/1164/1 799/1162/1 738/1161/1
f 798/1163/2 739/1164/2 740/1165/2
f 898/1136/2 860/1147/2 861/1166/2
f 1133/1156/2 1097/1149/2 1098/1167/2
f 1133/1156/2 1098/1167/2 1099/1168/2
f 1133/1156/2 1099/1168/2 1100/1169/2
f 1132/1170/2 1133/1156/2 1100/1169/2
f 1132/1170/2 1100/1169/2 1101/1171/2
f 798/1163/2 740/1165/2 741/1172/2
f 1131/1173/2 1132/1170/2 1101/1171/2
f 1131/1173/2 1101/1171/2 1102/1174/2
f 1323/1175/2 1324/1142/2 1291/899/2
f 898/1136/2 861/1166/2 862/1176/2
f 897/1177/2 898/1136/2 862/1176/2
f 896/1178/2 897/1177/2 862/1176/2
f 895/1179/2 896/1178/2 862/1176/2
f 894/1180/2 895/1179/2 862/1176/2
f 893/1181/2 894/1180/2 862/1176/2
f 892/1182/2 893/1181/2 862/1176/2
f 891/1183/2 892/1182/2 862/1176/2
f 1131/1173/2 1102/1174/2 1103/1184/2
f 890/1185/2 891/1183/2 862/1176/2
f 1130/1186/2 1131/1173/2 1103/1184/2
f 889/1187/2 890/1185/2 862/1176/2
f 888/1188/2 889/1187/2 862/1176/2
f 887/1189/2 888/1188/2 862/1176/2
f 886/1190/2 887/1189/2 862/1176/2
f 885/1191/2 886/1190/2 862/1176/2
f 1130/1186/2 1103/1184/2 1104/1192/2
f 884/1193/2 885/1191/2 862/1176/2
f 1129/1194/2 1130/1186/2 1104/1192/2
f 1129/1194/2 1104/1192/2 1105/1195/2
f 883/1196/2 884/1193/2 862/1176/2
f 1129/1194/2 1105/1195/2 1106/1197/2
f 882/1198/2 883/1196/2 862/1176/2
f 1128/1199/2 1129/1194/2 1106/1197/2
f 798/1163/2 741/1172/2 742/1200/2
f 881/1201/2 882/1198/2 862/1176/2
f 1128/1199/2 1106/1197/2 1107/1202/2
f 880/1203/2 881/1201/2 862/1176/2
f 1127/1204/2 1128/1199/2 1107/1202/2
f 1127/1204/2 1107/1202/2 1108/1205/2
f 879/1206/2 880/1203/2 862/1176/2
f 878/1207/2 879/1206/2 862/1176/2
f 1127/1204/2 1108/1205/2 1109/1208/2
f 877/1209/2 878/1207/2 862/1176/2
f 1126/1210/2 1127/1204/2 1109/1208/2
f 876/1211/2 877/1209/2 862/1176/2
f 876/1211/2 862/1176/2 863/1212/2
f 1126/1210/2 1109/1208/2 1110/1213/2
f 876/1211/2 863/1212/2 864/1214/2
f 876/1211/2 864/1214/2 865/1215/2
f 876/1211/2 865/1215/2 866/1216/2
f 875/1217/2 876/1211/2 866/1216/2
f 875/1217/2 866/1216/2 867/1218/2
f 875/1217/2 867/1218/2 868/1219/2
f 875/1217/2 868/1219/2 869/1220/2
f 875/1217/2 869/1220/2 870/1221/2
f 874/1222/2 875/1217/2 870/1221/2
f 874/1222/2 870/1221/2 871/1223/2
f 874/1222/2 871/1223/2 872/1224/2
f 874/1222/2 872/1224/2 873/1225/2
f 1126/1210/2 1110/1213/2 1111/1226/2
f 1125/1227/2 1126/1210/2 1111/1226/2
f 1125/1227/2 1111/1226/2 1112/1228/2
f 1125/1227/2 1112/1228/2 1113/1229/2
f 797/1230/2 798/1163/2 742/1200/2
f 1124/1231/2 1125/1227/2 1113/1229/2
f 1124/1231/2 1113/1229/2 1114/1232/2
f 1124/1231/2 1114/1232/2 1115/1233/2
f 1123/1234/2 1124/1231/2 1115/1233/2
f 1123/1234/2 1115/1233/2 1116/1235/2
f 1123/1234/2 1116/1235/2 1117/1236/2
f 1122/1237/2 1123/1234/2 1117/1236/2
f 1122/1237/2 1117/1236/2 1118/1238/2
f 1122/1237/2 1118/1238/2 1119/1239/2
f 1121/1240/2 1122/1237/2 1119/1239/2
f 1121/1240/2 1119/1239/2 1120/1241/2
f 797/1230/2 742/1200/2 743/1242/2
f 1322/1243/2 1323/1175/2 1291/899/2
f 797/1230/2 743/1242/2 744/1244/2
f 796/1245/2 797/1230/2 744/1244/2
f 796/1245/2 744/1244/2 745/1246/2
f 1321/1247/2 1322/1243/2 1291/899/2
f 796/1245/2 745/1246/2 746/1248/2
f 795/1249/2 796/1245/2 746/1248/2
f 795/1249/2 746/1248/2 747/1250/2
f 1320/1251/2 1321/1247/2 1291/899/2
f 795/1249/2 747/1250/2 748/1252/2
f 794/1253/2 795/1249/2 748/1252/2
f 794/1253/2 748/1252/2 749/1254/2
f 1319/1255/2 1320/1251/2 1291/899/2
f 794/1253/2 749/1254/2 750/1256/2
f 793/1257/2 794/1253/2 750/1256/2
f 793/1257/2 750/1256/2 751/1258/2
f 1318/1259/2 1319/1255/2 1291/899/2
f 792/1260/2 793/1257/2 751/1258/2
f 792/1260/2 751/1258/2 752/1261/2
f 792/1260/2 752/1261/2 753/1262/2
f 791/1263/2 792/1260/2 753/1262/2
f 1317/1264/2 1318/1259/2 1291/899/2
f 791/1263/2 753/1262/2 754/1265/2
f 790/1266/2 791/1263/2 754/1265/2
f 790/1266/2 754/1265/2 755/1267/2
f 790/1266/2 755/1267/2 756/1268/2
f 1316/1269/2 1317/1264/2 1291/899/2
f 790/1266/2 756/1268/2 757/1270/2
f 789/1271/2 790/1266/2 757/1270/2
f 789/1271/2 757/1270/2 758/1272/2
f 789/1271/2 758/1272/2 759/1273/2
f 788/1274/2 789/1271/2 759/1273/2
f 1315/1275/2 1316/1269/2 1291/899/2
f 788/1274/2 759/1273/2 760/1276/2
f 788/1274/2 760/1276/2 761/1277/2
f 788/1274/2 761/1277/2 762/1278/2
f 787/1279/2 788/1274/2 762/1278/2
f 787/1279/2 762/1278/2 763/1280/2
f 787/1279/2 763/1280/2 764/1281/2
f 1315/1275/2 1291/899/2 1292/1282/2
f 1314/1283/2 1315/1275/2 1292/1282/2
f 787/1279/2 764/1281/2 765/1284/2
f 1314/1283/2 1292/1282/2 1293/1285/2
f 786/1286/2 787/1279/2 765/1284/2
f 1313/1287/2 1314/1283/2 1293/1285/2
f 786/1286/2 765/1284/2 766/1288/2
f 785/1289/2 786/1286/2 766/1288/2
f 1313/1287/2 1293/1285/2 1294/1290/2
f 785/1289/2 766/1288/2 767/1291/2
f 1312/1292/2 1313/1287/2 1294/1290/2
f 784/1293/2 785/1289/2 767/1291/2
f 1312/1292/2 1294/1290/2 1295/1294/2
f 784/1293/2 767/1291/2 768/1295/2
f 783/1296/2 784/1293/2 768/1295/2
f 1311/1297/2 1312/1292/2 1295/1294/2
f 782/1298/2 783/1296/2 768/1295/2
f 1311/1297/2 1295/1294/2 1296/1299/2
f 782/1298/2 768/1295/2 769/1300/2
f 1310/1301/2 1311/1297/2 1296/1299/2
f 781/1302/2 782/1298/2 769/1300/2
f 781/1302/2 769/1300/2 770/1303/2
f 1310/1301/2 1296/1299/2 1297/1304/2
f 780/1305/2 781/1302/2 770/1303/2
f 1309/1306/2 1310/1301/2 1297/1304/2
f 780/1305/2 770/1303/2 771/1307/2
f 779/1308/2 780/1305/2 771/1307/2
f 1309/1306/2 1297/1304/2 1298/1309/2
f 779/1308/2 771/1307/2 772/1310/2
f 1308/1311/2 1309/1306/2 1298/1309/2
f 778/1312/2 779/1308/2 772/1310/2
f 778/1312/2 772/1310/2 773/1313/2
f 777/1314/2 778/1312/2 773/1313/2
f 1308/1311/2 1298/1309/2 1299/1315/2
f 777/1314/2 773/1313/2 774/1316/2
f 776/1317/2 777/1314/2 774/1316/2
f 1307/1318/2 1308/1311/2 1299/1315/2
f 776/1317/2 774/1316/2 775/1319/2
f 1307/1318/2 1299/1315/2 1300/1320/2
f 1306/1321/2 1307/1318/2 1300/1320/2
f 1306/1321/2 1300/1320/2 1301/1322/2
f 1305/1323/2 1306/1321/2 1301/1322/2
f 1305/1323/2 1301/1322/2 1302/1324/2
f 1304/1325/2 1305/1323/2 1302/1324/2
f 1304/1325/2 1302/1324/2 1303/1326/2
s 1
f 1328/1327/3 1330/1328/4 1329/1329/4 1327/1330/3
f 1330/1328/4 1332/1331/5 1331/1332/5 1329/1329/4
f 1332/1331/5 1334/1333/6 1333/1334/6 1331/1332/5
f 1334/1333/6 1336/1335/7 1335/1336/7 1333/1334/6
f 1336/1335/7 1338/1337/8 1337/1338/8 1335/1336/7
f 1338/1337/8 1340/1339/9 1339/1340/9 1337/1338/8
f 1340/1339/9 1342/1341/10 1341/1342/10 1339/1340/9
f 1342/1341/10 1344/1343/11 1343/1344/11 1341/1342/10
f 1344/1343/11 1346/1345/12 1345/1346/12 1343/1344/11
f 1346/1345/12 1348/1347/13 1347/1348/13 1345/1346/12
f 1348/1347/13 1350/1349/14 1349/1350/14 1347/1348/13
f 1350/1349/14 1352/1351/15 1351/1352/15 1349/1350/14
f 1352/1351/15 1354/1353/16 1353/1354/16 1351/1352/15
f 1354/1353/16 1356/1355/17 1355/1356/17 1353/1354/16
f 1356/1355/17 1358/1357/18 1357/1358/18 1355/1356/17
f 1358/1357/18 1360/1359/19 1359/1360/19 1357/1358/18
f 1360/1359/19 1362/1361/20 1361/1362/20 1359/1360/19
f 1362/1361/20 1364/1363/21 1363/1364/21 1361/1362/20
f 1364/1363/21 1366/1365/22 1365/1366/22 1363/1364/21
f 1366/1365/22 1368/1367/23 1367/1368/23 1365/1366/22
f 1368/1367/23 1370/1369/24 1369/1370/24 1367/1368/23
f 1370/1369/24 1372/1371/25 1371/1372/25 1369/1370/24
f 1372/1371/25 1374/1373/26 1373/1374/26 1371/1372/25
f 1374/1373/26 1376/1375/27 1375/1376/27 1373/1374/26
f 1376/1375/27 1378/1377/28 1377/1378/28 1375/1376/27
f 1378/1377/28 1380/1379/29 1379/1380/29 1377/1378/28
f 1380/1379/29 1382/1381/30 1381/1382/30 1379/1380/29
f 1382/1381/30 1384/1383/31 1383/1384/31 1381/1382/30
f 1384/1383/31 1386/1385/32 1385/1386/32 1383/1384/31
f 1386/1385/32 1388/1387/33 1387/1388/33 1385/1386/32
f 1388/1387/33 1390/1389/34 1389/1390/34 1387/1388/33
f 1390/1389/34 1392/1391/35 1391/1392/35 1389/1390/34
f 1392/1391/35 1394/1393/36 1393/1394/36 1391/1392/35
f 1394/1393/36 1396/1395/37 1395/1396/37 1393/1394/36
f 1396/1395/37 1398/1397/38 1397/1398/38 1395/1396/37
f 1398/1397/38 1400/1399/39 1399/1400/39 1397/1398/38
f 1400/1399/39 1402/1401/40 1401/1402/40 1399/1400/39
f 1402/1401/40 1404/1403/41 1403/1404/41 1401/1402/40
f 1404/1403/41 1406/1405/42 1405/1406/42 1403/1404/41
f 1406/1405/42 1408/1407/43 1407/1408/43 1405/1406/42
f 1408/1407/43 1410/1409/44 1409/1410/44 1407/1408/43
f 1410/1409/44 1412/1411/45 1411/1412/45 1409/1410/44
f 1412/1411/45 1414/1413/46 1413/1414/46 1411/1412/45
f 1414/1413/46 1416/1415/47 1415/1416/47 1413/1414/46
f 1416/1415/47 1418/1417/48 1417/1418/48 1415/1416/47
f 1418/1417/48 1420/1419/49 1419/1420/49 1417/1418/48
f 1420/1419/49 1422/1421/50 1421/1422/50 1419/1420/49
f 1422/1421/50 1424/1423/51 1423/1424/51 1421/1422/50
f 1424/1423/51 1426/1425/52 1425/1426/52 1423/1424/51
f 1426/1425/52 1428/1427/53 1427/1428/53 1425/1426/52
f 1428/1427/53 1430/1429/54 1429/1430/54 1427/1428/53
f 1430/1429/54 1432/1431/55 1431/1432/55 1429/1430/54
f 1432/1431/55 1434/1433/56 1433/1434/56 1431/1432/55
f 1434/1433/56 1436/1435/57 1435/1436/57 1433/1434/56
f 1436/1435/57 1438/1437/58 1437/1438/58 1435/1436/57
f 1438/1437/58 1440/1439/59 1439/1440/59 1437/1438/58
f 1440/1439/59 1442/1441/60 1441/1442/60 1439/1440/59
f 1442/1441/60 1444/1443/61 1443/1444/61 1441/1442/60
f 1444/1443/61 1446/1445/62 1445/1446/62 1443/1444/61
f 1446/1445/62 1448/1447/63 1447/1448/63 1445/1446/62
f 1448/1447/63 1450/1449/64 1449/1450/64 1447/1448/63
f 1450/1449/64 1452/1451/65 1451/1452/65 1449/1450/64
f 1452/1451/65 1454/1453/66 1453/1454/66 1451/1452/65
f 1454/1453/66 1456/1455/67 1455/1456/67 1453/1454/66
f 1456/1455/67 1458/1457/68 1457/1458/68 1455/1456/67
f 1458/1457/68 1460/1459/69 1459/1460/69 1457/1458/68
f 1460/1459/69 1462/1461/70 1461/1462/70 1459/1460/69
f 1462/1461/70 1464/1463/71 1463/1464/71 1461/1462/70
f 1464/1463/71 1466/1465/72 1465/1466/72 1463/1464/71
f 1466/1465/72 1468/1467/73 1467/1468/73 1465/1466/72
f 1468/1467/73 1470/1469/74 1469/1470/74 1467/1468/73
f 1470/1469/74 1472/1471/75 1471/1472/75 1469/1470/74
f 1472/1471/75 1474/1473/76 1473/1474/76 1471/1472/75
f 1474/1473/76 1476/1475/77 1475/1476/77 1473/1474/76
f 1476/1475/77 1478/1477/78 1477/1478/78 1475/1476/77
f 1478/1477/78 1480/1479/79 1479/1480/79 1477/1478/78
f 1480/1479/79 1482/1481/80 1481/1482/80 1479/1480/79
f 1482/1481/80 1484/1483/22 1483/1484/22 1481/1482/80
f 1484/1483/22 1486/1485/81 1485/1486/81 1483/1484/22
f 1486/1485/81 1488/1487/82 1487/1488/82 1485/1486/81
f 1488/1487/82 1490/1489/83 1489/1490/83 1487/1488/82
f 1490/1489/83 1492/1491/84 1491/1492/84 1489/1490/83
f 1492/1491/84 1494/1493/26 1493/1494/26 1491/1492/84
f 1494/1493/26 1496/1495/27 1495/1496/27 1493/1494/26
f 1496/1495/27 1498/1497/85 1497/1498/85 1495/1496/27
f 1498/1497/85 1500/1499/86 1499/1500/86 1497/1498/85
f 1500/1499/86 1502/1501/87 1501/1502/87 1499/1500/86
f 1502/1501/87 1504/1503/88 1503/1504/88 1501/1502/87
f 1504/1503/88 1506/1505/89 1505/1506/89 1503/1504/88
f 1506/1505/89 1508/1507/90 1507/1508/90 1505/1506/89
f 1508/1507/90 1510/1509/91 1509/1510/91 1507/1508/90
f 1510/1509/91 1512/1511/92 1511/1512/92 1509/1510/91
f 1512/1511/92 1514/1513/83 1513/1514/83 1511/1512/92
f 1514/1513/83 1516/1515/93 1515/1516/93 1513/1514/83
f 1516/1515/93 1518/1517/94 1517/1518/94 1515/1516/93
f 1518/1517/94 1520/1519/95 1519/1520/95 1517/1518/94
f 1520/1519/95 1522/1521/96 1521/1522/96 1519/1520/95
f 1522/1521/96 1524/1523/97 1523/1524/97 1521/1522/96
f 1524/1523/97 1526/1525/98 1525/1526/98 1523/1524/97
f 1526/1525/98 1528/1527/99 1527/1528/99 1525/1526/98
f 1528/1527/99 1530/1529/100 1529/1530/100 1527/1528/99
f 1530/1529/100 1532/1531/101 1531/1532/101 1529/1530/100
f 1532/1531/101 1534/1533/102 1533/1534/102 1531/1532/101
f 1534/1533/102 1536/1535/103 1535/1536/103 1533/1534/102
f 1536/1535/103 1538/1537/104 1537/1538/104 1535/1536/103
f 1538/1537/104 1540/1539/105 1539/1540/105 1537/1538/104
f 1540/1539/105 1542/1541/106 1541/1542/106 1539/1540/105
f 1542/1541/106 1544/1543/107 1543/1544/107 1541/1542/106
f 1544/1543/107 1546/1545/108 1545/1546/108 1543/1544/107
f 1546/1545/108 1548/1547/109 1547/1548/109 1545/1546/108
f 1548/1547/109 1550/1549/110 1549/1550/110 1547/1548/109
f 1550/1549/110 1552/1551/111 1551/1552/111 1549/1550/110
f 1552/1551/111 1554/1553/112 1553/1554/112 1551/1552/111
f 1554/1553/112 1556/1555/113 1555/1556/113 1553/1554/112
f 1556/1555/113 1558/1557/114 1557/1558/114 1555/1556/113
f 1558/1557/114 1560/1559/115 1559/1560/115 1557/1558/114
f 1560/1559/115 1562/1561/116 1561/1562/116 1559/1560/115
f 1562/1561/116 1564/1563/117 1563/1564/117 1561/1562/116
f 1564/1563/117 1566/1565/118 1565/1566/118 1563/1564/117
f 1566/1565/118 1568/1567/119 1567/1568/119 1565/1566/118
f 1568/1567/119 1570/1569/120 1569/1570/120 1567/1568/119
f 1570/1569/120 1572/1571/121 1571/1572/121 1569/1570/120
f 1572/1571/121 1574/1573/122 1573/1574/122 1571/1572/121
f 1574/1573/122 1576/1575/123 1575/1576/123 1573/1574/122
f 1576/1575/123 1578/1577/124 1577/1578/124 1575/1576/123
f 1578/1577/124 1580/1579/125 1579/1580/125 1577/1578/124
f 1580/1579/125 1582/1581/126 1581/1582/126 1579/1580/125
f 1582/1581/126 1584/1583/127 1583/1584/127 1581/1582/126
f 1584/1583/127 1586/1585/128 1585/1586/128 1583/1584/127
f 1586/1585/128 1588/1587/129 1587/1588/129 1585/1586/128
f 1588/1587/129 1590/1589/130 1589/1590/130 1587/1588/129
f 1590/1589/130 1592/1591/131 1591/1592/131 1589/1590/130
f 1592/1591/131 1594/1593/132 1593/1594/132 1591/1592/131
f 1594/1593/132 1596/1595/133 1595/1596/133 1593/1594/132
f 1596/1595/133 1598/1597/134 1597/1598/134 1595/1596/133
f 1598/1597/134 1600/1599/135 1599/1600/135 1597/1598/134
f 1600/1599/135 1602/1601/136 1601/1602/136 1599/1600/135
f 1602/1601/136 1604/1603/137 1603/1604/137 1601/1602/136
f 1604/1603/137 1606/1605/138 1605/1606/138 1603/1604/137
f 1606/1605/138 1608/1607/139 1607/1608/139 1605/1606/138
f 1608/1607/139 1610/1609/140 1609/1610/140 1607/1608/139
f 1610/1609/140 1612/1611/141 1611/1612/141 1609/1610/140
f 1612/1611/141 1614/1613/142 1613/1614/142 1611/1612/141
f 1614/1613/142 1616/1615/143 1615/1616/143 1613/1614/142
f 1616/1615/143 1618/1617/144 1617/1618/144 1615/1616/143
f 1618/1617/144 1620/1619/145 1619/1620/145 1617/1618/144
f 1620/1619/145 1622/1621/146 1621/1622/146 1619/1620/145
f 1622/1621/146 1624/1623/147 1623/1624/147 1621/1622/146
f 1624/1623/147 1626/1625/148 1625/1626/148 1623/1624/147
f 1626/1625/148 1628/1627/149 1627/1628/149 1625/1626/148
f 1628/1627/149 1630/1629/150 1629/1630/150 1627/1628/149
f 1630/1629/150 1632/1631/151 1631/1632/151 1629/1630/150
f 1632/1631/151 1634/1633/152 1633/1634/152 1631/1632/151
f 1634/1633/152 1636/1635/153 1635/1636/153 1633/1634/152
f 1636/1635/153 1638/1637/154 1637/1638/154 1635/1636/153
f 1638/1637/154 1640/1639/155 1639/1640/155 1637/1638/154
f 1640/1639/155 1642/1641/156 1641/1642/156 1639/1640/155
f 1642/1641/156 1644/1643/157 1643/1644/157 1641/1642/156
f 1644/1643/157 1646/1645/158 1645/1646/158 1643/1644/157
f 1646/1645/158 1648/1647/159 1647/1648/159 1645/1646/158
f 1648/1647/159 1650/1649/160 1649/1650/160 1647/1648/159
f 1650/1649/160 1652/1651/161 1651/1652/161 1649/1650/160
f 1652/1651/161 1654/1653/162 1653/1654/162 1651/1652/161
f 1654/1653/162 1656/1655/163 1655/1656/163 1653/1654/162
f 1656/1655/163 1658/1657/164 1657/1658/164 1655/1656/163
f 1658/1657/164 1660/1659/165 1659/1660/165 1657/1658/164
f 1660/1659/165 1662/1661/166 1661/1662/166 1659/1660/165
f 1662/1661/166 1664/1663/167 1663/1664/167 1661/1662/166
f 1664/1663/167 1666/1665/168 1665/1666/168 1663/1664/167
f 1666/1665/168 1668/1667/169 1667/1668/169 1665/1666/168
f 1668/1667/169 1670/1669/170 1669/1670/170 1667/1668/169
f 1670/1669/170 1672/1671/171 1671/1672/171 1669/1670/170
f 1672/1671/171 1674/1673/172 1673/1674/172 1671/1672/171
f 1674/1673/172 1676/1675/173 1675/1676/173 1673/1674/172
f 1676/1675/173 1678/1677/174 1677/1678/174 1675/1676/173
f 1678/1677/174 1680/1679/175 1679/1680/175 1677/1678/174
f 1680/1679/175 1682/1681/176 1681/1682/176 1679/1680/175
f 1682/1681/176 1684/1683/177 1683/1684/177 1681/1682/176
f 1684/1683/177 1686/1685/178 1685/1686/178 1683/1684/177
f 1686/1685/178 1688/1687/179 1687/1688/179 1685/1686/178
f 1688/1687/179 1690/1689/180 1689/1690/180 1687/1688/179
f 1690/1689/180 1692/1691/181 1691/1692/181 1689/1690/180
f 1692/1691/181 1694/1693/182 1693/1694/182 1691/1692/181
f 1694/1693/182 1696/1695/183 1695/1696/183 1693/1694/182
f 1696/1695/183 1698/1697/184 1697/1698/184 1695/1696/183
f 1698/1697/184 1700/1699/185 1699/1700/185 1697/1698/184
f 1700/1699/185 1702/1701/186 1701/1702/186 1699/1700/185
f 1702/1701/186 1704/1703/187 1703/1704/187 1701/1702/186
f 1704/1703/187 1706/1705/188 1705/1706/188 1703/1704/187
f 1706/1705/188 1708/1707/189 1707/1708/189 1705/1706/188
f 1708/1707/189 1710/1709/190 1709/1710/190 1707/1708/189
f 1710/1709/190 1712/1711/191 1711/1712/191 1709/1710/190
f 1712/1711/191 1714/1713/192 1713/1714/192 1711/1712/191
f 1714/1713/192 1716/1715/193 1715/1716/193 1713/1714/192
f 1716/1715/193 1718/1717/194 1717/1718/194 1715/1716/193
f 1718/1717/194 1720/1719/195 1719/1720/195 1717/1718/194
f 1720/1719/195 1722/1721/196 1721/1722/196 1719/1720/195
f 1722/1721/196 1724/1723/197 1723/1724/197 1721/1722/196
f 1724/1723/197 1726/1725/198 1725/1726/198 1723/1724/197
f 1726/1725/198 1728/1727/199 1727/1728/199 1725/1726/198
f 1728/1727/199 1730/1729/200 1729/1730/200 1727/1728/199
f 1730/1729/200 1732/1731/201 1731/1732/201 1729/1730/200
f 1732/1731/201 1734/1733/202 1733/1734/202 1731/1732/201
f 1734/1733/202 1736/1735/203 1735/1736/203 1733/1734/202
f 1736/1735/203 1738/1737/204 1737/1738/204 1735/1736/203
f 1738/1737/204 1740/1739/205 1739/1740/205 1737/1738/204
f 1740/1739/205 1742/1741/206 1741/1742/206 1739/1740/205
f 1742/1741/206 1744/1743/207 1743/1744/207 1741/1742/206
f 1744/1743/207 1746/1745/208 1745/1746/208 1743/1744/207
f 1746/1745/208 1748/1747/209 1747/1748/209 1745/1746/208
f 1748/1747/209 1750/1749/210 1749/1750/210 1747/1748/209
f 1750/1749/210 1752/1751/211 1751/1752/211 1749/1750/210
f 1752/1751/211 1754/1753/212 1753/1754/212 1751/1752/211
f 1754/1753/212 1756/1755/213 1755/1756/213 1753/1754/212
f 1756/1755/213 1758/1757/214 1757/1758/214 1755/1756/213
f 1758/1757/214 1760/1759/215 1759/1760/215 1757/1758/214
f 1760/1759/215 1762/1761/216 1761/1762/216 1759/1760/215
f 1762/1761/216 1764/1763/217 1763/1764/217 1761/1762/216
f 1764/1763/217 1766/1765/218 1765/1766/218 1763/1764/217
f 1766/1765/218 1768/1767/219 1767/1768/219 1765/1766/218
f 1768/1767/219 1770/1769/220 1769/1770/220 1767/1768/219
f 1770/1769/220 1772/1771/221 1771/1772/221 1769/1770/220
f 1772/1771/221 1774/1773/222 1773/1774/222 1771/1772/221
f 1774/1773/222 1776/1775/223 1775/1776/223 1773/1774/222
f 1776/1775/223 1778/1777/224 1777/1778/224 1775/1776/223
f 1778/1777/224 1780/1779/225 1779/1780/225 1777/1778/224
f 1780/1779/225 1782/1781/226 1781/1782/226 1779/1780/225
f 1782/1781/226 1784/1783/227 1783/1784/227 1781/1782/226
f 1784/1783/227 1786/1785/228 1785/1786/228 1783/1784/227
f 1786/1785/228 1788/1787/229 1787/1788/229 1785/1786/228
f 1788/1787/229 1790/1789/230 1789/1790/230 1787/1788/229
f 1790/1789/230 1792/1791/231 1791/1792/231 1789/1790/230
f 1792/1791/231 1794/1793/232 1793/1794/232 1791/1792/231
f 1794/1793/232 1796/1795/233 1795/1796/233 1793/1794/232
f 1796/1795/233 1798/1797/234 1797/1798/234 1795/1796/233
f 1798/1797/234 1800/1799/235 1799/1800/235 1797/1798/234
f 1800/1799/235 1802/1801/236 1801/1802/236 1799/1800/235
f 1802/1801/236 1804/1803/237 1803/1804/237 1801/1802/236
f 1804/1803/237 1806/1805/238 1805/1806/238 1803/1804/237
f 1806/1805/238 1808/1807/239 1807/1808/239 1805/1806/238
f 1808/1807/239 1810/1809/240 1809/1810/240 1807/1808/239
f 1810/1809/240 1812/1811/241 1811/1812/241 1809/1810/240
f 1812/1811/241 1814/1813/242 1813/1814/242 1811/1812/241
f 1814/1813/242 1816/1815/243 1815/1816/243 1813/1814/242
f 1816/1815/243 1818/1817/244 1817/1818/244 1815/1816/243
f 1818/1817/244 1820/1819/245 1819/1820/245 1817/1818/244
f 1820/1819/245 1822/1821/246 1821/1822/246 1819/1820/245
f 1822/1821/246 1824/1823/247 1823/1824/247 1821/1822/246
f 1824/1823/247 1826/1825/248 1825/1826/248 1823/1824/247
f 1826/1825/248 1828/1827/249 1827/1828/249 1825/1826/248
f 1828/1827/249 1830/1829/250 1829/1830/250 1827/1828/249
f 1830/1829/250 1832/1831/251 1831/1832/251 1829/1830/250
f 1832/1831/251 1834/1833/252 1833/1834/252 1831/1832/251
f 1834/1833/252 1836/1835/253 1835/1836/253 1833/1834/252
f 1836/1835/253 1838/1837/254 1837/1838/254 1835/1836/253
f 1838/1837/254 1840/1839/255 1839/1840/255 1837/1838/254
f 1840/1839/255 1842/1841/256 1841/1842/256 1839/1840/255
f 1842/1841/256 1844/1843/257 1843/1844/257 1841/1842/256
f 1844/1843/257 1846/1845/258 1845/1846/258 1843/1844/257
f 1846/1845/258 1848/1847/259 1847/1848/259 1845/1846/258
f 1848/1847/259 1850/1849/260 1849/1850/260 1847/1848/259
f 1850/1849/260 1852/1851/261 1851/1852/261 1849/1850/260
f 1852/1851/261 1854/1853/262 1853/1854/262 1851/1852/261
f 1854/1853/262 1856/1855/152 1855/1856/152 1853/1854/262
f 1856/1855/152 1858/1857/263 1857/1858/263 1855/1856/152
f 1858/1857/263 1860/1859/264 1859/1860/264 1857/1858/263
f 1860/1859/264 1862/1861/265 1861/1862/265 1859/1860/264
f 1862/1861/265 1864/1863/266 1863/1864/266 1861/1862/265
f 1864/1863/266 1866/1865/267 1865/1866/267 1863/1864/266
f 1866/1865/267 1868/1867/268 1867/1868/268 1865/1866/267
f 1868/1867/268 1870/1869/269 1869/1870/269 1867/1868/268
f 1870/1869/269 1872/1871/270 1871/1872/270 1869/1870/269
f 1872/1871/270 1874/1873/271 1873/1874/271 1871/1872/270
f 1874/1873/271 1876/1875/272 1875/1876/272 1873/1874/271
f 1876/1875/272 1878/1877/273 1877/1878/273 1875/1876/272
f 1878/1877/273 1880/1879/274 1879/1880/274 1877/1878/273
f 1880/1879/274 1882/1881/275 1881/1882/275 1879/1880/274
f 1882/1881/275 1884/1883/276 1883/1884/276 1881/1882/275
f 1884/1883/276 1886/1885/277 1885/1886/277 1883/1884/276
f 1886/1885/277 1888/1887/278 1887/1888/278 1885/1886/277
f 1888/1887/278 1890/1889/279 1889/1890/279 1887/1888/278
f 1890/1889/279 1892/1891/280 1891/1892/280 1889/1890/279
f 1892/1891/280 1894/1893/281 1893/1894/281 1891/1892/280
f 1894/1893/281 1896/1895/282 1895/1896/282 1893/1894/281
f 1896/1895/282 1898/1897/283 1897/1898/283 1895/1896/282
f 1898/1897/283 1900/1899/284 1899/1900/284 1897/1898/283
f 1900/1899/284 1902/1901/285 1901/1902/285 1899/1900/284
f 1902/1901/285 1904/1903/286 1903/1904/286 1901/1902/285
f 1904/1903/286 1906/1905/287 1905/1906/287 1903/1904/286
f 1906/1905/287 1908/1907/288 1907/1908/288 1905/1906/287
f 1908/1907/288 1910/1909/289 1909/1910/289 1907/1908/288
f 1910/1909/289 1912/1911/290 1911/1912/290 1909/1910/289
f 1912/1911/290 1914/1913/291 1913/1914/291 1911/1912/290
f 1914/1913/291 1916/1915/292 1915/1916/292 1913/1914/291
f 1916/1915/292 1918/1917/293 1917/1918/293 1915/1916/292
f 1918/1917/293 1920/1919/294 1919/1920/294 1917/1918/293
f 1920/1919/294 1922/1921/295 1921/1922/295 1919/1920/294
f 1922/1921/295 1924/1923/296 1923/1924/296 1921/1922/295
f 1924/1923/296 1926/1925/297 1925/1926/297 1923/1924/296
f 1926/1925/297 1928/1927/298 1927/1928/298 1925/1926/297
f 1928/1927/298 1930/1929/299 1929/1930/299 1927/1928/298
f 1930/1929/299 1932/1931/300 1931/1932/300 1929/1930/299
f 1932/1931/300 1934/1933/301 1933/1934/301 1931/1932/300
f 1934/1933/301 1936/1935/302 1935/1936/302 1933/1934/301
f 1936/1935/302 1938/1937/303 1937/1938/303 1935/1936/302
f 1938/1937/303 1940/1939/304 1939/1940/304 1937/1938/303
f 1940/1939/304 1942/1941/305 1941/1942/305 1939/1940/304
f 1942/1941/305 1944/1943/306 1943/1944/306 1941/1942/305
f 1944/1943/306 1946/1945/307 1945/1946/307 1943/1944/306
f 1946/1945/307 1948/1947/308 1947/1948/308 1945/1946/307
f 1948/1947/308 1950/1949/309 1949/1950/309 1947/1948/308
f 1950/1949/309 1952/1951/310 1951/1952/310 1949/1950/309
f 1952/1951/310 1954/1953/311 1953/1954/311 1951/1952/310
f 1954/1953/311 1956/1955/312 1955/1956/312 1953/1954/311
f 1956/1955/312 1958/1957/313 1957/1958/313 1955/1956/312
f 1958/1957/313 1960/1959/314 1959/1960/314 1957/1958/313
f 1960/1959/314 1962/1961/315 1961/1962/315 1959/1960/314
f 1962/1961/315 1964/1963/316 1963/1964/316 1961/1962/315
f 1964/1963/316 1966/1965/317 1965/1966/317 1963/1964/316
f 1966/1965/317 1968/1967/318 1967/1968/318 1965/1966/317
f 1968/1967/318 1970/1969/319 1969/1970/319 1967/1968/318
f 1970/1969/319 1972/1971/320 1971/1972/320 1969/1970/319
f 1972/1971/320 1974/1973/321 1973/1974/321 1971/1972/320
f 1974/1973/321 1976/1975/322 1975/1976/322 1973/1974/321
f 1976/1975/322 1978/1977/323 1977/1978/323 1975/1976/322
f 1978/1977/323 1980/1979/324 1979/1980/324 1977/1978/323
f 1980/1979/324 1982/1981/325 1981/1982/325 1979/1980/324
f 1982/1981/325 1984/1983/326 1983/1984/326 1981/1982/325
f 1984/1983/326 1986/1985/327 1985/1986/327 1983/1984/326
f 1986/1985/327 1988/1987/328 1987/1988/328 1985/1986/327
f 1988/1987/328 1990/1989/329 1989/1990/329 1987/1988/328
f 1990/1989/329 1992/1991/330 1991/1992/330 1989/1990/329
f 1992/1991/330 1994/1993/331 1993/1994/331 1991/1992/330
f 1994/1993/331 1996/1995/332 1995/1996/332 1993/1994/331
f 1996/1995/332 1998/1997/333 1997/1998/333 1995/1996/332
f 1998/1997/333 2000/1999/334 1999/2000/334 1997/1998/333
f 2000/1999/334 2002/2001/335 2001/2002/335 1999/2000/334
f 2002/2001/335 2004/2003/336 2003/2004/336 2001/2002/335
f 2004/2003/336 2006/2005/337 2005/2006/337 2003/2004/336
f 2006/2005/337 2008/2007/338 2007/2008/338 2005/2006/337
f 2008/2007/338 2010/2009/339 2009/2010/339 2007/2008/338
f 2010/2009/339 2012/2011/340 2011/2012/340 2009/2010/339
f 2012/2011/340 2014/2013/341 2013/2014/341 2011/2012/340
f 2014/2013/341 2016/2015/342 2015/2016/342 2013/2014/341
f 2016/2015/342 2018/2017/343 2017/2018/343 2015/2016/342
f 2018/2017/343 2020/2019/344 2019/2020/344 2017/2018/343
f 2020/2019/344 2022/2021/345 2021/2022/345 2019/2020/344
f 2022/2021/345 2024/2023/346 2023/2024/346 2021/2022/345
f 2024/2023/346 2026/2025/347 2025/2026/347 2023/2024/346
f 2026/2025/347 2028/2027/348 2027/2028/348 2025/2026/347
f 2028/2027/348 2030/2029/349 2029/2030/349 2027/2028/348
f 2030/2029/349 2032/2031/350 2031/2032/350 2029/2030/349
f 2032/2031/350 2034/2033/351 2033/2034/351 2031/2032/350
f 2034/2033/351 2036/2035/352 2035/2036/352 2033/2034/351
f 2036/2035/352 2038/2037/353 2037/2038/353 2035/2036/352
f 2038/2037/353 2040/2039/354 2039/2040/354 2037/2038/353
f 2040/2039/354 2042/2041/355 2041/2042/355 2039/2040/354
f 2042/2041/355 2044/2043/356 2043/2044/356 2041/2042/355
f 2044/2043/356 2046/2045/357 2045/2046/357 2043/2044/356
f 2046/2045/357 2048/2047/358 2047/2048/358 2045/2046/357
f 2048/2047/358 2050/2049/359 2049/2050/359 2047/2048/358
f 2050/2049/359 2052/2051/67 2051/2052/67 2049/2050/359
f 2052/2051/67 2054/2053/68 2053/2054/68 2051/2052/67
f 2054/2053/68 2056/2055/69 2055/2056/69 2053/2054/68
f 2056/2055/69 2058/2057/70 2057/2058/70 2055/2056/69
f 2058/2057/70 2060/2059/71 2059/2060/71 2057/2058/70
f 2060/2059/71 2062/2061/72 2061/2062/72 2059/2060/71
f 2062/2061/72 2064/2063/73 2063/2064/73 2061/2062/72
f 2064/2063/73 2066/2065/74 2065/2066/74 2063/2064/73
f 2066/2065/74 2068/2067/75 2067/2068/75 2065/2066/74
f 2068/2067/75 2070/2069/76 2069/2070/76 2067/2068/75
f 2070/2069/76 2072/2071/77 2071/2072/77 2069/2070/76
f 2072/2071/77 2074/2073/360 2073/2074/360 2071/2072/77
f 2074/2073/360 2076/2075/361 2075/2076/361 2073/2074/360
f 2076/2075/361 2078/2077/362 2077/2078/362 2075/2076/361
f 2078/2077/362 2080/2079/363 2079/2080/363 2077/2078/362
f 2080/2079/363 2082/2081/364 2081/2082/364 2079/2080/363
f 2082/2081/364 2084/2083/365 2083/2084/365 2081/2082/364
f 2084/2083/365 2086/2085/366 2085/2086/366 2083/2084/365
f 2086/2085/366 2088/2087/367 2087/2088/367 2085/2086/366
f 2088/2087/367 2090/2089/368 2089/2090/368 2087/2088/367
f 2090/2089/368 2092/2091/369 2091/2092/369 2089/2090/368
f 2092/2091/369 2094/2093/370 2093/2094/370 2091/2092/369
f 2094/2093/370 2096/2095/371 2095/2096/371 2093/2094/370
f 2096/2095/371 2098/2097/372 2097/2098/372 2095/2096/371
f 2098/2097/372 2100/2099/373 2099/2100/373 2097/2098/372
f 2100/2099/373 2102/2101/374 2101/2102/374 2099/2100/373
f 2102/2101/374 2104/2103/375 2103/2104/375 2101/2102/374
f 2104/2103/375 2106/2105/376 2105/2106/376 2103/2104/375
f 2106/2105/376 2108/2107/377 2107/2108/377 2105/2106/376
f 2108/2107/377 2110/2109/378 2109/2110/378 2107/2108/377
f 2110/2109/378 2112/2111/379 2111/2112/379 2109/2110/378
f 2112/2111/379 2114/2113/380 2113/2114/380 2111/2112/379
f 2114/2113/380 2116/2115/381 2115/2116/381 2113/2114/380
f 2116/2115/381 2118/2117/382 2117/2118/382 2115/2116/381
f 2118/2117/382 2120/2119/383 2119/2120/383 2117/2118/382
f 2120/2119/383 2122/2121/384 2121/2122/384 2119/2120/383
f 2122/2121/384 2124/2123/385 2123/2124/385 2121/2122/384
f 2124/2123/385 2126/2125/386 2125/2126/386 2123/2124/385
f 2126/2125/386 2128/2127/387 2127/2128/387 2125/2126/386
f 2128/2127/387 2130/2129/388 2129/2130/388 2127/2128/387
f 2130/2129/388 2132/2131/389 2131/2132/389 2129/2130/388
f 2132/2131/389 2134/2133/390 2133/2134/390 2131/2132/389
f 2134/2133/390 2136/2135/391 2135/2136/391 2133/2134/390
f 2136/2135/391 2138/2137/392 2137/2138/392 2135/2136/391
f 2138/2137/392 2140/2139/393 2139/2140/393 2137/2138/392
f 2140/2139/393 2142/2141/394 2141/2142/394 2139/2140/393
f 2142/2141/394 2144/2143/395 2143/2144/395 2141/2142/394
f 2144/2143/395 2146/2145/396 2145/2146/396 2143/2144/395
f 2146/2145/396 2148/2147/397 2147/2148/397 2145/2146/396
f 2148/2147/397 2150/2149/398 2149/2150/398 2147/2148/397
f 2150/2149/398 2152/2151/399 2151/2152/399 2149/2150/398
f 2152/2151/399 2154/2153/400 2153/2154/400 2151/2152/399
f 2154/2153/400 2156/2155/401 2155/2156/401 2153/2154/400
f 2156/2155/401 2158/2157/402 2157/2158/402 2155/2156/401
f 2158/2157/402 2160/2159/403 2159/2160/403 2157/2158/402
f 2160/2159/403 2162/2161/404 2161/2162/404 2159/2160/403
f 2162/2161/404 2164/2163/405 2163/2164/405 2161/2162/404
f 2164/2163/405 2166/2165/406 2165/2166/406 2163/2164/405
f 2166/2165/406 2168/2167/407 2167/2168/407 2165/2166/406
f 2168/2167/407 2170/2169/408 2169/2170/408 2167/2168/407
f 2170/2169/408 2172/2171/409 2171/2172/409 2169/2170/408
f 2172/2171/409 2174/2173/410 2173/2174/410 2171/2172/409
f 2174/2173/410 2176/2175/411 2175/2176/411 2173/2174/410
f 2176/2175/411 2178/2177/412 2177/2178/412 2175/2176/411
f 2178/2177/412 2180/2179/413 2179/2180/413 2177/2178/412
f 2180/2179/413 2182/2181/414 2181/2182/414 2179/2180/413
f 2182/2181/414 2184/2183/415 2183/2184/415 2181/2182/414
f 2184/2183/415 2186/2185/416 2185/2186/416 2183/2184/415
f 2186/2185/416 2188/2187/417 2187/2188/417 2185/2186/416
f 2188/2187/417 2190/2189/418 2189/2190/418 2187/2188/417
f 2190/2189/418 2192/2191/419 2191/2192/419 2189/2190/418
f 2192/2191/419 2194/2193/420 2193/2194/420 2191/2192/419
f 2194/2193/420 2196/2195/421 2195/2196/421 2193/2194/420
f 2196/2195/421 2198/2197/422 2197/2198/422 2195/2196/421
f 2198/2197/422 2200/2199/423 2199/2200/423 2197/2198/422
f 2200/2199/423 2202/2201/424 2201/2202/424 2199/2200/423
f 2202/2201/424 2204/2203/425 2203/2204/425 2201/2202/424
f 2204/2203/425 2206/2205/426 2205/2206/426 2203/2204/425
f 2206/2205/426 2208/2207/427 2207/2208/427 2205/2206/426
f 2208/2207/427 2210/2209/428 2209/2210/428 2207/2208/427
f 2210/2209/428 2212/2211/429 2211/2212/429 2209/2210/428
f 2212/2211/429 2214/2213/430 2213/2214/430 2211/2212/429
f 2214/2213/430 2216/2215/431 2215/2216/431 2213/2214/430
f 2216/2215/431 2218/2217/432 2217/2218/432 2215/2216/431
f 2218/2217/432 2220/2219/433 2219/2220/433 2217/2218/432
f 2220/2219/433 2222/2221/434 2221/2222/434 2219/2220/433
f 2222/2221/434 2224/2223/435 2223/2224/435 2221/2222/434
f 2224/2223/435 2226/2225/436 2225/2226/436 2223/2224/435
f 2226/2225/436 2228/2227/437 2227/2228/437 2225/2226/436
f 2228/2227/437 2230/2229/438 2229/2230/438 2227/2228/437
f 2230/2229/438 2232/2231/439 2231/2232/439 2229/2230/438
f 2232/2231/439 2234/2233/440 2233/2234/440 2231/2232/439
f 2234/2233/440 2236/2235/441 2235/2236/441 2233/2234/440
f 2236/2235/441 2238/2237/442 2237/2238/442 2235/2236/441
f 2238/2237/442 2240/2239/443 2239/2240/443 2237/2238/442
f 2240/2239/443 2242/2241/444 2241/2242/444 2239/2240/443
f 2242/2241/444 2244/2243/445 2243/2244/445 2241/2242/444
f 2244/2243/445 2246/2245/446 2245/2246/446 2243/2244/445
f 2246/2245/446 2248/2247/447 2247/2248/447 2245/2246/446
f 2248/2247/447 2250/2249/448 2249/2250/448 2247/2248/447
f 2250/2249/448 2252/2251/449 2251/2252/449 2249/2250/448
f 2252/2251/449 2254/2253/450 2253/2254/450 2251/2252/449
f 2254/2253/450 2256/2255/451 2255/2256/451 2253/2254/450
f 2256/2255/451 2258/2257/452 2257/2258/452 2255/2256/451
f 2258/2257/452 2260/2259/453 2259/2260/453 2257/2258/452
f 2260/2259/453 2262/2261/454 2261/2262/454 2259/2260/453
f 2262/2261/454 2264/2263/455 2263/2264/455 2261/2262/454
f 2264/2263/455 2266/2265/456 2265/2266/456 2263/2264/455
f 2266/2265/456 2268/2267/457 2267/2268/457 2265/2266/456
f 2268/2267/457 2270/2269/458 2269/2270/458 2267/2268/457
f 2270/2269/458 2272/2271/459 2271/2272/459 2269/2270/458
f 2272/2271/459 2274/2273/460 2273/2274/460 2271/2272/459
f 2274/2273/460 2276/2275/461 2275/2276/461 2273/2274/460
f 2276/2275/461 2278/2277/462 2277/2278/462 2275/2276/461
f 2278/2277/462 2280/2279/463 2279/2280/463 2277/2278/462
f 2280/2279/463 2282/2281/464 2281/2282/464 2279/2280/463
f 2282/2281/464 2284/2283/465 2283/2284/465 2281/2282/464
f 2284/2283/465 2286/2285/466 2285/2286/466 2283/2284/465
f 2286/2285/466 2288/2287/467 2287/2288/467 2285/2286/466
f 2288/2287/467 1328/1327/3 1327/1330/3 2287/2288/467
f 2290/2289/468 2292/2290/469 2291/2291/469 2289/2292/468
f 2292/2290/469 2294/2293/470 2293/2294/470 2291/2291/469
f 2294/2293/470 2296/2295/471 2295/2296/471 2293/2294/470
f 2296/2295/471 2298/2297/472 2297/2298/472 2295/2296/471
f 2298/2297/472 2300/2299/473 2299/2300/473 2297/2298/472
f 2300/2299/473 2302/2301/474 2301/2302/474 2299/2300/473
f 2302/2301/474 2304/2303/475 2303/2304/475 2301/2302/474
f 2304/2303/475 2306/2305/476 2305/2306/476 2303/2304/475
f 2306/2305/476 2308/2307/477 2307/2308/477 2305/2306/476
f 2308/2307/477 2310/2309/478 2309/2310/478 2307/2308/477
f 2310/2309/478 2312/2311/479 2311/2312/479 2309/2310/478
f 2312/2311/479 2314/2313/480 2313/2314/480 2311/2312/479
f 2314/2313/480 2316/2315/481 2315/2316/481 2313/2314/480
f 2316/2315/481 2318/2317/482 2317/2318/482 2315/2316/481
f 2318/2317/482 2320/2319/483 2319/2320/483 2317/2318/482
f 2320/2319/483 2322/2321/484 2321/2322/484 2319/2320/483
f 2322/2321/484 2324/2323/485 2323/2324/485 2321/2322/484
f 2324/2323/485 2326/2325/486 2325/2326/486 2323/2324/485
f 2326/2325/486 2328/2327/487 2327/2328/487 2325/2326/486
f 2328/2327/487 2330/2329/488 2329/2330/488 2327/2328/487
f 2330/2329/488 2332/2331/489 2331/2332/489 2329/2330/488
f 2332/2331/489 2334/2333/490 2333/2334/490 2331/2332/489
f 2334/2333/490 2336/2335/491 2335/2336/491 2333/2334/490
f 2336/2335/491 2338/2337/492 2337/2338/492 2335/2336/491
f 2338/2337/492 2340/2339/209 2339/2340/209 2337/2338/492
f 2340/2339/209 2342/2341/493 2341/2342/493 2339/2340/209
f 2342/2341/493 2344/2343/494 2343/2344/494 2341/2342/493
f 2344/2343/494 2346/2345/495 2345/2346/495 2343/2344/494
f 2346/2345/495 2348/2347/496 2347/2348/496 2345/2346/495
f 2348/2347/496 2350/2349/497 2349/2350/497 2347/2348/496
f 2350/2349/497 2352/2351/498 2351/2352/498 2349/2350/497
f 2352/2351/498 2354/2353/499 2353/2354/499 2351/2352/498
f 2354/2353/499 2356/2355/500 2355/2356/500 2353/2354/499
f 2356/2355/500 2358/2357/501 2357/2358/501 2355/2356/500
f 2358/2357/501 2360/2359/502 2359/2360/502 2357/2358/501
f 2360/2359/502 2362/2361/503 2361/2362/503 2359/2360/502
f 2362/2361/503 2364/2363/504 2363/2364/504 2361/2362/503
f 2364/2363/504 2366/2365/505 2365/2366/505 2363/2364/504
f 2366/2365/505 2368/2367/506 2367/2368/506 2365/2366/505
f 2368/2367/506 2370/2369/507 2369/2370/507 2367/2368/506
f 2370/2369/507 2372/2371/508 2371/2372/508 2369/2370/507
f 2372/2371/508 2374/2373/509 2373/2374/509 2371/2372/508
f 2374/2373/509 2376/2375/510 2375/2376/510 2373/2374/509
f 2376/2375/510 2378/2377/511 2377/2378/511 2375/2376/510
f 2378/2377/511 2380/2379/512 2379/2380/512 2377/2378/511
f 2380/2379/512 2382/2381/513 2381/2382/513 2379/2380/512
f 2382/2381/513 2384/2383/514 2383/2384/514 2381/2382/513
f 2384/2383/514 2386/2385/515 2385/2386/515 2383/2384/514
f 2386/2385/515 2388/2387/516 2387/2388/516 2385/2386/515
f 2388/2387/516 2390/2389/517 2389/2390/517 2387/2388/516
f 2390/2389/517 2392/2391/518 2391/2392/518 2389/2390/517
f 2392/2391/518 2394/2393/519 2393/2394/519 2391/2392/518
f 2394/2393/519 2396/2395/520 2395/2396/520 2393/2394/519
f 2396/2395/520 2398/2397/521 2397/2398/521 2395/2396/520
f 2398/2397/521 2400/2399/522 2399/2400/522 2397/2398/521
f 2400/2399/522 2402/2401/523 2401/2402/523 2399/2400/522
f 2402/2401/523 2404/2403/524 2403/2404/524 2401/2402/523
f 2404/2403/524 2406/2405/525 2405/2406/525 2403/2404/524
f 2406/2405/525 2408/2407/526 2407/2408/526 2405/2406/525
f 2408/2407/526 2410/2409/527 2409/2410/527 2407/2408/526
f 2410/2409/527 2412/2411/528 2411/2412/528 2409/2410/527
f 2412/2411/528 2414/2413/529 2413/2414/529 2411/2412/528
f 2414/2413/529 2416/2415/530 2415/2416/530 2413/2414/529
f 2416/2415/530 2418/2417/531 2417/2418/531 2415/2416/530
f 2418/2417/531 2420/2419/532 2419/2420/532 2417/2418/531
f 2420/2419/532 2422/2421/533 2421/2422/533 2419/2420/532
f 2422/2421/533 2424/2423/534 2423/2424/534 2421/2422/533
f 2424/2423/534 2426/2425/535 2425/2426/535 2423/2424/534
f 2426/2425/535 2428/2427/536 2427/2428/536 2425/2426/535
f 2428/2427/536 2430/2429/537 2429/2430/537 2427/2428/536
f 2430/2429/537 2432/2431/538 2431/2432/538 2429/2430/537
f 2432/2431/538 2434/2433/539 2433/2434/539 2431/2432/538
f 2434/2433/539 2436/2435/540 2435/2436/540 2433/2434/539
f 2436/2435/540 2438/2437/541 2437/2438/541 2435/2436/540
f 2438/2437/541 2440/2439/542 2439/2440/542 2437/2438/541
f 2440/2439/542 2442/2441/543 2441/2442/543 2439/2440/542
f 2442/2441/543 2444/2443/544 2443/2444/544 2441/2442/543
f 2444/2443/544 2446/2445/545 2445/2446/545 2443/2444/544
f 2446/2445/545 2448/2447/546 2447/2448/546 2445/2446/545
f 2448/2447/546 2450/2449/547 2449/2450/547 2447/2448/546
f 2450/2449/547 2452/2451/548 2451/2452/548 2449/2450/547
f 2452/2451/548 2454/2453/549 2453/2454/549 2451/2452/548
f 2454/2453/549 2456/2455/550 2455/2456/550 2453/2454/549
f 2456/2455/550 2458/2457/551 2457/2458/551 2455/2456/550
f 2458/2457/551 2460/2459/552 2459/2460/552 2457/2458/551
f 2460/2459/552 2462/2461/553 2461/2462/553 2459/2460/552
f 2462/2461/553 2464/2463/554 2463/2464/554 2461/2462/553
f 2464/2463/554 2466/2465/555 2465/2466/555 2463/2464/554
f 2466/2465/555 2468/2467/556 2467/2468/556 2465/2466/555
f 2468/2467/556 2470/2469/557 2469/2470/557 2467/2468/556
f 2470/2469/557 2472/2471/558 2471/2472/558 2469/2470/557
f 2472/2471/558 2474/2473/559 2473/2474/559 2471/2472/558
f 2474/2473/559 2476/2475/560 2475/2476/560 2473/2474/559
f 2476/2475/560 2478/2477/561 2477/2478/561 2475/2476/560
f 2478/2477/561 2480/2479/562 2479/2480/562 2477/2478/561
f 2480/2479/562 2482/2481/563 2481/2482/563 2479/2480/562
f 2482/2481/563 2484/2483/564 2483/2484/564 2481/2482/563
f 2484/2483/564 2486/2485/565 2485/2486/565 2483/2484/564
f 2486/2485/565 2488/2487/566 2487/2488/566 2485/2486/565
f 2488/2487/566 2490/2489/567 2489/2490/567 2487/2488/566
f 2490/2489/567 2492/2491/568 2491/2492/568 2489/2490/567
f 2492/2491/568 2494/2493/569 2493/2494/569 2491/2492/568
f 2494/2493/569 2496/2495/570 2495/2496/570 2493/2494/569
f 2496/2495/570 2498/2497/571 2497/2498/571 2495/2496/570
f 2498/2497/571 2500/2499/572 2499/2500/572 2497/2498/571
f 2500/2499/572 2502/2501/573 2501/2502/573 2499/2500/572
f 2502/2501/573 2504/2503/574 2503/2504/574 2501/2502/573
f 2504/2503/574 2506/2505/575 2505/2506/575 2503/2504/574
f 2506/2505/575 2508/2507/576 2507/2508/576 2505/2506/575
f 2508/2507/576 2510/2509/577 2509/2510/577 2507/2508/576
f 2510/2509/577 2512/2511/578 2511/2512/578 2509/2510/577
f 2512/2511/578 2514/2513/579 2513/2514/579 2511/2512/578
f 2514/2513/579 2516/2515/580 2515/2516/580 2513/2514/579
f 2516/2515/580 2518/2517/581 2517/2518/581 2515/2516/580
f 2518/2517/581 2520/2519/582 2519/2520/582 2517/2518/581
f 2520/2519/582 2522/2521/583 2521/2522/583 2519/2520/582
f 2522/2521/583 2524/2523/584 2523/2524/584 2521/2522/583
f 2524/2523/584 2526/2525/585 2525/2526/585 2523/2524/584
f 2526/2525/585 2528/2527/586 2527/2528/586 2525/2526/585
f 2528/2527/586 2530/2529/587 2529/2530/587 2527/2528/586
f 2530/2529/587 2532/2531/588 2531/2532/588 2529/2530/587
f 2532/2531/588 2534/2533/589 2533/2534/589 2531/2532/588
f 2534/2533/589 2536/2535/590 2535/2536/590 2533/2534/589
f 2536/2535/590 2538/2537/591 2537/2538/591 2535/2536/590
f 2538/2537/591 2540/2539/592 2539/2540/592 2537/2538/591
f 2540/2539/592 2542/2541/593 2541/2542/593 2539/2540/592
f 2542/2541/593 2544/2543/594 2543/2544/594 2541/2542/593
f 2544/2543/594 2546/2545/595 2545/2546/595 2543/2544/594
f 2546/2545/595 2548/2547/596 2547/2548/596 2545/2546/595
f 2548/2547/596 2550/2549/597 2549/2550/597 2547/2548/596
f 2550/2549/597 2552/2551/598 2551/2552/598 2549/2550/597
f 2552/2551/598 2554/2553/599 2553/2554/599 2551/2552/598
f 2554/2553/599 2556/2555/600 2555/2556/600 2553/2554/599
f 2556/2555/600 2558/2557/601 2557/2558/601 2555/2556/600
f 2558/2557/601 2560/2559/602 2559/2560/602 2557/2558/601
f 2560/2559/602 2562/2561/603 2561/2562/603 2559/2560/602
f 2562/2561/603 2564/2563/604 2563/2564/604 2561/2562/603
f 2564/2563/604 2566/2565/605 2565/2566/605 2563/2564/604
f 2566/2565/605 2568/2567/606 2567/2568/606 2565/2566/605
f 2568/2567/606 2570/2569/607 2569/2570/607 2567/2568/606
f 2570/2569/607 2572/2571/608 2571/2572/608 2569/2570/607
f 2572/2571/608 2574/2573/609 2573/2574/609 2571/2572/608
f 2574/2573/609 2576/2575/610 2575/2576/610 2573/2574/609
f 2576/2575/610 2578/2577/611 2577/2578/611 2575/2576/610
f 2578/2577/611 2580/2579/612 2579/2580/612 2577/2578/611
f 2580/2579/612 2582/2581/613 2581/2582/613 2579/2580/612
f 2582/2581/613 2584/2583/614 2583/2584/614 2581/2582/613
f 2584/2583/614 2586/2585/615 2585/2586/615 2583/2584/614
f 2586/2585/615 2588/2587/616 2587/2588/616 2585/2586/615
f 2588/2587/616 2590/2589/617 2589/2590/617 2587/2588/616
f 2590/2589/617 2592/2591/618 2591/2592/618 2589/2590/617
f 2592/2591/618 2594/2593/619 2593/2594/619 2591/2592/618
f 2594/2593/619 2596/2595/620 2595/2596/620 2593/2594/619
f 2596/2595/620 2598/2597/621 2597/2598/621 2595/2596/620
f 2598/2597/621 2600/2599/622 2599/2600/622 2597/2598/621
f 2600/2599/622 2602/2601/623 2601/2602/623 2599/2600/622
f 2602/2601/623 2604/2603/624 2603/2604/624 2601/2602/623
f 2604/2603/624 2606/2605/625 2605/2606/625 2603/2604/624
f 2606/2605/625 2608/2607/626 2607/2608/626 2605/2606/625
f 2608/2607/626 2610/2609/627 2609/2610/627 2607/2608/626
f 2610/2609/627 2612/2611/628 2611/2612/628 2609/2610/627
f 2612/2611/628 2614/2613/629 2613/2614/629 2611/2612/628
f 2614/2613/629 2616/2615/630 2615/2616/630 2613/2614/629
f 2616/2615/630 2618/2617/631 2617/2618/631 2615/2616/630
f 2618/2617/631 2620/2619/632 2619/2620/632 2617/2618/631
f 2620/2619/632 2622/2621/633 2621/2622/633 2619/2620/632
f 2622/2621/633 2624/2623/634 2623/2624/634 2621/2622/633
f 2624/2623/634 2626/2625/635 2625/2626/635 2623/2624/634
f 2626/2625/635 2628/2627/636 2627/2628/636 2625/2626/635
f 2628/2627/636 2630/2629/468 2629/2630/468 2627/2628/636
f 2630/2629/468 2632/2631/637 2631/2632/637 2629/2630/468
f 2632/2631/637 2634/2633/638 2633/2634/638 2631/2632/637
f 2634/2633/638 2636/2635/639 2635/2636/639 2633/2634/638
f 2636/2635/639 2638/2637/640 2637/2638/640 2635/2636/639
f 2638/2637/640 2640/2639/641 2639/2640/641 2637/2638/640
f 2640/2639/641 2642/2641/642 2641/2642/642 2639/2640/641
f 2642/2641/642 2644/2643/643 2643/2644/643 2641/2642/642
f 2644/2643/643 2646/2645/644 2645/2646/644 2643/2644/643
f 2646/2645/644 2648/2647/645 2647/2648/645 2645/2646/644
f 2648/2647/645 2650/2649/646 2649/2650/646 2647/2648/645
f 2650/2649/646 2652/2651/647 2651/2652/647 2649/2650/646
f 2652/2651/647 2290/2289/468 2289/2292/468 2651/2652/647
