# Blender 4.2.1 LTS
# www.blender.org
mtllib Title.mtl
o テキスト
v -10.188250 -0.243868 -0.999999
v -10.119221 -0.134294 -0.999999
v -10.052847 -0.022343 -0.999999
v -9.989126 0.091985 -0.999999
v -9.928061 0.208689 -0.999999
v -9.869648 0.327771 -0.999999
v -9.813890 0.449229 -0.999999
v -9.760787 0.573065 -0.999999
v -9.710338 0.699277 -0.999999
v -9.662542 0.827866 -0.999999
v -9.617401 0.958832 -0.999999
v -9.574915 1.092175 -0.999999
v -9.535083 1.227895 -0.999999
v -9.535083 0.905590 -0.999999
v -9.535242 0.811921 -0.999999
v -9.535717 0.707755 -0.999999
v -9.536509 0.593090 -0.999999
v -9.537619 0.467928 -0.999999
v -9.539044 0.332267 -0.999999
v -9.540788 0.186109 -0.999999
v -9.542848 0.029453 -0.999999
v -9.545224 -0.137701 -0.999999
v -9.547918 -0.315353 -0.999999
v -9.550928 -0.503502 -0.999999
v -9.554256 -0.702150 -0.999999
v -9.557901 -0.911295 -0.999999
v -9.803195 -0.911295 -0.999999
v -9.845167 -0.859816 -0.999999
v -9.884563 -0.812813 -0.999999
v -9.921386 -0.770287 -0.999999
v -9.955633 -0.732237 -0.999999
v -9.987305 -0.698664 -0.999999
v -10.016402 -0.669567 -0.999999
v -10.042924 -0.644946 -0.999999
v -10.066871 -0.624802 -0.999999
v -10.088243 -0.609135 -0.999999
v -10.107039 -0.597944 -0.999999
v -10.123261 -0.591229 -0.999999
v -10.136909 -0.588991 -0.999999
v -10.147902 -0.590575 -0.999999
v -10.161866 -0.595329 -0.999999
v -10.178801 -0.603252 -0.999999
v -10.198708 -0.614344 -0.999999
v -10.221585 -0.628605 -0.999999
v -10.247433 -0.646036 -0.999999
v -10.276253 -0.666635 -0.999999
v -10.308044 -0.690404 -0.999999
v -10.342806 -0.717342 -0.999999
v -10.380539 -0.747449 -0.999999
v -10.421243 -0.780726 -0.999999
v -10.464917 -0.817171 -0.999999
v -10.486330 -0.836226 -0.999999
v -10.505880 -0.854409 -0.999999
v -10.523568 -0.871720 -0.999999
v -10.539394 -0.888160 -0.999999
v -10.553359 -0.903729 -0.999999
v -10.565461 -0.918426 -0.999999
v -10.575701 -0.932252 -0.999999
v -10.584079 -0.945206 -0.999999
v -10.590596 -0.957288 -0.999999
v -10.595251 -0.968499 -0.999999
v -10.598044 -0.978838 -0.999999
v -10.598974 -0.988306 -0.999999
v -10.598439 -0.997418 -0.999999
v -10.596834 -1.005737 -0.999999
v -10.594160 -1.013263 -0.999999
v -10.590418 -1.019998 -0.999999
v -10.585604 -1.025940 -0.999999
v -10.579720 -1.031090 -0.999999
v -10.572768 -1.035448 -0.999999
v -10.564747 -1.039013 -0.999999
v -10.555655 -1.041786 -0.999999
v -10.545493 -1.043767 -0.999999
v -10.534263 -1.044955 -0.999999
v -10.521963 -1.045351 -0.999999
v -9.563606 -1.045351 -0.999999
v -9.564121 -1.096811 -0.999999
v -9.564715 -1.150409 -0.999999
v -9.565389 -1.206147 -0.999999
v -9.566141 -1.264024 -0.999999
v -9.566974 -1.324040 -0.999999
v -9.567884 -1.386195 -0.999999
v -9.568875 -1.450490 -0.999999
v -9.569944 -1.516924 -0.999999
v -9.571094 -1.585497 -0.999999
v -9.572321 -1.656209 -0.999999
v -9.573628 -1.729060 -0.999999
v -9.575015 -1.804051 -0.999999
v -9.575926 -1.855490 -0.999999
v -9.576758 -1.903325 -0.999999
v -9.577511 -1.947555 -0.999999
v -9.578184 -1.988179 -0.999999
v -9.578779 -2.025199 -0.999999
v -9.579294 -2.058614 -0.999999
v -9.579729 -2.088424 -0.999999
v -9.580086 -2.114629 -0.999999
v -9.580363 -2.137229 -0.999999
v -9.580561 -2.156225 -0.999999
v -9.580680 -2.171615 -0.999999
v -9.580719 -2.183400 -0.999999
v -9.578382 -2.218024 -0.999999
v -9.571370 -2.249636 -0.999999
v -9.559685 -2.278238 -0.999999
v -9.543324 -2.303829 -0.999999
v -9.522287 -2.326409 -0.999999
v -9.496578 -2.345979 -0.999999
v -9.466193 -2.362538 -0.999999
v -9.431134 -2.376086 -0.999999
v -9.391401 -2.386623 -0.999999
v -9.346992 -2.394150 -0.999999
v -9.297911 -2.398666 -0.999999
v -9.244154 -2.400172 -0.999999
v -9.203152 -2.399003 -0.999999
v -9.165716 -2.395497 -0.999999
v -9.131845 -2.389654 -0.999999
v -9.101541 -2.381473 -0.999999
v -9.074800 -2.370956 -0.999999
v -9.051626 -2.358101 -0.999999
v -9.032017 -2.342909 -0.999999
v -9.015973 -2.325379 -0.999999
v -9.003494 -2.305512 -0.999999
v -8.994581 -2.283308 -0.999999
v -8.989233 -2.258767 -0.999999
v -8.987451 -2.231889 -0.999999
v -8.987569 -2.170922 -0.999999
v -8.987926 -2.103062 -0.999999
v -8.988520 -2.028309 -0.999999
v -8.989352 -1.946663 -0.999999
v -8.990421 -1.858125 -0.999999
v -8.991729 -1.762693 -0.999999
v -8.993274 -1.660368 -0.999999
v -8.995056 -1.551151 -0.999999
v -8.997077 -1.435040 -0.999999
v -8.999334 -1.312037 -0.999999
v -9.001830 -1.182140 -0.999999
v -9.004564 -1.045351 -0.999999
v -8.454079 -1.045351 -0.999999
v -8.428864 -1.045589 -0.999999
v -8.402659 -1.046302 -0.999999
v -8.375464 -1.047490 -0.999999
v -8.347279 -1.049154 -0.999999
v -8.318102 -1.051293 -0.999999
v -8.287936 -1.053908 -0.999999
v -8.256779 -1.056998 -0.999999
v -8.224631 -1.060563 -0.999999
v -8.191494 -1.064604 -0.999999
v -8.157366 -1.069120 -0.999999
v -8.122248 -1.074111 -0.999999
v -8.086139 -1.079578 -0.999999
v -8.023389 -0.865659 -0.999999
v -8.059339 -0.872948 -0.999999
v -8.094933 -0.879604 -0.999999
v -8.130170 -0.885625 -0.999999
v -8.165051 -0.891013 -0.999999
v -8.199574 -0.895766 -0.999999
v -8.233742 -0.899886 -0.999999
v -8.267553 -0.903372 -0.999999
v -8.301008 -0.906225 -0.999999
v -8.334105 -0.908443 -0.999999
v -8.366847 -0.910028 -0.999999
v -8.399232 -0.910978 -0.999999
v -8.431261 -0.911295 -0.999999
v -9.004564 -0.911295 -0.999999
v -9.007298 -0.804593 -0.999999
v -9.009793 -0.694603 -0.999999
v -9.012052 -0.581325 -0.999999
v -9.014071 -0.464759 -0.999999
v -9.015854 -0.344905 -0.999999
v -9.017399 -0.221763 -0.999999
v -9.018706 -0.095333 -0.999999
v -9.019775 0.034385 -0.999999
v -9.020607 0.167391 -0.999999
v -9.021202 0.303685 -0.999999
v -9.021558 0.443268 -0.999999
v -9.021677 0.586138 -0.999999
v -8.964315 0.489676 -0.999999
v -8.905369 0.395195 -0.999999
v -8.844838 0.302695 -0.999999
v -8.782722 0.212176 -0.999999
v -8.719023 0.123637 -0.999999
v -8.653737 0.037079 -0.999999
v -8.586868 -0.047498 -0.999999
v -8.518414 -0.130095 -0.999999
v -8.448376 -0.210711 -0.999999
v -8.376752 -0.289346 -0.999999
v -8.303545 -0.366000 -0.999999
v -8.228751 -0.440674 -0.999999
v -8.164813 -0.501957 -0.999999
v -8.098498 -0.563162 -0.999999
v -8.029806 -0.624287 -0.999999
v -7.958737 -0.685334 -0.999999
v -7.885292 -0.746300 -0.999999
v -7.809470 -0.807188 -0.999999
v -7.731270 -0.867997 -0.999999
v -7.650694 -0.928726 -0.999999
v -7.567741 -0.989376 -0.999999
v -7.482411 -1.049947 -0.999999
v -7.394704 -1.110438 -0.999999
v -7.304621 -1.170850 -0.999999
v -7.304106 -1.171306 -0.999999
v -7.303512 -1.171722 -0.999999
v -7.302838 -1.172098 -0.999999
v -7.302085 -1.172435 -0.999999
v -7.301253 -1.172732 -0.999999
v -7.300342 -1.172989 -0.999999
v -7.299351 -1.173207 -0.999999
v -7.298282 -1.173386 -0.999999
v -7.297133 -1.173524 -0.999999
v -7.295905 -1.173623 -0.999999
v -7.294598 -1.173683 -0.999999
v -7.293212 -1.173703 -0.999999
v -7.285011 -1.173366 -0.999999
v -7.277524 -1.172356 -0.999999
v -7.270751 -1.170672 -0.999999
v -7.264689 -1.168315 -0.999999
v -7.259341 -1.165285 -0.999999
v -7.254706 -1.161581 -0.999999
v -7.250785 -1.157203 -0.999999
v -7.247576 -1.152152 -0.999999
v -7.245080 -1.146428 -0.999999
v -7.243298 -1.140030 -0.999999
v -7.242229 -1.132959 -0.999999
v -7.241871 -1.125214 -0.999999
v -7.241911 -1.123808 -0.999999
v -7.242029 -1.122441 -0.999999
v -7.242227 -1.121114 -0.999999
v -7.242504 -1.119827 -0.999999
v -7.242861 -1.118579 -0.999999
v -7.243297 -1.117371 -0.999999
v -7.243812 -1.116202 -0.999999
v -7.244406 -1.115073 -0.999999
v -7.245079 -1.113984 -0.999999
v -7.245832 -1.112934 -0.999999
v -7.246664 -1.111924 -0.999999
v -7.247576 -1.110953 -0.999999
v -7.415225 -0.933539 -0.999999
v -7.574951 -0.751173 -0.999999
v -7.726755 -0.563855 -0.999999
v -7.870635 -0.371586 -0.999999
v -8.006593 -0.174364 -0.999999
v -8.134626 0.027809 -0.999999
v -8.254739 0.234934 -0.999999
v -8.366927 0.447011 -0.999999
v -8.471192 0.664039 -0.999999
v -8.567535 0.886020 -0.999999
v -8.655955 1.112952 -0.999999
v -8.736452 1.344837 -0.999999
v -7.912150 1.344837 -0.999999
v -7.887847 1.344599 -0.999999
v -7.862474 1.343886 -0.999999
v -7.836032 1.342698 -0.999999
v -7.808519 1.341034 -0.999999
v -7.779938 1.338895 -0.999999
v -7.750287 1.336280 -0.999999
v -7.719565 1.333190 -0.999999
v -7.687775 1.329625 -0.999999
v -7.654915 1.325585 -0.999999
v -7.620985 1.321068 -0.999999
v -7.585986 1.316077 -0.999999
v -7.549915 1.310610 -0.999999
v -7.484313 1.524529 -0.999999
v -7.520679 1.517240 -0.999999
v -7.556570 1.510585 -0.999999
v -7.591986 1.504563 -0.999999
v -7.626925 1.499176 -0.999999
v -7.661390 1.494422 -0.999999
v -7.695380 1.490302 -0.999999
v -7.728894 1.486816 -0.999999
v -7.761932 1.483964 -0.999999
v -7.794496 1.481745 -0.999999
v -7.826583 1.480160 -0.999999
v -7.858196 1.479210 -0.999999
v -7.889333 1.478893 -0.999999
v -9.004564 1.478893 -0.999999
v -9.004564 2.163434 -0.999999
v -9.004327 2.230462 -0.999999
v -9.003613 2.296539 -0.999999
v -9.002425 2.361665 -0.999999
v -9.000761 2.425841 -0.999999
v -8.998622 2.489066 -0.999999
v -8.996008 2.551341 -0.999999
v -8.992918 2.612664 -0.999999
v -8.989352 2.673037 -0.999999
v -8.985312 2.732458 -0.999999
v -8.980795 2.790930 -0.999999
v -8.975803 2.848450 -0.999999
v -8.970337 2.905020 -0.999999
v -9.047130 2.897849 -0.999999
v -9.119684 2.890600 -0.999999
v -9.188000 2.883271 -0.999999
v -9.252076 2.875863 -0.999999
v -9.311913 2.868376 -0.999999
v -9.367513 2.860810 -0.999999
v -9.418873 2.853164 -0.999999
v -9.465995 2.845439 -0.999999
v -9.508878 2.837635 -0.999999
v -9.547522 2.829752 -0.999999
v -9.581927 2.821789 -0.999999
v -9.612094 2.813747 -0.999999
v -9.634417 2.806894 -0.999999
v -9.654799 2.799645 -0.999999
v -9.673239 2.791999 -0.999999
v -9.689738 2.783957 -0.999999
v -9.704296 2.775519 -0.999999
v -9.716913 2.766685 -0.999999
v -9.727591 2.757455 -0.999999
v -9.736325 2.747829 -0.999999
v -9.743119 2.737806 -0.999999
v -9.747972 2.727387 -0.999999
v -9.750883 2.716573 -0.999999
v -9.751854 2.705362 -0.999999
v -9.750348 2.691041 -0.999999
v -9.745832 2.676602 -0.999999
v -9.738305 2.662043 -0.999999
v -9.727768 2.647366 -0.999999
v -9.714220 2.632570 -0.999999
v -9.697660 2.617655 -0.999999
v -9.678091 2.602621 -0.999999
v -9.655512 2.587469 -0.999999
v -9.629920 2.572197 -0.999999
v -9.601318 2.556807 -0.999999
v -9.569706 2.541298 -0.999999
v -9.535083 2.525670 -0.999999
v -9.535083 1.478893 -0.999999
v -10.510554 1.478893 -0.999999
v -10.559815 1.540395 -0.999999
v -10.605867 1.596548 -0.999999
v -10.648709 1.647354 -0.999999
v -10.688344 1.692812 -0.999999
v -10.724770 1.732922 -0.999999
v -10.757986 1.767684 -0.999999
v -10.787994 1.797097 -0.999999
v -10.814795 1.821163 -0.999999
v -10.838385 1.839881 -0.999999
v -10.858766 1.853251 -0.999999
v -10.875939 1.861273 -0.999999
v -10.889903 1.863947 -0.999999
v -10.903669 1.862204 -0.999999
v -10.920248 1.856975 -0.999999
v -10.939640 1.848260 -0.999999
v -10.961843 1.836058 -0.999999
v -10.986860 1.820371 -0.999999
v -11.014689 1.801198 -0.999999
v -11.045331 1.778538 -0.999999
v -11.078786 1.752392 -0.999999
v -11.115053 1.722761 -0.999999
v -11.154132 1.689643 -0.999999
v -11.196024 1.653039 -0.999999
v -11.240730 1.612949 -0.999999
v -11.269886 1.587080 -0.999999
v -11.296507 1.562718 -0.999999
v -11.320593 1.539860 -0.999999
v -11.342144 1.518508 -0.999999
v -11.361159 1.498661 -0.999999
v -11.377639 1.480319 -0.999999
v -11.391582 1.463483 -0.999999
v -11.402992 1.448152 -0.999999
v -11.411866 1.434326 -0.999999
v -11.418204 1.422006 -0.999999
v -11.422007 1.411191 -0.999999
v -11.423275 1.401882 -0.999999
v -11.422740 1.392771 -0.999999
v -11.421136 1.384452 -0.999999
v -11.418462 1.376925 -0.999999
v -11.414719 1.370190 -0.999999
v -11.409904 1.364248 -0.999999
v -11.404022 1.359098 -0.999999
v -11.397070 1.354741 -0.999999
v -11.389048 1.351175 -0.999999
v -11.379956 1.348402 -0.999999
v -11.369795 1.346421 -0.999999
v -11.358564 1.345233 -0.999999
v -11.346264 1.344837 -0.999999
v -9.580719 1.344837 -0.999999
v -9.635150 1.228489 -0.999999
v -9.693859 1.114280 -0.999999
v -9.756845 1.002210 -0.999999
v -9.824112 0.892279 -0.999999
v -9.895656 0.784488 -0.999999
v -9.971478 0.678836 -0.999999
v -10.051579 0.575323 -0.999999
v -10.135957 0.473949 -0.999999
v -10.224614 0.374714 -0.999999
v -10.317550 0.277619 -0.999999
v -10.414763 0.182663 -0.999999
v -10.516258 0.089846 -0.999999
v -10.600558 0.016083 -0.999999
v -10.686126 -0.054985 -0.999999
v -10.772962 -0.123360 -0.999999
v -10.861064 -0.189041 -0.999999
v -10.950434 -0.252029 -0.999999
v -11.041073 -0.312322 -0.999999
v -11.132978 -0.369922 -0.999999
v -11.226152 -0.424828 -0.999999
v -11.320593 -0.477040 -0.999999
v -11.416302 -0.526558 -0.999999
v -11.513279 -0.573383 -0.999999
v -11.611524 -0.617513 -0.999999
v -11.614713 -0.619058 -0.999999
v -11.617624 -0.620841 -0.999999
v -11.620259 -0.622861 -0.999999
v -11.622616 -0.625119 -0.999999
v -11.624697 -0.627615 -0.999999
v -11.626499 -0.630348 -0.999999
v -11.628023 -0.633319 -0.999999
v -11.629272 -0.636528 -0.999999
v -11.630241 -0.639975 -0.999999
v -11.630935 -0.643659 -0.999999
v -11.631351 -0.647581 -0.999999
v -11.631489 -0.651740 -0.999999
v -11.631310 -0.656791 -0.999999
v -11.630774 -0.661486 -0.999999
v -11.629883 -0.665823 -0.999999
v -11.628635 -0.669805 -0.999999
v -11.627030 -0.673429 -0.999999
v -11.625070 -0.676698 -0.999999
v -11.622752 -0.679609 -0.999999
v -11.620078 -0.682164 -0.999999
v -11.617048 -0.684363 -0.999999
v -11.613661 -0.686205 -0.999999
v -11.609918 -0.687691 -0.999999
v -11.605818 -0.688820 -0.999999
v -11.571711 -0.697436 -0.999999
v -11.538791 -0.709974 -0.999999
v -11.507059 -0.726434 -0.999999
v -11.476517 -0.746816 -0.999999
v -11.447163 -0.771119 -0.999999
v -11.418997 -0.799344 -0.999999
v -11.392020 -0.831492 -0.999999
v -11.366232 -0.867561 -0.999999
v -11.341631 -0.907552 -0.999999
v -11.318218 -0.951465 -0.999999
v -11.295995 -0.999299 -0.999999
v -11.274958 -1.051056 -0.999999
v -11.269788 -1.066268 -0.999999
v -11.264736 -1.080529 -0.999999
v -11.259805 -1.093840 -0.999999
v -11.254992 -1.106199 -0.999999
v -11.250297 -1.117608 -0.999999
v -11.245722 -1.128067 -0.999999
v -11.241264 -1.137574 -0.999999
v -11.236926 -1.146131 -0.999999
v -11.232708 -1.153737 -0.999999
v -11.228608 -1.160392 -0.999999
v -11.224627 -1.166097 -0.999999
v -11.220765 -1.170850 -0.999999
v -11.216763 -1.174950 -0.999999
v -11.212366 -1.178694 -0.999999
v -11.207572 -1.182081 -0.999999
v -11.202383 -1.185112 -0.999999
v -11.196796 -1.187786 -0.999999
v -11.190815 -1.190103 -0.999999
v -11.184437 -1.192064 -0.999999
v -11.177664 -1.193668 -0.999999
v -11.170493 -1.194916 -0.999999
v -11.162928 -1.195808 -0.999999
v -11.154965 -1.196342 -0.999999
v -11.146606 -1.196521 -0.999999
v -11.135158 -1.195748 -0.999999
v -11.122679 -1.193431 -0.999999
v -11.109170 -1.189568 -0.999999
v -11.094631 -1.184161 -0.999999
v -11.079062 -1.177209 -0.999999
v -11.062464 -1.168711 -0.999999
v -11.044835 -1.158669 -0.999999
v -11.026176 -1.147082 -0.999999
v -11.006488 -1.133949 -0.999999
v -10.985769 -1.119272 -0.999999
v -10.964021 -1.103050 -0.999999
v -10.941243 -1.085283 -0.999999
v -10.871521 -1.031506 -0.999999
v -10.803068 -0.974758 -0.999999
v -10.735882 -0.915039 -0.999999
v -10.669962 -0.852349 -0.999999
v -10.605311 -0.786688 -0.999999
v -10.541927 -0.718055 -0.999999
v -10.479813 -0.646452 -0.999999
v -10.418964 -0.571877 -0.999999
v -10.359384 -0.494332 -0.999999
v -10.301071 -0.413815 -0.999999
v -10.244026 -0.330327 -0.999999
v -6.662864 -0.677411 -0.999999
v -6.662864 0.620365 -0.999999
v -6.615644 0.565855 -0.999999
v -6.567155 0.511662 -0.999999
v -6.517399 0.457786 -0.999999
v -6.466375 0.404227 -0.999999
v -6.414084 0.350985 -0.999999
v -6.360525 0.298060 -0.999999
v -6.305698 0.245452 -0.999999
v -6.249604 0.193161 -0.999999
v -6.192242 0.141186 -0.999999
v -6.133613 0.089529 -0.999999
v -6.073715 0.038188 -0.999999
v -6.012550 -0.012836 -0.999999
v -6.011580 -0.013291 -0.999999
v -6.010570 -0.013707 -0.999999
v -6.009520 -0.014083 -0.999999
v -6.008430 -0.014420 -0.999999
v -6.007301 -0.014717 -0.999999
v -6.006132 -0.014975 -0.999999
v -6.004924 -0.015193 -0.999999
v -6.003676 -0.015371 -0.999999
v -6.002388 -0.015510 -0.999999
v -6.001062 -0.015609 -0.999999
v -5.999695 -0.015668 -0.999999
v -5.998289 -0.015688 -0.999999
v -5.990544 -0.015371 -0.999999
v -5.983474 -0.014420 -0.999999
v -5.977076 -0.012836 -0.999999
v -5.971351 -0.010617 -0.999999
v -5.966300 -0.007765 -0.999999
v -5.961923 -0.004279 -0.999999
v -5.958219 -0.000159 -0.999999
v -5.955189 0.004595 -0.999999
v -5.952831 0.009982 -0.999999
v -5.951148 0.016004 -0.999999
v -5.950137 0.022659 -0.999999
v -5.949800 0.029948 -0.999999
v -5.949821 0.030899 -0.999999
v -5.949880 0.031850 -0.999999
v -5.949979 0.032801 -0.999999
v -5.950118 0.033751 -0.999999
v -5.950296 0.034702 -0.999999
v -5.950514 0.035653 -0.999999
v -5.950771 0.036603 -0.999999
v -5.951068 0.037554 -0.999999
v -5.951405 0.038505 -0.999999
v -5.951781 0.039456 -0.999999
v -5.952197 0.040406 -0.999999
v -5.952653 0.041357 -0.999999
v -6.055829 0.175988 -0.999999
v -6.155242 0.315570 -0.999999
v -6.250891 0.460104 -0.999999
v -6.342777 0.609590 -0.999999
v -6.430900 0.764027 -0.999999
v -6.515260 0.923417 -0.999999
v -6.595856 1.087758 -0.999999
v -6.672688 1.257051 -0.999999
v -6.745758 1.431296 -0.999999
v -6.815064 1.610493 -0.999999
v -6.880607 1.794641 -0.999999
v -6.942385 1.983742 -0.999999
v -6.967817 2.065764 -0.999999
v -6.991824 2.147350 -0.999999
v -7.014404 2.228501 -0.999999
v -7.035558 2.309216 -0.999999
v -7.055286 2.389495 -0.999999
v -7.073588 2.469338 -0.999999
v -7.090464 2.548745 -0.999999
v -7.105914 2.627717 -1.000000
v -7.119937 2.706253 -1.000000
v -7.132535 2.784353 -1.000000
v -7.143706 2.862018 -1.000000
v -7.153451 2.939247 -1.000000
v -7.276455 2.904762 -0.999999
v -7.388763 2.871664 -0.999999
v -7.490375 2.839953 -0.999999
v -7.581290 2.809628 -0.999999
v -7.661510 2.780689 -0.999999
v -7.731033 2.753137 -0.999999
v -7.789861 2.726972 -0.999999
v -7.837993 2.702193 -0.999999
v -7.875429 2.678801 -0.999999
v -7.902169 2.656795 -0.999999
v -7.918212 2.636175 -0.999999
v -7.923560 2.616942 -0.999999
v -7.922134 2.601671 -0.999999
v -7.917855 2.587231 -0.999999
v -7.910725 2.573623 -0.999999
v -7.900742 2.560848 -0.999999
v -7.887907 2.548904 -0.999999
v -7.872219 2.537792 -0.999999
v -7.853680 2.527512 -0.999999
v -7.832288 2.518064 -0.999999
v -7.808043 2.509448 -0.999999
v -7.780947 2.501663 -0.999999
v -7.750998 2.494711 -0.999999
v -7.718198 2.488591 -0.999999
v -7.665451 2.352574 -0.999999
v -7.611793 2.220241 -0.999999
v -7.557223 2.091593 -0.999999
v -7.501743 1.966628 -0.999999
v -7.445352 1.845348 -0.999999
v -7.388049 1.727752 -0.999999
v -7.329836 1.613840 -0.999999
v -7.270711 1.503612 -0.999999
v -7.210675 1.397069 -0.999999
v -7.149728 1.294209 -0.999999
v -7.087870 1.195034 -0.999999
v -7.025100 1.099543 -0.999999
v -7.058297 1.094334 -0.999999
v -7.089434 1.089164 -0.999999
v -7.118511 1.084034 -0.999999
v -7.145528 1.078944 -0.999999
v -7.170485 1.073893 -0.999999
v -7.193382 1.068882 -0.999999
v -7.214219 1.063910 -0.999999
v -7.232996 1.058978 -0.999999
v -7.249713 1.054085 -0.999999
v -7.264371 1.049233 -0.999999
v -7.276968 1.044420 -0.999999
v -7.287507 1.039646 -0.999999
v -7.294796 1.036160 -0.999999
v -7.301452 1.032357 -0.999999
v -7.307473 1.028237 -0.999999
v -7.312860 1.023800 -0.999999
v -7.317615 1.019046 -0.999999
v -7.321734 1.013976 -0.999999
v -7.325221 1.008588 -0.999999
v -7.328073 1.002884 -0.999999
v -7.330291 0.996862 -0.999999
v -7.331876 0.990524 -0.999999
v -7.332826 0.983868 -0.999999
v -7.333143 0.976896 -0.999999
v -7.332094 0.965032 -0.999999
v -7.328944 0.953207 -0.999999
v -7.323695 0.941421 -0.999999
v -7.316347 0.929676 -0.999999
v -7.306899 0.917970 -0.999999
v -7.295351 0.906303 -0.999999
v -7.281704 0.894676 -0.999999
v -7.265957 0.883089 -0.999999
v -7.248111 0.871541 -0.999999
v -7.228165 0.860033 -0.999999
v -7.206120 0.848565 -0.999999
v -7.181974 0.837136 -0.999999
v -7.181974 -2.189105 -0.999999
v -7.179874 -2.228284 -0.999999
v -7.173575 -2.264056 -0.999999
v -7.163077 -2.296421 -0.999999
v -7.148380 -2.325379 -0.999999
v -7.129483 -2.350931 -0.999999
v -7.106388 -2.373075 -0.999999
v -7.079093 -2.391813 -0.999999
v -7.047599 -2.407144 -0.999999
v -7.011906 -2.419068 -0.999999
v -6.972013 -2.427585 -0.999999
v -6.927922 -2.432696 -0.999999
v -6.879635 -2.434399 -0.999999
v -6.839545 -2.432854 -0.999999
v -6.802941 -2.428219 -0.999999
v -6.769824 -2.420494 -0.999999
v -6.740191 -2.409679 -0.999999
v -6.714046 -2.395774 -0.999999
v -6.691387 -2.378780 -0.999999
v -6.672213 -2.358695 -0.999999
v -6.656526 -2.335521 -0.999999
v -6.644325 -2.309256 -0.999999
v -6.635609 -2.279902 -0.999999
v -6.630380 -2.247457 -0.999999
v -6.628637 -2.211923 -0.999999
v -6.634104 -2.104092 -0.999999
v -6.639095 -1.992616 -0.999999
v -6.643611 -1.877496 -0.999999
v -6.647652 -1.758731 -0.999999
v -6.651217 -1.636322 -0.999999
v -6.654307 -1.510269 -0.999999
v -6.656922 -1.380570 -0.999999
v -6.659061 -1.247227 -0.999999
v -6.660725 -1.110240 -0.999999
v -6.661913 -0.969608 -0.999999
v -6.662626 -0.825332 -0.999999
v -4.649173 -2.003708 -1.000000
v -1.166572 -2.003708 -1.000000
v -1.166572 -2.154878 -1.000000
v -1.164294 -2.194057 -1.000000
v -1.157460 -2.229829 -1.000000
v -1.146071 -2.262194 -1.000000
v -1.130126 -2.291152 -1.000000
v -1.109626 -2.316704 -1.000000
v -1.084570 -2.338848 -1.000000
v -1.054958 -2.357586 -1.000000
v -1.020790 -2.372917 -1.000000
v -0.982067 -2.384841 -1.000000
v -0.938788 -2.393358 -1.000000
v -0.890953 -2.398468 -1.000000
v -0.838563 -2.400172 -1.000000
v -0.814952 -2.399835 -1.000000
v -0.792610 -2.398825 -1.000000
v -0.771535 -2.397141 -1.000000
v -0.751727 -2.394784 -1.000000
v -0.733188 -2.391753 -1.000000
v -0.715916 -2.388050 -1.000000
v -0.699911 -2.383672 -1.000000
v -0.685175 -2.378621 -1.000000
v -0.671706 -2.372897 -1.000000
v -0.659504 -2.366499 -1.000000
v -0.648571 -2.359428 -1.000000
v -0.638905 -2.351683 -1.000000
v -0.630705 -2.343622 -1.000000
v -0.623217 -2.334649 -1.000000
v -0.616443 -2.324765 -1.000000
v -0.610382 -2.313970 -1.000000
v -0.605034 -2.302264 -1.000000
v -0.600399 -2.289647 -1.000000
v -0.596478 -2.276118 -1.000000
v -0.593269 -2.261679 -1.000000
v -0.590773 -2.246328 -1.000000
v -0.588990 -2.230066 -1.000000
v -0.587921 -2.212893 -1.000000
v -0.587564 -2.194809 -1.000000
v -0.593487 -2.030706 -1.000000
v -0.598894 -1.856897 -1.000000
v -0.603786 -1.673382 -1.000000
v -0.608164 -1.480161 -1.000000
v -0.612026 -1.277236 -1.000000
v -0.615374 -1.064604 -1.000000
v -0.618206 -0.842267 -1.000000
v -0.620524 -0.610224 -1.000000
v -0.622326 -0.368476 -1.000000
v -0.623614 -0.117022 -1.000000
v -0.624386 0.144138 -1.000000
v -0.624644 0.415003 -1.000000
v -0.624426 0.509186 -1.000000
v -0.623772 0.605390 -1.000000
v -0.622683 0.703615 -1.000000
v -0.621157 0.803860 -1.000000
v -0.619197 0.906125 -1.000000
v -0.616800 1.010410 -1.000000
v -0.613967 1.116716 -1.000000
v -0.610699 1.225042 -1.000000
v -0.606995 1.335389 -1.000000
v -0.602856 1.447756 -1.000000
v -0.598280 1.562143 -1.000000
v -0.593269 1.678551 -1.000000
v -0.647422 1.653613 -1.000000
v -0.701496 1.628240 -1.000000
v -0.755491 1.602431 -1.000000
v -0.809406 1.576187 -1.000000
v -0.863242 1.549506 -1.000000
v -0.917000 1.522390 -1.000000
v -0.970677 1.494838 -1.000000
v -1.024276 1.466851 -1.000000
v -1.077795 1.438427 -1.000000
v -1.131235 1.409568 -1.000000
v -1.184596 1.380273 -1.000000
v -1.237878 1.350542 -1.000000
v -2.307473 1.350542 -1.000000
v -2.327399 1.423373 -1.000000
v -2.347246 1.499255 -1.000000
v -2.367014 1.578187 -1.000000
v -2.386702 1.660170 -1.000000
v -2.406311 1.745202 -1.000000
v -2.425841 1.833286 -1.000000
v -2.445292 1.924419 -1.000000
v -2.464664 2.018603 -1.000000
v -2.483956 2.115837 -1.000000
v -2.503169 2.216121 -1.000000
v -2.522303 2.319456 -1.000000
v -2.541358 2.425841 -1.000000
v -0.869937 2.425841 -1.000000
v -0.833512 2.425603 -1.000000
v -0.795541 2.424891 -1.000000
v -0.756025 2.423702 -1.000000
v -0.714965 2.422038 -1.000000
v -0.672359 2.419899 -1.000000
v -0.628209 2.417284 -1.000000
v -0.582513 2.414195 -1.000000
v -0.535273 2.410629 -1.000000
v -0.486488 2.406589 -1.000000
v -0.436157 2.402072 -1.000000
v -0.384282 2.397081 -1.000000
v -0.330861 2.391614 -1.000000
v -0.268112 2.605533 -1.000000
v -0.322483 2.598244 -1.000000
v -0.376260 2.591589 -1.000000
v -0.429442 2.585567 -1.000000
v -0.482031 2.580180 -1.000000
v -0.534025 2.575426 -1.000000
v -0.585425 2.571306 -1.000000
v -0.636231 2.567820 -1.000000
v -0.686442 2.564968 -1.000000
v -0.736060 2.562749 -1.000000
v -0.785083 2.561164 -1.000000
v -0.833512 2.560214 -1.000000
v -0.881346 2.559897 -1.000000
v -4.537935 2.559897 -1.000000
v -4.596288 2.629143 -1.000000
v -4.650599 2.692368 -1.000000
v -4.700870 2.749572 -1.000000
v -4.747100 2.800754 -1.000000
v -4.789290 2.845915 -1.000000
v -4.827439 2.885054 -1.000000
v -4.861547 2.918172 -1.000000
v -4.891614 2.945268 -1.000000
v -4.917642 2.966343 -1.000000
v -4.939628 2.981397 -1.000000
v -4.957573 2.990429 -1.000000
v -4.971478 2.993439 -1.000000
v -4.983144 2.991360 -1.000000
v -4.999128 2.985121 -1.000000
v -5.019431 2.974722 -1.000000
v -5.044051 2.960163 -1.000000
v -5.072990 2.941445 -1.000000
v -5.106246 2.918568 -1.000000
v -5.143821 2.891531 -1.000000
v -5.185714 2.860334 -1.000000
v -5.231924 2.824979 -1.000000
v -5.282453 2.785463 -1.000000
v -5.337299 2.741788 -1.000000
v -5.396463 2.693953 -1.000000
v -5.426531 2.668956 -1.000000
v -5.453983 2.645306 -1.000000
v -5.478822 2.623003 -1.000000
v -5.501046 2.602047 -1.000000
v -5.520655 2.582438 -1.000000
v -5.537649 2.564175 -1.000000
v -5.552030 2.547260 -1.000000
v -5.563795 2.531691 -1.000000
v -5.572946 2.517469 -1.000000
v -5.579482 2.504595 -1.000000
v -5.583405 2.493067 -1.000000
v -5.584712 2.482886 -1.000000
v -5.584177 2.473775 -1.000000
v -5.582573 2.465456 -1.000000
v -5.579899 2.457929 -1.000000
v -5.576155 2.451195 -1.000000
v -5.571342 2.445252 -1.000000
v -5.565459 2.440102 -1.000000
v -5.558507 2.435745 -1.000000
v -5.550485 2.432179 -1.000000
v -5.541393 2.429406 -1.000000
v -5.531232 2.427426 -1.000000
v -5.520001 2.426237 -1.000000
v -5.507701 2.425841 -1.000000
v -3.211637 2.425841 -1.000000
v -3.162416 2.326428 -1.000000
v -3.111729 2.228798 -1.000000
v -3.059577 2.132951 -1.000000
v -3.005958 2.038886 -1.000000
v -2.950874 1.946603 -1.000000
v -2.894324 1.856104 -1.000000
v -2.836308 1.767387 -1.000000
v -2.776827 1.680453 -1.000000
v -2.715880 1.595301 -1.000000
v -2.653467 1.511932 -1.000000
v -2.589588 1.430346 -1.000000
v -2.524244 1.350542 -1.000000
v -4.583571 1.350542 -1.000000
v -4.625464 1.397010 -1.000000
v -4.664623 1.439437 -1.000000
v -4.701048 1.477823 -1.000000
v -4.734741 1.512169 -1.000000
v -4.765699 1.542475 -1.000000
v -4.793925 1.568739 -1.000000
v -4.819417 1.590963 -1.000000
v -4.842175 1.609146 -1.000000
v -4.862201 1.623288 -1.000000
v -4.879493 1.633390 -1.000000
v -4.894051 1.639451 -1.000000
v -4.905876 1.641471 -1.000000
v -4.918176 1.639847 -1.000000
v -4.933210 1.634975 -1.000000
v -4.950977 1.626854 -1.000000
v -4.971478 1.615484 -1.000000
v -4.994711 1.600866 -1.000000
v -5.020679 1.583000 -1.000000
v -5.049380 1.561886 -1.000000
v -5.080814 1.537523 -1.000000
v -5.114982 1.509911 -1.000000
v -5.151883 1.479051 -1.000000
v -5.191518 1.444943 -1.000000
v -5.233885 1.407587 -1.000000
v -5.255297 1.387165 -1.000000
v -5.274847 1.367734 -1.000000
v -5.292534 1.349294 -1.000000
v -5.308361 1.331843 -1.000000
v -5.322325 1.315384 -1.000000
v -5.334427 1.299914 -1.000000
v -5.344667 1.285435 -1.000000
v -5.353046 1.271946 -1.000000
v -5.359563 1.259448 -1.000000
v -5.364217 1.247940 -1.000000
v -5.367010 1.237422 -1.000000
v -5.367941 1.227895 -1.000000
v -5.366713 1.215258 -1.000000
v -5.363029 1.202066 -1.000000
v -5.356888 1.188320 -1.000000
v -5.348292 1.174019 -1.000000
v -5.337239 1.159163 -1.000000
v -5.323730 1.143753 -1.000000
v -5.307766 1.127788 -1.000000
v -5.289345 1.111269 -1.000000
v -5.268468 1.094195 -1.000000
v -5.245135 1.076567 -1.000000
v -5.219346 1.058384 -1.000000
v -5.191102 1.039646 -1.000000
v -5.191102 0.514831 -1.000000
v -5.191398 0.291999 -1.000000
v -5.192289 0.069404 -1.000000
v -5.193775 -0.152952 -1.000000
v -5.195854 -0.375072 -1.000000
v -5.198528 -0.596953 -1.000000
v -5.201797 -0.818597 -1.000000
v -5.205659 -1.040003 -1.000000
v -5.210115 -1.261172 -0.999999
v -5.215166 -1.482102 -0.999999
v -5.220811 -1.702795 -0.999999
v -5.227051 -1.923251 -0.999999
v -5.233885 -2.143469 -0.999999
v -5.231607 -2.182648 -0.999999
v -5.224773 -2.218420 -0.999999
v -5.213384 -2.250785 -0.999999
v -5.197439 -2.279743 -0.999999
v -5.176939 -2.305295 -0.999999
v -5.151883 -2.327439 -0.999999
v -5.122271 -2.346177 -0.999999
v -5.088103 -2.361508 -0.999999
v -5.049379 -2.373432 -0.999999
v -5.006101 -2.381949 -0.999999
v -4.958266 -2.387060 -0.999999
v -4.905876 -2.388762 -0.999999
v -4.881354 -2.388426 -0.999999
v -4.858180 -2.387416 -0.999999
v -4.836352 -2.385732 -0.999999
v -4.815871 -2.383375 -0.999999
v -4.796738 -2.380344 -0.999999
v -4.778951 -2.376640 -0.999999
v -4.762510 -2.372263 -0.999999
v -4.747417 -2.367212 -0.999999
v -4.733671 -2.361488 -0.999999
v -4.721272 -2.355090 -0.999999
v -4.710219 -2.348019 -0.999999
v -4.700513 -2.340274 -0.999999
v -4.692313 -2.332747 -0.999999
v -4.684826 -2.324429 -0.999999
v -4.678052 -2.315317 -0.999999
v -4.671991 -2.305414 -0.999999
v -4.666643 -2.294718 -0.999999
v -4.662008 -2.283230 -0.999999
v -4.658086 -2.270949 -1.000000
v -4.654878 -2.257876 -1.000000
v -4.652382 -2.244011 -1.000000
v -4.650599 -2.229354 -1.000000
v -4.649529 -2.213904 -1.000000
v -4.649173 -2.197662 -1.000000
v -3.345693 1.216486 -1.000000
v -2.447233 1.216486 -1.000000
v -2.447233 0.315174 -1.000000
v -3.345693 0.315174 -1.000000
v -1.933828 -1.869652 -1.000000
v -1.933828 1.216486 -1.000000
v -1.166572 1.216486 -1.000000
v -1.166572 -1.869652 -1.000000
v -3.853395 -1.869652 -1.000000
v -4.649173 -1.869652 -1.000000
v -4.649173 1.216486 -1.000000
v -3.853395 1.216486 -1.000000
v -2.447233 -1.869652 -1.000000
v -3.345693 -1.869652 -1.000000
v -3.345693 -0.857103 -1.000000
v -2.447233 -0.857103 -1.000000
v -2.447233 -0.723047 -1.000000
v -3.345693 -0.723047 -1.000000
v -3.345693 0.181118 -1.000000
v -2.447233 0.181118 -1.000000
v 1.363377 1.396178 -1.000000
v 2.857958 1.396178 -1.000000
v 2.878755 1.176158 -1.000000
v 2.904069 0.964854 -1.000000
v 2.933899 0.762264 -1.000000
v 2.968245 0.568390 -1.000000
v 3.007107 0.383231 -1.000000
v 3.050485 0.206788 -1.000000
v 3.098379 0.039060 -1.000000
v 3.150789 -0.119954 -1.000000
v 3.207716 -0.270252 -1.000000
v 3.269158 -0.411834 -1.000000
v 3.335116 -0.544702 -1.000000
v 3.405591 -0.668854 -1.000000
v 3.473252 -0.776923 -1.000000
v 3.543133 -0.881505 -1.000000
v 3.615231 -0.982602 -1.000000
v 3.689548 -1.080212 -1.000000
v 3.766084 -1.174337 -1.000000
v 3.844838 -1.264975 -1.000000
v 3.925810 -1.352127 -1.000000
v 4.009001 -1.435793 -1.000000
v 4.094409 -1.515973 -1.000000
v 4.182037 -1.592667 -1.000000
v 4.271883 -1.665875 -1.000000
v 4.363947 -1.735597 -1.000000
v 4.447059 -1.794048 -1.000000
v 4.532865 -1.850558 -1.000000
v 4.621364 -1.905127 -1.000000
v 4.712557 -1.957755 -1.000000
v 4.806443 -2.008442 -1.000000
v 4.903024 -2.057188 -1.000000
v 5.002298 -2.103993 -1.000000
v 5.104266 -2.148856 -1.000000
v 5.208929 -2.191779 -1.000000
v 5.316284 -2.232760 -1.000000
v 5.426333 -2.271800 -1.000000
v 5.539076 -2.308899 -1.000000
v 5.539572 -2.309355 -1.000000
v 5.540106 -2.309771 -1.000000
v 5.540681 -2.310147 -1.000000
v 5.541295 -2.310484 -1.000000
v 5.541949 -2.310781 -1.000000
v 5.542642 -2.311039 -1.000000
v 5.543375 -2.311256 -1.000000
v 5.544147 -2.311435 -1.000000
v 5.544959 -2.311573 -1.000000
v 5.545811 -2.311672 -1.000000
v 5.546701 -2.311732 -1.000000
v 5.547633 -2.311752 -1.000000
v 5.554011 -2.311415 -1.000000
v 5.559834 -2.310405 -1.000000
v 5.565104 -2.308721 -1.000000
v 5.569818 -2.306364 -1.000000
v 5.573977 -2.303334 -1.000000
v 5.577582 -2.299630 -1.000000
v 5.580633 -2.295252 -1.000000
v 5.583128 -2.290201 -1.000000
v 5.585070 -2.284477 -1.000000
v 5.586456 -2.278079 -1.000000
v 5.587288 -2.271008 -1.000000
v 5.587564 -2.263263 -1.000000
v 5.587504 -2.261402 -1.000000
v 5.587326 -2.259619 -1.000000
v 5.587029 -2.257915 -1.000000
v 5.586614 -2.256291 -1.000000
v 5.586079 -2.254746 -1.000000
v 5.585425 -2.253281 -1.000000
v 5.584652 -2.251894 -1.000000
v 5.583761 -2.250587 -1.000000
v 5.582751 -2.249359 -1.000000
v 5.581622 -2.248210 -1.000000
v 5.580375 -2.247140 -1.000000
v 5.579008 -2.246150 -1.000000
v 5.463393 -2.176507 -1.000000
v 5.351382 -2.105439 -1.000000
v 5.242977 -2.032944 -1.000000
v 5.138177 -1.959023 -1.000000
v 5.036981 -1.883676 -1.000000
v 4.939390 -1.806903 -1.000000
v 4.845405 -1.728703 -1.000000
v 4.755024 -1.649078 -1.000000
v 4.668248 -1.568027 -1.000000
v 4.585077 -1.485549 -1.000000
v 4.505511 -1.401645 -1.000000
v 4.429550 -1.316315 -1.000000
v 4.365829 -1.240176 -1.000000
v 4.303971 -1.161977 -1.000000
v 4.243975 -1.081717 -1.000000
v 4.185841 -0.999398 -1.000000
v 4.129568 -0.915019 -1.000000
v 4.075157 -0.828580 -1.000000
v 4.022608 -0.740081 -1.000000
v 3.971921 -0.649522 -1.000000
v 3.923096 -0.556903 -1.000000
v 3.876133 -0.462224 -1.000000
v 3.831032 -0.365485 -1.000000
v 3.787792 -0.266686 -1.000000
v 3.747207 -0.162321 -1.000000
v 3.709118 -0.051737 -1.000000
v 3.673524 0.065067 -1.000000
v 3.640426 0.188090 -1.000000
v 3.609824 0.317333 -1.000000
v 3.581717 0.452795 -1.000000
v 3.556106 0.594476 -1.000000
v 3.532991 0.742378 -1.000000
v 3.512372 0.896499 -1.000000
v 3.494248 1.056839 -1.000000
v 3.478620 1.223399 -1.000000
v 3.465488 1.396178 -1.000000
v 4.780376 1.396178 -1.000000
v 4.814346 1.395861 -1.000000
v 4.848752 1.394910 -1.000000
v 4.883593 1.393325 -1.000000
v 4.918869 1.391107 -1.000000
v 4.954582 1.388255 -1.000000
v 4.990730 1.384769 -1.000000
v 5.027314 1.380649 -1.000000
v 5.064334 1.375895 -1.000000
v 5.101790 1.370507 -1.000000
v 5.139681 1.364486 -1.000000
v 5.178008 1.357831 -1.000000
v 5.216771 1.350542 -1.000000
v 5.282373 1.575870 -1.000000
v 5.237015 1.568580 -1.000000
v 5.192211 1.561925 -1.000000
v 5.147962 1.555904 -1.000000
v 5.104266 1.550516 -1.000000
v 5.061126 1.545762 -1.000000
v 5.018540 1.541642 -1.000000
v 4.976510 1.538156 -1.000000
v 4.935033 1.535304 -1.000000
v 4.894111 1.533086 -1.000000
v 4.853744 1.531501 -1.000000
v 4.813931 1.530550 -1.000000
v 4.774672 1.530234 -1.000000
v 3.454079 1.530234 -1.000000
v 3.450434 1.589279 -1.000000
v 3.447107 1.650424 -1.000000
v 3.444096 1.713669 -1.000000
v 3.441402 1.779013 -1.000000
v 3.439025 1.846457 -1.000000
v 3.436965 1.916001 -1.000000
v 3.435222 1.987643 -1.000000
v 3.433796 2.061386 -1.000000
v 3.432687 2.137228 -1.000000
v 3.431895 2.215170 -1.000000
v 3.431419 2.295211 -1.000000
v 3.431261 2.377353 -1.000000
v 3.431499 2.417007 -1.000000
v 3.432212 2.457057 -1.000000
v 3.433400 2.497504 -1.000000
v 3.435064 2.538347 -1.000000
v 3.437203 2.579586 -1.000000
v 3.439818 2.621221 -1.000000
v 3.442908 2.663252 -1.000000
v 3.446473 2.705679 -1.000000
v 3.450513 2.748502 -1.000000
v 3.455029 2.791722 -1.000000
v 3.460021 2.835338 -1.000000
v 3.465488 2.879349 -1.000000
v 3.367145 2.869069 -1.000000
v 3.275576 2.859146 -1.000000
v 3.190781 2.849579 -1.000000
v 3.112760 2.840369 -1.000000
v 3.041513 2.831514 -1.000000
v 2.977040 2.823017 -1.000000
v 2.919341 2.814877 -1.000000
v 2.868416 2.807092 -1.000000
v 2.824266 2.799664 -1.000000
v 2.786889 2.792593 -1.000000
v 2.756287 2.785878 -1.000000
v 2.732459 2.779521 -1.000000
v 2.715603 2.773955 -1.000000
v 2.700212 2.767715 -1.000000
v 2.686288 2.760803 -1.000000
v 2.673829 2.753217 -1.000000
v 2.662836 2.744957 -1.000000
v 2.653309 2.736024 -1.000000
v 2.645247 2.726417 -1.000000
v 2.638651 2.716137 -1.000000
v 2.633521 2.705184 -1.000000
v 2.629857 2.693557 -1.000000
v 2.627658 2.681257 -1.000000
v 2.626925 2.668283 -1.000000
v 2.628213 2.653645 -1.000000
v 2.632075 2.639206 -1.000000
v 2.638513 2.624964 -1.000000
v 2.647525 2.610921 -1.000000
v 2.659112 2.597076 -1.000000
v 2.673274 2.583428 -1.000000
v 2.690012 2.569979 -1.000000
v 2.709324 2.556728 -1.000000
v 2.731211 2.543675 -1.000000
v 2.755673 2.530820 -1.000000
v 2.782710 2.518163 -1.000000
v 2.812322 2.505704 -1.000000
v 2.818026 2.066457 -1.000000
v 2.819096 2.030923 -1.000000
v 2.820403 1.993725 -1.000000
v 2.821948 1.954863 -1.000000
v 2.823731 1.914337 -1.000000
v 2.825751 1.872147 -1.000000
v 2.828009 1.828294 -1.000000
v 2.830505 1.782777 -1.000000
v 2.833239 1.735596 -1.000000
v 2.836210 1.686751 -1.000000
v 2.839418 1.636242 -1.000000
v 2.842865 1.584070 -1.000000
v 2.846549 1.530234 -1.000000
v 1.420422 1.530234 -1.000000
v 1.379896 1.578524 -1.000000
v 1.341985 1.622615 -1.000000
v 1.306688 1.662507 -1.000000
v 1.274006 1.698200 -1.000000
v 1.243939 1.729693 -1.000000
v 1.216486 1.756988 -1.000000
v 1.191647 1.780083 -1.000000
v 1.169424 1.798979 -1.000000
v 1.149814 1.813676 -1.000000
v 1.132820 1.824174 -1.000000
v 1.118440 1.830473 -1.000000
v 1.106674 1.832572 -1.000000
v 1.092433 1.830948 -1.000000
v 1.075379 1.826076 -1.000000
v 1.055512 1.817955 -1.000000
v 1.032833 1.806585 -1.000000
v 1.007341 1.791968 -1.000000
v 0.979036 1.774101 -1.000000
v 0.947919 1.752987 -1.000000
v 0.913989 1.728624 -1.000000
v 0.877246 1.701012 -1.000000
v 0.837691 1.670153 -1.000000
v 0.795323 1.636045 -1.000000
v 0.750143 1.598688 -1.000000
v 0.725998 1.577712 -1.000000
v 0.703952 1.557568 -1.000000
v 0.684006 1.538256 -1.000000
v 0.666160 1.519775 -1.000000
v 0.650413 1.502127 -1.000000
v 0.636766 1.485311 -1.000000
v 0.625218 1.469326 -1.000000
v 0.615770 1.454174 -1.000000
v 0.608421 1.439853 -1.000000
v 0.603172 1.426364 -1.000000
v 0.600023 1.413707 -1.000000
v 0.598973 1.401882 -1.000000
v 0.600340 1.390869 -1.000000
v 0.604440 1.378747 -1.000000
v 0.611273 1.365516 -1.000000
v 0.620840 1.351175 -1.000000
v 0.633141 1.335726 -1.000000
v 0.648174 1.319167 -1.000000
v 0.665942 1.301499 -1.000000
v 0.686442 1.282721 -1.000000
v 0.709676 1.262835 -1.000000
v 0.735644 1.241839 -1.000000
v 0.764344 1.219734 -1.000000
v 0.795779 1.196520 -1.000000
v 0.809862 0.871541 -1.000000
v 0.826440 0.563082 -1.000000
v 0.845515 0.271142 -1.000000
v 0.867085 -0.004279 -1.000000
v 0.891151 -0.263180 -1.000000
v 0.917712 -0.505562 -1.000000
v 0.946770 -0.731425 -1.000000
v 0.978323 -0.940769 -1.000000
v 1.012372 -1.133593 -1.000000
v 1.048916 -1.309898 -1.000000
v 1.087956 -1.469684 -1.000000
v 1.129492 -1.612950 -1.000000
v 1.153617 -1.681443 -1.000000
v 1.180357 -1.746213 -1.000000
v 1.209712 -1.807259 -1.000000
v 1.241681 -1.864582 -1.000000
v 1.276264 -1.918180 -1.000000
v 1.313463 -1.968055 -1.000000
v 1.353275 -2.014206 -1.000000
v 1.395703 -2.056633 -1.000000
v 1.440745 -2.095337 -1.000000
v 1.488401 -2.130317 -1.000000
v 1.538672 -2.161573 -1.000000
v 1.591557 -2.189105 -1.000000
v 1.624358 -2.204139 -1.000000
v 1.658110 -2.217865 -1.000000
v 1.692812 -2.230284 -1.000000
v 1.728465 -2.241396 -1.000000
v 1.765069 -2.251201 -1.000000
v 1.802624 -2.259698 -1.000000
v 1.841129 -2.266888 -1.000000
v 1.880586 -2.272771 -1.000000
v 1.920992 -2.277347 -1.000000
v 1.962350 -2.280615 -1.000000
v 2.004659 -2.282576 -1.000000
v 2.047918 -2.283229 -1.000000
v 2.064021 -2.282457 -1.000000
v 2.079055 -2.280139 -1.000000
v 2.093019 -2.276277 -1.000000
v 2.105914 -2.270870 -1.000000
v 2.117739 -2.263917 -1.000000
v 2.128494 -2.255420 -1.000000
v 2.138180 -2.245378 -1.000000
v 2.146796 -2.233790 -1.000000
v 2.154343 -2.220658 -1.000000
v 2.160820 -2.205981 -1.000000
v 2.166227 -2.189759 -1.000000
v 2.170565 -2.171991 -1.000000
v 2.177616 -2.140696 -1.000000
v 2.186411 -2.110509 -1.000000
v 2.196948 -2.081432 -1.000000
v 2.209229 -2.053464 -1.000000
v 2.223252 -2.026606 -1.000000
v 2.239019 -2.000856 -1.000000
v 2.256529 -1.976216 -1.000000
v 2.275781 -1.952685 -1.000000
v 2.296777 -1.930263 -1.000000
v 2.319516 -1.908950 -1.000000
v 2.343998 -1.888747 -1.000000
v 2.370223 -1.869652 -1.000000
v 2.397477 -1.851905 -1.000000
v 2.427901 -1.833841 -1.000000
v 2.461494 -1.815460 -1.000000
v 2.498257 -1.796762 -1.000000
v 2.538188 -1.777747 -1.000000
v 2.581289 -1.758415 -1.000000
v 2.627559 -1.738766 -1.000000
v 2.676998 -1.718800 -1.000000
v 2.729606 -1.698517 -1.000000
v 2.785384 -1.677918 -1.000000
v 2.844330 -1.657001 -1.000000
v 2.906446 -1.635768 -1.000000
v 2.909180 -1.634223 -1.000000
v 2.911675 -1.632440 -1.000000
v 2.913933 -1.630420 -1.000000
v 2.915954 -1.628162 -1.000000
v 2.917737 -1.625666 -1.000000
v 2.919281 -1.622933 -1.000000
v 2.920589 -1.619962 -1.000000
v 2.921659 -1.616753 -1.000000
v 2.922490 -1.613306 -1.000000
v 2.923084 -1.609622 -1.000000
v 2.923441 -1.605700 -1.000000
v 2.923560 -1.601541 -1.000000
v 2.923362 -1.593836 -1.000000
v 2.922767 -1.586883 -1.000000
v 2.921777 -1.580683 -1.000000
v 2.920391 -1.575236 -1.000000
v 2.918608 -1.570542 -1.000000
v 2.916429 -1.566601 -1.000000
v 2.913854 -1.563411 -1.000000
v 2.910883 -1.560975 -1.000000
v 2.907516 -1.559291 -1.000000
v 2.903752 -1.558361 -1.000000
v 2.899593 -1.558182 -1.000000
v 2.895037 -1.558757 -1.000000
v 2.789940 -1.572879 -1.000000
v 2.690467 -1.585774 -1.000000
v 2.596620 -1.597440 -1.000000
v 2.508399 -1.607879 -1.000000
v 2.425802 -1.617089 -1.000000
v 2.348831 -1.625072 -1.000000
v 2.277485 -1.631826 -1.000000
v 2.211764 -1.637352 -1.000000
v 2.151669 -1.641650 -1.000000
v 2.097199 -1.644721 -1.000000
v 2.048354 -1.646563 -1.000000
v 2.005134 -1.647177 -1.000000
v 1.979959 -1.646642 -1.000000
v 1.955774 -1.645038 -1.000000
v 1.932580 -1.642364 -1.000000
v 1.910376 -1.638620 -1.000000
v 1.889162 -1.633807 -1.000000
v 1.868939 -1.627924 -1.000000
v 1.849706 -1.620971 -1.000000
v 1.831463 -1.612949 -1.000000
v 1.814211 -1.603858 -1.000000
v 1.797950 -1.593697 -1.000000
v 1.782678 -1.582466 -1.000000
v 1.768397 -1.570166 -1.000000
v 1.755760 -1.557133 -1.000000
v 1.743519 -1.542753 -1.000000
v 1.731674 -1.527026 -1.000000
v 1.720225 -1.509952 -1.000000
v 1.709173 -1.491531 -1.000000
v 1.698517 -1.471763 -1.000000
v 1.688256 -1.450649 -1.000000
v 1.678393 -1.428187 -1.000000
v 1.668925 -1.404379 -1.000000
v 1.659853 -1.379223 -1.000000
v 1.651177 -1.352721 -1.000000
v 1.642898 -1.324872 -1.000000
v 1.620615 -1.244375 -1.000000
v 1.599401 -1.161660 -1.000000
v 1.579257 -1.076726 -1.000000
v 1.560182 -0.989574 -1.000000
v 1.542178 -0.900203 -1.000000
v 1.525242 -0.808614 -1.000000
v 1.509377 -0.714807 -1.000000
v 1.494580 -0.618781 -1.000000
v 1.480854 -0.520537 -1.000000
v 1.468197 -0.420074 -1.000000
v 1.456610 -0.317393 -1.000000
v 1.446092 -0.212493 -1.000000
v 1.437238 -0.113734 -1.000000
v 1.428741 -0.008557 -1.000000
v 1.420600 0.103037 -1.000000
v 1.412816 0.221049 -1.000000
v 1.405388 0.345479 -1.000000
v 1.398317 0.476326 -1.000000
v 1.391602 0.613591 -1.000000
v 1.385244 0.757273 -1.000000
v 1.379243 0.907373 -1.000000
v 1.373597 1.063890 -1.000000
v 1.368309 1.226825 -1.000000
v 7.430120 -0.737308 -1.000001
v 7.430120 -0.671706 -1.000001
v 8.565317 -0.671706 -1.000001
v 8.565317 -1.284940 -1.000001
v 7.290359 -1.284940 -1.000001
v 7.243397 -1.228906 -1.000001
v 7.199483 -1.177743 -1.000001
v 7.158621 -1.131454 -1.000001
v 7.120809 -1.090037 -1.000001
v 7.086047 -1.053492 -1.000001
v 7.054336 -1.021820 -1.000001
v 7.025675 -0.995021 -1.000001
v 7.000064 -0.973094 -1.000001
v 6.977503 -0.956040 -1.000001
v 6.957993 -0.943859 -1.000001
v 6.941533 -0.936550 -1.000001
v 6.928123 -0.934113 -1.000001
v 6.916813 -0.935817 -1.000001
v 6.901898 -0.940927 -1.000001
v 6.883379 -0.949444 -1.000001
v 6.861254 -0.961368 -1.000001
v 6.835525 -0.976699 -1.000001
v 6.806190 -0.995437 -1.000001
v 6.773251 -1.017581 -1.000001
v 6.736707 -1.043133 -1.000001
v 6.696557 -1.072091 -1.000001
v 6.652802 -1.104456 -1.000000
v 6.605443 -1.140228 -1.000000
v 6.554479 -1.179407 -1.000000
v 6.528056 -1.200720 -1.000000
v 6.503930 -1.220923 -1.000000
v 6.482102 -1.240018 -1.000000
v 6.462572 -1.258003 -1.000000
v 6.445340 -1.274879 -1.000000
v 6.430406 -1.290645 -1.000000
v 6.417768 -1.305303 -1.000000
v 6.407428 -1.318851 -1.000000
v 6.399386 -1.331290 -1.000000
v 6.393642 -1.342620 -1.000000
v 6.390196 -1.352840 -1.000000
v 6.389048 -1.361951 -1.000000
v 6.389582 -1.371063 -1.000000
v 6.391187 -1.379382 -1.000000
v 6.393861 -1.386908 -1.000000
v 6.397604 -1.393643 -1.000000
v 6.402417 -1.399585 -1.000000
v 6.408300 -1.404735 -1.000000
v 6.415253 -1.409092 -1.000000
v 6.423275 -1.412658 -1.000000
v 6.432366 -1.415431 -1.000000
v 6.442528 -1.417411 -1.000000
v 6.453758 -1.418600 -1.000000
v 6.466059 -1.418996 -1.000000
v 8.565317 -1.418996 -1.000001
v 8.565317 -2.037935 -1.000001
v 6.993725 -2.037935 -1.000000
v 6.941751 -1.978256 -1.000000
v 6.893262 -1.923766 -1.000000
v 6.848260 -1.874466 -1.000000
v 6.806744 -1.830355 -1.000000
v 6.768713 -1.791433 -1.000000
v 6.734170 -1.757702 -1.000000
v 6.703112 -1.729159 -1.000000
v 6.675540 -1.705806 -1.000000
v 6.651454 -1.687643 -1.000000
v 6.630855 -1.674669 -1.000000
v 6.613741 -1.666885 -1.000000
v 6.600114 -1.664290 -1.000000
v 6.588725 -1.666073 -1.000000
v 6.573572 -1.671421 -1.000000
v 6.554656 -1.680334 -1.000000
v 6.531977 -1.692813 -1.000000
v 6.505533 -1.708857 -1.000000
v 6.475327 -1.728466 -1.000000
v 6.441359 -1.751640 -1.000000
v 6.403625 -1.778380 -1.000000
v 6.362129 -1.808686 -1.000000
v 6.316870 -1.842556 -1.000000
v 6.267847 -1.879992 -1.000000
v 6.215060 -1.920993 -1.000000
v 6.188182 -1.943256 -1.000000
v 6.163640 -1.964411 -1.000000
v 6.141436 -1.984456 -1.000000
v 6.121569 -2.003392 -1.000000
v 6.104040 -2.021218 -1.000000
v 6.088848 -2.037935 -1.000000
v 6.075993 -2.053544 -1.000000
v 6.065475 -2.068043 -1.000000
v 6.057295 -2.081432 -1.000000
v 6.051452 -2.093713 -1.000000
v 6.047945 -2.104884 -1.000000
v 6.046777 -2.114946 -1.000000
v 6.047292 -2.124058 -1.000000
v 6.048837 -2.132377 -1.000000
v 6.051412 -2.139903 -1.000000
v 6.055017 -2.146638 -1.000000
v 6.059652 -2.152580 -1.000000
v 6.065317 -2.157730 -1.000000
v 6.072011 -2.162087 -1.000000
v 6.079736 -2.165653 -1.000000
v 6.088491 -2.168426 -1.000000
v 6.098276 -2.170406 -1.000000
v 6.109090 -2.171595 -1.000000
v 6.120935 -2.171991 -1.000000
v 10.969767 -2.171991 -1.000001
v 10.998348 -2.172229 -1.000001
v 11.028000 -2.172942 -1.000001
v 11.058722 -2.174130 -1.000001
v 11.090512 -2.175794 -1.000001
v 11.123372 -2.177934 -1.000001
v 11.157302 -2.180548 -1.000001
v 11.192302 -2.183638 -1.000001
v 11.228371 -2.187203 -1.000001
v 11.265509 -2.191244 -1.000001
v 11.303717 -2.195760 -1.000001
v 11.342995 -2.200752 -1.000001
v 11.383343 -2.206218 -1.000001
v 11.448945 -1.992299 -1.000001
v 11.406360 -1.999588 -1.000001
v 11.364170 -2.006244 -1.000001
v 11.322376 -2.012265 -1.000001
v 11.280980 -2.017653 -1.000001
v 11.239979 -2.022407 -1.000001
v 11.199374 -2.026526 -1.000001
v 11.159164 -2.030012 -1.000001
v 11.119352 -2.032865 -1.000001
v 11.079936 -2.035083 -1.000001
v 11.040915 -2.036668 -1.000001
v 11.002292 -2.037618 -1.000001
v 10.964062 -2.037935 -1.000001
v 9.084427 -2.037935 -1.000001
v 9.084427 -1.418996 -1.000001
v 10.661724 -1.418996 -1.000001
v 10.681173 -1.419234 -1.000001
v 10.701495 -1.419947 -1.000001
v 10.722690 -1.421136 -1.000001
v 10.744755 -1.422799 -1.000001
v 10.767693 -1.424939 -1.000001
v 10.791501 -1.427553 -1.000001
v 10.816181 -1.430643 -1.000001
v 10.841732 -1.434208 -1.000001
v 10.868155 -1.438249 -1.000001
v 10.895449 -1.442765 -1.000001
v 10.923615 -1.447757 -1.000001
v 10.952653 -1.453223 -1.000001
v 11.015402 -1.239304 -1.000001
v 10.983215 -1.246594 -1.000001
v 10.951305 -1.253249 -1.000001
v 10.919674 -1.259270 -1.000001
v 10.888319 -1.264658 -1.000001
v 10.857241 -1.269412 -1.000001
v 10.826441 -1.273532 -1.000001
v 10.795918 -1.277018 -1.000001
v 10.765672 -1.279870 -1.000001
v 10.735703 -1.282089 -1.000001
v 10.706013 -1.283673 -1.000001
v 10.676599 -1.284624 -1.000001
v 10.647461 -1.284940 -1.000001
v 9.084427 -1.284940 -1.000001
v 9.084427 -0.671706 -1.000001
v 10.122647 -0.671706 -1.000001
v 10.122647 -0.743012 -1.000001
v 10.125123 -0.775358 -1.000001
v 10.132551 -0.804890 -1.000001
v 10.144931 -0.831611 -1.000001
v 10.162263 -0.855518 -1.000001
v 10.184546 -0.876613 -1.000001
v 10.211781 -0.894895 -1.000001
v 10.243967 -0.910364 -1.000001
v 10.281105 -0.923021 -1.000001
v 10.323195 -0.932866 -1.000001
v 10.370237 -0.939897 -1.000001
v 10.422232 -0.944116 -1.000001
v 10.479178 -0.945522 -1.000001
v 10.511979 -0.944393 -1.000001
v 10.541927 -0.941006 -1.000001
v 10.569024 -0.935361 -1.000001
v 10.593269 -0.927458 -1.000001
v 10.614661 -0.917297 -1.000001
v 10.633201 -0.904878 -1.000001
v 10.648889 -0.890201 -1.000001
v 10.661724 -0.873265 -1.000001
v 10.671706 -0.854072 -1.000001
v 10.678837 -0.832621 -1.000001
v 10.683116 -0.808911 -1.000001
v 10.684542 -0.782944 -1.000001
v 10.653167 0.648887 -1.000001
v 10.653385 0.712389 -1.000001
v 10.654038 0.774545 -1.000001
v 10.655128 0.835353 -1.000001
v 10.656652 0.894815 -1.000001
v 10.658613 0.952929 -1.000001
v 10.661010 1.009697 -1.000001
v 10.663842 1.065118 -1.000001
v 10.667110 1.119192 -1.000001
v 10.670815 1.171919 -1.000001
v 10.674954 1.223299 -1.000001
v 10.679530 1.273333 -1.000001
v 10.684542 1.322019 -1.000001
v 10.630289 1.298310 -1.000001
v 10.576869 1.274719 -1.000001
v 10.524282 1.251248 -1.000001
v 10.472525 1.227895 -1.000001
v 10.421599 1.204661 -1.000001
v 10.371506 1.181546 -1.000001
v 10.322246 1.158549 -1.000001
v 10.273817 1.135672 -1.000001
v 10.226220 1.112913 -1.000001
v 10.179455 1.090273 -1.000001
v 10.133522 1.067753 -1.000001
v 10.088420 1.045350 -1.000001
v 9.084427 1.045350 -1.000001
v 9.084427 1.590131 -1.000001
v 10.992584 1.590131 -1.000001
v 11.012491 1.589893 -1.000001
v 11.033230 1.589180 -1.000001
v 11.054800 1.587992 -1.000001
v 11.077202 1.586328 -1.000001
v 11.100435 1.584189 -1.000001
v 11.124501 1.581574 -1.000001
v 11.149399 1.578484 -1.000001
v 11.175129 1.574919 -1.000001
v 11.201692 1.570878 -1.000001
v 11.229085 1.566362 -1.000001
v 11.257310 1.561371 -1.000001
v 11.286367 1.555904 -1.000001
v 11.349116 1.769823 -1.000001
v 11.316930 1.762534 -1.000001
v 11.285020 1.755878 -1.000001
v 11.253387 1.749857 -1.000001
v 11.222034 1.744469 -1.000001
v 11.190956 1.739716 -1.000001
v 11.160155 1.735596 -1.000001
v 11.129632 1.732110 -1.000001
v 11.099386 1.729257 -1.000001
v 11.069418 1.727039 -1.000001
v 11.039726 1.725454 -1.000001
v 11.010313 1.724504 -1.000001
v 10.981176 1.724187 -1.000001
v 9.084427 1.724187 -1.000001
v 9.084427 2.231888 -1.000001
v 9.174095 2.225510 -1.000001
v 9.264357 2.219687 -1.000001
v 9.355212 2.214418 -1.000001
v 9.446663 2.209704 -1.000001
v 9.538707 2.205544 -1.000001
v 9.631346 2.201939 -1.000001
v 9.724579 2.198889 -1.000001
v 9.818406 2.196393 -1.000001
v 9.912827 2.194452 -1.000001
v 10.007843 2.193065 -1.000001
v 10.103453 2.192234 -1.000001
v 10.199657 2.191956 -1.000001
v 10.248780 2.192036 -1.000001
v 10.299170 2.192273 -1.000001
v 10.350827 2.192669 -1.000001
v 10.403752 2.193224 -1.000001
v 10.457945 2.193937 -1.000001
v 10.513406 2.194809 -1.000001
v 10.570134 2.195839 -1.000001
v 10.628129 2.197027 -1.000001
v 10.687393 2.198374 -1.000001
v 10.747924 2.199879 -1.000001
v 10.809723 2.201543 -1.000001
v 10.872789 2.203365 -1.000001
v 10.876889 2.203702 -1.000001
v 10.880632 2.204712 -1.000001
v 10.884019 2.206396 -1.000001
v 10.887050 2.208753 -1.000001
v 10.889723 2.211784 -1.000001
v 10.892040 2.215488 -1.000001
v 10.894002 2.219865 -1.000001
v 10.895606 2.224916 -1.000001
v 10.896854 2.230640 -1.000001
v 10.897746 2.237038 -1.000001
v 10.898281 2.244109 -1.000001
v 10.898460 2.251854 -1.000001
v 10.898322 2.257776 -1.000001
v 10.897905 2.263183 -1.000001
v 10.897212 2.268076 -1.000001
v 10.896242 2.272453 -1.000001
v 10.894994 2.276315 -1.000001
v 10.893469 2.279663 -1.000001
v 10.891666 2.282495 -1.000001
v 10.889586 2.284813 -1.000001
v 10.887230 2.286615 -1.000001
v 10.884595 2.287903 -1.000001
v 10.881682 2.288675 -1.000001
v 10.878494 2.288933 -1.000001
v 10.595507 2.315019 -1.000001
v 10.321750 2.343839 -1.000001
v 10.057222 2.375392 -1.000001
v 9.801927 2.409678 -1.000001
v 9.555861 2.446698 -1.000001
v 9.319024 2.486452 -1.000001
v 9.091418 2.528938 -1.000001
v 8.873043 2.574158 -1.000001
v 8.663898 2.622112 -1.000001
v 8.463983 2.672799 -1.000001
v 8.273297 2.726219 -1.000001
v 8.091843 2.782373 -1.000001
v 8.031807 2.802735 -1.000001
v 7.974346 2.822938 -1.000001
v 7.919459 2.842983 -1.000001
v 7.867148 2.862870 -1.000001
v 7.817412 2.882597 -1.000001
v 7.770251 2.902167 -1.000001
v 7.725665 2.921578 -1.000001
v 7.683654 2.940831 -1.000001
v 7.644217 2.959925 -1.000001
v 7.607356 2.978861 -1.000001
v 7.573070 2.997638 -1.000001
v 7.541358 3.016258 -1.000001
v 7.479539 2.973652 -1.000001
v 7.421484 2.933305 -1.000001
v 7.367192 2.895215 -1.000001
v 7.316664 2.859384 -1.000001
v 7.269898 2.825810 -1.000001
v 7.226897 2.794495 -1.000001
v 7.187658 2.765438 -1.000001
v 7.152184 2.738638 -1.000001
v 7.120472 2.714097 -1.000001
v 7.092524 2.691814 -1.000001
v 7.068339 2.671788 -1.000001
v 7.047918 2.654021 -1.000001
v 7.031518 2.639027 -1.000001
v 7.016543 2.624469 -1.000001
v 7.002995 2.610346 -1.000001
v 6.990873 2.596659 -1.000001
v 6.980177 2.583408 -1.000001
v 6.970907 2.570593 -1.000001
v 6.963063 2.558213 -1.000001
v 6.956646 2.546269 -1.000001
v 6.951654 2.534761 -1.000001
v 6.948089 2.523689 -1.000001
v 6.945950 2.513052 -1.000001
v 6.945237 2.502852 -1.000001
v 6.946049 2.490552 -1.000001
v 6.948485 2.479321 -1.000001
v 6.952545 2.469160 -1.000001
v 6.958230 2.460068 -1.000001
v 6.965538 2.452046 -1.000001
v 6.974471 2.445094 -1.000001
v 6.985028 2.439211 -1.000001
v 6.997210 2.434398 -1.000001
v 7.011015 2.430654 -1.000001
v 7.026445 2.427980 -1.000001
v 7.043499 2.426376 -1.000001
v 7.062180 2.425841 -1.000001
v 7.076955 2.426079 -1.000001
v 7.091811 2.426792 -1.000001
v 7.106745 2.427980 -1.000001
v 7.121759 2.429644 -1.000001
v 7.136852 2.431783 -1.000001
v 7.152024 2.434398 -1.000001
v 7.167276 2.437488 -1.000001
v 7.182607 2.441053 -1.000001
v 7.198017 2.445094 -1.000001
v 7.213507 2.449610 -1.000001
v 7.229075 2.454601 -1.000001
v 7.244724 2.460068 -1.000001
v 7.358913 2.440954 -1.000001
v 7.472350 2.422593 -1.000001
v 7.585034 2.404984 -1.000001
v 7.696965 2.388128 -1.000001
v 7.808143 2.372025 -1.000001
v 7.918569 2.356674 -1.000001
v 8.028242 2.342076 -1.000001
v 8.137162 2.328231 -1.000001
v 8.245330 2.315138 -1.000001
v 8.352745 2.302798 -1.000001
v 8.459408 2.291211 -1.000001
v 8.565317 2.280376 -1.000001
v 8.565317 1.724187 -1.000001
v 7.056475 1.724187 -1.000001
v 7.013116 1.781133 -1.000001
v 6.972413 1.833127 -1.000001
v 6.934362 1.880169 -1.000001
v 6.898967 1.922260 -1.000001
v 6.866226 1.959399 -1.000001
v 6.836138 1.991586 -1.000001
v 6.808705 2.018821 -1.000001
v 6.783926 2.041104 -1.000001
v 6.761802 2.058435 -1.000001
v 6.742332 2.070815 -1.000001
v 6.725515 2.078243 -1.000001
v 6.711352 2.080719 -1.000001
v 6.700398 2.078976 -1.000001
v 6.685602 2.073746 -1.000001
v 6.666964 2.065031 -1.000001
v 6.644483 2.052830 -1.000001
v 6.618159 2.037143 -1.000001
v 6.587992 2.017969 -1.000001
v 6.553983 1.995309 -1.000001
v 6.516131 1.969164 -1.000001
v 6.474437 1.939532 -1.000001
v 6.428900 1.906414 -1.000001
v 6.379520 1.869810 -1.000001
v 6.326298 1.829720 -1.000001
v 6.300331 1.808407 -1.000001
v 6.276621 1.788204 -1.000001
v 6.255170 1.769110 -1.000001
v 6.235977 1.751125 -1.000001
v 6.219041 1.734249 -1.000001
v 6.204364 1.718482 -1.000001
v 6.191945 1.703825 -1.000001
v 6.181784 1.690277 -1.000001
v 6.173881 1.677837 -1.000001
v 6.168236 1.666508 -1.000001
v 6.164848 1.656287 -1.000001
v 6.163719 1.647176 -1.000001
v 6.164234 1.638065 -1.000001
v 6.165779 1.629745 -1.000001
v 6.168354 1.622219 -1.000001
v 6.171959 1.615484 -1.000001
v 6.176594 1.609542 -1.000001
v 6.182259 1.604392 -1.000001
v 6.188953 1.600035 -1.000001
v 6.196678 1.596470 -1.000001
v 6.205433 1.593697 -1.000001
v 6.215218 1.591716 -1.000001
v 6.226032 1.590527 -1.000001
v 6.237878 1.590131 -1.000001
v 8.565317 1.590131 -1.000001
v 8.565317 1.045350 -1.000001
v 7.495722 1.045350 -1.000001
v 7.457474 1.087263 -1.000001
v 7.421642 1.125530 -1.000001
v 7.388227 1.160154 -1.000001
v 7.357229 1.191132 -1.000001
v 7.328648 1.218467 -1.000001
v 7.302482 1.242156 -1.000001
v 7.278733 1.262201 -1.000001
v 7.257401 1.278602 -1.000001
v 7.238484 1.291357 -1.000001
v 7.221985 1.300469 -1.000001
v 7.207903 1.305936 -1.000001
v 7.196236 1.307758 -1.000001
v 7.184371 1.306252 -1.000001
v 7.169694 1.301736 -1.000001
v 7.152205 1.294210 -1.000001
v 7.131902 1.283672 -1.000001
v 7.108787 1.270124 -1.000001
v 7.082859 1.253565 -1.000001
v 7.054119 1.233995 -1.000001
v 7.022566 1.211415 -1.000001
v 6.988200 1.185824 -1.000001
v 6.951022 1.157222 -1.000001
v 6.911030 1.125610 -1.000001
v 6.868227 1.090986 -1.000001
v 6.846815 1.072823 -1.000001
v 6.827265 1.055412 -1.000001
v 6.809577 1.038754 -1.000001
v 6.793751 1.022849 -1.000001
v 6.779786 1.007697 -1.000001
v 6.767684 0.993297 -1.000001
v 6.757443 0.979649 -1.000001
v 6.749065 0.966755 -1.000001
v 6.742548 0.954613 -1.000001
v 6.737894 0.943224 -1.000001
v 6.735101 0.932587 -1.000001
v 6.734170 0.922703 -1.000001
v 6.735398 0.910859 -1.000001
v 6.739082 0.898142 -1.000001
v 6.745223 0.884555 -1.000001
v 6.753819 0.870095 -1.000001
v 6.764872 0.854764 -1.000001
v 6.778380 0.838562 -1.000001
v 6.794345 0.821488 -1.000001
v 6.812766 0.803543 -1.000001
v 6.833643 0.784726 -1.000001
v 6.856976 0.765037 -1.000001
v 6.882765 0.744477 -1.000001
v 6.911010 0.723046 -1.000001
v 6.911010 0.492013 -1.000001
v 6.879635 -0.671706 -1.000001
v 6.882031 -0.707240 -1.000001
v 6.889222 -0.739685 -1.000001
v 6.901205 -0.769039 -1.000001
v 6.917982 -0.795304 -1.000001
v 6.939552 -0.818478 -1.000001
v 6.965916 -0.838563 -1.000001
v 6.997073 -0.855558 -1.000001
v 7.033024 -0.869462 -1.000001
v 7.073767 -0.880277 -1.000001
v 7.119304 -0.888002 -1.000001
v 7.169634 -0.892637 -1.000001
v 7.224758 -0.894182 -1.000001
v 7.257559 -0.893092 -1.000001
v 7.287508 -0.889824 -1.000001
v 7.314604 -0.884377 -1.000001
v 7.338848 -0.876751 -1.000001
v 7.360240 -0.866947 -1.000001
v 7.378779 -0.854963 -1.000001
v 7.394467 -0.840801 -1.000001
v 7.407302 -0.824460 -1.000001
v 7.417285 -0.805940 -1.000001
v 7.424416 -0.785242 -1.000001
v 7.428694 -0.762364 -1.000001
v 8.565317 -0.537650 -1.000001
v 7.430120 -0.537650 -1.000001
v 7.430120 0.141186 -1.000001
v 8.565317 0.141186 -1.000001
v 8.565317 0.275242 -1.000001
v 7.430120 0.275242 -1.000001
v 7.430120 0.911294 -1.000001
v 8.565317 0.911294 -1.000001
v 9.084427 0.275242 -1.000001
v 9.084427 0.911294 -1.000001
v 10.122647 0.911294 -1.000001
v 10.122647 0.275242 -1.000001
v 9.084427 0.141186 -1.000001
v 10.122647 0.141186 -1.000001
v 10.122647 -0.537650 -1.000001
v 9.084427 -0.537650 -1.000001
v -10.188250 -0.243868 1.000001
v -10.119221 -0.134294 1.000001
v -10.052847 -0.022343 1.000001
v -9.989126 0.091985 1.000001
v -9.928061 0.208689 1.000001
v -9.869648 0.327771 1.000001
v -9.813890 0.449230 1.000001
v -9.760787 0.573065 1.000001
v -9.710338 0.699277 1.000001
v -9.662542 0.827866 1.000001
v -9.617401 0.958832 1.000001
v -9.574915 1.092175 1.000001
v -9.535083 1.227895 1.000001
v -9.535083 0.905590 1.000001
v -9.535242 0.811921 1.000001
v -9.535717 0.707755 1.000001
v -9.536509 0.593090 1.000001
v -9.537619 0.467928 1.000001
v -9.539044 0.332267 1.000001
v -9.540788 0.186109 1.000001
v -9.542848 0.029453 1.000001
v -9.545224 -0.137701 1.000001
v -9.547918 -0.315353 1.000001
v -9.550928 -0.503502 1.000001
v -9.554256 -0.702150 1.000001
v -9.557901 -0.911295 1.000001
v -9.803195 -0.911295 1.000001
v -9.845167 -0.859816 1.000001
v -9.884563 -0.812813 1.000001
v -9.921386 -0.770287 1.000001
v -9.955633 -0.732237 1.000001
v -9.987305 -0.698664 1.000001
v -10.016402 -0.669567 1.000001
v -10.042924 -0.644946 1.000001
v -10.066871 -0.624802 1.000001
v -10.088243 -0.609135 1.000001
v -10.107039 -0.597943 1.000001
v -10.123261 -0.591229 1.000001
v -10.136909 -0.588991 1.000001
v -10.147902 -0.590575 1.000001
v -10.161866 -0.595329 1.000001
v -10.178801 -0.603252 1.000001
v -10.198708 -0.614344 1.000001
v -10.221585 -0.628605 1.000001
v -10.247433 -0.646036 1.000001
v -10.276253 -0.666635 1.000001
v -10.308044 -0.690404 1.000001
v -10.342806 -0.717342 1.000001
v -10.380539 -0.747449 1.000001
v -10.421243 -0.780725 1.000001
v -10.464917 -0.817171 1.000001
v -10.486330 -0.836226 1.000001
v -10.505880 -0.854409 1.000001
v -10.523568 -0.871720 1.000001
v -10.539394 -0.888160 1.000001
v -10.553359 -0.903729 1.000001
v -10.565461 -0.918426 1.000001
v -10.575701 -0.932251 1.000001
v -10.584079 -0.945206 1.000001
v -10.590596 -0.957288 1.000001
v -10.595251 -0.968499 1.000001
v -10.598044 -0.978838 1.000001
v -10.598974 -0.988306 1.000001
v -10.598439 -0.997418 1.000001
v -10.596834 -1.005737 1.000001
v -10.594160 -1.013263 1.000001
v -10.590418 -1.019998 1.000001
v -10.585604 -1.025940 1.000001
v -10.579720 -1.031090 1.000001
v -10.572768 -1.035448 1.000001
v -10.564747 -1.039013 1.000001
v -10.555655 -1.041786 1.000001
v -10.545493 -1.043767 1.000001
v -10.534263 -1.044955 1.000001
v -10.521963 -1.045351 1.000001
v -9.563606 -1.045351 1.000001
v -9.564121 -1.096811 1.000001
v -9.564715 -1.150409 1.000001
v -9.565389 -1.206147 1.000001
v -9.566141 -1.264024 1.000001
v -9.566974 -1.324040 1.000001
v -9.567884 -1.386195 1.000001
v -9.568875 -1.450490 1.000001
v -9.569944 -1.516924 1.000001
v -9.571094 -1.585497 1.000001
v -9.572321 -1.656209 1.000001
v -9.573628 -1.729060 1.000001
v -9.575015 -1.804051 1.000001
v -9.575926 -1.855490 1.000001
v -9.576758 -1.903325 1.000001
v -9.577511 -1.947555 1.000001
v -9.578184 -1.988179 1.000001
v -9.578779 -2.025199 1.000001
v -9.579294 -2.058614 1.000001
v -9.579729 -2.088424 1.000001
v -9.580086 -2.114629 1.000001
v -9.580363 -2.137229 1.000001
v -9.580561 -2.156225 1.000001
v -9.580680 -2.171615 1.000001
v -9.580719 -2.183400 1.000001
v -9.578382 -2.218024 1.000001
v -9.571370 -2.249636 1.000001
v -9.559685 -2.278238 1.000001
v -9.543324 -2.303829 1.000001
v -9.522287 -2.326409 1.000001
v -9.496578 -2.345979 1.000001
v -9.466193 -2.362538 1.000001
v -9.431134 -2.376086 1.000001
v -9.391401 -2.386623 1.000001
v -9.346992 -2.394150 1.000001
v -9.297911 -2.398666 1.000001
v -9.244154 -2.400172 1.000001
v -9.203152 -2.399003 1.000001
v -9.165716 -2.395497 1.000001
v -9.131845 -2.389654 1.000001
v -9.101541 -2.381473 1.000001
v -9.074800 -2.370956 1.000001
v -9.051626 -2.358101 1.000001
v -9.032017 -2.342909 1.000001
v -9.015973 -2.325379 1.000001
v -9.003494 -2.305512 1.000001
v -8.994581 -2.283308 1.000001
v -8.989233 -2.258767 1.000001
v -8.987451 -2.231889 1.000001
v -8.987569 -2.170922 1.000001
v -8.987926 -2.103062 1.000001
v -8.988520 -2.028309 1.000001
v -8.989352 -1.946663 1.000001
v -8.990421 -1.858125 1.000001
v -8.991729 -1.762693 1.000001
v -8.993274 -1.660368 1.000001
v -8.995056 -1.551151 1.000001
v -8.997077 -1.435040 1.000001
v -8.999334 -1.312037 1.000001
v -9.001830 -1.182140 1.000001
v -9.004564 -1.045351 1.000001
v -8.454079 -1.045351 1.000001
v -8.428864 -1.045589 1.000001
v -8.402659 -1.046302 1.000001
v -8.375464 -1.047490 1.000001
v -8.347279 -1.049154 1.000001
v -8.318102 -1.051293 1.000001
v -8.287936 -1.053908 1.000001
v -8.256779 -1.056998 1.000001
v -8.224631 -1.060563 1.000001
v -8.191494 -1.064604 1.000001
v -8.157366 -1.069120 1.000001
v -8.122248 -1.074111 1.000001
v -8.086139 -1.079578 1.000001
v -8.023389 -0.865659 1.000001
v -8.059339 -0.872948 1.000001
v -8.094933 -0.879604 1.000001
v -8.130170 -0.885625 1.000001
v -8.165051 -0.891013 1.000001
v -8.199574 -0.895766 1.000001
v -8.233742 -0.899886 1.000001
v -8.267553 -0.903372 1.000001
v -8.301008 -0.906225 1.000001
v -8.334105 -0.908443 1.000001
v -8.366847 -0.910028 1.000001
v -8.399232 -0.910978 1.000001
v -8.431261 -0.911295 1.000001
v -9.004564 -0.911295 1.000001
v -9.007298 -0.804593 1.000001
v -9.009793 -0.694603 1.000001
v -9.012052 -0.581325 1.000001
v -9.014071 -0.464759 1.000001
v -9.015854 -0.344905 1.000001
v -9.017399 -0.221763 1.000001
v -9.018706 -0.095333 1.000001
v -9.019775 0.034385 1.000001
v -9.020607 0.167391 1.000001
v -9.021202 0.303685 1.000001
v -9.021558 0.443268 1.000001
v -9.021677 0.586138 1.000001
v -8.964315 0.489676 1.000001
v -8.905369 0.395195 1.000001
v -8.844838 0.302695 1.000001
v -8.782722 0.212176 1.000001
v -8.719023 0.123637 1.000001
v -8.653737 0.037079 1.000001
v -8.586868 -0.047498 1.000001
v -8.518414 -0.130095 1.000001
v -8.448376 -0.210711 1.000001
v -8.376752 -0.289346 1.000001
v -8.303545 -0.366000 1.000001
v -8.228751 -0.440674 1.000001
v -8.164813 -0.501957 1.000001
v -8.098498 -0.563162 1.000001
v -8.029806 -0.624287 1.000001
v -7.958737 -0.685333 1.000001
v -7.885292 -0.746300 1.000001
v -7.809470 -0.807188 1.000001
v -7.731270 -0.867996 1.000001
v -7.650694 -0.928726 1.000001
v -7.567741 -0.989376 1.000001
v -7.482411 -1.049947 1.000001
v -7.394704 -1.110438 1.000001
v -7.304621 -1.170850 1.000001
v -7.304106 -1.171306 1.000001
v -7.303512 -1.171722 1.000001
v -7.302838 -1.172098 1.000001
v -7.302085 -1.172435 1.000001
v -7.301253 -1.172732 1.000001
v -7.300342 -1.172989 1.000001
v -7.299351 -1.173207 1.000001
v -7.298282 -1.173386 1.000001
v -7.297133 -1.173524 1.000001
v -7.295905 -1.173623 1.000001
v -7.294598 -1.173683 1.000001
v -7.293212 -1.173703 1.000001
v -7.285011 -1.173366 1.000001
v -7.277524 -1.172356 1.000001
v -7.270751 -1.170672 1.000001
v -7.264689 -1.168315 1.000001
v -7.259341 -1.165285 1.000001
v -7.254706 -1.161581 1.000001
v -7.250785 -1.157203 1.000001
v -7.247576 -1.152152 1.000001
v -7.245080 -1.146428 1.000001
v -7.243298 -1.140030 1.000001
v -7.242229 -1.132959 1.000001
v -7.241871 -1.125214 1.000001
v -7.241911 -1.123808 1.000001
v -7.242029 -1.122441 1.000001
v -7.242227 -1.121114 1.000001
v -7.242504 -1.119827 1.000001
v -7.242861 -1.118579 1.000001
v -7.243297 -1.117371 1.000001
v -7.243812 -1.116202 1.000001
v -7.244406 -1.115073 1.000001
v -7.245079 -1.113984 1.000001
v -7.245832 -1.112934 1.000001
v -7.246664 -1.111924 1.000001
v -7.247576 -1.110953 1.000001
v -7.415225 -0.933539 1.000001
v -7.574951 -0.751173 1.000001
v -7.726755 -0.563855 1.000001
v -7.870635 -0.371586 1.000001
v -8.006593 -0.174364 1.000001
v -8.134626 0.027809 1.000001
v -8.254739 0.234934 1.000001
v -8.366927 0.447011 1.000001
v -8.471192 0.664040 1.000001
v -8.567535 0.886020 1.000001
v -8.655955 1.112952 1.000001
v -8.736452 1.344837 1.000001
v -7.912150 1.344837 1.000001
v -7.887847 1.344599 1.000001
v -7.862474 1.343886 1.000001
v -7.836032 1.342698 1.000001
v -7.808519 1.341034 1.000001
v -7.779938 1.338895 1.000001
v -7.750287 1.336280 1.000001
v -7.719565 1.333190 1.000001
v -7.687775 1.329625 1.000001
v -7.654915 1.325585 1.000001
v -7.620985 1.321068 1.000001
v -7.585986 1.316077 1.000001
v -7.549915 1.310610 1.000001
v -7.484313 1.524529 1.000001
v -7.520679 1.517240 1.000001
v -7.556570 1.510585 1.000001
v -7.591986 1.504563 1.000001
v -7.626925 1.499176 1.000001
v -7.661390 1.494422 1.000001
v -7.695380 1.490302 1.000001
v -7.728894 1.486816 1.000001
v -7.761932 1.483964 1.000001
v -7.794496 1.481745 1.000001
v -7.826583 1.480160 1.000001
v -7.858196 1.479210 1.000001
v -7.889333 1.478893 1.000001
v -9.004564 1.478893 1.000001
v -9.004564 2.163434 1.000001
v -9.004327 2.230462 1.000001
v -9.003613 2.296539 1.000001
v -9.002425 2.361665 1.000001
v -9.000761 2.425841 1.000001
v -8.998622 2.489066 1.000001
v -8.996008 2.551341 1.000001
v -8.992918 2.612664 1.000001
v -8.989352 2.673037 1.000001
v -8.985312 2.732458 1.000001
v -8.980795 2.790930 1.000001
v -8.975803 2.848450 1.000001
v -8.970337 2.905020 1.000001
v -9.047130 2.897849 1.000001
v -9.119684 2.890600 1.000001
v -9.188000 2.883271 1.000001
v -9.252076 2.875863 1.000001
v -9.311913 2.868376 1.000001
v -9.367513 2.860810 1.000001
v -9.418873 2.853164 1.000001
v -9.465995 2.845439 1.000001
v -9.508878 2.837635 1.000001
v -9.547522 2.829752 1.000001
v -9.581927 2.821789 1.000001
v -9.612094 2.813747 1.000001
v -9.634417 2.806894 1.000001
v -9.654799 2.799645 1.000001
v -9.673239 2.791999 1.000001
v -9.689738 2.783957 1.000001
v -9.704296 2.775519 1.000001
v -9.716913 2.766685 1.000001
v -9.727591 2.757455 1.000001
v -9.736325 2.747829 1.000001
v -9.743119 2.737806 1.000001
v -9.747972 2.727387 1.000001
v -9.750883 2.716573 1.000001
v -9.751854 2.705362 1.000001
v -9.750348 2.691041 1.000001
v -9.745832 2.676602 1.000001
v -9.738305 2.662043 1.000001
v -9.727768 2.647366 1.000001
v -9.714220 2.632570 1.000001
v -9.697660 2.617655 1.000001
v -9.678091 2.602621 1.000001
v -9.655512 2.587469 1.000001
v -9.629920 2.572197 1.000001
v -9.601318 2.556807 1.000001
v -9.569706 2.541298 1.000001
v -9.535083 2.525670 1.000001
v -9.535083 1.478893 1.000001
v -10.510554 1.478893 1.000001
v -10.559815 1.540395 1.000001
v -10.605867 1.596548 1.000001
v -10.648709 1.647354 1.000001
v -10.688344 1.692812 1.000001
v -10.724770 1.732922 1.000001
v -10.757986 1.767684 1.000001
v -10.787994 1.797097 1.000001
v -10.814795 1.821163 1.000001
v -10.838385 1.839881 1.000001
v -10.858766 1.853251 1.000001
v -10.875939 1.861273 1.000001
v -10.889903 1.863947 1.000001
v -10.903669 1.862204 1.000001
v -10.920248 1.856975 1.000001
v -10.939640 1.848260 1.000001
v -10.961843 1.836058 1.000001
v -10.986860 1.820371 1.000001
v -11.014689 1.801198 1.000001
v -11.045331 1.778538 1.000001
v -11.078786 1.752392 1.000001
v -11.115053 1.722761 1.000001
v -11.154132 1.689643 1.000001
v -11.196024 1.653039 1.000001
v -11.240730 1.612949 1.000001
v -11.269886 1.587080 1.000001
v -11.296507 1.562718 1.000001
v -11.320593 1.539860 1.000001
v -11.342144 1.518508 1.000001
v -11.361159 1.498661 1.000001
v -11.377639 1.480319 1.000001
v -11.391582 1.463483 1.000001
v -11.402992 1.448152 1.000001
v -11.411866 1.434326 1.000001
v -11.418204 1.422006 1.000001
v -11.422007 1.411191 1.000001
v -11.423275 1.401882 1.000001
v -11.422740 1.392771 1.000001
v -11.421136 1.384452 1.000001
v -11.418462 1.376925 1.000001
v -11.414719 1.370190 1.000001
v -11.409904 1.364248 1.000001
v -11.404022 1.359098 1.000001
v -11.397070 1.354741 1.000001
v -11.389048 1.351175 1.000001
v -11.379956 1.348402 1.000001
v -11.369795 1.346421 1.000001
v -11.358564 1.345233 1.000001
v -11.346264 1.344837 1.000001
v -9.580719 1.344837 1.000001
v -9.635150 1.228489 1.000001
v -9.693859 1.114280 1.000001
v -9.756845 1.002210 1.000001
v -9.824112 0.892280 1.000001
v -9.895656 0.784488 1.000001
v -9.971478 0.678836 1.000001
v -10.051579 0.575323 1.000001
v -10.135957 0.473949 1.000001
v -10.224614 0.374714 1.000001
v -10.317550 0.277619 1.000001
v -10.414763 0.182663 1.000001
v -10.516258 0.089846 1.000001
v -10.600558 0.016083 1.000001
v -10.686126 -0.054985 1.000001
v -10.772962 -0.123360 1.000001
v -10.861064 -0.189041 1.000001
v -10.950434 -0.252029 1.000001
v -11.041073 -0.312322 1.000001
v -11.132978 -0.369922 1.000001
v -11.226152 -0.424828 1.000001
v -11.320593 -0.477040 1.000001
v -11.416302 -0.526558 1.000001
v -11.513279 -0.573382 1.000001
v -11.611524 -0.617513 1.000001
v -11.614713 -0.619058 1.000001
v -11.617624 -0.620841 1.000001
v -11.620259 -0.622861 1.000001
v -11.622616 -0.625119 1.000001
v -11.624697 -0.627615 1.000001
v -11.626499 -0.630348 1.000001
v -11.628023 -0.633319 1.000001
v -11.629272 -0.636528 1.000001
v -11.630241 -0.639975 1.000001
v -11.630935 -0.643659 1.000001
v -11.631351 -0.647581 1.000001
v -11.631489 -0.651740 1.000001
v -11.631310 -0.656791 1.000001
v -11.630774 -0.661485 1.000001
v -11.629883 -0.665823 1.000001
v -11.628635 -0.669805 1.000001
v -11.627030 -0.673429 1.000001
v -11.625070 -0.676697 1.000001
v -11.622752 -0.679609 1.000001
v -11.620078 -0.682164 1.000001
v -11.617048 -0.684363 1.000001
v -11.613661 -0.686205 1.000001
v -11.609918 -0.687691 1.000001
v -11.605818 -0.688820 1.000001
v -11.571711 -0.697436 1.000001
v -11.538791 -0.709974 1.000001
v -11.507059 -0.726434 1.000001
v -11.476517 -0.746815 1.000001
v -11.447163 -0.771119 1.000001
v -11.418997 -0.799344 1.000001
v -11.392020 -0.831492 1.000001
v -11.366232 -0.867561 1.000001
v -11.341631 -0.907552 1.000001
v -11.318218 -0.951464 1.000001
v -11.295995 -0.999299 1.000001
v -11.274958 -1.051056 1.000001
v -11.269788 -1.066268 1.000001
v -11.264736 -1.080529 1.000001
v -11.259805 -1.093840 1.000001
v -11.254992 -1.106199 1.000001
v -11.250297 -1.117608 1.000001
v -11.245722 -1.128067 1.000001
v -11.241264 -1.137574 1.000001
v -11.236926 -1.146131 1.000001
v -11.232708 -1.153737 1.000001
v -11.228608 -1.160392 1.000001
v -11.224627 -1.166097 1.000001
v -11.220765 -1.170850 1.000001
v -11.216763 -1.174950 1.000001
v -11.212366 -1.178694 1.000001
v -11.207572 -1.182081 1.000001
v -11.202383 -1.185112 1.000001
v -11.196796 -1.187786 1.000001
v -11.190815 -1.190103 1.000001
v -11.184437 -1.192064 1.000001
v -11.177664 -1.193668 1.000001
v -11.170493 -1.194916 1.000001
v -11.162928 -1.195808 1.000001
v -11.154965 -1.196342 1.000001
v -11.146606 -1.196521 1.000001
v -11.135158 -1.195748 1.000001
v -11.122679 -1.193431 1.000001
v -11.109170 -1.189568 1.000001
v -11.094631 -1.184161 1.000001
v -11.079062 -1.177209 1.000001
v -11.062464 -1.168711 1.000001
v -11.044835 -1.158669 1.000001
v -11.026176 -1.147082 1.000001
v -11.006488 -1.133949 1.000001
v -10.985769 -1.119272 1.000001
v -10.964021 -1.103050 1.000001
v -10.941243 -1.085283 1.000001
v -10.871521 -1.031506 1.000001
v -10.803068 -0.974758 1.000001
v -10.735882 -0.915039 1.000001
v -10.669962 -0.852349 1.000001
v -10.605311 -0.786688 1.000001
v -10.541927 -0.718055 1.000001
v -10.479813 -0.646452 1.000001
v -10.418964 -0.571877 1.000001
v -10.359384 -0.494332 1.000001
v -10.301071 -0.413815 1.000001
v -10.244026 -0.330327 1.000001
v -6.662864 -0.677411 1.000001
v -6.662864 0.620365 1.000001
v -6.615644 0.565855 1.000001
v -6.567155 0.511662 1.000001
v -6.517399 0.457786 1.000001
v -6.466375 0.404227 1.000001
v -6.414084 0.350985 1.000001
v -6.360525 0.298060 1.000001
v -6.305698 0.245452 1.000001
v -6.249604 0.193161 1.000001
v -6.192242 0.141186 1.000000
v -6.133613 0.089529 1.000000
v -6.073715 0.038188 1.000000
v -6.012550 -0.012836 1.000000
v -6.011580 -0.013291 1.000000
v -6.010570 -0.013707 1.000000
v -6.009520 -0.014083 1.000000
v -6.008430 -0.014420 1.000000
v -6.007301 -0.014717 1.000000
v -6.006132 -0.014975 1.000000
v -6.004924 -0.015193 1.000000
v -6.003676 -0.015371 1.000000
v -6.002388 -0.015509 1.000000
v -6.001062 -0.015609 1.000000
v -5.999695 -0.015668 1.000000
v -5.998289 -0.015688 1.000000
v -5.990544 -0.015371 1.000000
v -5.983474 -0.014420 1.000000
v -5.977076 -0.012835 1.000000
v -5.971351 -0.010617 1.000000
v -5.966300 -0.007765 1.000000
v -5.961923 -0.004279 1.000000
v -5.958219 -0.000159 1.000000
v -5.955189 0.004595 1.000000
v -5.952831 0.009983 1.000000
v -5.951148 0.016004 1.000000
v -5.950137 0.022659 1.000000
v -5.949800 0.029948 1.000000
v -5.949821 0.030899 1.000000
v -5.949880 0.031850 1.000000
v -5.949979 0.032801 1.000000
v -5.950118 0.033751 1.000000
v -5.950296 0.034702 1.000000
v -5.950514 0.035653 1.000000
v -5.950771 0.036604 1.000000
v -5.951068 0.037554 1.000000
v -5.951405 0.038505 1.000000
v -5.951781 0.039456 1.000000
v -5.952197 0.040407 1.000000
v -5.952653 0.041357 1.000000
v -6.055829 0.175988 1.000000
v -6.155242 0.315570 1.000000
v -6.250891 0.460104 1.000000
v -6.342777 0.609590 1.000000
v -6.430900 0.764027 1.000000
v -6.515260 0.923417 1.000000
v -6.595856 1.087758 1.000000
v -6.672688 1.257051 1.000000
v -6.745758 1.431296 1.000000
v -6.815064 1.610493 1.000000
v -6.880607 1.794641 1.000000
v -6.942385 1.983742 1.000000
v -6.967817 2.065764 1.000000
v -6.991824 2.147350 1.000000
v -7.014404 2.228501 1.000000
v -7.035558 2.309216 1.000000
v -7.055286 2.389495 1.000000
v -7.073588 2.469338 1.000000
v -7.090464 2.548745 1.000000
v -7.105914 2.627717 1.000000
v -7.119937 2.706253 1.000000
v -7.132535 2.784353 1.000000
v -7.143706 2.862018 1.000000
v -7.153451 2.939247 1.000000
v -7.276455 2.904762 1.000000
v -7.388763 2.871664 1.000000
v -7.490375 2.839953 1.000000
v -7.581290 2.809628 1.000001
v -7.661510 2.780689 1.000001
v -7.731033 2.753137 1.000001
v -7.789861 2.726972 1.000001
v -7.837993 2.702193 1.000001
v -7.875429 2.678801 1.000001
v -7.902169 2.656795 1.000001
v -7.918212 2.636175 1.000001
v -7.923560 2.616942 1.000001
v -7.922134 2.601671 1.000001
v -7.917855 2.587231 1.000001
v -7.910725 2.573623 1.000001
v -7.900742 2.560848 1.000001
v -7.887907 2.548904 1.000001
v -7.872219 2.537792 1.000001
v -7.853680 2.527512 1.000001
v -7.832288 2.518064 1.000001
v -7.808043 2.509448 1.000001
v -7.780947 2.501663 1.000001
v -7.750998 2.494711 1.000001
v -7.718198 2.488591 1.000001
v -7.665451 2.352574 1.000001
v -7.611793 2.220241 1.000001
v -7.557223 2.091593 1.000001
v -7.501743 1.966628 1.000001
v -7.445352 1.845348 1.000001
v -7.388049 1.727752 1.000001
v -7.329836 1.613840 1.000001
v -7.270711 1.503612 1.000001
v -7.210675 1.397069 1.000001
v -7.149728 1.294209 1.000001
v -7.087870 1.195034 1.000001
v -7.025100 1.099543 1.000001
v -7.058297 1.094334 1.000001
v -7.089434 1.089164 1.000001
v -7.118511 1.084034 1.000001
v -7.145528 1.078944 1.000001
v -7.170485 1.073893 1.000001
v -7.193382 1.068882 1.000001
v -7.214219 1.063910 1.000001
v -7.232996 1.058978 1.000001
v -7.249713 1.054085 1.000001
v -7.264371 1.049233 1.000001
v -7.276968 1.044420 1.000001
v -7.287507 1.039646 1.000001
v -7.294796 1.036160 1.000001
v -7.301452 1.032357 1.000001
v -7.307473 1.028237 1.000001
v -7.312860 1.023800 1.000001
v -7.317615 1.019046 1.000001
v -7.321734 1.013976 1.000001
v -7.325221 1.008588 1.000001
v -7.328073 1.002884 1.000001
v -7.330291 0.996862 1.000001
v -7.331876 0.990524 1.000001
v -7.332826 0.983869 1.000001
v -7.333143 0.976896 1.000001
v -7.332094 0.965032 1.000001
v -7.328944 0.953207 1.000001
v -7.323695 0.941422 1.000001
v -7.316347 0.929676 1.000001
v -7.306899 0.917970 1.000001
v -7.295351 0.906303 1.000001
v -7.281704 0.894676 1.000001
v -7.265957 0.883089 1.000001
v -7.248111 0.871541 1.000001
v -7.228165 0.860033 1.000001
v -7.206120 0.848565 1.000001
v -7.181974 0.837136 1.000001
v -7.181974 -2.189105 1.000001
v -7.179874 -2.228284 1.000001
v -7.173575 -2.264056 1.000001
v -7.163077 -2.296421 1.000001
v -7.148380 -2.325379 1.000001
v -7.129483 -2.350931 1.000001
v -7.106388 -2.373075 1.000001
v -7.079093 -2.391813 1.000001
v -7.047599 -2.407144 1.000001
v -7.011906 -2.419068 1.000001
v -6.972013 -2.427585 1.000001
v -6.927922 -2.432696 1.000001
v -6.879635 -2.434399 1.000001
v -6.839545 -2.432854 1.000001
v -6.802941 -2.428219 1.000001
v -6.769824 -2.420494 1.000001
v -6.740191 -2.409679 1.000001
v -6.714046 -2.395774 1.000001
v -6.691387 -2.378780 1.000001
v -6.672213 -2.358695 1.000001
v -6.656526 -2.335521 1.000001
v -6.644325 -2.309256 1.000001
v -6.635609 -2.279902 1.000001
v -6.630380 -2.247457 1.000001
v -6.628637 -2.211923 1.000001
v -6.634104 -2.104092 1.000001
v -6.639095 -1.992616 1.000001
v -6.643611 -1.877496 1.000001
v -6.647652 -1.758731 1.000001
v -6.651217 -1.636322 1.000001
v -6.654307 -1.510269 1.000001
v -6.656922 -1.380570 1.000001
v -6.659061 -1.247227 1.000001
v -6.660725 -1.110240 1.000001
v -6.661913 -0.969608 1.000001
v -6.662626 -0.825332 1.000001
v -4.649173 -2.003708 1.000000
v -1.166571 -2.003708 1.000000
v -1.166571 -2.154878 1.000000
v -1.164294 -2.194057 1.000000
v -1.157460 -2.229829 1.000000
v -1.146071 -2.262194 1.000000
v -1.130126 -2.291152 1.000000
v -1.109625 -2.316704 1.000000
v -1.084569 -2.338848 1.000000
v -1.054957 -2.357586 1.000000
v -1.020790 -2.372917 1.000000
v -0.982066 -2.384841 1.000000
v -0.938787 -2.393358 1.000000
v -0.890953 -2.398468 1.000000
v -0.838562 -2.400172 1.000000
v -0.814952 -2.399835 1.000000
v -0.792609 -2.398825 1.000000
v -0.771534 -2.397141 1.000000
v -0.751727 -2.394784 1.000000
v -0.733187 -2.391753 1.000000
v -0.715916 -2.388050 1.000000
v -0.699911 -2.383672 1.000000
v -0.685175 -2.378621 1.000000
v -0.671706 -2.372897 1.000000
v -0.659504 -2.366499 1.000000
v -0.648571 -2.359428 1.000000
v -0.638905 -2.351683 1.000000
v -0.630704 -2.343622 1.000000
v -0.623217 -2.334649 1.000000
v -0.616443 -2.324765 1.000000
v -0.610382 -2.313970 1.000000
v -0.605034 -2.302264 1.000000
v -0.600399 -2.289647 1.000000
v -0.596477 -2.276118 1.000000
v -0.593269 -2.261679 1.000000
v -0.590773 -2.246328 1.000000
v -0.588990 -2.230066 1.000000
v -0.587921 -2.212893 1.000000
v -0.587564 -2.194809 1.000000
v -0.593486 -2.030706 1.000000
v -0.598894 -1.856897 1.000000
v -0.603786 -1.673382 1.000000
v -0.608164 -1.480161 1.000000
v -0.612026 -1.277236 1.000000
v -0.615374 -1.064604 1.000000
v -0.618206 -0.842267 1.000000
v -0.620524 -0.610224 1.000000
v -0.622326 -0.368476 1.000000
v -0.623613 -0.117022 1.000000
v -0.624386 0.144138 1.000000
v -0.624643 0.415003 1.000000
v -0.624426 0.509186 1.000000
v -0.623772 0.605390 1.000000
v -0.622683 0.703615 1.000000
v -0.621157 0.803860 1.000000
v -0.619196 0.906125 1.000000
v -0.616800 1.010410 1.000000
v -0.613967 1.116716 1.000000
v -0.610699 1.225042 1.000000
v -0.606995 1.335389 1.000000
v -0.602855 1.447756 1.000000
v -0.598280 1.562143 1.000000
v -0.593269 1.678551 1.000000
v -0.647422 1.653613 1.000000
v -0.701496 1.628240 1.000000
v -0.755491 1.602431 1.000000
v -0.809406 1.576187 1.000000
v -0.863242 1.549506 1.000000
v -0.916999 1.522390 1.000000
v -0.970677 1.494838 1.000000
v -1.024276 1.466851 1.000000
v -1.077795 1.438427 1.000000
v -1.131235 1.409568 1.000000
v -1.184596 1.380273 1.000000
v -1.237878 1.350542 1.000000
v -2.307473 1.350542 1.000000
v -2.327399 1.423373 1.000000
v -2.347246 1.499255 1.000000
v -2.367014 1.578187 1.000000
v -2.386702 1.660170 1.000000
v -2.406311 1.745202 1.000000
v -2.425841 1.833286 1.000000
v -2.445292 1.924419 1.000000
v -2.464664 2.018603 1.000000
v -2.483956 2.115837 1.000000
v -2.503169 2.216121 1.000000
v -2.522303 2.319456 1.000000
v -2.541358 2.425841 1.000000
v -0.869937 2.425841 1.000000
v -0.833512 2.425603 1.000000
v -0.795541 2.424891 1.000000
v -0.756025 2.423702 1.000000
v -0.714965 2.422038 1.000000
v -0.672359 2.419899 1.000000
v -0.628209 2.417284 1.000000
v -0.582513 2.414195 1.000000
v -0.535273 2.410629 1.000000
v -0.486487 2.406589 1.000000
v -0.436157 2.402072 1.000000
v -0.384282 2.397081 1.000000
v -0.330861 2.391614 1.000000
v -0.268112 2.605533 1.000000
v -0.322483 2.598244 1.000000
v -0.376260 2.591589 1.000000
v -0.429442 2.585567 1.000000
v -0.482031 2.580180 1.000000
v -0.534025 2.575426 1.000000
v -0.585425 2.571306 1.000000
v -0.636231 2.567820 1.000000
v -0.686442 2.564968 1.000000
v -0.736060 2.562749 1.000000
v -0.785083 2.561164 1.000000
v -0.833512 2.560214 1.000000
v -0.881346 2.559897 1.000000
v -4.537935 2.559897 1.000000
v -4.596288 2.629143 1.000000
v -4.650599 2.692368 1.000000
v -4.700870 2.749572 1.000000
v -4.747100 2.800754 1.000000
v -4.789290 2.845915 1.000000
v -4.827439 2.885054 1.000000
v -4.861547 2.918172 1.000000
v -4.891614 2.945268 1.000000
v -4.917642 2.966343 1.000000
v -4.939628 2.981397 1.000000
v -4.957573 2.990429 1.000000
v -4.971478 2.993439 1.000000
v -4.983144 2.991360 1.000000
v -4.999128 2.985121 1.000000
v -5.019431 2.974722 1.000000
v -5.044051 2.960163 1.000000
v -5.072990 2.941445 1.000000
v -5.106246 2.918568 1.000000
v -5.143821 2.891531 1.000000
v -5.185714 2.860334 1.000000
v -5.231924 2.824979 1.000000
v -5.282453 2.785463 1.000000
v -5.337299 2.741788 1.000000
v -5.396463 2.693953 1.000000
v -5.426531 2.668956 1.000000
v -5.453983 2.645306 1.000000
v -5.478822 2.623003 1.000000
v -5.501046 2.602047 1.000000
v -5.520655 2.582438 1.000000
v -5.537649 2.564175 1.000000
v -5.552030 2.547260 1.000000
v -5.563795 2.531691 1.000000
v -5.572946 2.517469 1.000000
v -5.579482 2.504595 1.000000
v -5.583405 2.493067 1.000000
v -5.584712 2.482886 1.000000
v -5.584177 2.473775 1.000000
v -5.582573 2.465456 1.000000
v -5.579899 2.457929 1.000000
v -5.576155 2.451195 1.000000
v -5.571342 2.445252 1.000000
v -5.565459 2.440102 1.000000
v -5.558507 2.435745 1.000000
v -5.550485 2.432179 1.000000
v -5.541393 2.429406 1.000000
v -5.531232 2.427426 1.000000
v -5.520001 2.426237 1.000000
v -5.507701 2.425841 1.000000
v -3.211637 2.425841 1.000000
v -3.162416 2.326428 1.000000
v -3.111729 2.228798 1.000000
v -3.059577 2.132951 1.000000
v -3.005958 2.038886 1.000000
v -2.950874 1.946603 1.000000
v -2.894324 1.856104 1.000000
v -2.836308 1.767387 1.000000
v -2.776827 1.680453 1.000000
v -2.715880 1.595301 1.000000
v -2.653467 1.511932 1.000000
v -2.589588 1.430346 1.000000
v -2.524244 1.350542 1.000000
v -4.583571 1.350542 1.000000
v -4.625464 1.397010 1.000000
v -4.664623 1.439437 1.000000
v -4.701048 1.477823 1.000000
v -4.734741 1.512169 1.000000
v -4.765699 1.542475 1.000000
v -4.793925 1.568739 1.000000
v -4.819417 1.590963 1.000000
v -4.842175 1.609146 1.000000
v -4.862201 1.623288 1.000000
v -4.879493 1.633390 1.000000
v -4.894051 1.639451 1.000000
v -4.905876 1.641471 1.000000
v -4.918176 1.639847 1.000000
v -4.933210 1.634975 1.000000
v -4.950977 1.626854 1.000000
v -4.971478 1.615484 1.000000
v -4.994711 1.600866 1.000000
v -5.020679 1.583000 1.000000
v -5.049380 1.561886 1.000000
v -5.080814 1.537523 1.000000
v -5.114982 1.509911 1.000000
v -5.151883 1.479051 1.000000
v -5.191518 1.444943 1.000000
v -5.233885 1.407587 1.000000
v -5.255297 1.387165 1.000000
v -5.274847 1.367734 1.000000
v -5.292534 1.349294 1.000000
v -5.308361 1.331843 1.000000
v -5.322325 1.315384 1.000000
v -5.334427 1.299914 1.000000
v -5.344667 1.285435 1.000000
v -5.353046 1.271946 1.000000
v -5.359563 1.259448 1.000000
v -5.364217 1.247940 1.000000
v -5.367010 1.237422 1.000000
v -5.367941 1.227895 1.000000
v -5.366713 1.215258 1.000000
v -5.363029 1.202066 1.000000
v -5.356888 1.188320 1.000000
v -5.348292 1.174019 1.000000
v -5.337239 1.159163 1.000000
v -5.323730 1.143753 1.000000
v -5.307766 1.127788 1.000000
v -5.289345 1.111269 1.000000
v -5.268468 1.094195 1.000000
v -5.245135 1.076567 1.000000
v -5.219346 1.058384 1.000000
v -5.191102 1.039646 1.000000
v -5.191102 0.514831 1.000000
v -5.191398 0.291999 1.000000
v -5.192289 0.069405 1.000000
v -5.193775 -0.152952 1.000000
v -5.195854 -0.375072 1.000000
v -5.198528 -0.596953 1.000000
v -5.201797 -0.818597 1.000000
v -5.205659 -1.040003 1.000000
v -5.210115 -1.261172 1.000000
v -5.215166 -1.482102 1.000000
v -5.220811 -1.702795 1.000000
v -5.227051 -1.923251 1.000001
v -5.233885 -2.143469 1.000001
v -5.231607 -2.182648 1.000001
v -5.224773 -2.218420 1.000001
v -5.213384 -2.250785 1.000001
v -5.197439 -2.279743 1.000001
v -5.176939 -2.305295 1.000001
v -5.151883 -2.327439 1.000001
v -5.122271 -2.346177 1.000001
v -5.088103 -2.361508 1.000001
v -5.049379 -2.373432 1.000001
v -5.006101 -2.381949 1.000001
v -4.958266 -2.387060 1.000001
v -4.905876 -2.388762 1.000000
v -4.881354 -2.388426 1.000000
v -4.858180 -2.387416 1.000000
v -4.836352 -2.385732 1.000000
v -4.815871 -2.383375 1.000000
v -4.796738 -2.380344 1.000000
v -4.778951 -2.376640 1.000000
v -4.762510 -2.372263 1.000000
v -4.747417 -2.367212 1.000000
v -4.733671 -2.361488 1.000000
v -4.721272 -2.355090 1.000000
v -4.710219 -2.348019 1.000000
v -4.700513 -2.340274 1.000000
v -4.692313 -2.332747 1.000000
v -4.684826 -2.324429 1.000000
v -4.678052 -2.315317 1.000000
v -4.671991 -2.305414 1.000000
v -4.666643 -2.294718 1.000000
v -4.662008 -2.283230 1.000000
v -4.658086 -2.270949 1.000000
v -4.654878 -2.257876 1.000000
v -4.652382 -2.244011 1.000000
v -4.650599 -2.229354 1.000000
v -4.649529 -2.213904 1.000000
v -4.649173 -2.197662 1.000000
v -3.345693 1.216486 1.000000
v -2.447233 1.216486 1.000000
v -2.447233 0.315174 1.000000
v -3.345693 0.315174 1.000000
v -1.933828 -1.869652 1.000000
v -1.933828 1.216486 1.000000
v -1.166571 1.216486 1.000000
v -1.166571 -1.869652 1.000000
v -3.853395 -1.869652 1.000000
v -4.649173 -1.869652 1.000000
v -4.649173 1.216486 1.000000
v -3.853395 1.216486 1.000000
v -2.447233 -1.869652 1.000000
v -3.345693 -1.869652 1.000000
v -3.345693 -0.857102 1.000000
v -2.447233 -0.857102 1.000000
v -2.447233 -0.723047 1.000000
v -3.345693 -0.723047 1.000000
v -3.345693 0.181118 1.000000
v -2.447233 0.181118 1.000000
v 1.363377 1.396178 1.000000
v 2.857958 1.396178 1.000000
v 2.878755 1.176158 1.000000
v 2.904069 0.964854 1.000000
v 2.933899 0.762264 1.000000
v 2.968245 0.568390 1.000000
v 3.007107 0.383232 1.000000
v 3.050485 0.206788 1.000000
v 3.098379 0.039060 1.000000
v 3.150789 -0.119954 1.000000
v 3.207716 -0.270251 1.000000
v 3.269158 -0.411834 1.000000
v 3.335116 -0.544702 1.000000
v 3.405591 -0.668854 1.000000
v 3.473252 -0.776923 1.000000
v 3.543133 -0.881505 1.000000
v 3.615231 -0.982602 1.000000
v 3.689548 -1.080212 1.000000
v 3.766084 -1.174337 1.000000
v 3.844838 -1.264975 1.000000
v 3.925810 -1.352127 1.000000
v 4.009001 -1.435793 1.000000
v 4.094409 -1.515973 1.000000
v 4.182037 -1.592667 1.000000
v 4.271883 -1.665875 1.000000
v 4.363947 -1.735597 1.000000
v 4.447059 -1.794048 1.000000
v 4.532865 -1.850558 1.000000
v 4.621364 -1.905127 1.000000
v 4.712557 -1.957755 1.000000
v 4.806443 -2.008442 1.000000
v 4.903024 -2.057188 1.000000
v 5.002298 -2.103993 1.000000
v 5.104266 -2.148856 1.000000
v 5.208929 -2.191779 1.000000
v 5.316284 -2.232760 1.000000
v 5.426333 -2.271800 1.000000
v 5.539076 -2.308899 1.000000
v 5.539572 -2.309355 1.000000
v 5.540106 -2.309771 1.000000
v 5.540681 -2.310147 1.000000
v 5.541295 -2.310484 1.000000
v 5.541949 -2.310781 1.000000
v 5.542642 -2.311039 1.000000
v 5.543375 -2.311256 1.000000
v 5.544147 -2.311435 1.000000
v 5.544959 -2.311573 1.000000
v 5.545811 -2.311672 1.000000
v 5.546701 -2.311732 1.000000
v 5.547633 -2.311752 1.000000
v 5.554011 -2.311415 1.000000
v 5.559834 -2.310405 1.000000
v 5.565104 -2.308721 1.000000
v 5.569818 -2.306364 1.000000
v 5.573977 -2.303334 1.000000
v 5.577582 -2.299630 1.000000
v 5.580633 -2.295252 1.000000
v 5.583128 -2.290201 1.000000
v 5.585070 -2.284477 1.000000
v 5.586456 -2.278079 1.000000
v 5.587288 -2.271008 1.000000
v 5.587564 -2.263263 1.000000
v 5.587504 -2.261402 1.000000
v 5.587326 -2.259619 1.000000
v 5.587029 -2.257915 1.000000
v 5.586614 -2.256291 1.000000
v 5.586079 -2.254746 1.000000
v 5.585425 -2.253281 1.000000
v 5.584652 -2.251894 1.000000
v 5.583761 -2.250587 1.000000
v 5.582751 -2.249359 1.000000
v 5.581622 -2.248210 1.000000
v 5.580375 -2.247140 1.000000
v 5.579008 -2.246150 1.000000
v 5.463393 -2.176507 1.000000
v 5.351382 -2.105439 1.000000
v 5.242977 -2.032944 1.000000
v 5.138177 -1.959023 1.000000
v 5.036981 -1.883676 1.000000
v 4.939390 -1.806903 1.000000
v 4.845405 -1.728703 1.000000
v 4.755024 -1.649078 1.000000
v 4.668248 -1.568027 1.000000
v 4.585077 -1.485549 1.000000
v 4.505511 -1.401645 1.000000
v 4.429550 -1.316315 1.000000
v 4.365829 -1.240176 1.000000
v 4.303971 -1.161977 1.000000
v 4.243975 -1.081717 1.000000
v 4.185841 -0.999398 1.000000
v 4.129568 -0.915019 1.000000
v 4.075157 -0.828580 1.000000
v 4.022608 -0.740081 1.000000
v 3.971921 -0.649522 1.000000
v 3.923096 -0.556903 1.000000
v 3.876133 -0.462224 1.000000
v 3.831032 -0.365485 1.000000
v 3.787792 -0.266686 1.000000
v 3.747207 -0.162321 1.000000
v 3.709118 -0.051737 1.000000
v 3.673524 0.065067 1.000000
v 3.640426 0.188090 1.000000
v 3.609824 0.317333 1.000000
v 3.581717 0.452795 1.000000
v 3.556106 0.594477 1.000000
v 3.532991 0.742378 1.000000
v 3.512372 0.896499 1.000000
v 3.494248 1.056839 1.000000
v 3.478620 1.223399 1.000000
v 3.465488 1.396178 1.000000
v 4.780376 1.396178 1.000000
v 4.814346 1.395861 1.000000
v 4.848752 1.394910 1.000000
v 4.883593 1.393325 1.000000
v 4.918869 1.391107 1.000000
v 4.954582 1.388255 1.000000
v 4.990730 1.384769 1.000000
v 5.027314 1.380649 1.000000
v 5.064334 1.375895 1.000000
v 5.101790 1.370507 1.000000
v 5.139681 1.364486 0.999999
v 5.178008 1.357831 0.999999
v 5.216771 1.350542 0.999999
v 5.282373 1.575870 0.999999
v 5.237015 1.568580 0.999999
v 5.192211 1.561925 0.999999
v 5.147962 1.555904 0.999999
v 5.104266 1.550516 0.999999
v 5.061126 1.545762 0.999999
v 5.018540 1.541642 1.000000
v 4.976510 1.538156 1.000000
v 4.935033 1.535304 1.000000
v 4.894111 1.533086 1.000000
v 4.853744 1.531501 1.000000
v 4.813931 1.530550 1.000000
v 4.774672 1.530234 1.000000
v 3.454079 1.530234 1.000000
v 3.450434 1.589279 1.000000
v 3.447107 1.650424 1.000000
v 3.444096 1.713669 1.000000
v 3.441402 1.779013 1.000000
v 3.439025 1.846457 1.000000
v 3.436965 1.916001 1.000000
v 3.435222 1.987643 1.000000
v 3.433796 2.061386 1.000000
v 3.432687 2.137228 1.000000
v 3.431895 2.215170 1.000000
v 3.431419 2.295211 1.000000
v 3.431261 2.377353 1.000000
v 3.431499 2.417007 1.000000
v 3.432212 2.457057 1.000000
v 3.433400 2.497504 1.000000
v 3.435064 2.538347 1.000000
v 3.437203 2.579586 1.000000
v 3.439818 2.621221 1.000000
v 3.442908 2.663252 1.000000
v 3.446473 2.705679 1.000000
v 3.450513 2.748502 1.000000
v 3.455029 2.791722 1.000000
v 3.460021 2.835338 1.000000
v 3.465488 2.879349 1.000000
v 3.367145 2.869069 1.000000
v 3.275576 2.859146 1.000000
v 3.190781 2.849579 1.000000
v 3.112760 2.840369 1.000000
v 3.041513 2.831514 1.000000
v 2.977040 2.823017 1.000000
v 2.919341 2.814877 1.000000
v 2.868416 2.807092 1.000000
v 2.824266 2.799664 1.000000
v 2.786889 2.792593 1.000000
v 2.756287 2.785878 1.000000
v 2.732459 2.779521 1.000000
v 2.715603 2.773955 1.000000
v 2.700212 2.767715 1.000000
v 2.686288 2.760803 1.000000
v 2.673829 2.753217 1.000000
v 2.662836 2.744957 1.000000
v 2.653309 2.736024 1.000000
v 2.645247 2.726417 1.000000
v 2.638651 2.716137 1.000000
v 2.633521 2.705184 1.000000
v 2.629857 2.693557 1.000000
v 2.627658 2.681257 1.000000
v 2.626925 2.668283 1.000000
v 2.628213 2.653645 1.000000
v 2.632075 2.639206 1.000000
v 2.638513 2.624964 1.000000
v 2.647525 2.610921 1.000000
v 2.659112 2.597076 1.000000
v 2.673274 2.583428 1.000000
v 2.690012 2.569979 1.000000
v 2.709324 2.556728 1.000000
v 2.731211 2.543675 1.000000
v 2.755673 2.530820 1.000000
v 2.782710 2.518163 1.000000
v 2.812322 2.505704 1.000000
v 2.818026 2.066457 1.000000
v 2.819096 2.030923 1.000000
v 2.820403 1.993725 1.000000
v 2.821948 1.954863 1.000000
v 2.823731 1.914337 1.000000
v 2.825751 1.872147 1.000000
v 2.828009 1.828294 1.000000
v 2.830505 1.782777 1.000000
v 2.833239 1.735596 1.000000
v 2.836210 1.686751 1.000000
v 2.839418 1.636242 1.000000
v 2.842865 1.584070 1.000000
v 2.846549 1.530234 1.000000
v 1.420422 1.530234 1.000000
v 1.379897 1.578524 1.000000
v 1.341985 1.622615 1.000000
v 1.306689 1.662507 1.000000
v 1.274006 1.698200 1.000000
v 1.243939 1.729693 1.000000
v 1.216486 1.756988 1.000000
v 1.191648 1.780083 1.000000
v 1.169424 1.798979 1.000000
v 1.149815 1.813676 1.000000
v 1.132820 1.824174 1.000000
v 1.118440 1.830473 1.000000
v 1.106675 1.832572 1.000000
v 1.092433 1.830948 1.000000
v 1.075379 1.826076 1.000000
v 1.055512 1.817955 1.000000
v 1.032833 1.806585 1.000000
v 1.007341 1.791968 1.000000
v 0.979036 1.774101 1.000000
v 0.947919 1.752987 1.000000
v 0.913989 1.728624 1.000000
v 0.877246 1.701012 1.000000
v 0.837691 1.670153 1.000000
v 0.795323 1.636045 1.000000
v 0.750143 1.598688 1.000000
v 0.725998 1.577712 1.000000
v 0.703952 1.557568 1.000000
v 0.684006 1.538256 1.000000
v 0.666160 1.519775 1.000000
v 0.650413 1.502127 1.000000
v 0.636766 1.485311 1.000000
v 0.625218 1.469326 1.000000
v 0.615770 1.454174 1.000000
v 0.608421 1.439853 1.000000
v 0.603172 1.426364 1.000000
v 0.600023 1.413707 1.000000
v 0.598973 1.401882 1.000000
v 0.600340 1.390869 1.000000
v 0.604440 1.378747 1.000000
v 0.611273 1.365516 1.000000
v 0.620840 1.351175 1.000000
v 0.633141 1.335726 1.000000
v 0.648175 1.319167 1.000000
v 0.665942 1.301499 1.000000
v 0.686442 1.282721 1.000000
v 0.709676 1.262835 1.000000
v 0.735644 1.241839 1.000000
v 0.764344 1.219734 1.000000
v 0.795779 1.196520 1.000000
v 0.809862 0.871541 1.000000
v 0.826440 0.563082 1.000000
v 0.845515 0.271142 1.000000
v 0.867085 -0.004279 1.000000
v 0.891151 -0.263180 1.000000
v 0.917713 -0.505562 1.000000
v 0.946770 -0.731425 1.000000
v 0.978323 -0.940769 1.000000
v 1.012372 -1.133593 1.000000
v 1.048916 -1.309898 1.000000
v 1.087957 -1.469684 1.000000
v 1.129492 -1.612950 1.000000
v 1.153618 -1.681443 1.000000
v 1.180357 -1.746213 1.000000
v 1.209712 -1.807259 1.000000
v 1.241681 -1.864582 1.000000
v 1.276265 -1.918180 1.000000
v 1.313463 -1.968055 1.000000
v 1.353276 -2.014206 1.000000
v 1.395703 -2.056633 1.000000
v 1.440745 -2.095337 1.000000
v 1.488401 -2.130317 1.000000
v 1.538672 -2.161573 1.000000
v 1.591557 -2.189105 1.000000
v 1.624358 -2.204139 1.000000
v 1.658110 -2.217865 1.000000
v 1.692813 -2.230284 1.000000
v 1.728466 -2.241396 1.000000
v 1.765070 -2.251201 1.000000
v 1.802624 -2.259698 1.000000
v 1.841130 -2.266888 1.000000
v 1.880586 -2.272771 1.000000
v 1.920993 -2.277347 1.000000
v 1.962350 -2.280615 1.000000
v 2.004659 -2.282576 1.000000
v 2.047918 -2.283229 1.000000
v 2.064021 -2.282457 1.000000
v 2.079055 -2.280139 1.000000
v 2.093019 -2.276277 1.000000
v 2.105914 -2.270870 1.000000
v 2.117739 -2.263917 1.000000
v 2.128494 -2.255420 1.000000
v 2.138180 -2.245378 1.000000
v 2.146796 -2.233790 1.000000
v 2.154343 -2.220658 1.000000
v 2.160820 -2.205981 1.000000
v 2.166227 -2.189759 1.000000
v 2.170565 -2.171991 1.000000
v 2.177616 -2.140696 1.000000
v 2.186411 -2.110509 1.000000
v 2.196948 -2.081432 1.000000
v 2.209229 -2.053464 1.000000
v 2.223252 -2.026606 1.000000
v 2.239019 -2.000856 1.000000
v 2.256529 -1.976216 1.000000
v 2.275781 -1.952685 1.000000
v 2.296777 -1.930263 1.000000
v 2.319516 -1.908950 1.000000
v 2.343998 -1.888747 1.000000
v 2.370223 -1.869652 1.000000
v 2.397477 -1.851905 1.000000
v 2.427901 -1.833841 1.000000
v 2.461494 -1.815460 1.000000
v 2.498257 -1.796762 1.000000
v 2.538188 -1.777747 1.000000
v 2.581289 -1.758415 1.000000
v 2.627559 -1.738766 1.000000
v 2.676998 -1.718800 1.000000
v 2.729606 -1.698517 1.000000
v 2.785384 -1.677918 1.000000
v 2.844330 -1.657001 1.000000
v 2.906446 -1.635768 1.000000
v 2.909180 -1.634223 1.000000
v 2.911675 -1.632440 1.000000
v 2.913933 -1.630420 1.000000
v 2.915954 -1.628162 1.000000
v 2.917737 -1.625666 1.000000
v 2.919281 -1.622933 1.000000
v 2.920589 -1.619962 1.000000
v 2.921659 -1.616753 1.000000
v 2.922490 -1.613306 1.000000
v 2.923084 -1.609622 1.000000
v 2.923441 -1.605700 1.000000
v 2.923560 -1.601541 1.000000
v 2.923362 -1.593836 1.000000
v 2.922767 -1.586883 1.000000
v 2.921777 -1.580683 1.000000
v 2.920391 -1.575236 1.000000
v 2.918608 -1.570542 1.000000
v 2.916429 -1.566601 1.000000
v 2.913854 -1.563411 1.000000
v 2.910883 -1.560975 1.000000
v 2.907516 -1.559291 1.000000
v 2.903752 -1.558361 1.000000
v 2.899593 -1.558182 1.000000
v 2.895037 -1.558757 1.000000
v 2.789940 -1.572879 1.000000
v 2.690467 -1.585774 1.000000
v 2.596620 -1.597440 1.000000
v 2.508399 -1.607879 1.000000
v 2.425802 -1.617089 1.000000
v 2.348831 -1.625072 1.000000
v 2.277485 -1.631826 1.000000
v 2.211764 -1.637352 1.000000
v 2.151669 -1.641650 1.000000
v 2.097199 -1.644721 1.000000
v 2.048354 -1.646563 1.000000
v 2.005134 -1.647177 1.000000
v 1.979959 -1.646642 1.000000
v 1.955775 -1.645038 1.000000
v 1.932580 -1.642364 1.000000
v 1.910376 -1.638620 1.000000
v 1.889162 -1.633807 1.000000
v 1.868939 -1.627924 1.000000
v 1.849706 -1.620971 1.000000
v 1.831464 -1.612949 1.000000
v 1.814212 -1.603858 1.000000
v 1.797950 -1.593697 1.000000
v 1.782678 -1.582466 1.000000
v 1.768397 -1.570166 1.000000
v 1.755760 -1.557133 1.000000
v 1.743519 -1.542753 1.000000
v 1.731674 -1.527026 1.000000
v 1.720226 -1.509952 1.000000
v 1.709173 -1.491531 1.000000
v 1.698517 -1.471763 1.000000
v 1.688257 -1.450649 1.000000
v 1.678393 -1.428187 1.000000
v 1.668925 -1.404379 1.000000
v 1.659853 -1.379223 1.000000
v 1.651178 -1.352721 1.000000
v 1.642898 -1.324872 1.000000
v 1.620615 -1.244375 1.000000
v 1.599401 -1.161660 1.000000
v 1.579257 -1.076726 1.000000
v 1.560183 -0.989574 1.000000
v 1.542178 -0.900203 1.000000
v 1.525242 -0.808614 1.000000
v 1.509377 -0.714807 1.000000
v 1.494581 -0.618781 1.000000
v 1.480854 -0.520536 1.000000
v 1.468197 -0.420074 1.000000
v 1.456610 -0.317393 1.000000
v 1.446092 -0.212493 1.000000
v 1.437239 -0.113734 1.000000
v 1.428741 -0.008557 1.000000
v 1.420600 0.103037 1.000000
v 1.412816 0.221049 1.000000
v 1.405388 0.345479 1.000000
v 1.398317 0.476326 1.000000
v 1.391603 0.613591 1.000000
v 1.385244 0.757273 1.000000
v 1.379243 0.907373 1.000000
v 1.373598 1.063890 1.000000
v 1.368309 1.226825 1.000000
v 7.430120 -0.737308 0.999999
v 7.430120 -0.671706 0.999999
v 8.565317 -0.671706 0.999999
v 8.565317 -1.284940 0.999999
v 7.290359 -1.284940 0.999999
v 7.243397 -1.228906 0.999999
v 7.199483 -1.177743 0.999999
v 7.158621 -1.131454 0.999999
v 7.120809 -1.090037 0.999999
v 7.086047 -1.053492 0.999999
v 7.054336 -1.021820 0.999999
v 7.025675 -0.995021 0.999999
v 7.000064 -0.973094 0.999999
v 6.977503 -0.956040 0.999999
v 6.957993 -0.943859 0.999999
v 6.941533 -0.936550 0.999999
v 6.928123 -0.934113 0.999999
v 6.916813 -0.935817 0.999999
v 6.901898 -0.940927 0.999999
v 6.883379 -0.949444 0.999999
v 6.861254 -0.961368 0.999999
v 6.835525 -0.976699 0.999999
v 6.806190 -0.995437 0.999999
v 6.773251 -1.017581 0.999999
v 6.736707 -1.043133 0.999999
v 6.696557 -1.072091 0.999999
v 6.652802 -1.104456 0.999999
v 6.605443 -1.140228 0.999999
v 6.554479 -1.179407 0.999999
v 6.528056 -1.200720 0.999999
v 6.503930 -1.220923 0.999999
v 6.482102 -1.240018 0.999999
v 6.462572 -1.258003 0.999999
v 6.445340 -1.274879 0.999999
v 6.430406 -1.290645 1.000000
v 6.417768 -1.305303 1.000000
v 6.407428 -1.318851 1.000000
v 6.399386 -1.331290 1.000000
v 6.393642 -1.342620 1.000000
v 6.390196 -1.352840 1.000000
v 6.389048 -1.361951 1.000000
v 6.389582 -1.371063 1.000000
v 6.391187 -1.379382 1.000000
v 6.393861 -1.386908 1.000000
v 6.397604 -1.393643 1.000000
v 6.402417 -1.399585 1.000000
v 6.408300 -1.404735 1.000000
v 6.415253 -1.409092 1.000000
v 6.423275 -1.412658 1.000000
v 6.432366 -1.415431 1.000000
v 6.442528 -1.417411 1.000000
v 6.453758 -1.418600 1.000000
v 6.466059 -1.418996 1.000000
v 8.565317 -1.418996 0.999999
v 8.565317 -2.037935 0.999999
v 6.993725 -2.037935 0.999999
v 6.941751 -1.978256 0.999999
v 6.893262 -1.923766 0.999999
v 6.848260 -1.874466 0.999999
v 6.806744 -1.830355 0.999999
v 6.768713 -1.791433 0.999999
v 6.734170 -1.757702 0.999999
v 6.703112 -1.729159 0.999999
v 6.675540 -1.705806 0.999999
v 6.651454 -1.687643 0.999999
v 6.630855 -1.674669 1.000000
v 6.613741 -1.666885 1.000000
v 6.600114 -1.664290 1.000000
v 6.588725 -1.666073 1.000000
v 6.573572 -1.671421 1.000000
v 6.554656 -1.680334 1.000000
v 6.531977 -1.692813 1.000000
v 6.505533 -1.708857 1.000000
v 6.475327 -1.728466 1.000000
v 6.441359 -1.751640 1.000000
v 6.403625 -1.778380 1.000000
v 6.362129 -1.808686 1.000000
v 6.316870 -1.842556 1.000000
v 6.267847 -1.879992 1.000000
v 6.215060 -1.920993 1.000000
v 6.188182 -1.943256 1.000000
v 6.163640 -1.964411 1.000000
v 6.141436 -1.984456 1.000000
v 6.121569 -2.003392 1.000000
v 6.104040 -2.021218 1.000000
v 6.088848 -2.037935 1.000000
v 6.075993 -2.053544 1.000000
v 6.065475 -2.068043 1.000000
v 6.057295 -2.081432 1.000000
v 6.051452 -2.093713 1.000000
v 6.047945 -2.104884 1.000000
v 6.046777 -2.114946 1.000000
v 6.047292 -2.124058 1.000000
v 6.048837 -2.132377 1.000000
v 6.051412 -2.139903 1.000000
v 6.055017 -2.146638 1.000000
v 6.059652 -2.152580 1.000000
v 6.065317 -2.157730 1.000000
v 6.072011 -2.162087 1.000000
v 6.079736 -2.165653 1.000000
v 6.088491 -2.168426 1.000000
v 6.098276 -2.170406 1.000000
v 6.109090 -2.171595 1.000000
v 6.120935 -2.171991 1.000000
v 10.969767 -2.171991 0.999999
v 10.998348 -2.172229 0.999999
v 11.028000 -2.172942 0.999999
v 11.058722 -2.174130 0.999999
v 11.090512 -2.175794 0.999999
v 11.123372 -2.177934 0.999999
v 11.157302 -2.180548 0.999999
v 11.192302 -2.183638 0.999999
v 11.228371 -2.187203 0.999999
v 11.265509 -2.191244 0.999999
v 11.303717 -2.195760 0.999999
v 11.342995 -2.200752 0.999999
v 11.383343 -2.206218 0.999999
v 11.448945 -1.992299 0.999999
v 11.406360 -1.999588 0.999999
v 11.364170 -2.006244 0.999999
v 11.322376 -2.012265 0.999999
v 11.280980 -2.017653 0.999999
v 11.239979 -2.022407 0.999999
v 11.199374 -2.026526 0.999999
v 11.159164 -2.030012 0.999999
v 11.119352 -2.032865 0.999999
v 11.079936 -2.035083 0.999999
v 11.040915 -2.036668 0.999999
v 11.002292 -2.037618 0.999999
v 10.964062 -2.037935 0.999999
v 9.084427 -2.037935 0.999999
v 9.084427 -1.418996 0.999999
v 10.661724 -1.418996 0.999999
v 10.681173 -1.419234 0.999999
v 10.701495 -1.419947 0.999999
v 10.722690 -1.421136 0.999999
v 10.744755 -1.422799 0.999999
v 10.767693 -1.424939 0.999999
v 10.791501 -1.427553 0.999999
v 10.816181 -1.430643 0.999999
v 10.841732 -1.434208 0.999999
v 10.868155 -1.438249 0.999999
v 10.895449 -1.442765 0.999999
v 10.923615 -1.447757 0.999999
v 10.952653 -1.453223 0.999999
v 11.015402 -1.239304 0.999999
v 10.983215 -1.246594 0.999999
v 10.951305 -1.253249 0.999999
v 10.919674 -1.259270 0.999999
v 10.888319 -1.264658 0.999999
v 10.857241 -1.269412 0.999999
v 10.826441 -1.273532 0.999999
v 10.795918 -1.277018 0.999999
v 10.765672 -1.279870 0.999999
v 10.735703 -1.282089 0.999999
v 10.706013 -1.283673 0.999999
v 10.676599 -1.284624 0.999999
v 10.647461 -1.284940 0.999999
v 9.084427 -1.284940 0.999999
v 9.084427 -0.671706 0.999999
v 10.122647 -0.671706 0.999999
v 10.122647 -0.743012 0.999999
v 10.125123 -0.775358 0.999999
v 10.132551 -0.804890 0.999999
v 10.144931 -0.831610 0.999999
v 10.162263 -0.855518 0.999999
v 10.184546 -0.876613 0.999999
v 10.211781 -0.894895 0.999999
v 10.243967 -0.910364 0.999999
v 10.281105 -0.923021 0.999999
v 10.323195 -0.932865 0.999999
v 10.370237 -0.939897 0.999999
v 10.422232 -0.944116 0.999999
v 10.479178 -0.945522 0.999999
v 10.511979 -0.944393 0.999999
v 10.541927 -0.941006 0.999999
v 10.569024 -0.935361 0.999999
v 10.593269 -0.927458 0.999999
v 10.614661 -0.917297 0.999999
v 10.633201 -0.904878 0.999999
v 10.648889 -0.890201 0.999999
v 10.661724 -0.873265 0.999999
v 10.671706 -0.854072 0.999999
v 10.678837 -0.832621 0.999999
v 10.683116 -0.808911 0.999999
v 10.684542 -0.782944 0.999999
v 10.653167 0.648887 0.999999
v 10.653385 0.712389 0.999999
v 10.654038 0.774545 0.999999
v 10.655128 0.835353 0.999999
v 10.656652 0.894815 0.999999
v 10.658613 0.952930 0.999999
v 10.661010 1.009697 0.999999
v 10.663842 1.065118 0.999999
v 10.667110 1.119192 0.999999
v 10.670815 1.171919 0.999999
v 10.674954 1.223299 0.999999
v 10.679530 1.273333 0.999999
v 10.684542 1.322019 0.999999
v 10.630289 1.298310 0.999999
v 10.576869 1.274719 0.999999
v 10.524282 1.251248 0.999999
v 10.472525 1.227895 0.999999
v 10.421599 1.204661 0.999999
v 10.371506 1.181546 0.999999
v 10.322246 1.158549 0.999999
v 10.273817 1.135672 0.999999
v 10.226220 1.112913 0.999999
v 10.179455 1.090273 0.999999
v 10.133522 1.067753 0.999999
v 10.088420 1.045350 0.999999
v 9.084427 1.045350 0.999999
v 9.084427 1.590131 0.999999
v 10.992584 1.590131 0.999999
v 11.012491 1.589893 0.999999
v 11.033230 1.589180 0.999999
v 11.054800 1.587992 0.999999
v 11.077202 1.586328 0.999999
v 11.100435 1.584189 0.999999
v 11.124501 1.581574 0.999999
v 11.149399 1.578484 0.999999
v 11.175129 1.574919 0.999999
v 11.201692 1.570878 0.999999
v 11.229085 1.566362 0.999999
v 11.257310 1.561371 0.999999
v 11.286367 1.555904 0.999999
v 11.349116 1.769823 0.999999
v 11.316930 1.762534 0.999999
v 11.285020 1.755878 0.999999
v 11.253387 1.749857 0.999999
v 11.222034 1.744469 0.999999
v 11.190956 1.739716 0.999999
v 11.160155 1.735596 0.999999
v 11.129632 1.732110 0.999999
v 11.099386 1.729257 0.999999
v 11.069418 1.727039 0.999999
v 11.039726 1.725454 0.999999
v 11.010313 1.724504 0.999999
v 10.981176 1.724187 0.999999
v 9.084427 1.724187 0.999999
v 9.084427 2.231888 0.999999
v 9.174095 2.225510 0.999999
v 9.264357 2.219687 0.999999
v 9.355212 2.214418 0.999999
v 9.446663 2.209704 0.999999
v 9.538707 2.205544 0.999999
v 9.631346 2.201939 0.999999
v 9.724579 2.198889 0.999999
v 9.818406 2.196393 0.999999
v 9.912827 2.194452 0.999999
v 10.007843 2.193065 0.999999
v 10.103453 2.192234 0.999999
v 10.199657 2.191956 0.999999
v 10.248780 2.192036 0.999999
v 10.299170 2.192273 0.999999
v 10.350827 2.192669 0.999999
v 10.403752 2.193224 0.999999
v 10.457945 2.193937 0.999999
v 10.513406 2.194809 0.999999
v 10.570134 2.195839 0.999999
v 10.628129 2.197027 0.999999
v 10.687393 2.198374 0.999999
v 10.747924 2.199879 0.999999
v 10.809723 2.201543 0.999999
v 10.872789 2.203365 0.999999
v 10.876889 2.203702 0.999999
v 10.880632 2.204712 0.999999
v 10.884019 2.206396 0.999999
v 10.887050 2.208753 0.999999
v 10.889723 2.211784 0.999999
v 10.892040 2.215488 0.999999
v 10.894002 2.219865 0.999999
v 10.895606 2.224916 0.999999
v 10.896854 2.230640 0.999999
v 10.897746 2.237038 0.999999
v 10.898281 2.244109 0.999999
v 10.898460 2.251854 0.999999
v 10.898322 2.257776 0.999999
v 10.897905 2.263183 0.999999
v 10.897212 2.268076 0.999999
v 10.896242 2.272453 0.999999
v 10.894994 2.276315 0.999999
v 10.893469 2.279663 0.999999
v 10.891666 2.282495 0.999999
v 10.889586 2.284813 0.999999
v 10.887230 2.286615 0.999999
v 10.884595 2.287903 0.999999
v 10.881682 2.288675 0.999999
v 10.878494 2.288933 0.999999
v 10.595507 2.315019 0.999999
v 10.321750 2.343839 0.999999
v 10.057222 2.375392 0.999999
v 9.801927 2.409678 0.999999
v 9.555861 2.446698 0.999999
v 9.319024 2.486452 0.999999
v 9.091418 2.528938 0.999999
v 8.873043 2.574158 0.999999
v 8.663898 2.622112 0.999999
v 8.463983 2.672799 0.999999
v 8.273297 2.726219 0.999999
v 8.091843 2.782373 0.999999
v 8.031807 2.802735 0.999999
v 7.974346 2.822938 0.999999
v 7.919459 2.842983 0.999999
v 7.867148 2.862870 0.999999
v 7.817412 2.882597 0.999999
v 7.770251 2.902167 0.999999
v 7.725665 2.921578 0.999999
v 7.683654 2.940831 0.999999
v 7.644217 2.959925 0.999999
v 7.607356 2.978861 0.999999
v 7.573070 2.997638 0.999999
v 7.541358 3.016258 0.999999
v 7.479539 2.973652 0.999999
v 7.421484 2.933305 0.999999
v 7.367192 2.895215 0.999999
v 7.316664 2.859384 0.999999
v 7.269898 2.825810 0.999999
v 7.226897 2.794495 0.999999
v 7.187658 2.765438 0.999999
v 7.152184 2.738638 0.999999
v 7.120472 2.714097 0.999999
v 7.092524 2.691814 0.999999
v 7.068339 2.671788 0.999999
v 7.047918 2.654021 0.999999
v 7.031518 2.639027 0.999999
v 7.016543 2.624469 0.999999
v 7.002995 2.610346 0.999999
v 6.990873 2.596659 0.999999
v 6.980177 2.583408 0.999999
v 6.970907 2.570593 0.999999
v 6.963063 2.558213 0.999999
v 6.956646 2.546269 0.999999
v 6.951654 2.534761 0.999999
v 6.948089 2.523689 0.999999
v 6.945950 2.513052 0.999999
v 6.945237 2.502852 0.999999
v 6.946049 2.490552 0.999999
v 6.948485 2.479321 0.999999
v 6.952545 2.469160 0.999999
v 6.958230 2.460068 0.999999
v 6.965538 2.452046 0.999999
v 6.974471 2.445094 0.999999
v 6.985028 2.439211 0.999999
v 6.997210 2.434398 0.999999
v 7.011015 2.430654 0.999999
v 7.026445 2.427980 0.999999
v 7.043499 2.426376 0.999999
v 7.062180 2.425841 0.999999
v 7.076955 2.426079 0.999999
v 7.091811 2.426792 0.999999
v 7.106745 2.427980 0.999999
v 7.121759 2.429644 0.999999
v 7.136852 2.431783 0.999999
v 7.152024 2.434398 0.999999
v 7.167276 2.437488 0.999999
v 7.182607 2.441053 0.999999
v 7.198017 2.445094 0.999999
v 7.213507 2.449610 0.999999
v 7.229075 2.454601 0.999999
v 7.244724 2.460068 0.999999
v 7.358913 2.440954 0.999999
v 7.472350 2.422593 0.999999
v 7.585034 2.404984 0.999999
v 7.696965 2.388128 0.999999
v 7.808143 2.372025 0.999999
v 7.918569 2.356674 0.999999
v 8.028242 2.342076 0.999999
v 8.137162 2.328231 0.999999
v 8.245330 2.315138 0.999999
v 8.352745 2.302798 0.999999
v 8.459408 2.291211 0.999999
v 8.565317 2.280376 0.999999
v 8.565317 1.724187 0.999999
v 7.056475 1.724187 0.999999
v 7.013116 1.781133 0.999999
v 6.972413 1.833127 0.999999
v 6.934362 1.880169 0.999999
v 6.898967 1.922260 0.999999
v 6.866226 1.959399 0.999999
v 6.836138 1.991586 0.999999
v 6.808705 2.018821 0.999999
v 6.783926 2.041104 0.999999
v 6.761802 2.058435 0.999999
v 6.742332 2.070815 0.999999
v 6.725515 2.078243 0.999999
v 6.711352 2.080719 0.999999
v 6.700398 2.078976 0.999999
v 6.685602 2.073746 0.999999
v 6.666964 2.065031 0.999999
v 6.644483 2.052830 0.999999
v 6.618159 2.037143 0.999999
v 6.587992 2.017969 0.999999
v 6.553983 1.995309 0.999999
v 6.516131 1.969164 0.999999
v 6.474437 1.939532 0.999999
v 6.428900 1.906414 0.999999
v 6.379520 1.869810 0.999999
v 6.326298 1.829720 0.999999
v 6.300331 1.808407 0.999999
v 6.276621 1.788204 0.999999
v 6.255170 1.769110 0.999999
v 6.235977 1.751125 0.999999
v 6.219041 1.734249 0.999999
v 6.204364 1.718482 0.999999
v 6.191945 1.703825 0.999999
v 6.181784 1.690277 0.999999
v 6.173881 1.677837 0.999999
v 6.168236 1.666508 0.999999
v 6.164848 1.656287 0.999999
v 6.163719 1.647176 0.999999
v 6.164234 1.638065 0.999999
v 6.165779 1.629745 0.999999
v 6.168354 1.622219 0.999999
v 6.171959 1.615484 0.999999
v 6.176594 1.609542 0.999999
v 6.182259 1.604392 0.999999
v 6.188953 1.600035 0.999999
v 6.196678 1.596470 0.999999
v 6.205433 1.593697 0.999999
v 6.215218 1.591716 0.999999
v 6.226032 1.590527 0.999999
v 6.237878 1.590131 0.999999
v 8.565317 1.590131 0.999999
v 8.565317 1.045350 0.999999
v 7.495722 1.045350 0.999999
v 7.457474 1.087263 0.999999
v 7.421642 1.125530 0.999999
v 7.388227 1.160154 0.999999
v 7.357229 1.191132 0.999999
v 7.328648 1.218467 0.999999
v 7.302482 1.242156 0.999999
v 7.278733 1.262201 0.999999
v 7.257401 1.278602 0.999999
v 7.238484 1.291357 0.999999
v 7.221985 1.300469 0.999999
v 7.207903 1.305936 0.999999
v 7.196236 1.307758 0.999999
v 7.184371 1.306252 0.999999
v 7.169694 1.301736 0.999999
v 7.152205 1.294210 0.999999
v 7.131902 1.283672 0.999999
v 7.108787 1.270124 0.999999
v 7.082859 1.253565 0.999999
v 7.054119 1.233995 0.999999
v 7.022566 1.211415 0.999999
v 6.988200 1.185824 0.999999
v 6.951022 1.157222 0.999999
v 6.911030 1.125610 0.999999
v 6.868227 1.090986 0.999999
v 6.846815 1.072823 0.999999
v 6.827265 1.055412 0.999999
v 6.809577 1.038754 0.999999
v 6.793751 1.022849 0.999999
v 6.779786 1.007697 0.999999
v 6.767684 0.993297 0.999999
v 6.757443 0.979650 0.999999
v 6.749065 0.966755 0.999999
v 6.742548 0.954613 0.999999
v 6.737894 0.943224 0.999999
v 6.735101 0.932587 0.999999
v 6.734170 0.922704 0.999999
v 6.735398 0.910859 0.999999
v 6.739082 0.898142 0.999999
v 6.745223 0.884555 0.999999
v 6.753819 0.870095 0.999999
v 6.764872 0.854765 0.999999
v 6.778380 0.838562 0.999999
v 6.794345 0.821488 0.999999
v 6.812766 0.803543 0.999999
v 6.833643 0.784726 0.999999
v 6.856976 0.765037 0.999999
v 6.882765 0.744477 0.999999
v 6.911010 0.723046 0.999999
v 6.911010 0.492013 0.999999
v 6.879635 -0.671706 0.999999
v 6.882031 -0.707240 0.999999
v 6.889222 -0.739685 0.999999
v 6.901205 -0.769039 0.999999
v 6.917982 -0.795304 0.999999
v 6.939552 -0.818478 0.999999
v 6.965916 -0.838563 0.999999
v 6.997073 -0.855558 0.999999
v 7.033024 -0.869462 0.999999
v 7.073767 -0.880277 0.999999
v 7.119304 -0.888002 0.999999
v 7.169634 -0.892637 0.999999
v 7.224758 -0.894182 0.999999
v 7.257559 -0.893092 0.999999
v 7.287508 -0.889824 0.999999
v 7.314604 -0.884377 0.999999
v 7.338848 -0.876751 0.999999
v 7.360240 -0.866947 0.999999
v 7.378779 -0.854963 0.999999
v 7.394467 -0.840801 0.999999
v 7.407302 -0.824460 0.999999
v 7.417285 -0.805940 0.999999
v 7.424416 -0.785242 0.999999
v 7.428694 -0.762364 0.999999
v 8.565317 -0.537650 0.999999
v 7.430120 -0.537650 0.999999
v 7.430120 0.141186 0.999999
v 8.565317 0.141186 0.999999
v 8.565317 0.275242 0.999999
v 7.430120 0.275242 0.999999
v 7.430120 0.911295 0.999999
v 8.565317 0.911295 0.999999
v 9.084427 0.275242 0.999999
v 9.084427 0.911295 0.999999
v 10.122647 0.911295 0.999999
v 10.122647 0.275242 0.999999
v 9.084427 0.141186 0.999999
v 10.122647 0.141186 0.999999
v 10.122647 -0.537650 0.999999
v 9.084427 -0.537650 0.999999
v 7.430120 -0.737308 0.999999
v 7.430120 -0.737308 -1.000001
v 7.430120 -0.671706 0.999999
v 7.430120 -0.671706 -1.000001
v 8.565317 -0.671706 0.999999
v 8.565317 -0.671706 -1.000001
v 8.565317 -1.284940 0.999999
v 8.565317 -1.284940 -1.000001
v 7.290359 -1.284940 0.999999
v 7.290359 -1.284940 -1.000001
v 7.243397 -1.228906 0.999999
v 7.243397 -1.228906 -1.000001
v 7.199483 -1.177743 0.999999
v 7.199483 -1.177743 -1.000001
v 7.158621 -1.131454 0.999999
v 7.158621 -1.131454 -1.000001
v 7.120809 -1.090037 0.999999
v 7.120809 -1.090037 -1.000001
v 7.086047 -1.053492 0.999999
v 7.086047 -1.053492 -1.000001
v 7.054336 -1.021820 0.999999
v 7.054336 -1.021820 -1.000001
v 7.025675 -0.995021 0.999999
v 7.025675 -0.995021 -1.000001
v 7.000064 -0.973094 0.999999
v 7.000064 -0.973094 -1.000001
v 6.977503 -0.956040 0.999999
v 6.977503 -0.956040 -1.000001
v 6.957993 -0.943859 0.999999
v 6.957993 -0.943859 -1.000001
v 6.941533 -0.936550 0.999999
v 6.941533 -0.936550 -1.000001
v 6.928123 -0.934113 0.999999
v 6.928123 -0.934113 -1.000001
v 6.916813 -0.935817 0.999999
v 6.916813 -0.935817 -1.000001
v 6.901898 -0.940927 0.999999
v 6.901898 -0.940927 -1.000001
v 6.883379 -0.949444 0.999999
v 6.883379 -0.949444 -1.000001
v 6.861254 -0.961368 0.999999
v 6.861254 -0.961368 -1.000001
v 6.835525 -0.976699 0.999999
v 6.835525 -0.976699 -1.000001
v 6.806190 -0.995437 0.999999
v 6.806190 -0.995437 -1.000001
v 6.773251 -1.017581 0.999999
v 6.773251 -1.017581 -1.000001
v 6.736707 -1.043133 0.999999
v 6.736707 -1.043133 -1.000001
v 6.696557 -1.072091 0.999999
v 6.696557 -1.072091 -1.000001
v 6.652802 -1.104456 0.999999
v 6.652802 -1.104456 -1.000000
v 6.605443 -1.140228 0.999999
v 6.605443 -1.140228 -1.000000
v 6.554479 -1.179407 0.999999
v 6.554479 -1.179407 -1.000000
v 6.528056 -1.200720 0.999999
v 6.528056 -1.200720 -1.000000
v 6.503930 -1.220923 0.999999
v 6.503930 -1.220923 -1.000000
v 6.482102 -1.240018 0.999999
v 6.482102 -1.240018 -1.000000
v 6.462572 -1.258003 0.999999
v 6.462572 -1.258003 -1.000000
v 6.445340 -1.274879 0.999999
v 6.445340 -1.274879 -1.000000
v 6.430406 -1.290645 1.000000
v 6.430406 -1.290645 -1.000000
v 6.417768 -1.305303 1.000000
v 6.417768 -1.305303 -1.000000
v 6.407428 -1.318851 1.000000
v 6.407428 -1.318851 -1.000000
v 6.399386 -1.331290 1.000000
v 6.399386 -1.331290 -1.000000
v 6.393642 -1.342620 1.000000
v 6.393642 -1.342620 -1.000000
v 6.390196 -1.352840 1.000000
v 6.390196 -1.352840 -1.000000
v 6.389048 -1.361951 1.000000
v 6.389048 -1.361951 -1.000000
v 6.389582 -1.371063 1.000000
v 6.389582 -1.371063 -1.000000
v 6.391187 -1.379382 1.000000
v 6.391187 -1.379382 -1.000000
v 6.393861 -1.386908 1.000000
v 6.393861 -1.386908 -1.000000
v 6.397604 -1.393643 1.000000
v 6.397604 -1.393643 -1.000000
v 6.402417 -1.399585 1.000000
v 6.402417 -1.399585 -1.000000
v 6.408300 -1.404735 1.000000
v 6.408300 -1.404735 -1.000000
v 6.415253 -1.409092 1.000000
v 6.415253 -1.409092 -1.000000
v 6.423275 -1.412658 1.000000
v 6.423275 -1.412658 -1.000000
v 6.432366 -1.415431 1.000000
v 6.432366 -1.415431 -1.000000
v 6.442528 -1.417411 1.000000
v 6.442528 -1.417411 -1.000000
v 6.453758 -1.418600 1.000000
v 6.453758 -1.418600 -1.000000
v 6.466059 -1.418996 1.000000
v 6.466059 -1.418996 -1.000000
v 8.565317 -1.418996 0.999999
v 8.565317 -1.418996 -1.000001
v 8.565317 -2.037935 0.999999
v 8.565317 -2.037935 -1.000001
v 6.993725 -2.037935 0.999999
v 6.993725 -2.037935 -1.000000
v 6.941751 -1.978256 0.999999
v 6.941751 -1.978256 -1.000000
v 6.893262 -1.923766 0.999999
v 6.893262 -1.923766 -1.000000
v 6.848260 -1.874466 0.999999
v 6.848260 -1.874466 -1.000000
v 6.806744 -1.830355 0.999999
v 6.806744 -1.830355 -1.000000
v 6.768713 -1.791433 0.999999
v 6.768713 -1.791433 -1.000000
v 6.734170 -1.757702 0.999999
v 6.734170 -1.757702 -1.000000
v 6.703112 -1.729159 0.999999
v 6.703112 -1.729159 -1.000000
v 6.675540 -1.705806 0.999999
v 6.675540 -1.705806 -1.000000
v 6.651454 -1.687643 0.999999
v 6.651454 -1.687643 -1.000000
v 6.630855 -1.674669 1.000000
v 6.630855 -1.674669 -1.000000
v 6.613741 -1.666885 1.000000
v 6.613741 -1.666885 -1.000000
v 6.600114 -1.664290 1.000000
v 6.600114 -1.664290 -1.000000
v 6.588725 -1.666073 1.000000
v 6.588725 -1.666073 -1.000000
v 6.573572 -1.671421 1.000000
v 6.573572 -1.671421 -1.000000
v 6.554656 -1.680334 1.000000
v 6.554656 -1.680334 -1.000000
v 6.531977 -1.692813 1.000000
v 6.531977 -1.692813 -1.000000
v 6.505533 -1.708857 1.000000
v 6.505533 -1.708857 -1.000000
v 6.475327 -1.728466 1.000000
v 6.475327 -1.728466 -1.000000
v 6.441359 -1.751640 1.000000
v 6.441359 -1.751640 -1.000000
v 6.403625 -1.778380 1.000000
v 6.403625 -1.778380 -1.000000
v 6.362129 -1.808686 1.000000
v 6.362129 -1.808686 -1.000000
v 6.316870 -1.842556 1.000000
v 6.316870 -1.842556 -1.000000
v 6.267847 -1.879992 1.000000
v 6.267847 -1.879992 -1.000000
v 6.215060 -1.920993 1.000000
v 6.215060 -1.920993 -1.000000
v 6.188182 -1.943256 1.000000
v 6.188182 -1.943256 -1.000000
v 6.163640 -1.964411 1.000000
v 6.163640 -1.964411 -1.000000
v 6.141436 -1.984456 1.000000
v 6.141436 -1.984456 -1.000000
v 6.121569 -2.003392 1.000000
v 6.121569 -2.003392 -1.000000
v 6.104040 -2.021218 1.000000
v 6.104040 -2.021218 -1.000000
v 6.088848 -2.037935 1.000000
v 6.088848 -2.037935 -1.000000
v 6.075993 -2.053544 1.000000
v 6.075993 -2.053544 -1.000000
v 6.065475 -2.068043 1.000000
v 6.065475 -2.068043 -1.000000
v 6.057295 -2.081432 1.000000
v 6.057295 -2.081432 -1.000000
v 6.051452 -2.093713 1.000000
v 6.051452 -2.093713 -1.000000
v 6.047945 -2.104884 1.000000
v 6.047945 -2.104884 -1.000000
v 6.046777 -2.114946 1.000000
v 6.046777 -2.114946 -1.000000
v 6.047292 -2.124058 1.000000
v 6.047292 -2.124058 -1.000000
v 6.048837 -2.132377 1.000000
v 6.048837 -2.132377 -1.000000
v 6.051412 -2.139903 1.000000
v 6.051412 -2.139903 -1.000000
v 6.055017 -2.146638 1.000000
v 6.055017 -2.146638 -1.000000
v 6.059652 -2.152580 1.000000
v 6.059652 -2.152580 -1.000000
v 6.065317 -2.157730 1.000000
v 6.065317 -2.157730 -1.000000
v 6.072011 -2.162087 1.000000
v 6.072011 -2.162087 -1.000000
v 6.079736 -2.165653 1.000000
v 6.079736 -2.165653 -1.000000
v 6.088491 -2.168426 1.000000
v 6.088491 -2.168426 -1.000000
v 6.098276 -2.170406 1.000000
v 6.098276 -2.170406 -1.000000
v 6.109090 -2.171595 1.000000
v 6.109090 -2.171595 -1.000000
v 6.120935 -2.171991 1.000000
v 6.120935 -2.171991 -1.000000
v 10.969767 -2.171991 0.999999
v 10.969767 -2.171991 -1.000001
v 10.998348 -2.172229 0.999999
v 10.998348 -2.172229 -1.000001
v 11.028000 -2.172942 0.999999
v 11.028000 -2.172942 -1.000001
v 11.058722 -2.174130 0.999999
v 11.058722 -2.174130 -1.000001
v 11.090512 -2.175794 0.999999
v 11.090512 -2.175794 -1.000001
v 11.123372 -2.177934 0.999999
v 11.123372 -2.177934 -1.000001
v 11.157302 -2.180548 0.999999
v 11.157302 -2.180548 -1.000001
v 11.192302 -2.183638 0.999999
v 11.192302 -2.183638 -1.000001
v 11.228371 -2.187203 0.999999
v 11.228371 -2.187203 -1.000001
v 11.265509 -2.191244 0.999999
v 11.265509 -2.191244 -1.000001
v 11.303717 -2.195760 0.999999
v 11.303717 -2.195760 -1.000001
v 11.342995 -2.200752 0.999999
v 11.342995 -2.200752 -1.000001
v 11.383343 -2.206218 0.999999
v 11.383343 -2.206218 -1.000001
v 11.448945 -1.992299 0.999999
v 11.448945 -1.992299 -1.000001
v 11.406360 -1.999588 0.999999
v 11.406360 -1.999588 -1.000001
v 11.364170 -2.006244 0.999999
v 11.364170 -2.006244 -1.000001
v 11.322376 -2.012265 0.999999
v 11.322376 -2.012265 -1.000001
v 11.280980 -2.017653 0.999999
v 11.280980 -2.017653 -1.000001
v 11.239979 -2.022407 0.999999
v 11.239979 -2.022407 -1.000001
v 11.199374 -2.026526 0.999999
v 11.199374 -2.026526 -1.000001
v 11.159164 -2.030012 0.999999
v 11.159164 -2.030012 -1.000001
v 11.119352 -2.032865 0.999999
v 11.119352 -2.032865 -1.000001
v 11.079936 -2.035083 0.999999
v 11.079936 -2.035083 -1.000001
v 11.040915 -2.036668 0.999999
v 11.040915 -2.036668 -1.000001
v 11.002292 -2.037618 0.999999
v 11.002292 -2.037618 -1.000001
v 10.964062 -2.037935 0.999999
v 10.964062 -2.037935 -1.000001
v 9.084427 -2.037935 0.999999
v 9.084427 -2.037935 -1.000001
v 9.084427 -1.418996 0.999999
v 9.084427 -1.418996 -1.000001
v 10.661724 -1.418996 0.999999
v 10.661724 -1.418996 -1.000001
v 10.681173 -1.419234 0.999999
v 10.681173 -1.419234 -1.000001
v 10.701495 -1.419947 0.999999
v 10.701495 -1.419947 -1.000001
v 10.722690 -1.421136 0.999999
v 10.722690 -1.421136 -1.000001
v 10.744755 -1.422799 0.999999
v 10.744755 -1.422799 -1.000001
v 10.767693 -1.424939 0.999999
v 10.767693 -1.424939 -1.000001
v 10.791501 -1.427553 0.999999
v 10.791501 -1.427553 -1.000001
v 10.816181 -1.430643 0.999999
v 10.816181 -1.430643 -1.000001
v 10.841732 -1.434208 0.999999
v 10.841732 -1.434208 -1.000001
v 10.868155 -1.438249 0.999999
v 10.868155 -1.438249 -1.000001
v 10.895449 -1.442765 0.999999
v 10.895449 -1.442765 -1.000001
v 10.923615 -1.447757 0.999999
v 10.923615 -1.447757 -1.000001
v 10.952653 -1.453223 0.999999
v 10.952653 -1.453223 -1.000001
v 11.015402 -1.239304 0.999999
v 11.015402 -1.239304 -1.000001
v 10.983215 -1.246594 0.999999
v 10.983215 -1.246594 -1.000001
v 10.951305 -1.253249 0.999999
v 10.951305 -1.253249 -1.000001
v 10.919674 -1.259270 0.999999
v 10.919674 -1.259270 -1.000001
v 10.888319 -1.264658 0.999999
v 10.888319 -1.264658 -1.000001
v 10.857241 -1.269412 0.999999
v 10.857241 -1.269412 -1.000001
v 10.826441 -1.273532 0.999999
v 10.826441 -1.273532 -1.000001
v 10.795918 -1.277018 0.999999
v 10.795918 -1.277018 -1.000001
v 10.765672 -1.279870 0.999999
v 10.765672 -1.279870 -1.000001
v 10.735703 -1.282089 0.999999
v 10.735703 -1.282089 -1.000001
v 10.706013 -1.283673 0.999999
v 10.706013 -1.283673 -1.000001
v 10.676599 -1.284624 0.999999
v 10.676599 -1.284624 -1.000001
v 10.647461 -1.284940 0.999999
v 10.647461 -1.284940 -1.000001
v 9.084427 -1.284940 0.999999
v 9.084427 -1.284940 -1.000001
v 9.084427 -0.671706 0.999999
v 9.084427 -0.671706 -1.000001
v 10.122647 -0.671706 0.999999
v 10.122647 -0.671706 -1.000001
v 10.122647 -0.743012 0.999999
v 10.122647 -0.743012 -1.000001
v 10.125123 -0.775358 0.999999
v 10.125123 -0.775358 -1.000001
v 10.132551 -0.804890 0.999999
v 10.132551 -0.804890 -1.000001
v 10.144931 -0.831610 0.999999
v 10.144931 -0.831611 -1.000001
v 10.162263 -0.855518 0.999999
v 10.162263 -0.855518 -1.000001
v 10.184546 -0.876613 0.999999
v 10.184546 -0.876613 -1.000001
v 10.211781 -0.894895 0.999999
v 10.211781 -0.894895 -1.000001
v 10.243967 -0.910364 0.999999
v 10.243967 -0.910364 -1.000001
v 10.281105 -0.923021 0.999999
v 10.281105 -0.923021 -1.000001
v 10.323195 -0.932865 0.999999
v 10.323195 -0.932866 -1.000001
v 10.370237 -0.939897 0.999999
v 10.370237 -0.939897 -1.000001
v 10.422232 -0.944116 0.999999
v 10.422232 -0.944116 -1.000001
v 10.479178 -0.945522 0.999999
v 10.479178 -0.945522 -1.000001
v 10.511979 -0.944393 0.999999
v 10.511979 -0.944393 -1.000001
v 10.541927 -0.941006 0.999999
v 10.541927 -0.941006 -1.000001
v 10.569024 -0.935361 0.999999
v 10.569024 -0.935361 -1.000001
v 10.593269 -0.927458 0.999999
v 10.593269 -0.927458 -1.000001
v 10.614661 -0.917297 0.999999
v 10.614661 -0.917297 -1.000001
v 10.633201 -0.904878 0.999999
v 10.633201 -0.904878 -1.000001
v 10.648889 -0.890201 0.999999
v 10.648889 -0.890201 -1.000001
v 10.661724 -0.873265 0.999999
v 10.661724 -0.873265 -1.000001
v 10.671706 -0.854072 0.999999
v 10.671706 -0.854072 -1.000001
v 10.678837 -0.832621 0.999999
v 10.678837 -0.832621 -1.000001
v 10.683116 -0.808911 0.999999
v 10.683116 -0.808911 -1.000001
v 10.684542 -0.782944 0.999999
v 10.684542 -0.782944 -1.000001
v 10.653167 0.648887 0.999999
v 10.653167 0.648887 -1.000001
v 10.653385 0.712389 0.999999
v 10.653385 0.712389 -1.000001
v 10.654038 0.774545 0.999999
v 10.654038 0.774545 -1.000001
v 10.655128 0.835353 0.999999
v 10.655128 0.835353 -1.000001
v 10.656652 0.894815 0.999999
v 10.656652 0.894815 -1.000001
v 10.658613 0.952930 0.999999
v 10.658613 0.952929 -1.000001
v 10.661010 1.009697 0.999999
v 10.661010 1.009697 -1.000001
v 10.663842 1.065118 0.999999
v 10.663842 1.065118 -1.000001
v 10.667110 1.119192 0.999999
v 10.667110 1.119192 -1.000001
v 10.670815 1.171919 0.999999
v 10.670815 1.171919 -1.000001
v 10.674954 1.223299 0.999999
v 10.674954 1.223299 -1.000001
v 10.679530 1.273333 0.999999
v 10.679530 1.273333 -1.000001
v 10.684542 1.322019 0.999999
v 10.684542 1.322019 -1.000001
v 10.630289 1.298310 0.999999
v 10.630289 1.298310 -1.000001
v 10.576869 1.274719 0.999999
v 10.576869 1.274719 -1.000001
v 10.524282 1.251248 0.999999
v 10.524282 1.251248 -1.000001
v 10.472525 1.227895 0.999999
v 10.472525 1.227895 -1.000001
v 10.421599 1.204661 0.999999
v 10.421599 1.204661 -1.000001
v 10.371506 1.181546 0.999999
v 10.371506 1.181546 -1.000001
v 10.322246 1.158549 0.999999
v 10.322246 1.158549 -1.000001
v 10.273817 1.135672 0.999999
v 10.273817 1.135672 -1.000001
v 10.226220 1.112913 0.999999
v 10.226220 1.112913 -1.000001
v 10.179455 1.090273 0.999999
v 10.179455 1.090273 -1.000001
v 10.133522 1.067753 0.999999
v 10.133522 1.067753 -1.000001
v 10.088420 1.045350 0.999999
v 10.088420 1.045350 -1.000001
v 9.084427 1.045350 0.999999
v 9.084427 1.045350 -1.000001
v 9.084427 1.590131 0.999999
v 9.084427 1.590131 -1.000001
v 10.992584 1.590131 0.999999
v 10.992584 1.590131 -1.000001
v 11.012491 1.589893 0.999999
v 11.012491 1.589893 -1.000001
v 11.033230 1.589180 0.999999
v 11.033230 1.589180 -1.000001
v 11.054800 1.587992 0.999999
v 11.054800 1.587992 -1.000001
v 11.077202 1.586328 0.999999
v 11.077202 1.586328 -1.000001
v 11.100435 1.584189 0.999999
v 11.100435 1.584189 -1.000001
v 11.124501 1.581574 0.999999
v 11.124501 1.581574 -1.000001
v 11.149399 1.578484 0.999999
v 11.149399 1.578484 -1.000001
v 11.175129 1.574919 0.999999
v 11.175129 1.574919 -1.000001
v 11.201692 1.570878 0.999999
v 11.201692 1.570878 -1.000001
v 11.229085 1.566362 0.999999
v 11.229085 1.566362 -1.000001
v 11.257310 1.561371 0.999999
v 11.257310 1.561371 -1.000001
v 11.286367 1.555904 0.999999
v 11.286367 1.555904 -1.000001
v 11.349116 1.769823 0.999999
v 11.349116 1.769823 -1.000001
v 11.316930 1.762534 0.999999
v 11.316930 1.762534 -1.000001
v 11.285020 1.755878 0.999999
v 11.285020 1.755878 -1.000001
v 11.253387 1.749857 0.999999
v 11.253387 1.749857 -1.000001
v 11.222034 1.744469 0.999999
v 11.222034 1.744469 -1.000001
v 11.190956 1.739716 0.999999
v 11.190956 1.739716 -1.000001
v 11.160155 1.735596 0.999999
v 11.160155 1.735596 -1.000001
v 11.129632 1.732110 0.999999
v 11.129632 1.732110 -1.000001
v 11.099386 1.729257 0.999999
v 11.099386 1.729257 -1.000001
v 11.069418 1.727039 0.999999
v 11.069418 1.727039 -1.000001
v 11.039726 1.725454 0.999999
v 11.039726 1.725454 -1.000001
v 11.010313 1.724504 0.999999
v 11.010313 1.724504 -1.000001
v 10.981176 1.724187 0.999999
v 10.981176 1.724187 -1.000001
v 9.084427 1.724187 0.999999
v 9.084427 1.724187 -1.000001
v 9.084427 2.231888 0.999999
v 9.084427 2.231888 -1.000001
v 9.174095 2.225510 0.999999
v 9.174095 2.225510 -1.000001
v 9.264357 2.219687 0.999999
v 9.264357 2.219687 -1.000001
v 9.355212 2.214418 0.999999
v 9.355212 2.214418 -1.000001
v 9.446663 2.209704 0.999999
v 9.446663 2.209704 -1.000001
v 9.538707 2.205544 0.999999
v 9.538707 2.205544 -1.000001
v 9.631346 2.201939 0.999999
v 9.631346 2.201939 -1.000001
v 9.724579 2.198889 0.999999
v 9.724579 2.198889 -1.000001
v 9.818406 2.196393 0.999999
v 9.818406 2.196393 -1.000001
v 9.912827 2.194452 0.999999
v 9.912827 2.194452 -1.000001
v 10.007843 2.193065 0.999999
v 10.007843 2.193065 -1.000001
v 10.103453 2.192234 0.999999
v 10.103453 2.192234 -1.000001
v 10.199657 2.191956 0.999999
v 10.199657 2.191956 -1.000001
v 10.248780 2.192036 0.999999
v 10.248780 2.192036 -1.000001
v 10.299170 2.192273 0.999999
v 10.299170 2.192273 -1.000001
v 10.350827 2.192669 0.999999
v 10.350827 2.192669 -1.000001
v 10.403752 2.193224 0.999999
v 10.403752 2.193224 -1.000001
v 10.457945 2.193937 0.999999
v 10.457945 2.193937 -1.000001
v 10.513406 2.194809 0.999999
v 10.513406 2.194809 -1.000001
v 10.570134 2.195839 0.999999
v 10.570134 2.195839 -1.000001
v 10.628129 2.197027 0.999999
v 10.628129 2.197027 -1.000001
v 10.687393 2.198374 0.999999
v 10.687393 2.198374 -1.000001
v 10.747924 2.199879 0.999999
v 10.747924 2.199879 -1.000001
v 10.809723 2.201543 0.999999
v 10.809723 2.201543 -1.000001
v 10.872789 2.203365 0.999999
v 10.872789 2.203365 -1.000001
v 10.876889 2.203702 0.999999
v 10.876889 2.203702 -1.000001
v 10.880632 2.204712 0.999999
v 10.880632 2.204712 -1.000001
v 10.884019 2.206396 0.999999
v 10.884019 2.206396 -1.000001
v 10.887050 2.208753 0.999999
v 10.887050 2.208753 -1.000001
v 10.889723 2.211784 0.999999
v 10.889723 2.211784 -1.000001
v 10.892040 2.215488 0.999999
v 10.892040 2.215488 -1.000001
v 10.894002 2.219865 0.999999
v 10.894002 2.219865 -1.000001
v 10.895606 2.224916 0.999999
v 10.895606 2.224916 -1.000001
v 10.896854 2.230640 0.999999
v 10.896854 2.230640 -1.000001
v 10.897746 2.237038 0.999999
v 10.897746 2.237038 -1.000001
v 10.898281 2.244109 0.999999
v 10.898281 2.244109 -1.000001
v 10.898460 2.251854 0.999999
v 10.898460 2.251854 -1.000001
v 10.898322 2.257776 0.999999
v 10.898322 2.257776 -1.000001
v 10.897905 2.263183 0.999999
v 10.897905 2.263183 -1.000001
v 10.897212 2.268076 0.999999
v 10.897212 2.268076 -1.000001
v 10.896242 2.272453 0.999999
v 10.896242 2.272453 -1.000001
v 10.894994 2.276315 0.999999
v 10.894994 2.276315 -1.000001
v 10.893469 2.279663 0.999999
v 10.893469 2.279663 -1.000001
v 10.891666 2.282495 0.999999
v 10.891666 2.282495 -1.000001
v 10.889586 2.284813 0.999999
v 10.889586 2.284813 -1.000001
v 10.887230 2.286615 0.999999
v 10.887230 2.286615 -1.000001
v 10.884595 2.287903 0.999999
v 10.884595 2.287903 -1.000001
v 10.881682 2.288675 0.999999
v 10.881682 2.288675 -1.000001
v 10.878494 2.288933 0.999999
v 10.878494 2.288933 -1.000001
v 10.595507 2.315019 0.999999
v 10.595507 2.315019 -1.000001
v 10.321750 2.343839 0.999999
v 10.321750 2.343839 -1.000001
v 10.057222 2.375392 0.999999
v 10.057222 2.375392 -1.000001
v 9.801927 2.409678 0.999999
v 9.801927 2.409678 -1.000001
v 9.555861 2.446698 0.999999
v 9.555861 2.446698 -1.000001
v 9.319024 2.486452 0.999999
v 9.319024 2.486452 -1.000001
v 9.091418 2.528938 0.999999
v 9.091418 2.528938 -1.000001
v 8.873043 2.574158 0.999999
v 8.873043 2.574158 -1.000001
v 8.663898 2.622112 0.999999
v 8.663898 2.622112 -1.000001
v 8.463983 2.672799 0.999999
v 8.463983 2.672799 -1.000001
v 8.273297 2.726219 0.999999
v 8.273297 2.726219 -1.000001
v 8.091843 2.782373 0.999999
v 8.091843 2.782373 -1.000001
v 8.031807 2.802735 0.999999
v 8.031807 2.802735 -1.000001
v 7.974346 2.822938 0.999999
v 7.974346 2.822938 -1.000001
v 7.919459 2.842983 0.999999
v 7.919459 2.842983 -1.000001
v 7.867148 2.862870 0.999999
v 7.867148 2.862870 -1.000001
v 7.817412 2.882597 0.999999
v 7.817412 2.882597 -1.000001
v 7.770251 2.902167 0.999999
v 7.770251 2.902167 -1.000001
v 7.725665 2.921578 0.999999
v 7.725665 2.921578 -1.000001
v 7.683654 2.940831 0.999999
v 7.683654 2.940831 -1.000001
v 7.644217 2.959925 0.999999
v 7.644217 2.959925 -1.000001
v 7.607356 2.978861 0.999999
v 7.607356 2.978861 -1.000001
v 7.573070 2.997638 0.999999
v 7.573070 2.997638 -1.000001
v 7.541358 3.016258 0.999999
v 7.541358 3.016258 -1.000001
v 7.479539 2.973652 0.999999
v 7.479539 2.973652 -1.000001
v 7.421484 2.933305 0.999999
v 7.421484 2.933305 -1.000001
v 7.367192 2.895215 0.999999
v 7.367192 2.895215 -1.000001
v 7.316664 2.859384 0.999999
v 7.316664 2.859384 -1.000001
v 7.269898 2.825810 0.999999
v 7.269898 2.825810 -1.000001
v 7.226897 2.794495 0.999999
v 7.226897 2.794495 -1.000001
v 7.187658 2.765438 0.999999
v 7.187658 2.765438 -1.000001
v 7.152184 2.738638 0.999999
v 7.152184 2.738638 -1.000001
v 7.120472 2.714097 0.999999
v 7.120472 2.714097 -1.000001
v 7.092524 2.691814 0.999999
v 7.092524 2.691814 -1.000001
v 7.068339 2.671788 0.999999
v 7.068339 2.671788 -1.000001
v 7.047918 2.654021 0.999999
v 7.047918 2.654021 -1.000001
v 7.031518 2.639027 0.999999
v 7.031518 2.639027 -1.000001
v 7.016543 2.624469 0.999999
v 7.016543 2.624469 -1.000001
v 7.002995 2.610346 0.999999
v 7.002995 2.610346 -1.000001
v 6.990873 2.596659 0.999999
v 6.990873 2.596659 -1.000001
v 6.980177 2.583408 0.999999
v 6.980177 2.583408 -1.000001
v 6.970907 2.570593 0.999999
v 6.970907 2.570593 -1.000001
v 6.963063 2.558213 0.999999
v 6.963063 2.558213 -1.000001
v 6.956646 2.546269 0.999999
v 6.956646 2.546269 -1.000001
v 6.951654 2.534761 0.999999
v 6.951654 2.534761 -1.000001
v 6.948089 2.523689 0.999999
v 6.948089 2.523689 -1.000001
v 6.945950 2.513052 0.999999
v 6.945950 2.513052 -1.000001
v 6.945237 2.502852 0.999999
v 6.945237 2.502852 -1.000001
v 6.946049 2.490552 0.999999
v 6.946049 2.490552 -1.000001
v 6.948485 2.479321 0.999999
v 6.948485 2.479321 -1.000001
v 6.952545 2.469160 0.999999
v 6.952545 2.469160 -1.000001
v 6.958230 2.460068 0.999999
v 6.958230 2.460068 -1.000001
v 6.965538 2.452046 0.999999
v 6.965538 2.452046 -1.000001
v 6.974471 2.445094 0.999999
v 6.974471 2.445094 -1.000001
v 6.985028 2.439211 0.999999
v 6.985028 2.439211 -1.000001
v 6.997210 2.434398 0.999999
v 6.997210 2.434398 -1.000001
v 7.011015 2.430654 0.999999
v 7.011015 2.430654 -1.000001
v 7.026445 2.427980 0.999999
v 7.026445 2.427980 -1.000001
v 7.043499 2.426376 0.999999
v 7.043499 2.426376 -1.000001
v 7.062180 2.425841 0.999999
v 7.062180 2.425841 -1.000001
v 7.076955 2.426079 0.999999
v 7.076955 2.426079 -1.000001
v 7.091811 2.426792 0.999999
v 7.091811 2.426792 -1.000001
v 7.106745 2.427980 0.999999
v 7.106745 2.427980 -1.000001
v 7.121759 2.429644 0.999999
v 7.121759 2.429644 -1.000001
v 7.136852 2.431783 0.999999
v 7.136852 2.431783 -1.000001
v 7.152024 2.434398 0.999999
v 7.152024 2.434398 -1.000001
v 7.167276 2.437488 0.999999
v 7.167276 2.437488 -1.000001
v 7.182607 2.441053 0.999999
v 7.182607 2.441053 -1.000001
v 7.198017 2.445094 0.999999
v 7.198017 2.445094 -1.000001
v 7.213507 2.449610 0.999999
v 7.213507 2.449610 -1.000001
v 7.229075 2.454601 0.999999
v 7.229075 2.454601 -1.000001
v 7.244724 2.460068 0.999999
v 7.244724 2.460068 -1.000001
v 7.358913 2.440954 0.999999
v 7.358913 2.440954 -1.000001
v 7.472350 2.422593 0.999999
v 7.472350 2.422593 -1.000001
v 7.585034 2.404984 0.999999
v 7.585034 2.404984 -1.000001
v 7.696965 2.388128 0.999999
v 7.696965 2.388128 -1.000001
v 7.808143 2.372025 0.999999
v 7.808143 2.372025 -1.000001
v 7.918569 2.356674 0.999999
v 7.918569 2.356674 -1.000001
v 8.028242 2.342076 0.999999
v 8.028242 2.342076 -1.000001
v 8.137162 2.328231 0.999999
v 8.137162 2.328231 -1.000001
v 8.245330 2.315138 0.999999
v 8.245330 2.315138 -1.000001
v 8.352745 2.302798 0.999999
v 8.352745 2.302798 -1.000001
v 8.459408 2.291211 0.999999
v 8.459408 2.291211 -1.000001
v 8.565317 2.280376 0.999999
v 8.565317 2.280376 -1.000001
v 8.565317 1.724187 0.999999
v 8.565317 1.724187 -1.000001
v 7.056475 1.724187 0.999999
v 7.056475 1.724187 -1.000001
v 7.013116 1.781133 0.999999
v 7.013116 1.781133 -1.000001
v 6.972413 1.833127 0.999999
v 6.972413 1.833127 -1.000001
v 6.934362 1.880169 0.999999
v 6.934362 1.880169 -1.000001
v 6.898967 1.922260 0.999999
v 6.898967 1.922260 -1.000001
v 6.866226 1.959399 0.999999
v 6.866226 1.959399 -1.000001
v 6.836138 1.991586 0.999999
v 6.836138 1.991586 -1.000001
v 6.808705 2.018821 0.999999
v 6.808705 2.018821 -1.000001
v 6.783926 2.041104 0.999999
v 6.783926 2.041104 -1.000001
v 6.761802 2.058435 0.999999
v 6.761802 2.058435 -1.000001
v 6.742332 2.070815 0.999999
v 6.742332 2.070815 -1.000001
v 6.725515 2.078243 0.999999
v 6.725515 2.078243 -1.000001
v 6.711352 2.080719 0.999999
v 6.711352 2.080719 -1.000001
v 6.700398 2.078976 0.999999
v 6.700398 2.078976 -1.000001
v 6.685602 2.073746 0.999999
v 6.685602 2.073746 -1.000001
v 6.666964 2.065031 0.999999
v 6.666964 2.065031 -1.000001
v 6.644483 2.052830 0.999999
v 6.644483 2.052830 -1.000001
v 6.618159 2.037143 0.999999
v 6.618159 2.037143 -1.000001
v 6.587992 2.017969 0.999999
v 6.587992 2.017969 -1.000001
v 6.553983 1.995309 0.999999
v 6.553983 1.995309 -1.000001
v 6.516131 1.969164 0.999999
v 6.516131 1.969164 -1.000001
v 6.474437 1.939532 0.999999
v 6.474437 1.939532 -1.000001
v 6.428900 1.906414 0.999999
v 6.428900 1.906414 -1.000001
v 6.379520 1.869810 0.999999
v 6.379520 1.869810 -1.000001
v 6.326298 1.829720 0.999999
v 6.326298 1.829720 -1.000001
v 6.300331 1.808407 0.999999
v 6.300331 1.808407 -1.000001
v 6.276621 1.788204 0.999999
v 6.276621 1.788204 -1.000001
v 6.255170 1.769110 0.999999
v 6.255170 1.769110 -1.000001
v 6.235977 1.751125 0.999999
v 6.235977 1.751125 -1.000001
v 6.219041 1.734249 0.999999
v 6.219041 1.734249 -1.000001
v 6.204364 1.718482 0.999999
v 6.204364 1.718482 -1.000001
v 6.191945 1.703825 0.999999
v 6.191945 1.703825 -1.000001
v 6.181784 1.690277 0.999999
v 6.181784 1.690277 -1.000001
v 6.173881 1.677837 0.999999
v 6.173881 1.677837 -1.000001
v 6.168236 1.666508 0.999999
v 6.168236 1.666508 -1.000001
v 6.164848 1.656287 0.999999
v 6.164848 1.656287 -1.000001
v 6.163719 1.647176 0.999999
v 6.163719 1.647176 -1.000001
v 6.164234 1.638065 0.999999
v 6.164234 1.638065 -1.000001
v 6.165779 1.629745 0.999999
v 6.165779 1.629745 -1.000001
v 6.168354 1.622219 0.999999
v 6.168354 1.622219 -1.000001
v 6.171959 1.615484 0.999999
v 6.171959 1.615484 -1.000001
v 6.176594 1.609542 0.999999
v 6.176594 1.609542 -1.000001
v 6.182259 1.604392 0.999999
v 6.182259 1.604392 -1.000001
v 6.188953 1.600035 0.999999
v 6.188953 1.600035 -1.000001
v 6.196678 1.596470 0.999999
v 6.196678 1.596470 -1.000001
v 6.205433 1.593697 0.999999
v 6.205433 1.593697 -1.000001
v 6.215218 1.591716 0.999999
v 6.215218 1.591716 -1.000001
v 6.226032 1.590527 0.999999
v 6.226032 1.590527 -1.000001
v 6.237878 1.590131 0.999999
v 6.237878 1.590131 -1.000001
v 8.565317 1.590131 0.999999
v 8.565317 1.590131 -1.000001
v 8.565317 1.045350 0.999999
v 8.565317 1.045350 -1.000001
v 7.495722 1.045350 0.999999
v 7.495722 1.045350 -1.000001
v 7.457474 1.087263 0.999999
v 7.457474 1.087263 -1.000001
v 7.421642 1.125530 0.999999
v 7.421642 1.125530 -1.000001
v 7.388227 1.160154 0.999999
v 7.388227 1.160154 -1.000001
v 7.357229 1.191132 0.999999
v 7.357229 1.191132 -1.000001
v 7.328648 1.218467 0.999999
v 7.328648 1.218467 -1.000001
v 7.302482 1.242156 0.999999
v 7.302482 1.242156 -1.000001
v 7.278733 1.262201 0.999999
v 7.278733 1.262201 -1.000001
v 7.257401 1.278602 0.999999
v 7.257401 1.278602 -1.000001
v 7.238484 1.291357 0.999999
v 7.238484 1.291357 -1.000001
v 7.221985 1.300469 0.999999
v 7.221985 1.300469 -1.000001
v 7.207903 1.305936 0.999999
v 7.207903 1.305936 -1.000001
v 7.196236 1.307758 0.999999
v 7.196236 1.307758 -1.000001
v 7.184371 1.306252 0.999999
v 7.184371 1.306252 -1.000001
v 7.169694 1.301736 0.999999
v 7.169694 1.301736 -1.000001
v 7.152205 1.294210 0.999999
v 7.152205 1.294210 -1.000001
v 7.131902 1.283672 0.999999
v 7.131902 1.283672 -1.000001
v 7.108787 1.270124 0.999999
v 7.108787 1.270124 -1.000001
v 7.082859 1.253565 0.999999
v 7.082859 1.253565 -1.000001
v 7.054119 1.233995 0.999999
v 7.054119 1.233995 -1.000001
v 7.022566 1.211415 0.999999
v 7.022566 1.211415 -1.000001
v 6.988200 1.185824 0.999999
v 6.988200 1.185824 -1.000001
v 6.951022 1.157222 0.999999
v 6.951022 1.157222 -1.000001
v 6.911030 1.125610 0.999999
v 6.911030 1.125610 -1.000001
v 6.868227 1.090986 0.999999
v 6.868227 1.090986 -1.000001
v 6.846815 1.072823 0.999999
v 6.846815 1.072823 -1.000001
v 6.827265 1.055412 0.999999
v 6.827265 1.055412 -1.000001
v 6.809577 1.038754 0.999999
v 6.809577 1.038754 -1.000001
v 6.793751 1.022849 0.999999
v 6.793751 1.022849 -1.000001
v 6.779786 1.007697 0.999999
v 6.779786 1.007697 -1.000001
v 6.767684 0.993297 0.999999
v 6.767684 0.993297 -1.000001
v 6.757443 0.979650 0.999999
v 6.757443 0.979649 -1.000001
v 6.749065 0.966755 0.999999
v 6.749065 0.966755 -1.000001
v 6.742548 0.954613 0.999999
v 6.742548 0.954613 -1.000001
v 6.737894 0.943224 0.999999
v 6.737894 0.943224 -1.000001
v 6.735101 0.932587 0.999999
v 6.735101 0.932587 -1.000001
v 6.734170 0.922704 0.999999
v 6.734170 0.922703 -1.000001
v 6.735398 0.910859 0.999999
v 6.735398 0.910859 -1.000001
v 6.739082 0.898142 0.999999
v 6.739082 0.898142 -1.000001
v 6.745223 0.884555 0.999999
v 6.745223 0.884555 -1.000001
v 6.753819 0.870095 0.999999
v 6.753819 0.870095 -1.000001
v 6.764872 0.854765 0.999999
v 6.764872 0.854764 -1.000001
v 6.778380 0.838562 0.999999
v 6.778380 0.838562 -1.000001
v 6.794345 0.821488 0.999999
v 6.794345 0.821488 -1.000001
v 6.812766 0.803543 0.999999
v 6.812766 0.803543 -1.000001
v 6.833643 0.784726 0.999999
v 6.833643 0.784726 -1.000001
v 6.856976 0.765037 0.999999
v 6.856976 0.765037 -1.000001
v 6.882765 0.744477 0.999999
v 6.882765 0.744477 -1.000001
v 6.911010 0.723046 0.999999
v 6.911010 0.723046 -1.000001
v 6.911010 0.492013 0.999999
v 6.911010 0.492013 -1.000001
v 6.879635 -0.671706 0.999999
v 6.879635 -0.671706 -1.000001
v 6.882031 -0.707240 0.999999
v 6.882031 -0.707240 -1.000001
v 6.889222 -0.739685 0.999999
v 6.889222 -0.739685 -1.000001
v 6.901205 -0.769039 0.999999
v 6.901205 -0.769039 -1.000001
v 6.917982 -0.795304 0.999999
v 6.917982 -0.795304 -1.000001
v 6.939552 -0.818478 0.999999
v 6.939552 -0.818478 -1.000001
v 6.965916 -0.838563 0.999999
v 6.965916 -0.838563 -1.000001
v 6.997073 -0.855558 0.999999
v 6.997073 -0.855558 -1.000001
v 7.033024 -0.869462 0.999999
v 7.033024 -0.869462 -1.000001
v 7.073767 -0.880277 0.999999
v 7.073767 -0.880277 -1.000001
v 7.119304 -0.888002 0.999999
v 7.119304 -0.888002 -1.000001
v 7.169634 -0.892637 0.999999
v 7.169634 -0.892637 -1.000001
v 7.224758 -0.894182 0.999999
v 7.224758 -0.894182 -1.000001
v 7.257559 -0.893092 0.999999
v 7.257559 -0.893092 -1.000001
v 7.287508 -0.889824 0.999999
v 7.287508 -0.889824 -1.000001
v 7.314604 -0.884377 0.999999
v 7.314604 -0.884377 -1.000001
v 7.338848 -0.876751 0.999999
v 7.338848 -0.876751 -1.000001
v 7.360240 -0.866947 0.999999
v 7.360240 -0.866947 -1.000001
v 7.378779 -0.854963 0.999999
v 7.378779 -0.854963 -1.000001
v 7.394467 -0.840801 0.999999
v 7.394467 -0.840801 -1.000001
v 7.407302 -0.824460 0.999999
v 7.407302 -0.824460 -1.000001
v 7.417285 -0.805940 0.999999
v 7.417285 -0.805940 -1.000001
v 7.424416 -0.785242 0.999999
v 7.424416 -0.785242 -1.000001
v 7.428694 -0.762364 0.999999
v 7.428694 -0.762364 -1.000001
v 8.565317 -0.537650 0.999999
v 8.565317 -0.537650 -1.000001
v 7.430120 -0.537650 0.999999
v 7.430120 -0.537650 -1.000001
v 7.430120 0.141186 0.999999
v 7.430120 0.141186 -1.000001
v 8.565317 0.141186 0.999999
v 8.565317 0.141186 -1.000001
v 8.565317 0.275242 0.999999
v 8.565317 0.275242 -1.000001
v 7.430120 0.275242 0.999999
v 7.430120 0.275242 -1.000001
v 7.430120 0.911295 0.999999
v 7.430120 0.911294 -1.000001
v 8.565317 0.911295 0.999999
v 8.565317 0.911294 -1.000001
v 9.084427 0.275242 0.999999
v 9.084427 0.275242 -1.000001
v 9.084427 0.911295 0.999999
v 9.084427 0.911294 -1.000001
v 10.122647 0.911295 0.999999
v 10.122647 0.911294 -1.000001
v 10.122647 0.275242 0.999999
v 10.122647 0.275242 -1.000001
v 9.084427 0.141186 0.999999
v 9.084427 0.141186 -1.000001
v 10.122647 0.141186 0.999999
v 10.122647 0.141186 -1.000001
v 10.122647 -0.537650 0.999999
v 10.122647 -0.537650 -1.000001
v 9.084427 -0.537650 0.999999
v 9.084427 -0.537650 -1.000001
v 1.363377 1.396178 1.000000
v 1.363377 1.396178 -1.000000
v 2.857958 1.396178 1.000000
v 2.857958 1.396178 -1.000000
v 2.878755 1.176158 1.000000
v 2.878755 1.176158 -1.000000
v 2.904069 0.964854 1.000000
v 2.904069 0.964854 -1.000000
v 2.933899 0.762264 1.000000
v 2.933899 0.762264 -1.000000
v 2.968245 0.568390 1.000000
v 2.968245 0.568390 -1.000000
v 3.007107 0.383232 1.000000
v 3.007107 0.383231 -1.000000
v 3.050485 0.206788 1.000000
v 3.050485 0.206788 -1.000000
v 3.098379 0.039060 1.000000
v 3.098379 0.039060 -1.000000
v 3.150789 -0.119954 1.000000
v 3.150789 -0.119954 -1.000000
v 3.207716 -0.270251 1.000000
v 3.207716 -0.270252 -1.000000
v 3.269158 -0.411834 1.000000
v 3.269158 -0.411834 -1.000000
v 3.335116 -0.544702 1.000000
v 3.335116 -0.544702 -1.000000
v 3.405591 -0.668854 1.000000
v 3.405591 -0.668854 -1.000000
v 3.473252 -0.776923 1.000000
v 3.473252 -0.776923 -1.000000
v 3.543133 -0.881505 1.000000
v 3.543133 -0.881505 -1.000000
v 3.615231 -0.982602 1.000000
v 3.615231 -0.982602 -1.000000
v 3.689548 -1.080212 1.000000
v 3.689548 -1.080212 -1.000000
v 3.766084 -1.174337 1.000000
v 3.766084 -1.174337 -1.000000
v 3.844838 -1.264975 1.000000
v 3.844838 -1.264975 -1.000000
v 3.925810 -1.352127 1.000000
v 3.925810 -1.352127 -1.000000
v 4.009001 -1.435793 1.000000
v 4.009001 -1.435793 -1.000000
v 4.094409 -1.515973 1.000000
v 4.094409 -1.515973 -1.000000
v 4.182037 -1.592667 1.000000
v 4.182037 -1.592667 -1.000000
v 4.271883 -1.665875 1.000000
v 4.271883 -1.665875 -1.000000
v 4.363947 -1.735597 1.000000
v 4.363947 -1.735597 -1.000000
v 4.447059 -1.794048 1.000000
v 4.447059 -1.794048 -1.000000
v 4.532865 -1.850558 1.000000
v 4.532865 -1.850558 -1.000000
v 4.621364 -1.905127 1.000000
v 4.621364 -1.905127 -1.000000
v 4.712557 -1.957755 1.000000
v 4.712557 -1.957755 -1.000000
v 4.806443 -2.008442 1.000000
v 4.806443 -2.008442 -1.000000
v 4.903024 -2.057188 1.000000
v 4.903024 -2.057188 -1.000000
v 5.002298 -2.103993 1.000000
v 5.002298 -2.103993 -1.000000
v 5.104266 -2.148856 1.000000
v 5.104266 -2.148856 -1.000000
v 5.208929 -2.191779 1.000000
v 5.208929 -2.191779 -1.000000
v 5.316284 -2.232760 1.000000
v 5.316284 -2.232760 -1.000000
v 5.426333 -2.271800 1.000000
v 5.426333 -2.271800 -1.000000
v 5.539076 -2.308899 1.000000
v 5.539076 -2.308899 -1.000000
v 5.539572 -2.309355 1.000000
v 5.539572 -2.309355 -1.000000
v 5.540106 -2.309771 1.000000
v 5.540106 -2.309771 -1.000000
v 5.540681 -2.310147 1.000000
v 5.540681 -2.310147 -1.000000
v 5.541295 -2.310484 1.000000
v 5.541295 -2.310484 -1.000000
v 5.541949 -2.310781 1.000000
v 5.541949 -2.310781 -1.000000
v 5.542642 -2.311039 1.000000
v 5.542642 -2.311039 -1.000000
v 5.543375 -2.311256 1.000000
v 5.543375 -2.311256 -1.000000
v 5.544147 -2.311435 1.000000
v 5.544147 -2.311435 -1.000000
v 5.544959 -2.311573 1.000000
v 5.544959 -2.311573 -1.000000
v 5.545811 -2.311672 1.000000
v 5.545811 -2.311672 -1.000000
v 5.546701 -2.311732 1.000000
v 5.546701 -2.311732 -1.000000
v 5.547633 -2.311752 1.000000
v 5.547633 -2.311752 -1.000000
v 5.554011 -2.311415 1.000000
v 5.554011 -2.311415 -1.000000
v 5.559834 -2.310405 1.000000
v 5.559834 -2.310405 -1.000000
v 5.565104 -2.308721 1.000000
v 5.565104 -2.308721 -1.000000
v 5.569818 -2.306364 1.000000
v 5.569818 -2.306364 -1.000000
v 5.573977 -2.303334 1.000000
v 5.573977 -2.303334 -1.000000
v 5.577582 -2.299630 1.000000
v 5.577582 -2.299630 -1.000000
v 5.580633 -2.295252 1.000000
v 5.580633 -2.295252 -1.000000
v 5.583128 -2.290201 1.000000
v 5.583128 -2.290201 -1.000000
v 5.585070 -2.284477 1.000000
v 5.585070 -2.284477 -1.000000
v 5.586456 -2.278079 1.000000
v 5.586456 -2.278079 -1.000000
v 5.587288 -2.271008 1.000000
v 5.587288 -2.271008 -1.000000
v 5.587564 -2.263263 1.000000
v 5.587564 -2.263263 -1.000000
v 5.587504 -2.261402 1.000000
v 5.587504 -2.261402 -1.000000
v 5.587326 -2.259619 1.000000
v 5.587326 -2.259619 -1.000000
v 5.587029 -2.257915 1.000000
v 5.587029 -2.257915 -1.000000
v 5.586614 -2.256291 1.000000
v 5.586614 -2.256291 -1.000000
v 5.586079 -2.254746 1.000000
v 5.586079 -2.254746 -1.000000
v 5.585425 -2.253281 1.000000
v 5.585425 -2.253281 -1.000000
v 5.584652 -2.251894 1.000000
v 5.584652 -2.251894 -1.000000
v 5.583761 -2.250587 1.000000
v 5.583761 -2.250587 -1.000000
v 5.582751 -2.249359 1.000000
v 5.582751 -2.249359 -1.000000
v 5.581622 -2.248210 1.000000
v 5.581622 -2.248210 -1.000000
v 5.580375 -2.247140 1.000000
v 5.580375 -2.247140 -1.000000
v 5.579008 -2.246150 1.000000
v 5.579008 -2.246150 -1.000000
v 5.463393 -2.176507 1.000000
v 5.463393 -2.176507 -1.000000
v 5.351382 -2.105439 1.000000
v 5.351382 -2.105439 -1.000000
v 5.242977 -2.032944 1.000000
v 5.242977 -2.032944 -1.000000
v 5.138177 -1.959023 1.000000
v 5.138177 -1.959023 -1.000000
v 5.036981 -1.883676 1.000000
v 5.036981 -1.883676 -1.000000
v 4.939390 -1.806903 1.000000
v 4.939390 -1.806903 -1.000000
v 4.845405 -1.728703 1.000000
v 4.845405 -1.728703 -1.000000
v 4.755024 -1.649078 1.000000
v 4.755024 -1.649078 -1.000000
v 4.668248 -1.568027 1.000000
v 4.668248 -1.568027 -1.000000
v 4.585077 -1.485549 1.000000
v 4.585077 -1.485549 -1.000000
v 4.505511 -1.401645 1.000000
v 4.505511 -1.401645 -1.000000
v 4.429550 -1.316315 1.000000
v 4.429550 -1.316315 -1.000000
v 4.365829 -1.240176 1.000000
v 4.365829 -1.240176 -1.000000
v 4.303971 -1.161977 1.000000
v 4.303971 -1.161977 -1.000000
v 4.243975 -1.081717 1.000000
v 4.243975 -1.081717 -1.000000
v 4.185841 -0.999398 1.000000
v 4.185841 -0.999398 -1.000000
v 4.129568 -0.915019 1.000000
v 4.129568 -0.915019 -1.000000
v 4.075157 -0.828580 1.000000
v 4.075157 -0.828580 -1.000000
v 4.022608 -0.740081 1.000000
v 4.022608 -0.740081 -1.000000
v 3.971921 -0.649522 1.000000
v 3.971921 -0.649522 -1.000000
v 3.923096 -0.556903 1.000000
v 3.923096 -0.556903 -1.000000
v 3.876133 -0.462224 1.000000
v 3.876133 -0.462224 -1.000000
v 3.831032 -0.365485 1.000000
v 3.831032 -0.365485 -1.000000
v 3.787792 -0.266686 1.000000
v 3.787792 -0.266686 -1.000000
v 3.747207 -0.162321 1.000000
v 3.747207 -0.162321 -1.000000
v 3.709118 -0.051737 1.000000
v 3.709118 -0.051737 -1.000000
v 3.673524 0.065067 1.000000
v 3.673524 0.065067 -1.000000
v 3.640426 0.188090 1.000000
v 3.640426 0.188090 -1.000000
v 3.609824 0.317333 1.000000
v 3.609824 0.317333 -1.000000
v 3.581717 0.452795 1.000000
v 3.581717 0.452795 -1.000000
v 3.556106 0.594477 1.000000
v 3.556106 0.594476 -1.000000
v 3.532991 0.742378 1.000000
v 3.532991 0.742378 -1.000000
v 3.512372 0.896499 1.000000
v 3.512372 0.896499 -1.000000
v 3.494248 1.056839 1.000000
v 3.494248 1.056839 -1.000000
v 3.478620 1.223399 1.000000
v 3.478620 1.223399 -1.000000
v 3.465488 1.396178 1.000000
v 3.465488 1.396178 -1.000000
v 4.780376 1.396178 1.000000
v 4.780376 1.396178 -1.000000
v 4.814346 1.395861 1.000000
v 4.814346 1.395861 -1.000000
v 4.848752 1.394910 1.000000
v 4.848752 1.394910 -1.000000
v 4.883593 1.393325 1.000000
v 4.883593 1.393325 -1.000000
v 4.918869 1.391107 1.000000
v 4.918869 1.391107 -1.000000
v 4.954582 1.388255 1.000000
v 4.954582 1.388255 -1.000000
v 4.990730 1.384769 1.000000
v 4.990730 1.384769 -1.000000
v 5.027314 1.380649 1.000000
v 5.027314 1.380649 -1.000000
v 5.064334 1.375895 1.000000
v 5.064334 1.375895 -1.000000
v 5.101790 1.370507 1.000000
v 5.101790 1.370507 -1.000000
v 5.139681 1.364486 0.999999
v 5.139681 1.364486 -1.000000
v 5.178008 1.357831 0.999999
v 5.178008 1.357831 -1.000000
v 5.216771 1.350542 0.999999
v 5.216771 1.350542 -1.000000
v 5.282373 1.575870 0.999999
v 5.282373 1.575870 -1.000000
v 5.237015 1.568580 0.999999
v 5.237015 1.568580 -1.000000
v 5.192211 1.561925 0.999999
v 5.192211 1.561925 -1.000000
v 5.147962 1.555904 0.999999
v 5.147962 1.555904 -1.000000
v 5.104266 1.550516 0.999999
v 5.104266 1.550516 -1.000000
v 5.061126 1.545762 0.999999
v 5.061126 1.545762 -1.000000
v 5.018540 1.541642 1.000000
v 5.018540 1.541642 -1.000000
v 4.976510 1.538156 1.000000
v 4.976510 1.538156 -1.000000
v 4.935033 1.535304 1.000000
v 4.935033 1.535304 -1.000000
v 4.894111 1.533086 1.000000
v 4.894111 1.533086 -1.000000
v 4.853744 1.531501 1.000000
v 4.853744 1.531501 -1.000000
v 4.813931 1.530550 1.000000
v 4.813931 1.530550 -1.000000
v 4.774672 1.530234 1.000000
v 4.774672 1.530234 -1.000000
v 3.454079 1.530234 1.000000
v 3.454079 1.530234 -1.000000
v 3.450434 1.589279 1.000000
v 3.450434 1.589279 -1.000000
v 3.447107 1.650424 1.000000
v 3.447107 1.650424 -1.000000
v 3.444096 1.713669 1.000000
v 3.444096 1.713669 -1.000000
v 3.441402 1.779013 1.000000
v 3.441402 1.779013 -1.000000
v 3.439025 1.846457 1.000000
v 3.439025 1.846457 -1.000000
v 3.436965 1.916001 1.000000
v 3.436965 1.916001 -1.000000
v 3.435222 1.987643 1.000000
v 3.435222 1.987643 -1.000000
v 3.433796 2.061386 1.000000
v 3.433796 2.061386 -1.000000
v 3.432687 2.137228 1.000000
v 3.432687 2.137228 -1.000000
v 3.431895 2.215170 1.000000
v 3.431895 2.215170 -1.000000
v 3.431419 2.295211 1.000000
v 3.431419 2.295211 -1.000000
v 3.431261 2.377353 1.000000
v 3.431261 2.377353 -1.000000
v 3.431499 2.417007 1.000000
v 3.431499 2.417007 -1.000000
v 3.432212 2.457057 1.000000
v 3.432212 2.457057 -1.000000
v 3.433400 2.497504 1.000000
v 3.433400 2.497504 -1.000000
v 3.435064 2.538347 1.000000
v 3.435064 2.538347 -1.000000
v 3.437203 2.579586 1.000000
v 3.437203 2.579586 -1.000000
v 3.439818 2.621221 1.000000
v 3.439818 2.621221 -1.000000
v 3.442908 2.663252 1.000000
v 3.442908 2.663252 -1.000000
v 3.446473 2.705679 1.000000
v 3.446473 2.705679 -1.000000
v 3.450513 2.748502 1.000000
v 3.450513 2.748502 -1.000000
v 3.455029 2.791722 1.000000
v 3.455029 2.791722 -1.000000
v 3.460021 2.835338 1.000000
v 3.460021 2.835338 -1.000000
v 3.465488 2.879349 1.000000
v 3.465488 2.879349 -1.000000
v 3.367145 2.869069 1.000000
v 3.367145 2.869069 -1.000000
v 3.275576 2.859146 1.000000
v 3.275576 2.859146 -1.000000
v 3.190781 2.849579 1.000000
v 3.190781 2.849579 -1.000000
v 3.112760 2.840369 1.000000
v 3.112760 2.840369 -1.000000
v 3.041513 2.831514 1.000000
v 3.041513 2.831514 -1.000000
v 2.977040 2.823017 1.000000
v 2.977040 2.823017 -1.000000
v 2.919341 2.814877 1.000000
v 2.919341 2.814877 -1.000000
v 2.868416 2.807092 1.000000
v 2.868416 2.807092 -1.000000
v 2.824266 2.799664 1.000000
v 2.824266 2.799664 -1.000000
v 2.786889 2.792593 1.000000
v 2.786889 2.792593 -1.000000
v 2.756287 2.785878 1.000000
v 2.756287 2.785878 -1.000000
v 2.732459 2.779521 1.000000
v 2.732459 2.779521 -1.000000
v 2.715603 2.773955 1.000000
v 2.715603 2.773955 -1.000000
v 2.700212 2.767715 1.000000
v 2.700212 2.767715 -1.000000
v 2.686288 2.760803 1.000000
v 2.686288 2.760803 -1.000000
v 2.673829 2.753217 1.000000
v 2.673829 2.753217 -1.000000
v 2.662836 2.744957 1.000000
v 2.662836 2.744957 -1.000000
v 2.653309 2.736024 1.000000
v 2.653309 2.736024 -1.000000
v 2.645247 2.726417 1.000000
v 2.645247 2.726417 -1.000000
v 2.638651 2.716137 1.000000
v 2.638651 2.716137 -1.000000
v 2.633521 2.705184 1.000000
v 2.633521 2.705184 -1.000000
v 2.629857 2.693557 1.000000
v 2.629857 2.693557 -1.000000
v 2.627658 2.681257 1.000000
v 2.627658 2.681257 -1.000000
v 2.626925 2.668283 1.000000
v 2.626925 2.668283 -1.000000
v 2.628213 2.653645 1.000000
v 2.628213 2.653645 -1.000000
v 2.632075 2.639206 1.000000
v 2.632075 2.639206 -1.000000
v 2.638513 2.624964 1.000000
v 2.638513 2.624964 -1.000000
v 2.647525 2.610921 1.000000
v 2.647525 2.610921 -1.000000
v 2.659112 2.597076 1.000000
v 2.659112 2.597076 -1.000000
v 2.673274 2.583428 1.000000
v 2.673274 2.583428 -1.000000
v 2.690012 2.569979 1.000000
v 2.690012 2.569979 -1.000000
v 2.709324 2.556728 1.000000
v 2.709324 2.556728 -1.000000
v 2.731211 2.543675 1.000000
v 2.731211 2.543675 -1.000000
v 2.755673 2.530820 1.000000
v 2.755673 2.530820 -1.000000
v 2.782710 2.518163 1.000000
v 2.782710 2.518163 -1.000000
v 2.812322 2.505704 1.000000
v 2.812322 2.505704 -1.000000
v 2.818026 2.066457 1.000000
v 2.818026 2.066457 -1.000000
v 2.819096 2.030923 1.000000
v 2.819096 2.030923 -1.000000
v 2.820403 1.993725 1.000000
v 2.820403 1.993725 -1.000000
v 2.821948 1.954863 1.000000
v 2.821948 1.954863 -1.000000
v 2.823731 1.914337 1.000000
v 2.823731 1.914337 -1.000000
v 2.825751 1.872147 1.000000
v 2.825751 1.872147 -1.000000
v 2.828009 1.828294 1.000000
v 2.828009 1.828294 -1.000000
v 2.830505 1.782777 1.000000
v 2.830505 1.782777 -1.000000
v 2.833239 1.735596 1.000000
v 2.833239 1.735596 -1.000000
v 2.836210 1.686751 1.000000
v 2.836210 1.686751 -1.000000
v 2.839418 1.636242 1.000000
v 2.839418 1.636242 -1.000000
v 2.842865 1.584070 1.000000
v 2.842865 1.584070 -1.000000
v 2.846549 1.530234 1.000000
v 2.846549 1.530234 -1.000000
v 1.420422 1.530234 1.000000
v 1.420422 1.530234 -1.000000
v 1.379897 1.578524 1.000000
v 1.379896 1.578524 -1.000000
v 1.341985 1.622615 1.000000
v 1.341985 1.622615 -1.000000
v 1.306689 1.662507 1.000000
v 1.306688 1.662507 -1.000000
v 1.274006 1.698200 1.000000
v 1.274006 1.698200 -1.000000
v 1.243939 1.729693 1.000000
v 1.243939 1.729693 -1.000000
v 1.216486 1.756988 1.000000
v 1.216486 1.756988 -1.000000
v 1.191648 1.780083 1.000000
v 1.191647 1.780083 -1.000000
v 1.169424 1.798979 1.000000
v 1.169424 1.798979 -1.000000
v 1.149815 1.813676 1.000000
v 1.149814 1.813676 -1.000000
v 1.132820 1.824174 1.000000
v 1.132820 1.824174 -1.000000
v 1.118440 1.830473 1.000000
v 1.118440 1.830473 -1.000000
v 1.106675 1.832572 1.000000
v 1.106674 1.832572 -1.000000
v 1.092433 1.830948 1.000000
v 1.092433 1.830948 -1.000000
v 1.075379 1.826076 1.000000
v 1.075379 1.826076 -1.000000
v 1.055512 1.817955 1.000000
v 1.055512 1.817955 -1.000000
v 1.032833 1.806585 1.000000
v 1.032833 1.806585 -1.000000
v 1.007341 1.791968 1.000000
v 1.007341 1.791968 -1.000000
v 0.979036 1.774101 1.000000
v 0.979036 1.774101 -1.000000
v 0.947919 1.752987 1.000000
v 0.947919 1.752987 -1.000000
v 0.913989 1.728624 1.000000
v 0.913989 1.728624 -1.000000
v 0.877246 1.701012 1.000000
v 0.877246 1.701012 -1.000000
v 0.837691 1.670153 1.000000
v 0.837691 1.670153 -1.000000
v 0.795323 1.636045 1.000000
v 0.795323 1.636045 -1.000000
v 0.750143 1.598688 1.000000
v 0.750143 1.598688 -1.000000
v 0.725998 1.577712 1.000000
v 0.725998 1.577712 -1.000000
v 0.703952 1.557568 1.000000
v 0.703952 1.557568 -1.000000
v 0.684006 1.538256 1.000000
v 0.684006 1.538256 -1.000000
v 0.666160 1.519775 1.000000
v 0.666160 1.519775 -1.000000
v 0.650413 1.502127 1.000000
v 0.650413 1.502127 -1.000000
v 0.636766 1.485311 1.000000
v 0.636766 1.485311 -1.000000
v 0.625218 1.469326 1.000000
v 0.625218 1.469326 -1.000000
v 0.615770 1.454174 1.000000
v 0.615770 1.454174 -1.000000
v 0.608421 1.439853 1.000000
v 0.608421 1.439853 -1.000000
v 0.603172 1.426364 1.000000
v 0.603172 1.426364 -1.000000
v 0.600023 1.413707 1.000000
v 0.600023 1.413707 -1.000000
v 0.598973 1.401882 1.000000
v 0.598973 1.401882 -1.000000
v 0.600340 1.390869 1.000000
v 0.600340 1.390869 -1.000000
v 0.604440 1.378747 1.000000
v 0.604440 1.378747 -1.000000
v 0.611273 1.365516 1.000000
v 0.611273 1.365516 -1.000000
v 0.620840 1.351175 1.000000
v 0.620840 1.351175 -1.000000
v 0.633141 1.335726 1.000000
v 0.633141 1.335726 -1.000000
v 0.648175 1.319167 1.000000
v 0.648174 1.319167 -1.000000
v 0.665942 1.301499 1.000000
v 0.665942 1.301499 -1.000000
v 0.686442 1.282721 1.000000
v 0.686442 1.282721 -1.000000
v 0.709676 1.262835 1.000000
v 0.709676 1.262835 -1.000000
v 0.735644 1.241839 1.000000
v 0.735644 1.241839 -1.000000
v 0.764344 1.219734 1.000000
v 0.764344 1.219734 -1.000000
v 0.795779 1.196520 1.000000
v 0.795779 1.196520 -1.000000
v 0.809862 0.871541 1.000000
v 0.809862 0.871541 -1.000000
v 0.826440 0.563082 1.000000
v 0.826440 0.563082 -1.000000
v 0.845515 0.271142 1.000000
v 0.845515 0.271142 -1.000000
v 0.867085 -0.004279 1.000000
v 0.867085 -0.004279 -1.000000
v 0.891151 -0.263180 1.000000
v 0.891151 -0.263180 -1.000000
v 0.917713 -0.505562 1.000000
v 0.917712 -0.505562 -1.000000
v 0.946770 -0.731425 1.000000
v 0.946770 -0.731425 -1.000000
v 0.978323 -0.940769 1.000000
v 0.978323 -0.940769 -1.000000
v 1.012372 -1.133593 1.000000
v 1.012372 -1.133593 -1.000000
v 1.048916 -1.309898 1.000000
v 1.048916 -1.309898 -1.000000
v 1.087957 -1.469684 1.000000
v 1.087956 -1.469684 -1.000000
v 1.129492 -1.612950 1.000000
v 1.129492 -1.612950 -1.000000
v 1.153618 -1.681443 1.000000
v 1.153617 -1.681443 -1.000000
v 1.180357 -1.746213 1.000000
v 1.180357 -1.746213 -1.000000
v 1.209712 -1.807259 1.000000
v 1.209712 -1.807259 -1.000000
v 1.241681 -1.864582 1.000000
v 1.241681 -1.864582 -1.000000
v 1.276265 -1.918180 1.000000
v 1.276264 -1.918180 -1.000000
v 1.313463 -1.968055 1.000000
v 1.313463 -1.968055 -1.000000
v 1.353276 -2.014206 1.000000
v 1.353275 -2.014206 -1.000000
v 1.395703 -2.056633 1.000000
v 1.395703 -2.056633 -1.000000
v 1.440745 -2.095337 1.000000
v 1.440745 -2.095337 -1.000000
v 1.488401 -2.130317 1.000000
v 1.488401 -2.130317 -1.000000
v 1.538672 -2.161573 1.000000
v 1.538672 -2.161573 -1.000000
v 1.591557 -2.189105 1.000000
v 1.591557 -2.189105 -1.000000
v 1.624358 -2.204139 1.000000
v 1.624358 -2.204139 -1.000000
v 1.658110 -2.217865 1.000000
v 1.658110 -2.217865 -1.000000
v 1.692813 -2.230284 1.000000
v 1.692812 -2.230284 -1.000000
v 1.728466 -2.241396 1.000000
v 1.728465 -2.241396 -1.000000
v 1.765070 -2.251201 1.000000
v 1.765069 -2.251201 -1.000000
v 1.802624 -2.259698 1.000000
v 1.802624 -2.259698 -1.000000
v 1.841130 -2.266888 1.000000
v 1.841129 -2.266888 -1.000000
v 1.880586 -2.272771 1.000000
v 1.880586 -2.272771 -1.000000
v 1.920993 -2.277347 1.000000
v 1.920992 -2.277347 -1.000000
v 1.962350 -2.280615 1.000000
v 1.962350 -2.280615 -1.000000
v 2.004659 -2.282576 1.000000
v 2.004659 -2.282576 -1.000000
v 2.047918 -2.283229 1.000000
v 2.047918 -2.283229 -1.000000
v 2.064021 -2.282457 1.000000
v 2.064021 -2.282457 -1.000000
v 2.079055 -2.280139 1.000000
v 2.079055 -2.280139 -1.000000
v 2.093019 -2.276277 1.000000
v 2.093019 -2.276277 -1.000000
v 2.105914 -2.270870 1.000000
v 2.105914 -2.270870 -1.000000
v 2.117739 -2.263917 1.000000
v 2.117739 -2.263917 -1.000000
v 2.128494 -2.255420 1.000000
v 2.128494 -2.255420 -1.000000
v 2.138180 -2.245378 1.000000
v 2.138180 -2.245378 -1.000000
v 2.146796 -2.233790 1.000000
v 2.146796 -2.233790 -1.000000
v 2.154343 -2.220658 1.000000
v 2.154343 -2.220658 -1.000000
v 2.160820 -2.205981 1.000000
v 2.160820 -2.205981 -1.000000
v 2.166227 -2.189759 1.000000
v 2.166227 -2.189759 -1.000000
v 2.170565 -2.171991 1.000000
v 2.170565 -2.171991 -1.000000
v 2.177616 -2.140696 1.000000
v 2.177616 -2.140696 -1.000000
v 2.186411 -2.110509 1.000000
v 2.186411 -2.110509 -1.000000
v 2.196948 -2.081432 1.000000
v 2.196948 -2.081432 -1.000000
v 2.209229 -2.053464 1.000000
v 2.209229 -2.053464 -1.000000
v 2.223252 -2.026606 1.000000
v 2.223252 -2.026606 -1.000000
v 2.239019 -2.000856 1.000000
v 2.239019 -2.000856 -1.000000
v 2.256529 -1.976216 1.000000
v 2.256529 -1.976216 -1.000000
v 2.275781 -1.952685 1.000000
v 2.275781 -1.952685 -1.000000
v 2.296777 -1.930263 1.000000
v 2.296777 -1.930263 -1.000000
v 2.319516 -1.908950 1.000000
v 2.319516 -1.908950 -1.000000
v 2.343998 -1.888747 1.000000
v 2.343998 -1.888747 -1.000000
v 2.370223 -1.869652 1.000000
v 2.370223 -1.869652 -1.000000
v 2.397477 -1.851905 1.000000
v 2.397477 -1.851905 -1.000000
v 2.427901 -1.833841 1.000000
v 2.427901 -1.833841 -1.000000
v 2.461494 -1.815460 1.000000
v 2.461494 -1.815460 -1.000000
v 2.498257 -1.796762 1.000000
v 2.498257 -1.796762 -1.000000
v 2.538188 -1.777747 1.000000
v 2.538188 -1.777747 -1.000000
v 2.581289 -1.758415 1.000000
v 2.581289 -1.758415 -1.000000
v 2.627559 -1.738766 1.000000
v 2.627559 -1.738766 -1.000000
v 2.676998 -1.718800 1.000000
v 2.676998 -1.718800 -1.000000
v 2.729606 -1.698517 1.000000
v 2.729606 -1.698517 -1.000000
v 2.785384 -1.677918 1.000000
v 2.785384 -1.677918 -1.000000
v 2.844330 -1.657001 1.000000
v 2.844330 -1.657001 -1.000000
v 2.906446 -1.635768 1.000000
v 2.906446 -1.635768 -1.000000
v 2.909180 -1.634223 1.000000
v 2.909180 -1.634223 -1.000000
v 2.911675 -1.632440 1.000000
v 2.911675 -1.632440 -1.000000
v 2.913933 -1.630420 1.000000
v 2.913933 -1.630420 -1.000000
v 2.915954 -1.628162 1.000000
v 2.915954 -1.628162 -1.000000
v 2.917737 -1.625666 1.000000
v 2.917737 -1.625666 -1.000000
v 2.919281 -1.622933 1.000000
v 2.919281 -1.622933 -1.000000
v 2.920589 -1.619962 1.000000
v 2.920589 -1.619962 -1.000000
v 2.921659 -1.616753 1.000000
v 2.921659 -1.616753 -1.000000
v 2.922490 -1.613306 1.000000
v 2.922490 -1.613306 -1.000000
v 2.923084 -1.609622 1.000000
v 2.923084 -1.609622 -1.000000
v 2.923441 -1.605700 1.000000
v 2.923441 -1.605700 -1.000000
v 2.923560 -1.601541 1.000000
v 2.923560 -1.601541 -1.000000
v 2.923362 -1.593836 1.000000
v 2.923362 -1.593836 -1.000000
v 2.922767 -1.586883 1.000000
v 2.922767 -1.586883 -1.000000
v 2.921777 -1.580683 1.000000
v 2.921777 -1.580683 -1.000000
v 2.920391 -1.575236 1.000000
v 2.920391 -1.575236 -1.000000
v 2.918608 -1.570542 1.000000
v 2.918608 -1.570542 -1.000000
v 2.916429 -1.566601 1.000000
v 2.916429 -1.566601 -1.000000
v 2.913854 -1.563411 1.000000
v 2.913854 -1.563411 -1.000000
v 2.910883 -1.560975 1.000000
v 2.910883 -1.560975 -1.000000
v 2.907516 -1.559291 1.000000
v 2.907516 -1.559291 -1.000000
v 2.903752 -1.558361 1.000000
v 2.903752 -1.558361 -1.000000
v 2.899593 -1.558182 1.000000
v 2.899593 -1.558182 -1.000000
v 2.895037 -1.558757 1.000000
v 2.895037 -1.558757 -1.000000
v 2.789940 -1.572879 1.000000
v 2.789940 -1.572879 -1.000000
v 2.690467 -1.585774 1.000000
v 2.690467 -1.585774 -1.000000
v 2.596620 -1.597440 1.000000
v 2.596620 -1.597440 -1.000000
v 2.508399 -1.607879 1.000000
v 2.508399 -1.607879 -1.000000
v 2.425802 -1.617089 1.000000
v 2.425802 -1.617089 -1.000000
v 2.348831 -1.625072 1.000000
v 2.348831 -1.625072 -1.000000
v 2.277485 -1.631826 1.000000
v 2.277485 -1.631826 -1.000000
v 2.211764 -1.637352 1.000000
v 2.211764 -1.637352 -1.000000
v 2.151669 -1.641650 1.000000
v 2.151669 -1.641650 -1.000000
v 2.097199 -1.644721 1.000000
v 2.097199 -1.644721 -1.000000
v 2.048354 -1.646563 1.000000
v 2.048354 -1.646563 -1.000000
v 2.005134 -1.647177 1.000000
v 2.005134 -1.647177 -1.000000
v 1.979959 -1.646642 1.000000
v 1.979959 -1.646642 -1.000000
v 1.955775 -1.645038 1.000000
v 1.955774 -1.645038 -1.000000
v 1.932580 -1.642364 1.000000
v 1.932580 -1.642364 -1.000000
v 1.910376 -1.638620 1.000000
v 1.910376 -1.638620 -1.000000
v 1.889162 -1.633807 1.000000
v 1.889162 -1.633807 -1.000000
v 1.868939 -1.627924 1.000000
v 1.868939 -1.627924 -1.000000
v 1.849706 -1.620971 1.000000
v 1.849706 -1.620971 -1.000000
v 1.831464 -1.612949 1.000000
v 1.831463 -1.612949 -1.000000
v 1.814212 -1.603858 1.000000
v 1.814211 -1.603858 -1.000000
v 1.797950 -1.593697 1.000000
v 1.797950 -1.593697 -1.000000
v 1.782678 -1.582466 1.000000
v 1.782678 -1.582466 -1.000000
v 1.768397 -1.570166 1.000000
v 1.768397 -1.570166 -1.000000
v 1.755760 -1.557133 1.000000
v 1.755760 -1.557133 -1.000000
v 1.743519 -1.542753 1.000000
v 1.743519 -1.542753 -1.000000
v 1.731674 -1.527026 1.000000
v 1.731674 -1.527026 -1.000000
v 1.720226 -1.509952 1.000000
v 1.720225 -1.509952 -1.000000
v 1.709173 -1.491531 1.000000
v 1.709173 -1.491531 -1.000000
v 1.698517 -1.471763 1.000000
v 1.698517 -1.471763 -1.000000
v 1.688257 -1.450649 1.000000
v 1.688256 -1.450649 -1.000000
v 1.678393 -1.428187 1.000000
v 1.678393 -1.428187 -1.000000
v 1.668925 -1.404379 1.000000
v 1.668925 -1.404379 -1.000000
v 1.659853 -1.379223 1.000000
v 1.659853 -1.379223 -1.000000
v 1.651178 -1.352721 1.000000
v 1.651177 -1.352721 -1.000000
v 1.642898 -1.324872 1.000000
v 1.642898 -1.324872 -1.000000
v 1.620615 -1.244375 1.000000
v 1.620615 -1.244375 -1.000000
v 1.599401 -1.161660 1.000000
v 1.599401 -1.161660 -1.000000
v 1.579257 -1.076726 1.000000
v 1.579257 -1.076726 -1.000000
v 1.560183 -0.989574 1.000000
v 1.560182 -0.989574 -1.000000
v 1.542178 -0.900203 1.000000
v 1.542178 -0.900203 -1.000000
v 1.525242 -0.808614 1.000000
v 1.525242 -0.808614 -1.000000
v 1.509377 -0.714807 1.000000
v 1.509377 -0.714807 -1.000000
v 1.494581 -0.618781 1.000000
v 1.494580 -0.618781 -1.000000
v 1.480854 -0.520536 1.000000
v 1.480854 -0.520537 -1.000000
v 1.468197 -0.420074 1.000000
v 1.468197 -0.420074 -1.000000
v 1.456610 -0.317393 1.000000
v 1.456610 -0.317393 -1.000000
v 1.446092 -0.212493 1.000000
v 1.446092 -0.212493 -1.000000
v 1.437239 -0.113734 1.000000
v 1.437238 -0.113734 -1.000000
v 1.428741 -0.008557 1.000000
v 1.428741 -0.008557 -1.000000
v 1.420600 0.103037 1.000000
v 1.420600 0.103037 -1.000000
v 1.412816 0.221049 1.000000
v 1.412816 0.221049 -1.000000
v 1.405388 0.345479 1.000000
v 1.405388 0.345479 -1.000000
v 1.398317 0.476326 1.000000
v 1.398317 0.476326 -1.000000
v 1.391603 0.613591 1.000000
v 1.391602 0.613591 -1.000000
v 1.385244 0.757273 1.000000
v 1.385244 0.757273 -1.000000
v 1.379243 0.907373 1.000000
v 1.379243 0.907373 -1.000000
v 1.373598 1.063890 1.000000
v 1.373597 1.063890 -1.000000
v 1.368309 1.226825 1.000000
v 1.368309 1.226825 -1.000000
v -4.649173 -2.003708 1.000000
v -4.649173 -2.003708 -1.000000
v -1.166571 -2.003708 1.000000
v -1.166572 -2.003708 -1.000000
v -1.166571 -2.154878 1.000000
v -1.166572 -2.154878 -1.000000
v -1.164294 -2.194057 1.000000
v -1.164294 -2.194057 -1.000000
v -1.157460 -2.229829 1.000000
v -1.157460 -2.229829 -1.000000
v -1.146071 -2.262194 1.000000
v -1.146071 -2.262194 -1.000000
v -1.130126 -2.291152 1.000000
v -1.130126 -2.291152 -1.000000
v -1.109625 -2.316704 1.000000
v -1.109626 -2.316704 -1.000000
v -1.084569 -2.338848 1.000000
v -1.084570 -2.338848 -1.000000
v -1.054957 -2.357586 1.000000
v -1.054958 -2.357586 -1.000000
v -1.020790 -2.372917 1.000000
v -1.020790 -2.372917 -1.000000
v -0.982066 -2.384841 1.000000
v -0.982067 -2.384841 -1.000000
v -0.938787 -2.393358 1.000000
v -0.938788 -2.393358 -1.000000
v -0.890953 -2.398468 1.000000
v -0.890953 -2.398468 -1.000000
v -0.838562 -2.400172 1.000000
v -0.838563 -2.400172 -1.000000
v -0.814952 -2.399835 1.000000
v -0.814952 -2.399835 -1.000000
v -0.792609 -2.398825 1.000000
v -0.792610 -2.398825 -1.000000
v -0.771534 -2.397141 1.000000
v -0.771535 -2.397141 -1.000000
v -0.751727 -2.394784 1.000000
v -0.751727 -2.394784 -1.000000
v -0.733187 -2.391753 1.000000
v -0.733188 -2.391753 -1.000000
v -0.715916 -2.388050 1.000000
v -0.715916 -2.388050 -1.000000
v -0.699911 -2.383672 1.000000
v -0.699911 -2.383672 -1.000000
v -0.685175 -2.378621 1.000000
v -0.685175 -2.378621 -1.000000
v -0.671706 -2.372897 1.000000
v -0.671706 -2.372897 -1.000000
v -0.659504 -2.366499 1.000000
v -0.659504 -2.366499 -1.000000
v -0.648571 -2.359428 1.000000
v -0.648571 -2.359428 -1.000000
v -0.638905 -2.351683 1.000000
v -0.638905 -2.351683 -1.000000
v -0.630704 -2.343622 1.000000
v -0.630705 -2.343622 -1.000000
v -0.623217 -2.334649 1.000000
v -0.623217 -2.334649 -1.000000
v -0.616443 -2.324765 1.000000
v -0.616443 -2.324765 -1.000000
v -0.610382 -2.313970 1.000000
v -0.610382 -2.313970 -1.000000
v -0.605034 -2.302264 1.000000
v -0.605034 -2.302264 -1.000000
v -0.600399 -2.289647 1.000000
v -0.600399 -2.289647 -1.000000
v -0.596477 -2.276118 1.000000
v -0.596478 -2.276118 -1.000000
v -0.593269 -2.261679 1.000000
v -0.593269 -2.261679 -1.000000
v -0.590773 -2.246328 1.000000
v -0.590773 -2.246328 -1.000000
v -0.588990 -2.230066 1.000000
v -0.588990 -2.230066 -1.000000
v -0.587921 -2.212893 1.000000
v -0.587921 -2.212893 -1.000000
v -0.587564 -2.194809 1.000000
v -0.587564 -2.194809 -1.000000
v -0.593486 -2.030706 1.000000
v -0.593487 -2.030706 -1.000000
v -0.598894 -1.856897 1.000000
v -0.598894 -1.856897 -1.000000
v -0.603786 -1.673382 1.000000
v -0.603786 -1.673382 -1.000000
v -0.608164 -1.480161 1.000000
v -0.608164 -1.480161 -1.000000
v -0.612026 -1.277236 1.000000
v -0.612026 -1.277236 -1.000000
v -0.615374 -1.064604 1.000000
v -0.615374 -1.064604 -1.000000
v -0.618206 -0.842267 1.000000
v -0.618206 -0.842267 -1.000000
v -0.620524 -0.610224 1.000000
v -0.620524 -0.610224 -1.000000
v -0.622326 -0.368476 1.000000
v -0.622326 -0.368476 -1.000000
v -0.623613 -0.117022 1.000000
v -0.623614 -0.117022 -1.000000
v -0.624386 0.144138 1.000000
v -0.624386 0.144138 -1.000000
v -0.624643 0.415003 1.000000
v -0.624644 0.415003 -1.000000
v -0.624426 0.509186 1.000000
v -0.624426 0.509186 -1.000000
v -0.623772 0.605390 1.000000
v -0.623772 0.605390 -1.000000
v -0.622683 0.703615 1.000000
v -0.622683 0.703615 -1.000000
v -0.621157 0.803860 1.000000
v -0.621157 0.803860 -1.000000
v -0.619196 0.906125 1.000000
v -0.619197 0.906125 -1.000000
v -0.616800 1.010410 1.000000
v -0.616800 1.010410 -1.000000
v -0.613967 1.116716 1.000000
v -0.613967 1.116716 -1.000000
v -0.610699 1.225042 1.000000
v -0.610699 1.225042 -1.000000
v -0.606995 1.335389 1.000000
v -0.606995 1.335389 -1.000000
v -0.602855 1.447756 1.000000
v -0.602856 1.447756 -1.000000
v -0.598280 1.562143 1.000000
v -0.598280 1.562143 -1.000000
v -0.593269 1.678551 1.000000
v -0.593269 1.678551 -1.000000
v -0.647422 1.653613 1.000000
v -0.647422 1.653613 -1.000000
v -0.701496 1.628240 1.000000
v -0.701496 1.628240 -1.000000
v -0.755491 1.602431 1.000000
v -0.755491 1.602431 -1.000000
v -0.809406 1.576187 1.000000
v -0.809406 1.576187 -1.000000
v -0.863242 1.549506 1.000000
v -0.863242 1.549506 -1.000000
v -0.916999 1.522390 1.000000
v -0.917000 1.522390 -1.000000
v -0.970677 1.494838 1.000000
v -0.970677 1.494838 -1.000000
v -1.024276 1.466851 1.000000
v -1.024276 1.466851 -1.000000
v -1.077795 1.438427 1.000000
v -1.077795 1.438427 -1.000000
v -1.131235 1.409568 1.000000
v -1.131235 1.409568 -1.000000
v -1.184596 1.380273 1.000000
v -1.184596 1.380273 -1.000000
v -1.237878 1.350542 1.000000
v -1.237878 1.350542 -1.000000
v -2.307473 1.350542 1.000000
v -2.307473 1.350542 -1.000000
v -2.327399 1.423373 1.000000
v -2.327399 1.423373 -1.000000
v -2.347246 1.499255 1.000000
v -2.347246 1.499255 -1.000000
v -2.367014 1.578187 1.000000
v -2.367014 1.578187 -1.000000
v -2.386702 1.660170 1.000000
v -2.386702 1.660170 -1.000000
v -2.406311 1.745202 1.000000
v -2.406311 1.745202 -1.000000
v -2.425841 1.833286 1.000000
v -2.425841 1.833286 -1.000000
v -2.445292 1.924419 1.000000
v -2.445292 1.924419 -1.000000
v -2.464664 2.018603 1.000000
v -2.464664 2.018603 -1.000000
v -2.483956 2.115837 1.000000
v -2.483956 2.115837 -1.000000
v -2.503169 2.216121 1.000000
v -2.503169 2.216121 -1.000000
v -2.522303 2.319456 1.000000
v -2.522303 2.319456 -1.000000
v -2.541358 2.425841 1.000000
v -2.541358 2.425841 -1.000000
v -0.869937 2.425841 1.000000
v -0.869937 2.425841 -1.000000
v -0.833512 2.425603 1.000000
v -0.833512 2.425603 -1.000000
v -0.795541 2.424891 1.000000
v -0.795541 2.424891 -1.000000
v -0.756025 2.423702 1.000000
v -0.756025 2.423702 -1.000000
v -0.714965 2.422038 1.000000
v -0.714965 2.422038 -1.000000
v -0.672359 2.419899 1.000000
v -0.672359 2.419899 -1.000000
v -0.628209 2.417284 1.000000
v -0.628209 2.417284 -1.000000
v -0.582513 2.414195 1.000000
v -0.582513 2.414195 -1.000000
v -0.535273 2.410629 1.000000
v -0.535273 2.410629 -1.000000
v -0.486487 2.406589 1.000000
v -0.486488 2.406589 -1.000000
v -0.436157 2.402072 1.000000
v -0.436157 2.402072 -1.000000
v -0.384282 2.397081 1.000000
v -0.384282 2.397081 -1.000000
v -0.330861 2.391614 1.000000
v -0.330861 2.391614 -1.000000
v -0.268112 2.605533 1.000000
v -0.268112 2.605533 -1.000000
v -0.322483 2.598244 1.000000
v -0.322483 2.598244 -1.000000
v -0.376260 2.591589 1.000000
v -0.376260 2.591589 -1.000000
v -0.429442 2.585567 1.000000
v -0.429442 2.585567 -1.000000
v -0.482031 2.580180 1.000000
v -0.482031 2.580180 -1.000000
v -0.534025 2.575426 1.000000
v -0.534025 2.575426 -1.000000
v -0.585425 2.571306 1.000000
v -0.585425 2.571306 -1.000000
v -0.636231 2.567820 1.000000
v -0.636231 2.567820 -1.000000
v -0.686442 2.564968 1.000000
v -0.686442 2.564968 -1.000000
v -0.736060 2.562749 1.000000
v -0.736060 2.562749 -1.000000
v -0.785083 2.561164 1.000000
v -0.785083 2.561164 -1.000000
v -0.833512 2.560214 1.000000
v -0.833512 2.560214 -1.000000
v -0.881346 2.559897 1.000000
v -0.881346 2.559897 -1.000000
v -4.537935 2.559897 1.000000
v -4.537935 2.559897 -1.000000
v -4.596288 2.629143 1.000000
v -4.596288 2.629143 -1.000000
v -4.650599 2.692368 1.000000
v -4.650599 2.692368 -1.000000
v -4.700870 2.749572 1.000000
v -4.700870 2.749572 -1.000000
v -4.747100 2.800754 1.000000
v -4.747100 2.800754 -1.000000
v -4.789290 2.845915 1.000000
v -4.789290 2.845915 -1.000000
v -4.827439 2.885054 1.000000
v -4.827439 2.885054 -1.000000
v -4.861547 2.918172 1.000000
v -4.861547 2.918172 -1.000000
v -4.891614 2.945268 1.000000
v -4.891614 2.945268 -1.000000
v -4.917642 2.966343 1.000000
v -4.917642 2.966343 -1.000000
v -4.939628 2.981397 1.000000
v -4.939628 2.981397 -1.000000
v -4.957573 2.990429 1.000000
v -4.957573 2.990429 -1.000000
v -4.971478 2.993439 1.000000
v -4.971478 2.993439 -1.000000
v -4.983144 2.991360 1.000000
v -4.983144 2.991360 -1.000000
v -4.999128 2.985121 1.000000
v -4.999128 2.985121 -1.000000
v -5.019431 2.974722 1.000000
v -5.019431 2.974722 -1.000000
v -5.044051 2.960163 1.000000
v -5.044051 2.960163 -1.000000
v -5.072990 2.941445 1.000000
v -5.072990 2.941445 -1.000000
v -5.106246 2.918568 1.000000
v -5.106246 2.918568 -1.000000
v -5.143821 2.891531 1.000000
v -5.143821 2.891531 -1.000000
v -5.185714 2.860334 1.000000
v -5.185714 2.860334 -1.000000
v -5.231924 2.824979 1.000000
v -5.231924 2.824979 -1.000000
v -5.282453 2.785463 1.000000
v -5.282453 2.785463 -1.000000
v -5.337299 2.741788 1.000000
v -5.337299 2.741788 -1.000000
v -5.396463 2.693953 1.000000
v -5.396463 2.693953 -1.000000
v -5.426531 2.668956 1.000000
v -5.426531 2.668956 -1.000000
v -5.453983 2.645306 1.000000
v -5.453983 2.645306 -1.000000
v -5.478822 2.623003 1.000000
v -5.478822 2.623003 -1.000000
v -5.501046 2.602047 1.000000
v -5.501046 2.602047 -1.000000
v -5.520655 2.582438 1.000000
v -5.520655 2.582438 -1.000000
v -5.537649 2.564175 1.000000
v -5.537649 2.564175 -1.000000
v -5.552030 2.547260 1.000000
v -5.552030 2.547260 -1.000000
v -5.563795 2.531691 1.000000
v -5.563795 2.531691 -1.000000
v -5.572946 2.517469 1.000000
v -5.572946 2.517469 -1.000000
v -5.579482 2.504595 1.000000
v -5.579482 2.504595 -1.000000
v -5.583405 2.493067 1.000000
v -5.583405 2.493067 -1.000000
v -5.584712 2.482886 1.000000
v -5.584712 2.482886 -1.000000
v -5.584177 2.473775 1.000000
v -5.584177 2.473775 -1.000000
v -5.582573 2.465456 1.000000
v -5.582573 2.465456 -1.000000
v -5.579899 2.457929 1.000000
v -5.579899 2.457929 -1.000000
v -5.576155 2.451195 1.000000
v -5.576155 2.451195 -1.000000
v -5.571342 2.445252 1.000000
v -5.571342 2.445252 -1.000000
v -5.565459 2.440102 1.000000
v -5.565459 2.440102 -1.000000
v -5.558507 2.435745 1.000000
v -5.558507 2.435745 -1.000000
v -5.550485 2.432179 1.000000
v -5.550485 2.432179 -1.000000
v -5.541393 2.429406 1.000000
v -5.541393 2.429406 -1.000000
v -5.531232 2.427426 1.000000
v -5.531232 2.427426 -1.000000
v -5.520001 2.426237 1.000000
v -5.520001 2.426237 -1.000000
v -5.507701 2.425841 1.000000
v -5.507701 2.425841 -1.000000
v -3.211637 2.425841 1.000000
v -3.211637 2.425841 -1.000000
v -3.162416 2.326428 1.000000
v -3.162416 2.326428 -1.000000
v -3.111729 2.228798 1.000000
v -3.111729 2.228798 -1.000000
v -3.059577 2.132951 1.000000
v -3.059577 2.132951 -1.000000
v -3.005958 2.038886 1.000000
v -3.005958 2.038886 -1.000000
v -2.950874 1.946603 1.000000
v -2.950874 1.946603 -1.000000
v -2.894324 1.856104 1.000000
v -2.894324 1.856104 -1.000000
v -2.836308 1.767387 1.000000
v -2.836308 1.767387 -1.000000
v -2.776827 1.680453 1.000000
v -2.776827 1.680453 -1.000000
v -2.715880 1.595301 1.000000
v -2.715880 1.595301 -1.000000
v -2.653467 1.511932 1.000000
v -2.653467 1.511932 -1.000000
v -2.589588 1.430346 1.000000
v -2.589588 1.430346 -1.000000
v -2.524244 1.350542 1.000000
v -2.524244 1.350542 -1.000000
v -4.583571 1.350542 1.000000
v -4.583571 1.350542 -1.000000
v -4.625464 1.397010 1.000000
v -4.625464 1.397010 -1.000000
v -4.664623 1.439437 1.000000
v -4.664623 1.439437 -1.000000
v -4.701048 1.477823 1.000000
v -4.701048 1.477823 -1.000000
v -4.734741 1.512169 1.000000
v -4.734741 1.512169 -1.000000
v -4.765699 1.542475 1.000000
v -4.765699 1.542475 -1.000000
v -4.793925 1.568739 1.000000
v -4.793925 1.568739 -1.000000
v -4.819417 1.590963 1.000000
v -4.819417 1.590963 -1.000000
v -4.842175 1.609146 1.000000
v -4.842175 1.609146 -1.000000
v -4.862201 1.623288 1.000000
v -4.862201 1.623288 -1.000000
v -4.879493 1.633390 1.000000
v -4.879493 1.633390 -1.000000
v -4.894051 1.639451 1.000000
v -4.894051 1.639451 -1.000000
v -4.905876 1.641471 1.000000
v -4.905876 1.641471 -1.000000
v -4.918176 1.639847 1.000000
v -4.918176 1.639847 -1.000000
v -4.933210 1.634975 1.000000
v -4.933210 1.634975 -1.000000
v -4.950977 1.626854 1.000000
v -4.950977 1.626854 -1.000000
v -4.971478 1.615484 1.000000
v -4.971478 1.615484 -1.000000
v -4.994711 1.600866 1.000000
v -4.994711 1.600866 -1.000000
v -5.020679 1.583000 1.000000
v -5.020679 1.583000 -1.000000
v -5.049380 1.561886 1.000000
v -5.049380 1.561886 -1.000000
v -5.080814 1.537523 1.000000
v -5.080814 1.537523 -1.000000
v -5.114982 1.509911 1.000000
v -5.114982 1.509911 -1.000000
v -5.151883 1.479051 1.000000
v -5.151883 1.479051 -1.000000
v -5.191518 1.444943 1.000000
v -5.191518 1.444943 -1.000000
v -5.233885 1.407587 1.000000
v -5.233885 1.407587 -1.000000
v -5.255297 1.387165 1.000000
v -5.255297 1.387165 -1.000000
v -5.274847 1.367734 1.000000
v -5.274847 1.367734 -1.000000
v -5.292534 1.349294 1.000000
v -5.292534 1.349294 -1.000000
v -5.308361 1.331843 1.000000
v -5.308361 1.331843 -1.000000
v -5.322325 1.315384 1.000000
v -5.322325 1.315384 -1.000000
v -5.334427 1.299914 1.000000
v -5.334427 1.299914 -1.000000
v -5.344667 1.285435 1.000000
v -5.344667 1.285435 -1.000000
v -5.353046 1.271946 1.000000
v -5.353046 1.271946 -1.000000
v -5.359563 1.259448 1.000000
v -5.359563 1.259448 -1.000000
v -5.364217 1.247940 1.000000
v -5.364217 1.247940 -1.000000
v -5.367010 1.237422 1.000000
v -5.367010 1.237422 -1.000000
v -5.367941 1.227895 1.000000
v -5.367941 1.227895 -1.000000
v -5.366713 1.215258 1.000000
v -5.366713 1.215258 -1.000000
v -5.363029 1.202066 1.000000
v -5.363029 1.202066 -1.000000
v -5.356888 1.188320 1.000000
v -5.356888 1.188320 -1.000000
v -5.348292 1.174019 1.000000
v -5.348292 1.174019 -1.000000
v -5.337239 1.159163 1.000000
v -5.337239 1.159163 -1.000000
v -5.323730 1.143753 1.000000
v -5.323730 1.143753 -1.000000
v -5.307766 1.127788 1.000000
v -5.307766 1.127788 -1.000000
v -5.289345 1.111269 1.000000
v -5.289345 1.111269 -1.000000
v -5.268468 1.094195 1.000000
v -5.268468 1.094195 -1.000000
v -5.245135 1.076567 1.000000
v -5.245135 1.076567 -1.000000
v -5.219346 1.058384 1.000000
v -5.219346 1.058384 -1.000000
v -5.191102 1.039646 1.000000
v -5.191102 1.039646 -1.000000
v -5.191102 0.514831 1.000000
v -5.191102 0.514831 -1.000000
v -5.191398 0.291999 1.000000
v -5.191398 0.291999 -1.000000
v -5.192289 0.069405 1.000000
v -5.192289 0.069404 -1.000000
v -5.193775 -0.152952 1.000000
v -5.193775 -0.152952 -1.000000
v -5.195854 -0.375072 1.000000
v -5.195854 -0.375072 -1.000000
v -5.198528 -0.596953 1.000000
v -5.198528 -0.596953 -1.000000
v -5.201797 -0.818597 1.000000
v -5.201797 -0.818597 -1.000000
v -5.205659 -1.040003 1.000000
v -5.205659 -1.040003 -1.000000
v -5.210115 -1.261172 1.000000
v -5.210115 -1.261172 -0.999999
v -5.215166 -1.482102 1.000000
v -5.215166 -1.482102 -0.999999
v -5.220811 -1.702795 1.000000
v -5.220811 -1.702795 -0.999999
v -5.227051 -1.923251 1.000001
v -5.227051 -1.923251 -0.999999
v -5.233885 -2.143469 1.000001
v -5.233885 -2.143469 -0.999999
v -5.231607 -2.182648 1.000001
v -5.231607 -2.182648 -0.999999
v -5.224773 -2.218420 1.000001
v -5.224773 -2.218420 -0.999999
v -5.213384 -2.250785 1.000001
v -5.213384 -2.250785 -0.999999
v -5.197439 -2.279743 1.000001
v -5.197439 -2.279743 -0.999999
v -5.176939 -2.305295 1.000001
v -5.176939 -2.305295 -0.999999
v -5.151883 -2.327439 1.000001
v -5.151883 -2.327439 -0.999999
v -5.122271 -2.346177 1.000001
v -5.122271 -2.346177 -0.999999
v -5.088103 -2.361508 1.000001
v -5.088103 -2.361508 -0.999999
v -5.049379 -2.373432 1.000001
v -5.049379 -2.373432 -0.999999
v -5.006101 -2.381949 1.000001
v -5.006101 -2.381949 -0.999999
v -4.958266 -2.387060 1.000001
v -4.958266 -2.387060 -0.999999
v -4.905876 -2.388762 1.000000
v -4.905876 -2.388762 -0.999999
v -4.881354 -2.388426 1.000000
v -4.881354 -2.388426 -0.999999
v -4.858180 -2.387416 1.000000
v -4.858180 -2.387416 -0.999999
v -4.836352 -2.385732 1.000000
v -4.836352 -2.385732 -0.999999
v -4.815871 -2.383375 1.000000
v -4.815871 -2.383375 -0.999999
v -4.796738 -2.380344 1.000000
v -4.796738 -2.380344 -0.999999
v -4.778951 -2.376640 1.000000
v -4.778951 -2.376640 -0.999999
v -4.762510 -2.372263 1.000000
v -4.762510 -2.372263 -0.999999
v -4.747417 -2.367212 1.000000
v -4.747417 -2.367212 -0.999999
v -4.733671 -2.361488 1.000000
v -4.733671 -2.361488 -0.999999
v -4.721272 -2.355090 1.000000
v -4.721272 -2.355090 -0.999999
v -4.710219 -2.348019 1.000000
v -4.710219 -2.348019 -0.999999
v -4.700513 -2.340274 1.000000
v -4.700513 -2.340274 -0.999999
v -4.692313 -2.332747 1.000000
v -4.692313 -2.332747 -0.999999
v -4.684826 -2.324429 1.000000
v -4.684826 -2.324429 -0.999999
v -4.678052 -2.315317 1.000000
v -4.678052 -2.315317 -0.999999
v -4.671991 -2.305414 1.000000
v -4.671991 -2.305414 -0.999999
v -4.666643 -2.294718 1.000000
v -4.666643 -2.294718 -0.999999
v -4.662008 -2.283230 1.000000
v -4.662008 -2.283230 -0.999999
v -4.658086 -2.270949 1.000000
v -4.658086 -2.270949 -1.000000
v -4.654878 -2.257876 1.000000
v -4.654878 -2.257876 -1.000000
v -4.652382 -2.244011 1.000000
v -4.652382 -2.244011 -1.000000
v -4.650599 -2.229354 1.000000
v -4.650599 -2.229354 -1.000000
v -4.649529 -2.213904 1.000000
v -4.649529 -2.213904 -1.000000
v -4.649173 -2.197662 1.000000
v -4.649173 -2.197662 -1.000000
v -3.345693 1.216486 1.000000
v -3.345693 1.216486 -1.000000
v -2.447233 1.216486 1.000000
v -2.447233 1.216486 -1.000000
v -2.447233 0.315174 1.000000
v -2.447233 0.315174 -1.000000
v -3.345693 0.315174 1.000000
v -3.345693 0.315174 -1.000000
v -1.933828 -1.869652 1.000000
v -1.933828 -1.869652 -1.000000
v -1.933828 1.216486 1.000000
v -1.933828 1.216486 -1.000000
v -1.166571 1.216486 1.000000
v -1.166572 1.216486 -1.000000
v -1.166571 -1.869652 1.000000
v -1.166572 -1.869652 -1.000000
v -3.853395 -1.869652 1.000000
v -3.853395 -1.869652 -1.000000
v -4.649173 -1.869652 1.000000
v -4.649173 -1.869652 -1.000000
v -4.649173 1.216486 1.000000
v -4.649173 1.216486 -1.000000
v -3.853395 1.216486 1.000000
v -3.853395 1.216486 -1.000000
v -2.447233 -1.869652 1.000000
v -2.447233 -1.869652 -1.000000
v -3.345693 -1.869652 1.000000
v -3.345693 -1.869652 -1.000000
v -3.345693 -0.857102 1.000000
v -3.345693 -0.857103 -1.000000
v -2.447233 -0.857102 1.000000
v -2.447233 -0.857103 -1.000000
v -2.447233 -0.723047 1.000000
v -2.447233 -0.723047 -1.000000
v -3.345693 -0.723047 1.000000
v -3.345693 -0.723047 -1.000000
v -3.345693 0.181118 1.000000
v -3.345693 0.181118 -1.000000
v -2.447233 0.181118 1.000000
v -2.447233 0.181118 -1.000000
v -10.188250 -0.243868 1.000001
v -10.188250 -0.243868 -0.999999
v -10.119221 -0.134294 1.000001
v -10.119221 -0.134294 -0.999999
v -10.052847 -0.022343 1.000001
v -10.052847 -0.022343 -0.999999
v -9.989126 0.091985 1.000001
v -9.989126 0.091985 -0.999999
v -9.928061 0.208689 1.000001
v -9.928061 0.208689 -0.999999
v -9.869648 0.327771 1.000001
v -9.869648 0.327771 -0.999999
v -9.813890 0.449230 1.000001
v -9.813890 0.449229 -0.999999
v -9.760787 0.573065 1.000001
v -9.760787 0.573065 -0.999999
v -9.710338 0.699277 1.000001
v -9.710338 0.699277 -0.999999
v -9.662542 0.827866 1.000001
v -9.662542 0.827866 -0.999999
v -9.617401 0.958832 1.000001
v -9.617401 0.958832 -0.999999
v -9.574915 1.092175 1.000001
v -9.574915 1.092175 -0.999999
v -9.535083 1.227895 1.000001
v -9.535083 1.227895 -0.999999
v -9.535083 0.905590 1.000001
v -9.535083 0.905590 -0.999999
v -9.535242 0.811921 1.000001
v -9.535242 0.811921 -0.999999
v -9.535717 0.707755 1.000001
v -9.535717 0.707755 -0.999999
v -9.536509 0.593090 1.000001
v -9.536509 0.593090 -0.999999
v -9.537619 0.467928 1.000001
v -9.537619 0.467928 -0.999999
v -9.539044 0.332267 1.000001
v -9.539044 0.332267 -0.999999
v -9.540788 0.186109 1.000001
v -9.540788 0.186109 -0.999999
v -9.542848 0.029453 1.000001
v -9.542848 0.029453 -0.999999
v -9.545224 -0.137701 1.000001
v -9.545224 -0.137701 -0.999999
v -9.547918 -0.315353 1.000001
v -9.547918 -0.315353 -0.999999
v -9.550928 -0.503502 1.000001
v -9.550928 -0.503502 -0.999999
v -9.554256 -0.702150 1.000001
v -9.554256 -0.702150 -0.999999
v -9.557901 -0.911295 1.000001
v -9.557901 -0.911295 -0.999999
v -9.803195 -0.911295 1.000001
v -9.803195 -0.911295 -0.999999
v -9.845167 -0.859816 1.000001
v -9.845167 -0.859816 -0.999999
v -9.884563 -0.812813 1.000001
v -9.884563 -0.812813 -0.999999
v -9.921386 -0.770287 1.000001
v -9.921386 -0.770287 -0.999999
v -9.955633 -0.732237 1.000001
v -9.955633 -0.732237 -0.999999
v -9.987305 -0.698664 1.000001
v -9.987305 -0.698664 -0.999999
v -10.016402 -0.669567 1.000001
v -10.016402 -0.669567 -0.999999
v -10.042924 -0.644946 1.000001
v -10.042924 -0.644946 -0.999999
v -10.066871 -0.624802 1.000001
v -10.066871 -0.624802 -0.999999
v -10.088243 -0.609135 1.000001
v -10.088243 -0.609135 -0.999999
v -10.107039 -0.597943 1.000001
v -10.107039 -0.597944 -0.999999
v -10.123261 -0.591229 1.000001
v -10.123261 -0.591229 -0.999999
v -10.136909 -0.588991 1.000001
v -10.136909 -0.588991 -0.999999
v -10.147902 -0.590575 1.000001
v -10.147902 -0.590575 -0.999999
v -10.161866 -0.595329 1.000001
v -10.161866 -0.595329 -0.999999
v -10.178801 -0.603252 1.000001
v -10.178801 -0.603252 -0.999999
v -10.198708 -0.614344 1.000001
v -10.198708 -0.614344 -0.999999
v -10.221585 -0.628605 1.000001
v -10.221585 -0.628605 -0.999999
v -10.247433 -0.646036 1.000001
v -10.247433 -0.646036 -0.999999
v -10.276253 -0.666635 1.000001
v -10.276253 -0.666635 -0.999999
v -10.308044 -0.690404 1.000001
v -10.308044 -0.690404 -0.999999
v -10.342806 -0.717342 1.000001
v -10.342806 -0.717342 -0.999999
v -10.380539 -0.747449 1.000001
v -10.380539 -0.747449 -0.999999
v -10.421243 -0.780725 1.000001
v -10.421243 -0.780726 -0.999999
v -10.464917 -0.817171 1.000001
v -10.464917 -0.817171 -0.999999
v -10.486330 -0.836226 1.000001
v -10.486330 -0.836226 -0.999999
v -10.505880 -0.854409 1.000001
v -10.505880 -0.854409 -0.999999
v -10.523568 -0.871720 1.000001
v -10.523568 -0.871720 -0.999999
v -10.539394 -0.888160 1.000001
v -10.539394 -0.888160 -0.999999
v -10.553359 -0.903729 1.000001
v -10.553359 -0.903729 -0.999999
v -10.565461 -0.918426 1.000001
v -10.565461 -0.918426 -0.999999
v -10.575701 -0.932251 1.000001
v -10.575701 -0.932252 -0.999999
v -10.584079 -0.945206 1.000001
v -10.584079 -0.945206 -0.999999
v -10.590596 -0.957288 1.000001
v -10.590596 -0.957288 -0.999999
v -10.595251 -0.968499 1.000001
v -10.595251 -0.968499 -0.999999
v -10.598044 -0.978838 1.000001
v -10.598044 -0.978838 -0.999999
v -10.598974 -0.988306 1.000001
v -10.598974 -0.988306 -0.999999
v -10.598439 -0.997418 1.000001
v -10.598439 -0.997418 -0.999999
v -10.596834 -1.005737 1.000001
v -10.596834 -1.005737 -0.999999
v -10.594160 -1.013263 1.000001
v -10.594160 -1.013263 -0.999999
v -10.590418 -1.019998 1.000001
v -10.590418 -1.019998 -0.999999
v -10.585604 -1.025940 1.000001
v -10.585604 -1.025940 -0.999999
v -10.579720 -1.031090 1.000001
v -10.579720 -1.031090 -0.999999
v -10.572768 -1.035448 1.000001
v -10.572768 -1.035448 -0.999999
v -10.564747 -1.039013 1.000001
v -10.564747 -1.039013 -0.999999
v -10.555655 -1.041786 1.000001
v -10.555655 -1.041786 -0.999999
v -10.545493 -1.043767 1.000001
v -10.545493 -1.043767 -0.999999
v -10.534263 -1.044955 1.000001
v -10.534263 -1.044955 -0.999999
v -10.521963 -1.045351 1.000001
v -10.521963 -1.045351 -0.999999
v -9.563606 -1.045351 1.000001
v -9.563606 -1.045351 -0.999999
v -9.564121 -1.096811 1.000001
v -9.564121 -1.096811 -0.999999
v -9.564715 -1.150409 1.000001
v -9.564715 -1.150409 -0.999999
v -9.565389 -1.206147 1.000001
v -9.565389 -1.206147 -0.999999
v -9.566141 -1.264024 1.000001
v -9.566141 -1.264024 -0.999999
v -9.566974 -1.324040 1.000001
v -9.566974 -1.324040 -0.999999
v -9.567884 -1.386195 1.000001
v -9.567884 -1.386195 -0.999999
v -9.568875 -1.450490 1.000001
v -9.568875 -1.450490 -0.999999
v -9.569944 -1.516924 1.000001
v -9.569944 -1.516924 -0.999999
v -9.571094 -1.585497 1.000001
v -9.571094 -1.585497 -0.999999
v -9.572321 -1.656209 1.000001
v -9.572321 -1.656209 -0.999999
v -9.573628 -1.729060 1.000001
v -9.573628 -1.729060 -0.999999
v -9.575015 -1.804051 1.000001
v -9.575015 -1.804051 -0.999999
v -9.575926 -1.855490 1.000001
v -9.575926 -1.855490 -0.999999
v -9.576758 -1.903325 1.000001
v -9.576758 -1.903325 -0.999999
v -9.577511 -1.947555 1.000001
v -9.577511 -1.947555 -0.999999
v -9.578184 -1.988179 1.000001
v -9.578184 -1.988179 -0.999999
v -9.578779 -2.025199 1.000001
v -9.578779 -2.025199 -0.999999
v -9.579294 -2.058614 1.000001
v -9.579294 -2.058614 -0.999999
v -9.579729 -2.088424 1.000001
v -9.579729 -2.088424 -0.999999
v -9.580086 -2.114629 1.000001
v -9.580086 -2.114629 -0.999999
v -9.580363 -2.137229 1.000001
v -9.580363 -2.137229 -0.999999
v -9.580561 -2.156225 1.000001
v -9.580561 -2.156225 -0.999999
v -9.580680 -2.171615 1.000001
v -9.580680 -2.171615 -0.999999
v -9.580719 -2.183400 1.000001
v -9.580719 -2.183400 -0.999999
v -9.578382 -2.218024 1.000001
v -9.578382 -2.218024 -0.999999
v -9.571370 -2.249636 1.000001
v -9.571370 -2.249636 -0.999999
v -9.559685 -2.278238 1.000001
v -9.559685 -2.278238 -0.999999
v -9.543324 -2.303829 1.000001
v -9.543324 -2.303829 -0.999999
v -9.522287 -2.326409 1.000001
v -9.522287 -2.326409 -0.999999
v -9.496578 -2.345979 1.000001
v -9.496578 -2.345979 -0.999999
v -9.466193 -2.362538 1.000001
v -9.466193 -2.362538 -0.999999
v -9.431134 -2.376086 1.000001
v -9.431134 -2.376086 -0.999999
v -9.391401 -2.386623 1.000001
v -9.391401 -2.386623 -0.999999
v -9.346992 -2.394150 1.000001
v -9.346992 -2.394150 -0.999999
v -9.297911 -2.398666 1.000001
v -9.297911 -2.398666 -0.999999
v -9.244154 -2.400172 1.000001
v -9.244154 -2.400172 -0.999999
v -9.203152 -2.399003 1.000001
v -9.203152 -2.399003 -0.999999
v -9.165716 -2.395497 1.000001
v -9.165716 -2.395497 -0.999999
v -9.131845 -2.389654 1.000001
v -9.131845 -2.389654 -0.999999
v -9.101541 -2.381473 1.000001
v -9.101541 -2.381473 -0.999999
v -9.074800 -2.370956 1.000001
v -9.074800 -2.370956 -0.999999
v -9.051626 -2.358101 1.000001
v -9.051626 -2.358101 -0.999999
v -9.032017 -2.342909 1.000001
v -9.032017 -2.342909 -0.999999
v -9.015973 -2.325379 1.000001
v -9.015973 -2.325379 -0.999999
v -9.003494 -2.305512 1.000001
v -9.003494 -2.305512 -0.999999
v -8.994581 -2.283308 1.000001
v -8.994581 -2.283308 -0.999999
v -8.989233 -2.258767 1.000001
v -8.989233 -2.258767 -0.999999
v -8.987451 -2.231889 1.000001
v -8.987451 -2.231889 -0.999999
v -8.987569 -2.170922 1.000001
v -8.987569 -2.170922 -0.999999
v -8.987926 -2.103062 1.000001
v -8.987926 -2.103062 -0.999999
v -8.988520 -2.028309 1.000001
v -8.988520 -2.028309 -0.999999
v -8.989352 -1.946663 1.000001
v -8.989352 -1.946663 -0.999999
v -8.990421 -1.858125 1.000001
v -8.990421 -1.858125 -0.999999
v -8.991729 -1.762693 1.000001
v -8.991729 -1.762693 -0.999999
v -8.993274 -1.660368 1.000001
v -8.993274 -1.660368 -0.999999
v -8.995056 -1.551151 1.000001
v -8.995056 -1.551151 -0.999999
v -8.997077 -1.435040 1.000001
v -8.997077 -1.435040 -0.999999
v -8.999334 -1.312037 1.000001
v -8.999334 -1.312037 -0.999999
v -9.001830 -1.182140 1.000001
v -9.001830 -1.182140 -0.999999
v -9.004564 -1.045351 1.000001
v -9.004564 -1.045351 -0.999999
v -8.454079 -1.045351 1.000001
v -8.454079 -1.045351 -0.999999
v -8.428864 -1.045589 1.000001
v -8.428864 -1.045589 -0.999999
v -8.402659 -1.046302 1.000001
v -8.402659 -1.046302 -0.999999
v -8.375464 -1.047490 1.000001
v -8.375464 -1.047490 -0.999999
v -8.347279 -1.049154 1.000001
v -8.347279 -1.049154 -0.999999
v -8.318102 -1.051293 1.000001
v -8.318102 -1.051293 -0.999999
v -8.287936 -1.053908 1.000001
v -8.287936 -1.053908 -0.999999
v -8.256779 -1.056998 1.000001
v -8.256779 -1.056998 -0.999999
v -8.224631 -1.060563 1.000001
v -8.224631 -1.060563 -0.999999
v -8.191494 -1.064604 1.000001
v -8.191494 -1.064604 -0.999999
v -8.157366 -1.069120 1.000001
v -8.157366 -1.069120 -0.999999
v -8.122248 -1.074111 1.000001
v -8.122248 -1.074111 -0.999999
v -8.086139 -1.079578 1.000001
v -8.086139 -1.079578 -0.999999
v -8.023389 -0.865659 1.000001
v -8.023389 -0.865659 -0.999999
v -8.059339 -0.872948 1.000001
v -8.059339 -0.872948 -0.999999
v -8.094933 -0.879604 1.000001
v -8.094933 -0.879604 -0.999999
v -8.130170 -0.885625 1.000001
v -8.130170 -0.885625 -0.999999
v -8.165051 -0.891013 1.000001
v -8.165051 -0.891013 -0.999999
v -8.199574 -0.895766 1.000001
v -8.199574 -0.895766 -0.999999
v -8.233742 -0.899886 1.000001
v -8.233742 -0.899886 -0.999999
v -8.267553 -0.903372 1.000001
v -8.267553 -0.903372 -0.999999
v -8.301008 -0.906225 1.000001
v -8.301008 -0.906225 -0.999999
v -8.334105 -0.908443 1.000001
v -8.334105 -0.908443 -0.999999
v -8.366847 -0.910028 1.000001
v -8.366847 -0.910028 -0.999999
v -8.399232 -0.910978 1.000001
v -8.399232 -0.910978 -0.999999
v -8.431261 -0.911295 1.000001
v -8.431261 -0.911295 -0.999999
v -9.004564 -0.911295 1.000001
v -9.004564 -0.911295 -0.999999
v -9.007298 -0.804593 1.000001
v -9.007298 -0.804593 -0.999999
v -9.009793 -0.694603 1.000001
v -9.009793 -0.694603 -0.999999
v -9.012052 -0.581325 1.000001
v -9.012052 -0.581325 -0.999999
v -9.014071 -0.464759 1.000001
v -9.014071 -0.464759 -0.999999
v -9.015854 -0.344905 1.000001
v -9.015854 -0.344905 -0.999999
v -9.017399 -0.221763 1.000001
v -9.017399 -0.221763 -0.999999
v -9.018706 -0.095333 1.000001
v -9.018706 -0.095333 -0.999999
v -9.019775 0.034385 1.000001
v -9.019775 0.034385 -0.999999
v -9.020607 0.167391 1.000001
v -9.020607 0.167391 -0.999999
v -9.021202 0.303685 1.000001
v -9.021202 0.303685 -0.999999
v -9.021558 0.443268 1.000001
v -9.021558 0.443268 -0.999999
v -9.021677 0.586138 1.000001
v -9.021677 0.586138 -0.999999
v -8.964315 0.489676 1.000001
v -8.964315 0.489676 -0.999999
v -8.905369 0.395195 1.000001
v -8.905369 0.395195 -0.999999
v -8.844838 0.302695 1.000001
v -8.844838 0.302695 -0.999999
v -8.782722 0.212176 1.000001
v -8.782722 0.212176 -0.999999
v -8.719023 0.123637 1.000001
v -8.719023 0.123637 -0.999999
v -8.653737 0.037079 1.000001
v -8.653737 0.037079 -0.999999
v -8.586868 -0.047498 1.000001
v -8.586868 -0.047498 -0.999999
v -8.518414 -0.130095 1.000001
v -8.518414 -0.130095 -0.999999
v -8.448376 -0.210711 1.000001
v -8.448376 -0.210711 -0.999999
v -8.376752 -0.289346 1.000001
v -8.376752 -0.289346 -0.999999
v -8.303545 -0.366000 1.000001
v -8.303545 -0.366000 -0.999999
v -8.228751 -0.440674 1.000001
v -8.228751 -0.440674 -0.999999
v -8.164813 -0.501957 1.000001
v -8.164813 -0.501957 -0.999999
v -8.098498 -0.563162 1.000001
v -8.098498 -0.563162 -0.999999
v -8.029806 -0.624287 1.000001
v -8.029806 -0.624287 -0.999999
v -7.958737 -0.685333 1.000001
v -7.958737 -0.685334 -0.999999
v -7.885292 -0.746300 1.000001
v -7.885292 -0.746300 -0.999999
v -7.809470 -0.807188 1.000001
v -7.809470 -0.807188 -0.999999
v -7.731270 -0.867996 1.000001
v -7.731270 -0.867997 -0.999999
v -7.650694 -0.928726 1.000001
v -7.650694 -0.928726 -0.999999
v -7.567741 -0.989376 1.000001
v -7.567741 -0.989376 -0.999999
v -7.482411 -1.049947 1.000001
v -7.482411 -1.049947 -0.999999
v -7.394704 -1.110438 1.000001
v -7.394704 -1.110438 -0.999999
v -7.304621 -1.170850 1.000001
v -7.304621 -1.170850 -0.999999
v -7.304106 -1.171306 1.000001
v -7.304106 -1.171306 -0.999999
v -7.303512 -1.171722 1.000001
v -7.303512 -1.171722 -0.999999
v -7.302838 -1.172098 1.000001
v -7.302838 -1.172098 -0.999999
v -7.302085 -1.172435 1.000001
v -7.302085 -1.172435 -0.999999
v -7.301253 -1.172732 1.000001
v -7.301253 -1.172732 -0.999999
v -7.300342 -1.172989 1.000001
v -7.300342 -1.172989 -0.999999
v -7.299351 -1.173207 1.000001
v -7.299351 -1.173207 -0.999999
v -7.298282 -1.173386 1.000001
v -7.298282 -1.173386 -0.999999
v -7.297133 -1.173524 1.000001
v -7.297133 -1.173524 -0.999999
v -7.295905 -1.173623 1.000001
v -7.295905 -1.173623 -0.999999
v -7.294598 -1.173683 1.000001
v -7.294598 -1.173683 -0.999999
v -7.293212 -1.173703 1.000001
v -7.293212 -1.173703 -0.999999
v -7.285011 -1.173366 1.000001
v -7.285011 -1.173366 -0.999999
v -7.277524 -1.172356 1.000001
v -7.277524 -1.172356 -0.999999
v -7.270751 -1.170672 1.000001
v -7.270751 -1.170672 -0.999999
v -7.264689 -1.168315 1.000001
v -7.264689 -1.168315 -0.999999
v -7.259341 -1.165285 1.000001
v -7.259341 -1.165285 -0.999999
v -7.254706 -1.161581 1.000001
v -7.254706 -1.161581 -0.999999
v -7.250785 -1.157203 1.000001
v -7.250785 -1.157203 -0.999999
v -7.247576 -1.152152 1.000001
v -7.247576 -1.152152 -0.999999
v -7.245080 -1.146428 1.000001
v -7.245080 -1.146428 -0.999999
v -7.243298 -1.140030 1.000001
v -7.243298 -1.140030 -0.999999
v -7.242229 -1.132959 1.000001
v -7.242229 -1.132959 -0.999999
v -7.241871 -1.125214 1.000001
v -7.241871 -1.125214 -0.999999
v -7.241911 -1.123808 1.000001
v -7.241911 -1.123808 -0.999999
v -7.242029 -1.122441 1.000001
v -7.242029 -1.122441 -0.999999
v -7.242227 -1.121114 1.000001
v -7.242227 -1.121114 -0.999999
v -7.242504 -1.119827 1.000001
v -7.242504 -1.119827 -0.999999
v -7.242861 -1.118579 1.000001
v -7.242861 -1.118579 -0.999999
v -7.243297 -1.117371 1.000001
v -7.243297 -1.117371 -0.999999
v -7.243812 -1.116202 1.000001
v -7.243812 -1.116202 -0.999999
v -7.244406 -1.115073 1.000001
v -7.244406 -1.115073 -0.999999
v -7.245079 -1.113984 1.000001
v -7.245079 -1.113984 -0.999999
v -7.245832 -1.112934 1.000001
v -7.245832 -1.112934 -0.999999
v -7.246664 -1.111924 1.000001
v -7.246664 -1.111924 -0.999999
v -7.247576 -1.110953 1.000001
v -7.247576 -1.110953 -0.999999
v -7.415225 -0.933539 1.000001
v -7.415225 -0.933539 -0.999999
v -7.574951 -0.751173 1.000001
v -7.574951 -0.751173 -0.999999
v -7.726755 -0.563855 1.000001
v -7.726755 -0.563855 -0.999999
v -7.870635 -0.371586 1.000001
v -7.870635 -0.371586 -0.999999
v -8.006593 -0.174364 1.000001
v -8.006593 -0.174364 -0.999999
v -8.134626 0.027809 1.000001
v -8.134626 0.027809 -0.999999
v -8.254739 0.234934 1.000001
v -8.254739 0.234934 -0.999999
v -8.366927 0.447011 1.000001
v -8.366927 0.447011 -0.999999
v -8.471192 0.664040 1.000001
v -8.471192 0.664039 -0.999999
v -8.567535 0.886020 1.000001
v -8.567535 0.886020 -0.999999
v -8.655955 1.112952 1.000001
v -8.655955 1.112952 -0.999999
v -8.736452 1.344837 1.000001
v -8.736452 1.344837 -0.999999
v -7.912150 1.344837 1.000001
v -7.912150 1.344837 -0.999999
v -7.887847 1.344599 1.000001
v -7.887847 1.344599 -0.999999
v -7.862474 1.343886 1.000001
v -7.862474 1.343886 -0.999999
v -7.836032 1.342698 1.000001
v -7.836032 1.342698 -0.999999
v -7.808519 1.341034 1.000001
v -7.808519 1.341034 -0.999999
v -7.779938 1.338895 1.000001
v -7.779938 1.338895 -0.999999
v -7.750287 1.336280 1.000001
v -7.750287 1.336280 -0.999999
v -7.719565 1.333190 1.000001
v -7.719565 1.333190 -0.999999
v -7.687775 1.329625 1.000001
v -7.687775 1.329625 -0.999999
v -7.654915 1.325585 1.000001
v -7.654915 1.325585 -0.999999
v -7.620985 1.321068 1.000001
v -7.620985 1.321068 -0.999999
v -7.585986 1.316077 1.000001
v -7.585986 1.316077 -0.999999
v -7.549915 1.310610 1.000001
v -7.549915 1.310610 -0.999999
v -7.484313 1.524529 1.000001
v -7.484313 1.524529 -0.999999
v -7.520679 1.517240 1.000001
v -7.520679 1.517240 -0.999999
v -7.556570 1.510585 1.000001
v -7.556570 1.510585 -0.999999
v -7.591986 1.504563 1.000001
v -7.591986 1.504563 -0.999999
v -7.626925 1.499176 1.000001
v -7.626925 1.499176 -0.999999
v -7.661390 1.494422 1.000001
v -7.661390 1.494422 -0.999999
v -7.695380 1.490302 1.000001
v -7.695380 1.490302 -0.999999
v -7.728894 1.486816 1.000001
v -7.728894 1.486816 -0.999999
v -7.761932 1.483964 1.000001
v -7.761932 1.483964 -0.999999
v -7.794496 1.481745 1.000001
v -7.794496 1.481745 -0.999999
v -7.826583 1.480160 1.000001
v -7.826583 1.480160 -0.999999
v -7.858196 1.479210 1.000001
v -7.858196 1.479210 -0.999999
v -7.889333 1.478893 1.000001
v -7.889333 1.478893 -0.999999
v -9.004564 1.478893 1.000001
v -9.004564 1.478893 -0.999999
v -9.004564 2.163434 1.000001
v -9.004564 2.163434 -0.999999
v -9.004327 2.230462 1.000001
v -9.004327 2.230462 -0.999999
v -9.003613 2.296539 1.000001
v -9.003613 2.296539 -0.999999
v -9.002425 2.361665 1.000001
v -9.002425 2.361665 -0.999999
v -9.000761 2.425841 1.000001
v -9.000761 2.425841 -0.999999
v -8.998622 2.489066 1.000001
v -8.998622 2.489066 -0.999999
v -8.996008 2.551341 1.000001
v -8.996008 2.551341 -0.999999
v -8.992918 2.612664 1.000001
v -8.992918 2.612664 -0.999999
v -8.989352 2.673037 1.000001
v -8.989352 2.673037 -0.999999
v -8.985312 2.732458 1.000001
v -8.985312 2.732458 -0.999999
v -8.980795 2.790930 1.000001
v -8.980795 2.790930 -0.999999
v -8.975803 2.848450 1.000001
v -8.975803 2.848450 -0.999999
v -8.970337 2.905020 1.000001
v -8.970337 2.905020 -0.999999
v -9.047130 2.897849 1.000001
v -9.047130 2.897849 -0.999999
v -9.119684 2.890600 1.000001
v -9.119684 2.890600 -0.999999
v -9.188000 2.883271 1.000001
v -9.188000 2.883271 -0.999999
v -9.252076 2.875863 1.000001
v -9.252076 2.875863 -0.999999
v -9.311913 2.868376 1.000001
v -9.311913 2.868376 -0.999999
v -9.367513 2.860810 1.000001
v -9.367513 2.860810 -0.999999
v -9.418873 2.853164 1.000001
v -9.418873 2.853164 -0.999999
v -9.465995 2.845439 1.000001
v -9.465995 2.845439 -0.999999
v -9.508878 2.837635 1.000001
v -9.508878 2.837635 -0.999999
v -9.547522 2.829752 1.000001
v -9.547522 2.829752 -0.999999
v -9.581927 2.821789 1.000001
v -9.581927 2.821789 -0.999999
v -9.612094 2.813747 1.000001
v -9.612094 2.813747 -0.999999
v -9.634417 2.806894 1.000001
v -9.634417 2.806894 -0.999999
v -9.654799 2.799645 1.000001
v -9.654799 2.799645 -0.999999
v -9.673239 2.791999 1.000001
v -9.673239 2.791999 -0.999999
v -9.689738 2.783957 1.000001
v -9.689738 2.783957 -0.999999
v -9.704296 2.775519 1.000001
v -9.704296 2.775519 -0.999999
v -9.716913 2.766685 1.000001
v -9.716913 2.766685 -0.999999
v -9.727591 2.757455 1.000001
v -9.727591 2.757455 -0.999999
v -9.736325 2.747829 1.000001
v -9.736325 2.747829 -0.999999
v -9.743119 2.737806 1.000001
v -9.743119 2.737806 -0.999999
v -9.747972 2.727387 1.000001
v -9.747972 2.727387 -0.999999
v -9.750883 2.716573 1.000001
v -9.750883 2.716573 -0.999999
v -9.751854 2.705362 1.000001
v -9.751854 2.705362 -0.999999
v -9.750348 2.691041 1.000001
v -9.750348 2.691041 -0.999999
v -9.745832 2.676602 1.000001
v -9.745832 2.676602 -0.999999
v -9.738305 2.662043 1.000001
v -9.738305 2.662043 -0.999999
v -9.727768 2.647366 1.000001
v -9.727768 2.647366 -0.999999
v -9.714220 2.632570 1.000001
v -9.714220 2.632570 -0.999999
v -9.697660 2.617655 1.000001
v -9.697660 2.617655 -0.999999
v -9.678091 2.602621 1.000001
v -9.678091 2.602621 -0.999999
v -9.655512 2.587469 1.000001
v -9.655512 2.587469 -0.999999
v -9.629920 2.572197 1.000001
v -9.629920 2.572197 -0.999999
v -9.601318 2.556807 1.000001
v -9.601318 2.556807 -0.999999
v -9.569706 2.541298 1.000001
v -9.569706 2.541298 -0.999999
v -9.535083 2.525670 1.000001
v -9.535083 2.525670 -0.999999
v -9.535083 1.478893 1.000001
v -9.535083 1.478893 -0.999999
v -10.510554 1.478893 1.000001
v -10.510554 1.478893 -0.999999
v -10.559815 1.540395 1.000001
v -10.559815 1.540395 -0.999999
v -10.605867 1.596548 1.000001
v -10.605867 1.596548 -0.999999
v -10.648709 1.647354 1.000001
v -10.648709 1.647354 -0.999999
v -10.688344 1.692812 1.000001
v -10.688344 1.692812 -0.999999
v -10.724770 1.732922 1.000001
v -10.724770 1.732922 -0.999999
v -10.757986 1.767684 1.000001
v -10.757986 1.767684 -0.999999
v -10.787994 1.797097 1.000001
v -10.787994 1.797097 -0.999999
v -10.814795 1.821163 1.000001
v -10.814795 1.821163 -0.999999
v -10.838385 1.839881 1.000001
v -10.838385 1.839881 -0.999999
v -10.858766 1.853251 1.000001
v -10.858766 1.853251 -0.999999
v -10.875939 1.861273 1.000001
v -10.875939 1.861273 -0.999999
v -10.889903 1.863947 1.000001
v -10.889903 1.863947 -0.999999
v -10.903669 1.862204 1.000001
v -10.903669 1.862204 -0.999999
v -10.920248 1.856975 1.000001
v -10.920248 1.856975 -0.999999
v -10.939640 1.848260 1.000001
v -10.939640 1.848260 -0.999999
v -10.961843 1.836058 1.000001
v -10.961843 1.836058 -0.999999
v -10.986860 1.820371 1.000001
v -10.986860 1.820371 -0.999999
v -11.014689 1.801198 1.000001
v -11.014689 1.801198 -0.999999
v -11.045331 1.778538 1.000001
v -11.045331 1.778538 -0.999999
v -11.078786 1.752392 1.000001
v -11.078786 1.752392 -0.999999
v -11.115053 1.722761 1.000001
v -11.115053 1.722761 -0.999999
v -11.154132 1.689643 1.000001
v -11.154132 1.689643 -0.999999
v -11.196024 1.653039 1.000001
v -11.196024 1.653039 -0.999999
v -11.240730 1.612949 1.000001
v -11.240730 1.612949 -0.999999
v -11.269886 1.587080 1.000001
v -11.269886 1.587080 -0.999999
v -11.296507 1.562718 1.000001
v -11.296507 1.562718 -0.999999
v -11.320593 1.539860 1.000001
v -11.320593 1.539860 -0.999999
v -11.342144 1.518508 1.000001
v -11.342144 1.518508 -0.999999
v -11.361159 1.498661 1.000001
v -11.361159 1.498661 -0.999999
v -11.377639 1.480319 1.000001
v -11.377639 1.480319 -0.999999
v -11.391582 1.463483 1.000001
v -11.391582 1.463483 -0.999999
v -11.402992 1.448152 1.000001
v -11.402992 1.448152 -0.999999
v -11.411866 1.434326 1.000001
v -11.411866 1.434326 -0.999999
v -11.418204 1.422006 1.000001
v -11.418204 1.422006 -0.999999
v -11.422007 1.411191 1.000001
v -11.422007 1.411191 -0.999999
v -11.423275 1.401882 1.000001
v -11.423275 1.401882 -0.999999
v -11.422740 1.392771 1.000001
v -11.422740 1.392771 -0.999999
v -11.421136 1.384452 1.000001
v -11.421136 1.384452 -0.999999
v -11.418462 1.376925 1.000001
v -11.418462 1.376925 -0.999999
v -11.414719 1.370190 1.000001
v -11.414719 1.370190 -0.999999
v -11.409904 1.364248 1.000001
v -11.409904 1.364248 -0.999999
v -11.404022 1.359098 1.000001
v -11.404022 1.359098 -0.999999
v -11.397070 1.354741 1.000001
v -11.397070 1.354741 -0.999999
v -11.389048 1.351175 1.000001
v -11.389048 1.351175 -0.999999
v -11.379956 1.348402 1.000001
v -11.379956 1.348402 -0.999999
v -11.369795 1.346421 1.000001
v -11.369795 1.346421 -0.999999
v -11.358564 1.345233 1.000001
v -11.358564 1.345233 -0.999999
v -11.346264 1.344837 1.000001
v -11.346264 1.344837 -0.999999
v -9.580719 1.344837 1.000001
v -9.580719 1.344837 -0.999999
v -9.635150 1.228489 1.000001
v -9.635150 1.228489 -0.999999
v -9.693859 1.114280 1.000001
v -9.693859 1.114280 -0.999999
v -9.756845 1.002210 1.000001
v -9.756845 1.002210 -0.999999
v -9.824112 0.892280 1.000001
v -9.824112 0.892279 -0.999999
v -9.895656 0.784488 1.000001
v -9.895656 0.784488 -0.999999
v -9.971478 0.678836 1.000001
v -9.971478 0.678836 -0.999999
v -10.051579 0.575323 1.000001
v -10.051579 0.575323 -0.999999
v -10.135957 0.473949 1.000001
v -10.135957 0.473949 -0.999999
v -10.224614 0.374714 1.000001
v -10.224614 0.374714 -0.999999
v -10.317550 0.277619 1.000001
v -10.317550 0.277619 -0.999999
v -10.414763 0.182663 1.000001
v -10.414763 0.182663 -0.999999
v -10.516258 0.089846 1.000001
v -10.516258 0.089846 -0.999999
v -10.600558 0.016083 1.000001
v -10.600558 0.016083 -0.999999
v -10.686126 -0.054985 1.000001
v -10.686126 -0.054985 -0.999999
v -10.772962 -0.123360 1.000001
v -10.772962 -0.123360 -0.999999
v -10.861064 -0.189041 1.000001
v -10.861064 -0.189041 -0.999999
v -10.950434 -0.252029 1.000001
v -10.950434 -0.252029 -0.999999
v -11.041073 -0.312322 1.000001
v -11.041073 -0.312322 -0.999999
v -11.132978 -0.369922 1.000001
v -11.132978 -0.369922 -0.999999
v -11.226152 -0.424828 1.000001
v -11.226152 -0.424828 -0.999999
v -11.320593 -0.477040 1.000001
v -11.320593 -0.477040 -0.999999
v -11.416302 -0.526558 1.000001
v -11.416302 -0.526558 -0.999999
v -11.513279 -0.573382 1.000001
v -11.513279 -0.573383 -0.999999
v -11.611524 -0.617513 1.000001
v -11.611524 -0.617513 -0.999999
v -11.614713 -0.619058 1.000001
v -11.614713 -0.619058 -0.999999
v -11.617624 -0.620841 1.000001
v -11.617624 -0.620841 -0.999999
v -11.620259 -0.622861 1.000001
v -11.620259 -0.622861 -0.999999
v -11.622616 -0.625119 1.000001
v -11.622616 -0.625119 -0.999999
v -11.624697 -0.627615 1.000001
v -11.624697 -0.627615 -0.999999
v -11.626499 -0.630348 1.000001
v -11.626499 -0.630348 -0.999999
v -11.628023 -0.633319 1.000001
v -11.628023 -0.633319 -0.999999
v -11.629272 -0.636528 1.000001
v -11.629272 -0.636528 -0.999999
v -11.630241 -0.639975 1.000001
v -11.630241 -0.639975 -0.999999
v -11.630935 -0.643659 1.000001
v -11.630935 -0.643659 -0.999999
v -11.631351 -0.647581 1.000001
v -11.631351 -0.647581 -0.999999
v -11.631489 -0.651740 1.000001
v -11.631489 -0.651740 -0.999999
v -11.631310 -0.656791 1.000001
v -11.631310 -0.656791 -0.999999
v -11.630774 -0.661485 1.000001
v -11.630774 -0.661486 -0.999999
v -11.629883 -0.665823 1.000001
v -11.629883 -0.665823 -0.999999
v -11.628635 -0.669805 1.000001
v -11.628635 -0.669805 -0.999999
v -11.627030 -0.673429 1.000001
v -11.627030 -0.673429 -0.999999
v -11.625070 -0.676697 1.000001
v -11.625070 -0.676698 -0.999999
v -11.622752 -0.679609 1.000001
v -11.622752 -0.679609 -0.999999
v -11.620078 -0.682164 1.000001
v -11.620078 -0.682164 -0.999999
v -11.617048 -0.684363 1.000001
v -11.617048 -0.684363 -0.999999
v -11.613661 -0.686205 1.000001
v -11.613661 -0.686205 -0.999999
v -11.609918 -0.687691 1.000001
v -11.609918 -0.687691 -0.999999
v -11.605818 -0.688820 1.000001
v -11.605818 -0.688820 -0.999999
v -11.571711 -0.697436 1.000001
v -11.571711 -0.697436 -0.999999
v -11.538791 -0.709974 1.000001
v -11.538791 -0.709974 -0.999999
v -11.507059 -0.726434 1.000001
v -11.507059 -0.726434 -0.999999
v -11.476517 -0.746815 1.000001
v -11.476517 -0.746816 -0.999999
v -11.447163 -0.771119 1.000001
v -11.447163 -0.771119 -0.999999
v -11.418997 -0.799344 1.000001
v -11.418997 -0.799344 -0.999999
v -11.392020 -0.831492 1.000001
v -11.392020 -0.831492 -0.999999
v -11.366232 -0.867561 1.000001
v -11.366232 -0.867561 -0.999999
v -11.341631 -0.907552 1.000001
v -11.341631 -0.907552 -0.999999
v -11.318218 -0.951464 1.000001
v -11.318218 -0.951465 -0.999999
v -11.295995 -0.999299 1.000001
v -11.295995 -0.999299 -0.999999
v -11.274958 -1.051056 1.000001
v -11.274958 -1.051056 -0.999999
v -11.269788 -1.066268 1.000001
v -11.269788 -1.066268 -0.999999
v -11.264736 -1.080529 1.000001
v -11.264736 -1.080529 -0.999999
v -11.259805 -1.093840 1.000001
v -11.259805 -1.093840 -0.999999
v -11.254992 -1.106199 1.000001
v -11.254992 -1.106199 -0.999999
v -11.250297 -1.117608 1.000001
v -11.250297 -1.117608 -0.999999
v -11.245722 -1.128067 1.000001
v -11.245722 -1.128067 -0.999999
v -11.241264 -1.137574 1.000001
v -11.241264 -1.137574 -0.999999
v -11.236926 -1.146131 1.000001
v -11.236926 -1.146131 -0.999999
v -11.232708 -1.153737 1.000001
v -11.232708 -1.153737 -0.999999
v -11.228608 -1.160392 1.000001
v -11.228608 -1.160392 -0.999999
v -11.224627 -1.166097 1.000001
v -11.224627 -1.166097 -0.999999
v -11.220765 -1.170850 1.000001
v -11.220765 -1.170850 -0.999999
v -11.216763 -1.174950 1.000001
v -11.216763 -1.174950 -0.999999
v -11.212366 -1.178694 1.000001
v -11.212366 -1.178694 -0.999999
v -11.207572 -1.182081 1.000001
v -11.207572 -1.182081 -0.999999
v -11.202383 -1.185112 1.000001
v -11.202383 -1.185112 -0.999999
v -11.196796 -1.187786 1.000001
v -11.196796 -1.187786 -0.999999
v -11.190815 -1.190103 1.000001
v -11.190815 -1.190103 -0.999999
v -11.184437 -1.192064 1.000001
v -11.184437 -1.192064 -0.999999
v -11.177664 -1.193668 1.000001
v -11.177664 -1.193668 -0.999999
v -11.170493 -1.194916 1.000001
v -11.170493 -1.194916 -0.999999
v -11.162928 -1.195808 1.000001
v -11.162928 -1.195808 -0.999999
v -11.154965 -1.196342 1.000001
v -11.154965 -1.196342 -0.999999
v -11.146606 -1.196521 1.000001
v -11.146606 -1.196521 -0.999999
v -11.135158 -1.195748 1.000001
v -11.135158 -1.195748 -0.999999
v -11.122679 -1.193431 1.000001
v -11.122679 -1.193431 -0.999999
v -11.109170 -1.189568 1.000001
v -11.109170 -1.189568 -0.999999
v -11.094631 -1.184161 1.000001
v -11.094631 -1.184161 -0.999999
v -11.079062 -1.177209 1.000001
v -11.079062 -1.177209 -0.999999
v -11.062464 -1.168711 1.000001
v -11.062464 -1.168711 -0.999999
v -11.044835 -1.158669 1.000001
v -11.044835 -1.158669 -0.999999
v -11.026176 -1.147082 1.000001
v -11.026176 -1.147082 -0.999999
v -11.006488 -1.133949 1.000001
v -11.006488 -1.133949 -0.999999
v -10.985769 -1.119272 1.000001
v -10.985769 -1.119272 -0.999999
v -10.964021 -1.103050 1.000001
v -10.964021 -1.103050 -0.999999
v -10.941243 -1.085283 1.000001
v -10.941243 -1.085283 -0.999999
v -10.871521 -1.031506 1.000001
v -10.871521 -1.031506 -0.999999
v -10.803068 -0.974758 1.000001
v -10.803068 -0.974758 -0.999999
v -10.735882 -0.915039 1.000001
v -10.735882 -0.915039 -0.999999
v -10.669962 -0.852349 1.000001
v -10.669962 -0.852349 -0.999999
v -10.605311 -0.786688 1.000001
v -10.605311 -0.786688 -0.999999
v -10.541927 -0.718055 1.000001
v -10.541927 -0.718055 -0.999999
v -10.479813 -0.646452 1.000001
v -10.479813 -0.646452 -0.999999
v -10.418964 -0.571877 1.000001
v -10.418964 -0.571877 -0.999999
v -10.359384 -0.494332 1.000001
v -10.359384 -0.494332 -0.999999
v -10.301071 -0.413815 1.000001
v -10.301071 -0.413815 -0.999999
v -10.244026 -0.330327 1.000001
v -10.244026 -0.330327 -0.999999
v -6.662864 -0.677411 1.000001
v -6.662864 -0.677411 -0.999999
v -6.662864 0.620365 1.000001
v -6.662864 0.620365 -0.999999
v -6.615644 0.565855 1.000001
v -6.615644 0.565855 -0.999999
v -6.567155 0.511662 1.000001
v -6.567155 0.511662 -0.999999
v -6.517399 0.457786 1.000001
v -6.517399 0.457786 -0.999999
v -6.466375 0.404227 1.000001
v -6.466375 0.404227 -0.999999
v -6.414084 0.350985 1.000001
v -6.414084 0.350985 -0.999999
v -6.360525 0.298060 1.000001
v -6.360525 0.298060 -0.999999
v -6.305698 0.245452 1.000001
v -6.305698 0.245452 -0.999999
v -6.249604 0.193161 1.000001
v -6.249604 0.193161 -0.999999
v -6.192242 0.141186 1.000000
v -6.192242 0.141186 -0.999999
v -6.133613 0.089529 1.000000
v -6.133613 0.089529 -0.999999
v -6.073715 0.038188 1.000000
v -6.073715 0.038188 -0.999999
v -6.012550 -0.012836 1.000000
v -6.012550 -0.012836 -0.999999
v -6.011580 -0.013291 1.000000
v -6.011580 -0.013291 -0.999999
v -6.010570 -0.013707 1.000000
v -6.010570 -0.013707 -0.999999
v -6.009520 -0.014083 1.000000
v -6.009520 -0.014083 -0.999999
v -6.008430 -0.014420 1.000000
v -6.008430 -0.014420 -0.999999
v -6.007301 -0.014717 1.000000
v -6.007301 -0.014717 -0.999999
v -6.006132 -0.014975 1.000000
v -6.006132 -0.014975 -0.999999
v -6.004924 -0.015193 1.000000
v -6.004924 -0.015193 -0.999999
v -6.003676 -0.015371 1.000000
v -6.003676 -0.015371 -0.999999
v -6.002388 -0.015509 1.000000
v -6.002388 -0.015510 -0.999999
v -6.001062 -0.015609 1.000000
v -6.001062 -0.015609 -0.999999
v -5.999695 -0.015668 1.000000
v -5.999695 -0.015668 -0.999999
v -5.998289 -0.015688 1.000000
v -5.998289 -0.015688 -0.999999
v -5.990544 -0.015371 1.000000
v -5.990544 -0.015371 -0.999999
v -5.983474 -0.014420 1.000000
v -5.983474 -0.014420 -0.999999
v -5.977076 -0.012835 1.000000
v -5.977076 -0.012836 -0.999999
v -5.971351 -0.010617 1.000000
v -5.971351 -0.010617 -0.999999
v -5.966300 -0.007765 1.000000
v -5.966300 -0.007765 -0.999999
v -5.961923 -0.004279 1.000000
v -5.961923 -0.004279 -0.999999
v -5.958219 -0.000159 1.000000
v -5.958219 -0.000159 -0.999999
v -5.955189 0.004595 1.000000
v -5.955189 0.004595 -0.999999
v -5.952831 0.009983 1.000000
v -5.952831 0.009982 -0.999999
v -5.951148 0.016004 1.000000
v -5.951148 0.016004 -0.999999
v -5.950137 0.022659 1.000000
v -5.950137 0.022659 -0.999999
v -5.949800 0.029948 1.000000
v -5.949800 0.029948 -0.999999
v -5.949821 0.030899 1.000000
v -5.949821 0.030899 -0.999999
v -5.949880 0.031850 1.000000
v -5.949880 0.031850 -0.999999
v -5.949979 0.032801 1.000000
v -5.949979 0.032801 -0.999999
v -5.950118 0.033751 1.000000
v -5.950118 0.033751 -0.999999
v -5.950296 0.034702 1.000000
v -5.950296 0.034702 -0.999999
v -5.950514 0.035653 1.000000
v -5.950514 0.035653 -0.999999
v -5.950771 0.036604 1.000000
v -5.950771 0.036603 -0.999999
v -5.951068 0.037554 1.000000
v -5.951068 0.037554 -0.999999
v -5.951405 0.038505 1.000000
v -5.951405 0.038505 -0.999999
v -5.951781 0.039456 1.000000
v -5.951781 0.039456 -0.999999
v -5.952197 0.040407 1.000000
v -5.952197 0.040406 -0.999999
v -5.952653 0.041357 1.000000
v -5.952653 0.041357 -0.999999
v -6.055829 0.175988 1.000000
v -6.055829 0.175988 -0.999999
v -6.155242 0.315570 1.000000
v -6.155242 0.315570 -0.999999
v -6.250891 0.460104 1.000000
v -6.250891 0.460104 -0.999999
v -6.342777 0.609590 1.000000
v -6.342777 0.609590 -0.999999
v -6.430900 0.764027 1.000000
v -6.430900 0.764027 -0.999999
v -6.515260 0.923417 1.000000
v -6.515260 0.923417 -0.999999
v -6.595856 1.087758 1.000000
v -6.595856 1.087758 -0.999999
v -6.672688 1.257051 1.000000
v -6.672688 1.257051 -0.999999
v -6.745758 1.431296 1.000000
v -6.745758 1.431296 -0.999999
v -6.815064 1.610493 1.000000
v -6.815064 1.610493 -0.999999
v -6.880607 1.794641 1.000000
v -6.880607 1.794641 -0.999999
v -6.942385 1.983742 1.000000
v -6.942385 1.983742 -0.999999
v -6.967817 2.065764 1.000000
v -6.967817 2.065764 -0.999999
v -6.991824 2.147350 1.000000
v -6.991824 2.147350 -0.999999
v -7.014404 2.228501 1.000000
v -7.014404 2.228501 -0.999999
v -7.035558 2.309216 1.000000
v -7.035558 2.309216 -0.999999
v -7.055286 2.389495 1.000000
v -7.055286 2.389495 -0.999999
v -7.073588 2.469338 1.000000
v -7.073588 2.469338 -0.999999
v -7.090464 2.548745 1.000000
v -7.090464 2.548745 -0.999999
v -7.105914 2.627717 1.000000
v -7.105914 2.627717 -1.000000
v -7.119937 2.706253 1.000000
v -7.119937 2.706253 -1.000000
v -7.132535 2.784353 1.000000
v -7.132535 2.784353 -1.000000
v -7.143706 2.862018 1.000000
v -7.143706 2.862018 -1.000000
v -7.153451 2.939247 1.000000
v -7.153451 2.939247 -1.000000
v -7.276455 2.904762 1.000000
v -7.276455 2.904762 -0.999999
v -7.388763 2.871664 1.000000
v -7.388763 2.871664 -0.999999
v -7.490375 2.839953 1.000000
v -7.490375 2.839953 -0.999999
v -7.581290 2.809628 1.000001
v -7.581290 2.809628 -0.999999
v -7.661510 2.780689 1.000001
v -7.661510 2.780689 -0.999999
v -7.731033 2.753137 1.000001
v -7.731033 2.753137 -0.999999
v -7.789861 2.726972 1.000001
v -7.789861 2.726972 -0.999999
v -7.837993 2.702193 1.000001
v -7.837993 2.702193 -0.999999
v -7.875429 2.678801 1.000001
v -7.875429 2.678801 -0.999999
v -7.902169 2.656795 1.000001
v -7.902169 2.656795 -0.999999
v -7.918212 2.636175 1.000001
v -7.918212 2.636175 -0.999999
v -7.923560 2.616942 1.000001
v -7.923560 2.616942 -0.999999
v -7.922134 2.601671 1.000001
v -7.922134 2.601671 -0.999999
v -7.917855 2.587231 1.000001
v -7.917855 2.587231 -0.999999
v -7.910725 2.573623 1.000001
v -7.910725 2.573623 -0.999999
v -7.900742 2.560848 1.000001
v -7.900742 2.560848 -0.999999
v -7.887907 2.548904 1.000001
v -7.887907 2.548904 -0.999999
v -7.872219 2.537792 1.000001
v -7.872219 2.537792 -0.999999
v -7.853680 2.527512 1.000001
v -7.853680 2.527512 -0.999999
v -7.832288 2.518064 1.000001
v -7.832288 2.518064 -0.999999
v -7.808043 2.509448 1.000001
v -7.808043 2.509448 -0.999999
v -7.780947 2.501663 1.000001
v -7.780947 2.501663 -0.999999
v -7.750998 2.494711 1.000001
v -7.750998 2.494711 -0.999999
v -7.718198 2.488591 1.000001
v -7.718198 2.488591 -0.999999
v -7.665451 2.352574 1.000001
v -7.665451 2.352574 -0.999999
v -7.611793 2.220241 1.000001
v -7.611793 2.220241 -0.999999
v -7.557223 2.091593 1.000001
v -7.557223 2.091593 -0.999999
v -7.501743 1.966628 1.000001
v -7.501743 1.966628 -0.999999
v -7.445352 1.845348 1.000001
v -7.445352 1.845348 -0.999999
v -7.388049 1.727752 1.000001
v -7.388049 1.727752 -0.999999
v -7.329836 1.613840 1.000001
v -7.329836 1.613840 -0.999999
v -7.270711 1.503612 1.000001
v -7.270711 1.503612 -0.999999
v -7.210675 1.397069 1.000001
v -7.210675 1.397069 -0.999999
v -7.149728 1.294209 1.000001
v -7.149728 1.294209 -0.999999
v -7.087870 1.195034 1.000001
v -7.087870 1.195034 -0.999999
v -7.025100 1.099543 1.000001
v -7.025100 1.099543 -0.999999
v -7.058297 1.094334 1.000001
v -7.058297 1.094334 -0.999999
v -7.089434 1.089164 1.000001
v -7.089434 1.089164 -0.999999
v -7.118511 1.084034 1.000001
v -7.118511 1.084034 -0.999999
v -7.145528 1.078944 1.000001
v -7.145528 1.078944 -0.999999
v -7.170485 1.073893 1.000001
v -7.170485 1.073893 -0.999999
v -7.193382 1.068882 1.000001
v -7.193382 1.068882 -0.999999
v -7.214219 1.063910 1.000001
v -7.214219 1.063910 -0.999999
v -7.232996 1.058978 1.000001
v -7.232996 1.058978 -0.999999
v -7.249713 1.054085 1.000001
v -7.249713 1.054085 -0.999999
v -7.264371 1.049233 1.000001
v -7.264371 1.049233 -0.999999
v -7.276968 1.044420 1.000001
v -7.276968 1.044420 -0.999999
v -7.287507 1.039646 1.000001
v -7.287507 1.039646 -0.999999
v -7.294796 1.036160 1.000001
v -7.294796 1.036160 -0.999999
v -7.301452 1.032357 1.000001
v -7.301452 1.032357 -0.999999
v -7.307473 1.028237 1.000001
v -7.307473 1.028237 -0.999999
v -7.312860 1.023800 1.000001
v -7.312860 1.023800 -0.999999
v -7.317615 1.019046 1.000001
v -7.317615 1.019046 -0.999999
v -7.321734 1.013976 1.000001
v -7.321734 1.013976 -0.999999
v -7.325221 1.008588 1.000001
v -7.325221 1.008588 -0.999999
v -7.328073 1.002884 1.000001
v -7.328073 1.002884 -0.999999
v -7.330291 0.996862 1.000001
v -7.330291 0.996862 -0.999999
v -7.331876 0.990524 1.000001
v -7.331876 0.990524 -0.999999
v -7.332826 0.983869 1.000001
v -7.332826 0.983868 -0.999999
v -7.333143 0.976896 1.000001
v -7.333143 0.976896 -0.999999
v -7.332094 0.965032 1.000001
v -7.332094 0.965032 -0.999999
v -7.328944 0.953207 1.000001
v -7.328944 0.953207 -0.999999
v -7.323695 0.941422 1.000001
v -7.323695 0.941421 -0.999999
v -7.316347 0.929676 1.000001
v -7.316347 0.929676 -0.999999
v -7.306899 0.917970 1.000001
v -7.306899 0.917970 -0.999999
v -7.295351 0.906303 1.000001
v -7.295351 0.906303 -0.999999
v -7.281704 0.894676 1.000001
v -7.281704 0.894676 -0.999999
v -7.265957 0.883089 1.000001
v -7.265957 0.883089 -0.999999
v -7.248111 0.871541 1.000001
v -7.248111 0.871541 -0.999999
v -7.228165 0.860033 1.000001
v -7.228165 0.860033 -0.999999
v -7.206120 0.848565 1.000001
v -7.206120 0.848565 -0.999999
v -7.181974 0.837136 1.000001
v -7.181974 0.837136 -0.999999
v -7.181974 -2.189105 1.000001
v -7.181974 -2.189105 -0.999999
v -7.179874 -2.228284 1.000001
v -7.179874 -2.228284 -0.999999
v -7.173575 -2.264056 1.000001
v -7.173575 -2.264056 -0.999999
v -7.163077 -2.296421 1.000001
v -7.163077 -2.296421 -0.999999
v -7.148380 -2.325379 1.000001
v -7.148380 -2.325379 -0.999999
v -7.129483 -2.350931 1.000001
v -7.129483 -2.350931 -0.999999
v -7.106388 -2.373075 1.000001
v -7.106388 -2.373075 -0.999999
v -7.079093 -2.391813 1.000001
v -7.079093 -2.391813 -0.999999
v -7.047599 -2.407144 1.000001
v -7.047599 -2.407144 -0.999999
v -7.011906 -2.419068 1.000001
v -7.011906 -2.419068 -0.999999
v -6.972013 -2.427585 1.000001
v -6.972013 -2.427585 -0.999999
v -6.927922 -2.432696 1.000001
v -6.927922 -2.432696 -0.999999
v -6.879635 -2.434399 1.000001
v -6.879635 -2.434399 -0.999999
v -6.839545 -2.432854 1.000001
v -6.839545 -2.432854 -0.999999
v -6.802941 -2.428219 1.000001
v -6.802941 -2.428219 -0.999999
v -6.769824 -2.420494 1.000001
v -6.769824 -2.420494 -0.999999
v -6.740191 -2.409679 1.000001
v -6.740191 -2.409679 -0.999999
v -6.714046 -2.395774 1.000001
v -6.714046 -2.395774 -0.999999
v -6.691387 -2.378780 1.000001
v -6.691387 -2.378780 -0.999999
v -6.672213 -2.358695 1.000001
v -6.672213 -2.358695 -0.999999
v -6.656526 -2.335521 1.000001
v -6.656526 -2.335521 -0.999999
v -6.644325 -2.309256 1.000001
v -6.644325 -2.309256 -0.999999
v -6.635609 -2.279902 1.000001
v -6.635609 -2.279902 -0.999999
v -6.630380 -2.247457 1.000001
v -6.630380 -2.247457 -0.999999
v -6.628637 -2.211923 1.000001
v -6.628637 -2.211923 -0.999999
v -6.634104 -2.104092 1.000001
v -6.634104 -2.104092 -0.999999
v -6.639095 -1.992616 1.000001
v -6.639095 -1.992616 -0.999999
v -6.643611 -1.877496 1.000001
v -6.643611 -1.877496 -0.999999
v -6.647652 -1.758731 1.000001
v -6.647652 -1.758731 -0.999999
v -6.651217 -1.636322 1.000001
v -6.651217 -1.636322 -0.999999
v -6.654307 -1.510269 1.000001
v -6.654307 -1.510269 -0.999999
v -6.656922 -1.380570 1.000001
v -6.656922 -1.380570 -0.999999
v -6.659061 -1.247227 1.000001
v -6.659061 -1.247227 -0.999999
v -6.660725 -1.110240 1.000001
v -6.660725 -1.110240 -0.999999
v -6.661913 -0.969608 1.000001
v -6.661913 -0.969608 -0.999999
v -6.662626 -0.825332 1.000001
v -6.662626 -0.825332 -0.999999
vn -0.0000 -0.0000 -1.0000
vn 0.0005 -0.0000 -1.0000
vn -0.0002 -0.0000 -1.0000
vn 0.0001 -0.0000 -1.0000
vn -0.0001 -0.0000 -1.0000
vn 0.0002 -0.0000 -1.0000
vn -0.0000 -0.0000 1.0000
vn 0.0005 -0.0000 1.0000
vn -0.0002 -0.0000 1.0000
vn 0.0001 -0.0000 1.0000
vn -0.0001 -0.0000 1.0000
vn 0.0002 -0.0000 1.0000
vn 0.7071 -0.7071 -0.0000
vn 0.9996 -0.0284 -0.0000
vn -0.7071 -0.7071 -0.0000
vn -0.7071 0.7071 -0.0000
vn 0.4229 0.9062 -0.0000
vn 0.7626 0.6468 -0.0000
vn 0.7543 0.6566 -0.0000
vn 0.7441 0.6680 -0.0000
vn 0.7316 0.6818 -0.0000
vn 0.7157 0.6984 -0.0000
vn 0.6949 0.7191 -0.0000
vn 0.6668 0.7452 -0.0000
vn 0.6270 0.7790 -0.0000
vn 0.5669 0.8238 -0.0000
vn 0.4689 0.8833 -0.0000
vn 0.2944 0.9557 -0.0000
vn 0.4688 0.8833 -0.0000
vn 0.0151 0.9999 -0.0000
vn -0.2375 0.9714 -0.0000
vn -0.3715 0.9284 -0.0000
vn -0.4464 0.8949 -0.0000
vn -0.3714 0.9285 -0.0000
vn -0.4933 0.8699 -0.0000
vn -0.5252 0.8510 -0.0000
vn -0.5481 0.8364 -0.0000
vn -0.5655 0.8248 -0.0000
vn -0.5482 0.8364 -0.0000
vn -0.5790 0.8153 -0.0000
vn -0.5655 0.8247 -0.0000
vn -0.5898 0.8075 -0.0000
vn -0.5987 0.8010 -0.0000
vn -0.6061 0.7954 -0.0000
vn -0.6187 0.7856 -0.0000
vn -0.6350 0.7725 -0.0000
vn -0.6503 0.7597 -0.0000
vn -0.6349 0.7726 -0.0000
vn -0.6680 0.7442 -0.0000
vn -0.6886 0.7251 -0.0000
vn -0.7130 0.7012 -0.0000
vn -0.7419 0.6705 -0.0000
vn -0.7129 0.7012 -0.0000
vn -0.7765 0.6302 -0.0000
vn -0.8180 0.5753 -0.0000
vn -0.7765 0.6301 -0.0000
vn -0.8670 0.4983 -0.0000
vn -0.8180 0.5752 -0.0000
vn -0.9221 0.3869 -0.0000
vn -0.8671 0.4982 -0.0000
vn -0.9747 0.2234 -0.0000
vn -0.9221 0.3868 -0.0000
vn -0.9994 0.0334 -0.0000
vn -0.9922 -0.1243 -0.0000
vn -0.9649 -0.2628 -0.0000
vn -0.9923 -0.1242 -0.0000
vn -0.9113 -0.4117 -0.0000
vn -0.9648 -0.2629 -0.0000
vn -0.8287 -0.5597 -0.0000
vn -0.9113 -0.4118 -0.0000
vn -0.7205 -0.6935 -0.0000
vn -0.5967 -0.8024 -0.0000
vn -0.4698 -0.8828 -0.0000
vn -0.3496 -0.9369 -0.0000
vn -0.2419 -0.9703 -0.0000
vn -0.1484 -0.9889 -0.0000
vn -0.2418 -0.9703 -0.0000
vn -0.0688 -0.9976 -0.0000
vn -0.0161 -0.9999 -0.0000
vn 0.4143 0.9102 -0.0000
vn 0.7506 0.6608 -0.0000
vn 0.4143 0.9101 -0.0000
vn 0.7428 0.6695 -0.0000
vn 0.7334 0.6798 -0.0000
vn 0.7218 0.6921 -0.0000
vn 0.7070 0.7072 -0.0000
vn 0.7218 0.6922 -0.0000
vn 0.6877 0.7260 -0.0000
vn 0.6616 0.7498 -0.0000
vn 0.6245 0.7811 -0.0000
vn 0.5680 0.8230 -0.0000
vn 0.4746 0.8802 -0.0000
vn 0.3027 0.9531 -0.0000
vn 0.0164 0.9999 -0.0000
vn -0.2448 0.9696 -0.0000
vn -0.3800 0.9250 -0.0000
vn -0.4544 0.8908 -0.0000
vn -0.5005 0.8657 -0.0000
vn -0.5317 0.8469 -0.0000
vn -0.5541 0.8325 -0.0000
vn -0.5317 0.8470 -0.0000
vn -0.5709 0.8210 -0.0000
vn -0.5840 0.8117 -0.0000
vn -0.5945 0.8041 -0.0000
vn -0.5840 0.8118 -0.0000
vn -0.6031 0.7977 -0.0000
vn -0.6102 0.7923 -0.0000
vn -0.6030 0.7977 -0.0000
vn -0.6257 0.7800 -0.0000
vn -0.6454 0.7638 -0.0000
vn -0.6615 0.7499 -0.0000
vn -0.6801 0.7331 -0.0000
vn -0.7016 0.7126 -0.0000
vn -0.7267 0.6870 -0.0000
vn -0.7562 0.6543 -0.0000
vn -0.7911 0.6117 -0.0000
vn -0.8321 0.5547 -0.0000
vn -0.7910 0.6118 -0.0000
vn -0.8794 0.4762 -0.0000
vn -0.9308 0.3655 -0.0000
vn -0.8794 0.4761 -0.0000
vn -0.9781 0.2083 -0.0000
vn -0.9309 0.3654 -0.0000
vn -0.9996 0.0296 -0.0000
vn -0.9928 -0.1198 -0.0000
vn -0.9672 -0.2538 -0.0000
vn -0.9928 -0.1197 -0.0000
vn -0.9169 -0.3991 -0.0000
vn -0.9673 -0.2538 -0.0000
vn -0.8381 -0.5455 -0.0000
vn -0.7333 -0.6800 -0.0000
vn -0.6111 -0.7916 -0.0000
vn -0.4835 -0.8753 -0.0000
vn -0.3612 -0.9325 -0.0000
vn -0.4836 -0.8753 -0.0000
vn -0.2505 -0.9681 -0.0000
vn -0.1540 -0.9881 -0.0000
vn -0.0714 -0.9974 -0.0000
vn -0.0167 -0.9999 -0.0000
vn -0.0042 -1.0000 -0.0000
vn -0.0162 -0.9999 -0.0000
vn -0.0314 -0.9995 -0.0000
vn -0.0455 -0.9990 -0.0000
vn -0.0313 -0.9995 -0.0000
vn -0.0586 -0.9983 -0.0000
vn -0.0709 -0.9975 -0.0000
vn -0.0824 -0.9966 -0.0000
vn -0.0932 -0.9957 -0.0000
vn -0.1033 -0.9947 -0.0000
vn -0.1128 -0.9936 -0.0000
vn -0.1217 -0.9926 -0.0000
vn -0.1302 -0.9915 -0.0000
vn 0.5390 -0.8423 -0.0000
vn 0.7509 0.6604 -0.0000
vn -0.1623 0.9867 -0.0000
vn -0.1492 0.9888 -0.0000
vn -0.1358 0.9907 -0.0000
vn -0.1221 0.9925 -0.0000
vn -0.1081 0.9941 -0.0000
vn -0.0937 0.9956 -0.0000
vn -0.0789 0.9969 -0.0000
vn -0.0638 0.9980 -0.0000
vn -0.0484 0.9988 -0.0000
vn -0.0326 0.9995 -0.0000
vn -0.0164 0.9999 -0.0000
vn -0.0041 1.0000 -0.0000
vn 0.7071 0.7071 -0.0000
vn -0.0061 -1.0000 -0.0000
vn -0.0236 -0.9997 -0.0000
vn -0.0656 -0.9978 -0.0000
vn -0.0840 -0.9965 -0.0000
vn -0.1010 -0.9949 -0.0000
vn -0.1167 -0.9932 -0.0000
vn -0.1312 -0.9914 -0.0000
vn -0.1447 -0.9895 -0.0000
vn -0.1572 -0.9876 -0.0000
vn -0.1689 -0.9856 -0.0000
vn -0.1798 -0.9837 -0.0000
vn 0.5224 -0.8527 -0.0000
vn 0.7289 0.6846 -0.0000
vn -0.2125 0.9772 -0.0000
vn -0.1956 0.9807 -0.0000
vn -0.1782 0.9840 -0.0000
vn -0.1603 0.9871 -0.0000
vn -0.1419 0.9899 -0.0000
vn -0.1230 0.9924 -0.0000
vn -0.1037 0.9946 -0.0000
vn -0.0839 0.9965 -0.0000
vn -0.0636 0.9980 -0.0000
vn -0.0428 0.9991 -0.0000
vn -0.0216 0.9998 -0.0000
vn -0.0054 1.0000 -0.0000
vn -0.9993 -0.0382 -0.0000
vn -0.9870 -0.1607 -0.0000
vn -0.9427 -0.3336 -0.0000
vn -0.8625 -0.5060 -0.0000
vn -0.7518 -0.6594 -0.0000
vn -0.8625 -0.5061 -0.0000
vn -0.6246 -0.7809 -0.0000
vn -0.4965 -0.8680 -0.0000
vn -0.3786 -0.9256 -0.0000
vn -0.2755 -0.9613 -0.0000
vn -0.1879 -0.9822 -0.0000
vn -0.1144 -0.9934 -0.0000
vn -0.0528 -0.9986 -0.0000
vn 0.0049 -1.0000 -0.0000
vn 0.0734 -0.9973 -0.0000
vn 0.1583 -0.9874 -0.0000
vn 0.2573 -0.9663 -0.0000
vn 0.3703 -0.9289 -0.0000
vn 0.4941 -0.8694 -0.0000
vn 0.3702 -0.9289 -0.0000
vn 0.6219 -0.7831 -0.0000
vn 0.7428 -0.6695 -0.0000
vn 0.8451 -0.5346 -0.0000
vn 0.7428 -0.6696 -0.0000
vn 0.9210 -0.3897 -0.0000
vn 0.9690 -0.2471 -0.0000
vn 0.9932 -0.1164 -0.0000
vn 0.9690 -0.2472 -0.0000
vn 0.9999 -0.0165 -0.0000
vn 0.9932 -0.1165 -0.0000
vn 1.0000 0.0092 -0.0000
vn 1.0000 -0.0070 -0.0000
vn 1.0000 0.0093 -0.0000
vn 0.9999 -0.0142 -0.0000
vn 0.9998 -0.0218 -0.0000
vn 0.9996 -0.0297 -0.0000
vn 0.9993 -0.0379 -0.0000
vn 0.9989 -0.0466 -0.0000
vn 0.9993 -0.0380 -0.0000
vn 0.9984 -0.0557 -0.0000
vn 0.9979 -0.0652 -0.0000
vn 0.9972 -0.0752 -0.0000
vn 0.9963 -0.0857 -0.0000
vn 0.9953 -0.0967 -0.0000
vn 0.5897 0.8076 -0.0000
vn -0.4022 0.9155 -0.0000
vn -0.4058 0.9140 -0.0000
vn -0.4094 0.9123 -0.0000
vn -0.4132 0.9107 -0.0000
vn -0.4170 0.9089 -0.0000
vn -0.4132 0.9106 -0.0000
vn -0.4210 0.9071 -0.0000
vn -0.4251 0.9052 -0.0000
vn -0.4293 0.9032 -0.0000
vn -0.4336 0.9011 -0.0000
vn -0.4380 0.8990 -0.0000
vn -0.4425 0.8968 -0.0000
vn -0.2285 0.9736 -0.0000
vn -0.4425 0.8967 -0.0000
vn -0.0060 -1.0000 -0.0000
vn -0.0231 -0.9997 -0.0000
vn -0.0447 -0.9990 -0.0000
vn -0.0232 -0.9997 -0.0000
vn -0.0645 -0.9979 -0.0000
vn -0.0829 -0.9966 -0.0000
vn -0.0998 -0.9950 -0.0000
vn -0.1156 -0.9933 -0.0000
vn -0.0999 -0.9950 -0.0000
vn -0.1438 -0.9896 -0.0000
vn -0.1565 -0.9877 -0.0000
vn -0.1684 -0.9857 -0.0000
vn -0.1795 -0.9838 -0.0000
vn 0.5225 -0.8527 -0.0000
vn 0.6815 -0.7318 -0.0000
vn -0.0677 -0.9977 -0.0000
vn 0.6816 -0.7318 -0.0000
vn -0.0611 -0.9981 -0.0000
vn -0.0547 -0.9985 -0.0000
vn -0.0483 -0.9988 -0.0000
vn -0.0420 -0.9991 -0.0000
vn -0.0358 -0.9994 -0.0000
vn -0.0296 -0.9996 -0.0000
vn -0.0176 -0.9998 -0.0000
vn -0.0116 -0.9999 -0.0000
vn -0.0058 -1.0000 -0.0000
vn -0.0006 -1.0000 -0.0000
vn 0.0032 -1.0000 -0.0000
vn 0.0062 -1.0000 -0.0000
vn 0.0091 -1.0000 -0.0000
vn 0.0118 -0.9999 -0.0000
vn 0.0144 -0.9999 -0.0000
vn 0.0169 -0.9999 -0.0000
vn 0.0193 -0.9998 -0.0000
vn 0.0216 -0.9998 -0.0000
vn 0.0238 -0.9997 -0.0000
vn 0.0259 -0.9997 -0.0000
vn 0.0279 -0.9996 -0.0000
vn 0.0554 -0.9985 -0.0000
vn 0.1719 -0.9851 -0.0000
vn 0.3547 -0.9350 -0.0000
vn 0.5322 -0.8466 -0.0000
vn 0.3546 -0.9350 -0.0000
vn 0.6850 -0.7285 -0.0000
vn 0.8015 -0.5979 -0.0000
vn 0.6848 -0.7287 -0.0000
vn 0.8823 -0.4707 -0.0000
vn 0.8015 -0.5980 -0.0000
vn 0.9344 -0.3563 -0.0000
vn 0.8822 -0.4708 -0.0000
vn 0.9661 -0.2581 -0.0000
vn 0.9343 -0.3564 -0.0000
vn 0.9845 -0.1755 -0.0000
vn 0.9661 -0.2582 -0.0000
vn 0.9943 -0.1067 -0.0000
vn 0.9844 -0.1758 -0.0000
vn 0.9988 -0.0493 -0.0000
vn 0.9943 -0.1069 -0.0000
vn 1.0000 0.0002 -0.0000
vn 0.9988 -0.0494 -0.0000
vn 0.9987 0.0502 -0.0000
vn 0.9941 0.1088 -0.0000
vn 0.9988 0.0499 -0.0000
vn 0.9839 0.1787 -0.0000
vn 0.9941 0.1084 -0.0000
vn 0.9649 0.2624 -0.0000
vn 0.9840 0.1784 -0.0000
vn 0.9324 0.3615 -0.0000
vn 0.9650 0.2621 -0.0000
vn 0.8791 0.4767 -0.0000
vn 0.9323 0.3616 -0.0000
vn 0.7967 0.6044 -0.0000
vn 0.8789 0.4770 -0.0000
vn 0.6789 0.7343 -0.0000
vn 0.7965 0.6047 -0.0000
vn 0.5258 0.8506 -0.0000
vn 0.6787 0.7344 -0.0000
vn 0.3494 0.9370 -0.0000
vn 0.5259 0.8505 -0.0000
vn 0.1692 0.9856 -0.0000
vn 0.0863 0.9963 -0.0000
vn 0.0982 0.9952 -0.0000
vn 0.0862 0.9963 -0.0000
vn 0.1116 0.9938 -0.0000
vn 0.1258 0.9921 -0.0000
vn 0.1409 0.9900 -0.0000
vn 0.1572 0.9876 -0.0000
vn 0.1745 0.9847 -0.0000
vn 0.1931 0.9812 -0.0000
vn 0.2131 0.9770 -0.0000
vn 0.2346 0.9721 -0.0000
vn 0.2578 0.9662 -0.0000
vn 0.2827 0.9592 -0.0000
vn 0.3084 0.9512 -0.0000
vn 0.3264 0.9452 -0.0000
vn 0.3374 0.9414 -0.0000
vn 0.3492 0.9370 -0.0000
vn 0.3620 0.9322 -0.0000
vn 0.3760 0.9266 -0.0000
vn 0.3912 0.9203 -0.0000
vn 0.4079 0.9130 -0.0000
vn 0.4262 0.9046 -0.0000
vn 0.4464 0.8948 -0.0000
vn 0.4687 0.8834 -0.0000
vn 0.4934 0.8698 -0.0000
vn -0.0363 0.9993 -0.0000
vn -0.5691 0.8223 -0.0000
vn -0.5725 0.8199 -0.0000
vn -0.5764 0.8172 -0.0000
vn -0.5808 0.8140 -0.0000
vn -0.5859 0.8104 -0.0000
vn -0.5919 0.8060 -0.0000
vn -0.5990 0.8008 -0.0000
vn -0.6074 0.7944 -0.0000
vn -0.5989 0.8008 -0.0000
vn -0.6177 0.7864 -0.0000
vn -0.6306 0.7761 -0.0000
vn -0.6471 0.7624 -0.0000
vn -0.6656 0.7463 -0.0000
vn -0.6860 0.7276 -0.0000
vn -0.7095 0.7047 -0.0000
vn -0.7353 0.6778 -0.0000
vn -0.7094 0.7048 -0.0000
vn -0.7636 0.6457 -0.0000
vn -0.7352 0.6778 -0.0000
vn -0.7945 0.6073 -0.0000
vn -0.7635 0.6457 -0.0000
vn -0.8279 0.5609 -0.0000
vn -0.8634 0.5046 -0.0000
vn -0.9000 0.4360 -0.0000
vn -0.9358 0.3526 -0.0000
vn -0.8999 0.4360 -0.0000
vn -0.9677 0.2523 -0.0000
vn -0.9357 0.3527 -0.0000
vn -0.9910 0.1337 -0.0000
vn -0.9677 0.2522 -0.0000
vn -1.0000 0.0019 -0.0000
vn -0.9902 -0.1393 -0.0000
vn -1.0000 0.0020 -0.0000
vn -0.9563 -0.2925 -0.0000
vn -0.8918 -0.4524 -0.0000
vn -0.9562 -0.2926 -0.0000
vn -0.7968 -0.6043 -0.0000
vn -0.6791 -0.7340 -0.0000
vn -0.7968 -0.6042 -0.0000
vn -0.5520 -0.8338 -0.0000
vn -0.6792 -0.7339 -0.0000
vn -0.4280 -0.9038 -0.0000
vn -0.5521 -0.8338 -0.0000
vn -0.3151 -0.9491 -0.0000
vn -0.4281 -0.9037 -0.0000
vn -0.2165 -0.9763 -0.0000
vn -0.1323 -0.9912 -0.0000
vn -0.0612 -0.9981 -0.0000
vn -0.0063 -1.0000 -0.0000
vn 0.0320 -0.9995 -0.0000
vn 0.0636 -0.9980 -0.0000
vn 0.0947 -0.9955 -0.0000
vn 0.1253 -0.9921 -0.0000
vn 0.1551 -0.9879 -0.0000
vn 0.1842 -0.9829 -0.0000
vn 0.2126 -0.9771 -0.0000
vn 0.2401 -0.9707 -0.0000
vn 0.2668 -0.9638 -0.0000
vn 0.2926 -0.9562 -0.0000
vn 0.3176 -0.9482 -0.0000
vn 0.0850 -0.9964 -0.0000
vn -0.1624 -0.9867 -0.0000
vn -0.1571 -0.9876 -0.0000
vn -0.1517 -0.9884 -0.0000
vn -0.1461 -0.9893 -0.0000
vn -0.1405 -0.9901 -0.0000
vn -0.1348 -0.9909 -0.0000
vn -0.1290 -0.9916 -0.0000
vn -0.1231 -0.9924 -0.0000
vn -0.1171 -0.9931 -0.0000
vn -0.1111 -0.9938 -0.0000
vn -0.1049 -0.9945 -0.0000
vn -0.7422 -0.6702 -0.0000
vn 0.4440 0.8960 -0.0000
vn 0.7915 0.6111 -0.0000
vn 0.7825 0.6227 -0.0000
vn 0.7715 0.6363 -0.0000
vn 0.7578 0.6525 -0.0000
vn 0.7404 0.6722 -0.0000
vn 0.7177 0.6964 -0.0000
vn 0.6868 0.7268 -0.0000
vn 0.6430 0.7658 -0.0000
vn 0.5773 0.8165 -0.0000
vn 0.4716 0.8818 -0.0000
vn 0.2903 0.9569 -0.0000
vn 0.0076 1.0000 -0.0000
vn -0.2462 0.9692 -0.0000
vn -0.3788 0.9255 -0.0000
vn -0.4505 0.8928 -0.0000
vn -0.4946 0.8691 -0.0000
vn -0.5242 0.8516 -0.0000
vn -0.5455 0.8381 -0.0000
vn -0.5614 0.8275 -0.0000
vn -0.5738 0.8190 -0.0000
vn -0.5837 0.8119 -0.0000
vn -0.5986 0.8010 -0.0000
vn -0.5918 0.8061 -0.0000
vn -0.6182 0.7860 -0.0000
vn -0.5986 0.8011 -0.0000
vn -0.6415 0.7671 -0.0000
vn -0.6568 0.7541 -0.0000
vn -0.6744 0.7384 -0.0000
vn -0.6949 0.7191 -0.0000
vn -0.7190 0.6950 -0.0000
vn -0.7477 0.6641 -0.0000
vn -0.7818 0.6235 -0.0000
vn -0.8226 0.5686 -0.0000
vn -0.8707 0.4918 -0.0000
vn -0.8227 0.5685 -0.0000
vn -0.9245 0.3812 -0.0000
vn -0.9755 0.2199 -0.0000
vn -0.9755 0.2198 -0.0000
vn -0.8382 -0.5454 -0.0000
vn -0.7333 -0.6799 -0.0000
vn -0.7332 -0.6800 -0.0000
vn -0.6110 -0.7916 -0.0000
vn 0.4037 0.9149 -0.0000
vn 0.7343 0.6788 -0.0000
vn 0.7248 0.6890 -0.0000
vn 0.7133 0.7009 -0.0000
vn 0.6991 0.7151 -0.0000
vn 0.7132 0.7009 -0.0000
vn 0.6812 0.7321 -0.0000
vn 0.6582 0.7529 -0.0000
vn 0.6274 0.7787 -0.0000
vn 0.6582 0.7528 -0.0000
vn 0.5846 0.8113 -0.0000
vn 0.5218 0.8531 -0.0000
vn 0.4236 0.9058 -0.0000
vn 0.2596 0.9657 -0.0000
vn 0.4236 0.9059 -0.0000
vn 0.0144 0.9999 -0.0000
vn -0.2108 0.9775 -0.0000
vn -0.3452 0.9385 -0.0000
vn -0.2107 0.9775 -0.0000
vn -0.4283 0.9037 -0.0000
vn -0.4833 0.8754 -0.0000
vn -0.5221 0.8529 -0.0000
vn -0.5506 0.8348 -0.0000
vn -0.5220 0.8529 -0.0000
vn -0.5724 0.8200 -0.0000
vn -0.5896 0.8077 -0.0000
vn -0.6035 0.7973 -0.0000
vn -0.6150 0.7886 -0.0000
vn -0.6245 0.7810 -0.0000
vn -0.6379 0.7701 -0.0000
vn -0.6560 0.7547 -0.0000
vn -0.6754 0.7374 -0.0000
vn -0.6973 0.7167 -0.0000
vn -0.6754 0.7375 -0.0000
vn -0.7223 0.6916 -0.0000
vn -0.6973 0.7168 -0.0000
vn -0.7507 0.6607 -0.0000
vn -0.7222 0.6917 -0.0000
vn -0.7830 0.6220 -0.0000
vn -0.7506 0.6607 -0.0000
vn -0.8197 0.5728 -0.0000
vn -0.7830 0.6221 -0.0000
vn -0.8606 0.5093 -0.0000
vn -0.9046 0.4262 -0.0000
vn -0.9485 0.3168 -0.0000
vn -0.9847 0.1744 -0.0000
vn -1.0000 -0.0047 -0.0000
vn -0.9815 -0.1914 -0.0000
vn -0.9383 -0.3459 -0.0000
vn -0.8868 -0.4622 -0.0000
vn -0.8362 -0.5484 -0.0000
vn -0.7901 -0.6130 -0.0000
vn -0.7495 -0.6620 -0.0000
vn -0.7143 -0.6998 -0.0000
vn -0.7496 -0.6619 -0.0000
vn -0.6838 -0.7297 -0.0000
vn -0.6573 -0.7537 -0.0000
vn -0.6342 -0.7732 -0.0000
vn -0.6573 -0.7536 -0.0000
vn -0.6140 -0.7893 -0.0000
vn -0.8957 -0.4447 -0.0000
vn -0.9999 0.0135 -0.0000
vn -0.9998 -0.0202 -0.0000
vn -0.9898 -0.1422 -0.0000
vn -0.9545 -0.2982 -0.0000
vn -0.9898 -0.1423 -0.0000
vn -0.8879 -0.4600 -0.0000
vn -0.7906 -0.6123 -0.0000
vn -0.6714 -0.7411 -0.0000
vn -0.7906 -0.6124 -0.0000
vn -0.5440 -0.8391 -0.0000
vn -0.4207 -0.9072 -0.0000
vn -0.3091 -0.9510 -0.0000
vn -0.2121 -0.9772 -0.0000
vn -0.1296 -0.9916 -0.0000
vn -0.0599 -0.9982 -0.0000
vn 0.0026 -1.0000 -0.0000
vn 0.0709 -0.9975 -0.0000
vn 0.1529 -0.9882 -0.0000
vn 0.2489 -0.9685 -0.0000
vn 0.3591 -0.9333 -0.0000
vn 0.4810 -0.8767 -0.0000
vn 0.6084 -0.7936 -0.0000
vn 0.7309 -0.6825 -0.0000
vn 0.8364 -0.5481 -0.0000
vn 0.9159 -0.4015 -0.0000
vn 0.9668 -0.2555 -0.0000
vn 0.9159 -0.4014 -0.0000
vn 0.9927 -0.1206 -0.0000
vn 0.9668 -0.2554 -0.0000
vn -0.6730 -0.7396 -0.0000
vn 0.7173 -0.6968 -0.0000
vn 0.7173 -0.6967 -0.0000
vn -0.9943 -0.1065 -0.0000
vn -0.9912 -0.1323 -0.0000
vn -0.9871 -0.1601 -0.0000
vn -0.9818 -0.1899 -0.0000
vn -0.9750 -0.2221 -0.0000
vn -0.9665 -0.2567 -0.0000
vn -0.9558 -0.2939 -0.0000
vn -0.9427 -0.3337 -0.0000
vn -0.9265 -0.3763 -0.0000
vn -0.9068 -0.4215 -0.0000
vn -0.8830 -0.4693 -0.0000
vn -0.8588 -0.5123 -0.0000
vn -0.8396 -0.5432 -0.0000
vn -0.8229 -0.5682 -0.0000
vn -0.8050 -0.5933 -0.0000
vn -0.7859 -0.6184 -0.0000
vn -0.7655 -0.6435 -0.0000
vn -0.7438 -0.6684 -0.0000
vn -0.7210 -0.6930 -0.0000
vn -0.6969 -0.7172 -0.0000
vn -0.6716 -0.7409 -0.0000
vn -0.6452 -0.7640 -0.0000
vn -0.6178 -0.7863 -0.0000
vn -0.5896 -0.8077 -0.0000
vn -0.5627 -0.8267 -0.0000
vn -0.5375 -0.8433 -0.0000
vn -0.5124 -0.8587 -0.0000
vn -0.4875 -0.8731 -0.0000
vn -0.4629 -0.8864 -0.0000
vn -0.4386 -0.8987 -0.0000
vn -0.4146 -0.9100 -0.0000
vn -0.3911 -0.9203 -0.0000
vn -0.3681 -0.9298 -0.0000
vn -0.3455 -0.9384 -0.0000
vn -0.3235 -0.9462 -0.0000
vn -0.5058 -0.8627 -0.0000
vn -0.6456 -0.7637 -0.0000
vn -0.5064 -0.8623 -0.0000
vn -0.5814 -0.8136 -0.0000
vn -0.6464 -0.7630 -0.0000
vn -0.5149 -0.8572 -0.0000
vn -0.5817 -0.8134 -0.0000
vn -0.4478 -0.8942 -0.0000
vn -0.3814 -0.9244 -0.0000
vn -0.4476 -0.8943 -0.0000
vn -0.3169 -0.9485 -0.0000
vn -0.3810 -0.9246 -0.0000
vn -0.2552 -0.9669 -0.0000
vn -0.3166 -0.9486 -0.0000
vn -0.1967 -0.9805 -0.0000
vn -0.2549 -0.9670 -0.0000
vn -0.1419 -0.9899 -0.0000
vn -0.1966 -0.9805 -0.0000
vn -0.0910 -0.9958 -0.0000
vn -0.1420 -0.9899 -0.0000
vn -0.0439 -0.9990 -0.0000
vn -0.0911 -0.9958 -0.0000
vn 0.0157 -0.9999 -0.0000
vn -0.0440 -0.9990 -0.0000
vn 0.1120 -0.9937 -0.0000
vn 0.2382 -0.9712 -0.0000
vn 0.3770 -0.9262 -0.0000
vn 0.5199 -0.8542 -0.0000
vn 0.3769 -0.9263 -0.0000
vn 0.6551 -0.7556 -0.0000
vn 0.5198 -0.8543 -0.0000
vn 0.7711 -0.6368 -0.0000
vn 0.8609 -0.5088 -0.0000
vn 0.7711 -0.6367 -0.0000
vn 0.9237 -0.3830 -0.0000
vn 0.8609 -0.5087 -0.0000
vn 0.9637 -0.2670 -0.0000
vn 0.9238 -0.3828 -0.0000
vn 0.9864 -0.1645 -0.0000
vn 0.9637 -0.2668 -0.0000
vn 0.9971 -0.0763 -0.0000
vn 1.0000 -0.0018 -0.0000
vn 0.9971 -0.0762 -0.0000
vn 0.9979 0.0655 -0.0000
vn 1.0000 -0.0017 -0.0000
vn 0.9908 0.1353 -0.0000
vn 0.9978 0.0659 -0.0000
vn 0.9777 0.2099 -0.0000
vn 0.9907 0.1359 -0.0000
vn 0.9578 0.2874 -0.0000
vn 0.9776 0.2103 -0.0000
vn 0.9301 0.3673 -0.0000
vn 0.9576 0.2882 -0.0000
vn 0.8942 0.4476 -0.0000
vn 0.9299 0.3677 -0.0000
vn 0.8508 0.5255 -0.0000
vn 0.8943 0.4474 -0.0000
vn 0.8002 0.5997 -0.0000
vn 0.7436 0.6686 -0.0000
vn 0.8000 0.6000 -0.0000
vn 0.6828 0.7306 -0.0000
vn 0.7434 0.6689 -0.0000
vn 0.6193 0.7851 -0.0000
vn 0.6827 0.7307 -0.0000
vn 0.5518 0.8340 -0.0000
vn 0.5519 0.8339 -0.0000
vn 0.5459 0.8379 -0.0000
vn 0.5662 0.8243 -0.0000
vn 0.5868 0.8097 -0.0000
vn 0.6078 0.7941 -0.0000
vn 0.6290 0.7774 -0.0000
vn 0.6504 0.7596 -0.0000
vn 0.6719 0.7406 -0.0000
vn 0.6934 0.7205 -0.0000
vn 0.7150 0.6992 -0.0000
vn 0.7364 0.6766 -0.0000
vn 0.7570 0.6534 -0.0000
vn 0.7757 0.6312 -0.0000
vn 0.7927 0.6096 -0.0000
vn 0.8090 0.5879 -0.0000
vn 0.8245 0.5659 -0.0000
vn 0.8090 0.5878 -0.0000
vn 0.8392 0.5438 -0.0000
vn 0.8531 0.5217 -0.0000
vn 0.8663 0.4995 -0.0000
vn 0.8787 0.4774 -0.0000
vn 0.8903 0.4554 -0.0000
vn 0.9012 0.4335 -0.0000
vn 0.9113 0.4118 -0.0000
vn 0.9243 0.3818 -0.0000
vn 0.9389 0.3441 -0.0000
vn 0.9512 0.3086 -0.0000
vn 0.9612 0.2757 -0.0000
vn 0.9695 0.2451 -0.0000
vn 0.9762 0.2168 -0.0000
vn 0.9817 0.1905 -0.0000
vn 0.9861 0.1662 -0.0000
vn 0.9896 0.1435 -0.0000
vn 0.9925 0.1225 -0.0000
vn 0.9947 0.1029 -0.0000
vn 0.9964 0.0846 -0.0000
vn 0.7334 -0.6798 -0.0000
vn -0.0047 -1.0000 -0.0000
vn -0.0185 -0.9998 -0.0000
vn -0.0365 -0.9993 -0.0000
vn -0.0541 -0.9985 -0.0000
vn -0.0712 -0.9975 -0.0000
vn -0.0878 -0.9961 -0.0000
vn -0.1040 -0.9946 -0.0000
vn -0.1196 -0.9928 -0.0000
vn -0.1349 -0.9909 -0.0000
vn -0.1497 -0.9887 -0.0000
vn -0.1640 -0.9865 -0.0000
vn -0.1779 -0.9840 -0.0000
vn 0.5234 -0.8521 -0.0000
vn 0.7496 0.6619 -0.0000
vn -0.1528 0.9883 -0.0000
vn 0.7495 0.6620 -0.0000
vn -0.1409 0.9900 -0.0000
vn -0.1286 0.9917 -0.0000
vn -0.1160 0.9933 -0.0000
vn -0.1029 0.9947 -0.0000
vn -0.0895 0.9960 -0.0000
vn -0.0756 0.9971 -0.0000
vn -0.0614 0.9981 -0.0000
vn -0.0467 0.9989 -0.0000
vn -0.0315 0.9995 -0.0000
vn -0.0160 0.9999 -0.0000
vn -0.0040 1.0000 -0.0000
vn 0.6850 0.7286 -0.0000
vn 0.9983 0.0580 -0.0000
vn 0.9987 0.0510 -0.0000
vn 0.9990 0.0444 -0.0000
vn 0.9987 0.0509 -0.0000
vn 0.9993 0.0382 -0.0000
vn 0.9995 0.0324 -0.0000
vn 0.9996 0.0270 -0.0000
vn 0.9998 0.0218 -0.0000
vn 0.9999 0.0170 -0.0000
vn 0.9999 0.0124 -0.0000
vn 1.0000 0.0081 -0.0000
vn 1.0000 0.0039 -0.0000
vn 1.0000 0.0080 -0.0000
vn 1.0000 -0.0020 -0.0000
vn 0.9999 -0.0119 -0.0000
vn 0.9997 -0.0236 -0.0000
vn 0.9994 -0.0350 -0.0000
vn 0.9989 -0.0463 -0.0000
vn 0.9984 -0.0572 -0.0000
vn 0.9977 -0.0680 -0.0000
vn 0.9969 -0.0785 -0.0000
vn 0.9960 -0.0888 -0.0000
vn 0.9951 -0.0989 -0.0000
vn 0.9941 -0.1088 -0.0000
vn 0.9930 -0.1185 -0.0000
vn 0.7140 0.7002 -0.0000
vn -0.1059 0.9944 -0.0000
vn 0.7139 0.7002 -0.0000
vn -0.1099 0.9939 -0.0000
vn -0.1147 0.9934 -0.0000
vn -0.1203 0.9927 -0.0000
vn -0.1270 0.9919 -0.0000
vn -0.1352 0.9908 -0.0000
vn -0.1454 0.9894 -0.0000
vn -0.1585 0.9874 -0.0000
vn -0.1759 0.9844 -0.0000
vn -0.2001 0.9798 -0.0000
vn -0.2361 0.9717 -0.0000
vn -0.2858 0.9583 -0.0000
vn -0.3448 0.9387 -0.0000
vn -0.4105 0.9119 -0.0000
vn -0.4828 0.8757 -0.0000
vn -0.5610 0.8278 -0.0000
vn -0.6433 0.7656 -0.0000
vn -0.5611 0.8278 -0.0000
vn -0.7263 0.6874 -0.0000
vn -0.8055 0.5926 -0.0000
vn -0.8755 0.4831 -0.0000
vn -0.9317 0.3632 -0.0000
vn -0.9711 0.2388 -0.0000
vn -0.9932 0.1164 -0.0000
vn -0.9999 -0.0156 -0.0000
vn -0.9848 -0.1737 -0.0000
vn -0.9999 -0.0157 -0.0000
vn -0.9418 -0.3363 -0.0000
vn -0.8788 -0.4773 -0.0000
vn -0.8058 -0.5921 -0.0000
vn -0.7314 -0.6819 -0.0000
vn -0.6608 -0.7506 -0.0000
vn -0.5965 -0.8026 -0.0000
vn -0.5393 -0.8421 -0.0000
vn -0.4889 -0.8724 -0.0000
vn -0.4447 -0.8957 -0.0000
vn -0.4060 -0.9139 -0.0000
vn -0.8294 -0.5587 -0.0000
vn -0.9998 -0.0215 -0.0000
vn -0.9995 -0.0326 -0.0000
vn -0.9993 -0.0374 -0.0000
vn -0.9991 -0.0418 -0.0000
vn -0.9989 -0.0459 -0.0000
vn -0.9988 -0.0496 -0.0000
vn -0.9986 -0.0531 -0.0000
vn -0.9984 -0.0563 -0.0000
vn -0.9982 -0.0593 -0.0000
vn -0.9981 -0.0621 -0.0000
vn -0.9979 -0.0647 -0.0000
vn -0.9981 -0.0620 -0.0000
vn -0.9977 -0.0671 -0.0000
vn -0.7309 0.6825 -0.0000
vn 0.4226 0.9063 -0.0000
vn -0.7308 0.6826 -0.0000
vn 0.7621 0.6474 -0.0000
vn 0.7536 0.6573 -0.0000
vn 0.7433 0.6690 -0.0000
vn 0.7304 0.6830 -0.0000
vn 0.7142 0.6999 -0.0000
vn 0.7305 0.6830 -0.0000
vn 0.6931 0.7208 -0.0000
vn 0.6645 0.7473 -0.0000
vn 0.6240 0.7814 -0.0000
vn 0.5632 0.8263 -0.0000
vn 0.4645 0.8856 -0.0000
vn 0.2905 0.9569 -0.0000
vn 0.0315 0.9995 -0.0000
vn -0.1947 0.9809 -0.0000
vn -0.3270 0.9450 -0.0000
vn -0.4136 0.9105 -0.0000
vn -0.4730 0.8811 -0.0000
vn -0.5157 0.8568 -0.0000
vn -0.5477 0.8367 -0.0000
vn -0.5920 0.8059 -0.0000
vn -0.6080 0.7940 -0.0000
vn -0.6211 0.7837 -0.0000
vn -0.6322 0.7748 -0.0000
vn -0.6466 0.7629 -0.0000
vn -0.6652 0.7466 -0.0000
vn -0.6851 0.7284 -0.0000
vn -0.7076 0.7066 -0.0000
vn -0.7329 0.6803 -0.0000
vn -0.7615 0.6481 -0.0000
vn -0.7938 0.6081 -0.0000
vn -0.8301 0.5577 -0.0000
vn -0.7939 0.6081 -0.0000
vn -0.8699 0.4933 -0.0000
vn -0.9120 0.4101 -0.0000
vn -0.9531 0.3027 -0.0000
vn -0.9862 0.1654 -0.0000
vn -0.9998 -0.0175 -0.0000
vn -0.9748 -0.2229 -0.0000
vn -0.9205 -0.3908 -0.0000
vn -0.8615 -0.5077 -0.0000
vn -0.9205 -0.3907 -0.0000
vn -0.8078 -0.5894 -0.0000
vn -0.7618 -0.6479 -0.0000
vn -0.7230 -0.6909 -0.0000
vn -0.6904 -0.7234 -0.0000
vn -0.6629 -0.7487 -0.0000
vn -0.6396 -0.7687 -0.0000
vn -0.6195 -0.7850 -0.0000
vn -0.6022 -0.7984 -0.0000
vn -0.8828 -0.4697 -0.0000
vn -0.9988 -0.0485 -0.0000
vn -0.9982 -0.0594 -0.0000
vn -0.9974 -0.0716 -0.0000
vn -0.9964 -0.0853 -0.0000
vn -0.9949 -0.1007 -0.0000
vn -0.9930 -0.1183 -0.0000
vn -0.9904 -0.1383 -0.0000
vn -0.9869 -0.1615 -0.0000
vn -0.9821 -0.1884 -0.0000
vn -0.9755 -0.2202 -0.0000
vn -0.9662 -0.2580 -0.0000
vn -0.9522 -0.3055 -0.0000
vn -0.9341 -0.3570 -0.0000
vn -0.9131 -0.4076 -0.0000
vn -0.8877 -0.4604 -0.0000
vn -0.8573 -0.5149 -0.0000
vn -0.8214 -0.5703 -0.0000
vn -0.7799 -0.6259 -0.0000
vn -0.7326 -0.6806 -0.0000
vn -0.6799 -0.7333 -0.0000
vn -0.6222 -0.7829 -0.0000
vn -0.5603 -0.8283 -0.0000
vn -0.4953 -0.8687 -0.0000
vn -0.4394 -0.8983 -0.0000
vn -0.3968 -0.9179 -0.0000
vn -0.3569 -0.9341 -0.0000
vn -0.3173 -0.9483 -0.0000
vn -0.2782 -0.9605 -0.0000
vn -0.2398 -0.9708 -0.0000
vn -0.2022 -0.9794 -0.0000
vn -0.1655 -0.9862 -0.0000
vn -0.1300 -0.9915 -0.0000
vn -0.0957 -0.9954 -0.0000
vn -0.0625 -0.9980 -0.0000
vn -0.0307 -0.9995 -0.0000
vn 0.0164 -0.9999 -0.0000
vn 0.1003 -0.9950 -0.0000
vn 0.2098 -0.9777 -0.0000
vn 0.3273 -0.9449 -0.0000
vn 0.4478 -0.8941 -0.0000
vn 0.5647 -0.8253 -0.0000
vn 0.6714 -0.7411 -0.0000
vn 0.7627 -0.6468 -0.0000
vn 0.8362 -0.5484 -0.0000
vn 0.8922 -0.4516 -0.0000
vn 0.9328 -0.3604 -0.0000
vn 0.9609 -0.2769 -0.0000
vn 0.9735 -0.2285 -0.0000
vn 0.9683 -0.2499 -0.0000
vn 0.9506 -0.3104 -0.0000
vn 0.9284 -0.3716 -0.0000
vn 0.9015 -0.4327 -0.0000
vn 0.8701 -0.4928 -0.0000
vn 0.8345 -0.5510 -0.0000
vn 0.7950 -0.6066 -0.0000
vn 0.7524 -0.6587 -0.0000
vn 0.7073 -0.7069 -0.0000
vn 0.6605 -0.7508 -0.0000
vn 0.6128 -0.7902 -0.0000
vn 0.5673 -0.8235 -0.0000
vn 0.5282 -0.8491 -0.0000
vn 0.4954 -0.8687 -0.0000
vn 0.4667 -0.8844 -0.0000
vn 0.4417 -0.8972 -0.0000
vn 0.4196 -0.9077 -0.0000
vn 0.4001 -0.9165 -0.0000
vn 0.3827 -0.9239 -0.0000
vn 0.3671 -0.9302 -0.0000
vn 0.3531 -0.9356 -0.0000
vn 0.3404 -0.9403 -0.0000
vn 0.3289 -0.9444 -0.0000
vn 0.4095 -0.9123 -0.0000
vn 0.5374 -0.8434 -0.0000
vn 0.6249 -0.7807 -0.0000
vn 0.5374 -0.8433 -0.0000
vn 0.7071 -0.7072 -0.0000
vn 0.6250 -0.7806 -0.0000
vn 0.7806 -0.6250 -0.0000
vn 0.7072 -0.7071 -0.0000
vn 0.8433 -0.5374 -0.0000
vn 0.7807 -0.6249 -0.0000
vn 0.8941 -0.4479 -0.0000
vn 0.9330 -0.3598 -0.0000
vn 0.8940 -0.4480 -0.0000
vn 0.9613 -0.2756 -0.0000
vn 0.9330 -0.3599 -0.0000
vn 0.9804 -0.1970 -0.0000
vn 0.9612 -0.2757 -0.0000
vn 0.9922 -0.1249 -0.0000
vn 0.9804 -0.1971 -0.0000
vn 0.9982 -0.0596 -0.0000
vn 0.9922 -0.1250 -0.0000
vn 1.0000 -0.0014 -0.0000
vn 0.9985 0.0555 -0.0000
vn 0.9926 0.1216 -0.0000
vn 0.9985 0.0554 -0.0000
vn 0.9793 0.2024 -0.0000
vn 0.9926 0.1215 -0.0000
vn 0.9535 0.3013 -0.0000
vn 0.9073 0.4204 -0.0000
vn 0.9535 0.3014 -0.0000
vn 0.8298 0.5581 -0.0000
vn 0.9073 0.4205 -0.0000
vn 0.7098 0.7044 -0.0000
vn 0.8297 0.5582 -0.0000
vn 0.5441 0.8390 -0.0000
vn 0.3458 0.9383 -0.0000
vn 0.5440 0.8391 -0.0000
vn 0.1422 0.9898 -0.0000
vn -0.0413 0.9991 -0.0000
vn -0.1291 0.9916 -0.0000
vn -0.1309 0.9914 -0.0000
vn -0.1260 0.9920 -0.0000
vn -0.1204 0.9927 -0.0000
vn -0.1142 0.9935 -0.0000
vn -0.1070 0.9943 -0.0000
vn -0.0987 0.9951 -0.0000
vn -0.0890 0.9960 -0.0000
vn -0.0776 0.9970 -0.0000
vn -0.0470 0.9989 -0.0000
vn -0.0259 0.9997 -0.0000
vn 0.0035 1.0000 -0.0000
vn 0.0437 0.9990 -0.0000
vn 0.0904 0.9959 -0.0000
vn 0.1404 0.9901 -0.0000
vn 0.1938 0.9810 -0.0000
vn 0.2504 0.9681 -0.0000
vn 0.3098 0.9508 -0.0000
vn 0.3715 0.9285 -0.0000
vn 0.4346 0.9006 -0.0000
vn 0.4984 0.8669 -0.0000
vn 0.5616 0.8274 -0.0000
vn 0.4984 0.8670 -0.0000
vn 0.6230 0.7822 -0.0000
vn 0.6860 0.7276 -0.0000
vn 0.7401 0.6725 -0.0000
vn 0.7805 0.6252 -0.0000
vn 0.8150 0.5795 -0.0000
vn 0.8443 0.5359 -0.0000
vn 0.8691 0.4946 -0.0000
vn 0.8900 0.4559 -0.0000
vn 0.9077 0.4197 -0.0000
vn 0.9226 0.3859 -0.0000
vn 0.9077 0.4196 -0.0000
vn 0.9351 0.3544 -0.0000
vn 0.9456 0.3252 -0.0000
vn 0.9545 0.2981 -0.0000
vn 0.9612 0.2759 -0.0000
vn 0.9662 0.2576 -0.0000
vn 0.9709 0.2396 -0.0000
vn 0.9750 0.2223 -0.0000
vn 0.9786 0.2057 -0.0000
vn 0.9818 0.1897 -0.0000
vn 0.9847 0.1743 -0.0000
vn 0.9872 0.1595 -0.0000
vn 0.9894 0.1453 -0.0000
vn 0.9913 0.1317 -0.0000
vn 0.9929 0.1186 -0.0000
vn 0.9944 0.1060 -0.0000
vn 0.9955 0.0945 -0.0000
vn 0.9964 0.0849 -0.0000
vn 0.9971 0.0766 -0.0000
vn 0.9976 0.0693 -0.0000
vn 0.9980 0.0627 -0.0000
vn 0.9984 0.0568 -0.0000
vn 0.9987 0.0514 -0.0000
vn 0.9989 0.0465 -0.0000
vn 0.9991 0.0421 -0.0000
vn 0.9993 0.0380 -0.0000
vn 0.9994 0.0342 -0.0000
vn 0.9995 0.0308 -0.0000
vn -0.9996 -0.0290 -0.0000
vn -0.9924 -0.1231 -0.0000
vn -0.9655 -0.2605 -0.0000
vn -0.9127 -0.4085 -0.0000
vn -0.8311 -0.5561 -0.0000
vn -0.7237 -0.6901 -0.0000
vn -0.6004 -0.7997 -0.0000
vn -0.4732 -0.8809 -0.0000
vn -0.3525 -0.9358 -0.0000
vn -0.2440 -0.9698 -0.0000
vn -0.1498 -0.9887 -0.0000
vn -0.0694 -0.9976 -0.0000
vn -0.0091 -1.0000 -0.0000
vn 0.0297 -0.9996 -0.0000
vn 0.0624 -0.9981 -0.0000
vn 0.0989 -0.9951 -0.0000
vn 0.1398 -0.9902 -0.0000
vn 0.1856 -0.9826 -0.0000
vn 0.2368 -0.9715 -0.0000
vn 0.2942 -0.9558 -0.0000
vn 0.3579 -0.9338 -0.0000
vn 0.4281 -0.9037 -0.0000
vn 0.5042 -0.8636 -0.0000
vn 0.5849 -0.8111 -0.0000
vn 0.6640 -0.7477 -0.0000
vn 0.7353 -0.6777 -0.0000
vn 0.7972 -0.6037 -0.0000
vn 0.8493 -0.5280 -0.0000
vn 0.8915 -0.4529 -0.0000
vn 0.9248 -0.3805 -0.0000
vn 0.9501 -0.3118 -0.0000
vn 0.9688 -0.2478 -0.0000
vn 0.9820 -0.1888 -0.0000
vn 0.9909 -0.1348 -0.0000
vn 0.9963 -0.0856 -0.0000
vn 0.9992 -0.0409 -0.0000
vn 1.0000 0.0082 -0.0000
vn 0.9994 0.0336 -0.0000
vn 0.9996 0.0289 -0.0000
vn 0.9997 0.0246 -0.0000
vn 0.9998 0.0208 -0.0000
vn 0.9998 0.0174 -0.0000
vn 0.9999 0.0142 -0.0000
vn 0.9999 0.0114 -0.0000
vn 1.0000 0.0087 -0.0000
vn 1.0000 0.0063 -0.0000
vn 1.0000 0.0040 -0.0000
vn 1.0000 0.0020 -0.0000
vn 1.0000 -0.0007 -0.0000
vn 1.0000 -0.0046 -0.0000
vn 1.0000 -0.0089 -0.0000
vn 0.9999 -0.0132 -0.0000
vn 0.9999 -0.0172 -0.0000
vn 0.9998 -0.0211 -0.0000
vn 0.9997 -0.0248 -0.0000
vn 0.9995 -0.0319 -0.0000
vn 0.9994 -0.0352 -0.0000
vn 0.9993 -0.0384 -0.0000
vn 0.9991 -0.0415 -0.0000
vn 0.5573 0.8303 -0.0000
vn -0.4215 0.9068 -0.0000
vn -0.4280 0.9038 -0.0000
vn -0.4345 0.9007 -0.0000
vn -0.4409 0.8976 -0.0000
vn -0.4472 0.8944 -0.0000
vn -0.4535 0.8913 -0.0000
vn -0.4598 0.8880 -0.0000
vn -0.4660 0.8848 -0.0000
vn -0.4721 0.8815 -0.0000
vn -0.4782 0.8782 -0.0000
vn -0.4843 0.8749 -0.0000
vn -0.2517 0.9678 -0.0000
vn 0.6067 0.7949 -0.0000
vn 0.9660 0.2585 -0.0000
vn 0.9688 0.2480 -0.0000
vn 0.9712 0.2382 -0.0000
vn 0.9734 0.2291 -0.0000
vn 0.9754 0.2206 -0.0000
vn 0.9771 0.2126 -0.0000
vn 0.9787 0.2051 -0.0000
vn 0.9802 0.1980 -0.0000
vn 0.9815 0.1914 -0.0000
vn 0.9827 0.1851 -0.0000
vn 0.9838 0.1792 -0.0000
vn 0.7669 -0.6417 -0.0000
vn -0.0033 -1.0000 -0.0000
vn 0.7669 -0.6418 -0.0000
vn -0.0127 -0.9999 -0.0000
vn -0.0244 -0.9997 -0.0000
vn -0.0353 -0.9994 -0.0000
vn -0.0453 -0.9990 -0.0000
vn -0.0546 -0.9985 -0.0000
vn -0.0633 -0.9980 -0.0000
vn -0.0714 -0.9975 -0.0000
vn -0.0789 -0.9969 -0.0000
vn -0.0860 -0.9963 -0.0000
vn -0.0926 -0.9957 -0.0000
vn -0.0988 -0.9951 -0.0000
vn 0.5578 -0.8300 -0.0000
vn 0.7588 0.6513 -0.0000
vn -0.1278 0.9918 -0.0000
vn 0.7588 0.6514 -0.0000
vn -0.1177 0.9931 -0.0000
vn -0.1072 0.9942 -0.0000
vn -0.0965 0.9953 -0.0000
vn -0.0855 0.9963 -0.0000
vn -0.0742 0.9972 -0.0000
vn -0.0626 0.9980 -0.0000
vn -0.0507 0.9987 -0.0000
vn -0.0385 0.9993 -0.0000
vn -0.0260 0.9997 -0.0000
vn -0.0131 0.9999 -0.0000
vn -0.0033 1.0000 -0.0000
vn 0.4217 0.9067 -0.0000
vn 0.7616 0.6480 -0.0000
vn 0.7549 0.6559 -0.0000
vn 0.7466 0.6652 -0.0000
vn 0.7364 0.6765 -0.0000
vn 0.7235 0.6904 -0.0000
vn 0.7064 0.7078 -0.0000
vn 0.6832 0.7303 -0.0000
vn 0.6496 0.7603 -0.0000
vn 0.5976 0.8018 -0.0000
vn 0.5084 0.8611 -0.0000
vn 0.3333 0.9428 -0.0000
vn 0.0184 0.9998 -0.0000
vn -0.2709 0.9626 -0.0000
vn -0.4103 0.9120 -0.0000
vn -0.2708 0.9626 -0.0000
vn -0.4827 0.8758 -0.0000
vn -0.5262 0.8504 -0.0000
vn -0.5550 0.8319 -0.0000
vn -0.5754 0.8178 -0.0000
vn -0.5907 0.8069 -0.0000
vn -0.6025 0.7981 -0.0000
vn -0.6119 0.7910 -0.0000
vn -0.6195 0.7850 -0.0000
vn -0.6258 0.7800 -0.0000
vn -0.6340 0.7733 -0.0000
vn -0.6460 0.7633 -0.0000
vn -0.6604 0.7509 -0.0000
vn -0.6771 0.7359 -0.0000
vn -0.6967 0.7174 -0.0000
vn -0.7197 0.6943 -0.0000
vn -0.6966 0.7174 -0.0000
vn -0.7472 0.6646 -0.0000
vn -0.7802 0.6256 -0.0000
vn -0.8199 0.5724 -0.0000
vn -0.8674 0.4976 -0.0000
vn -0.8200 0.5724 -0.0000
vn -0.9215 0.3884 -0.0000
vn -0.8674 0.4975 -0.0000
vn -0.9742 0.2259 -0.0000
vn -0.9994 0.0346 -0.0000
vn -0.9994 0.0345 -0.0000
vn -0.9648 -0.2628 -0.0000
vn -0.8286 -0.5598 -0.0000
vn -0.5968 -0.8024 -0.0000
vn -0.7205 -0.6934 -0.0000
vn -0.5274 -0.8496 -0.0000
vn -0.8919 -0.4523 -0.0000
vn -0.8830 -0.4694 -0.0000
vn -0.8736 -0.4866 -0.0000
vn -0.8638 -0.5039 -0.0000
vn -0.8534 -0.5213 -0.0000
vn -0.8425 -0.5386 -0.0000
vn -0.8312 -0.5560 -0.0000
vn -0.8193 -0.5734 -0.0000
vn -0.8069 -0.5907 -0.0000
vn -0.7940 -0.6079 -0.0000
vn -0.7806 -0.6250 -0.0000
vn -0.9038 0.4280 -0.0000
vn 0.4064 0.9137 -0.0000
vn -0.9037 0.4281 -0.0000
vn 0.7388 0.6739 -0.0000
vn 0.4065 0.9137 -0.0000
vn 0.7301 0.6833 -0.0000
vn 0.7197 0.6943 -0.0000
vn 0.7067 0.7075 -0.0000
vn 0.6904 0.7234 -0.0000
vn 0.6693 0.7430 -0.0000
vn 0.6408 0.7677 -0.0000
vn 0.6008 0.7994 -0.0000
vn 0.5412 0.8409 -0.0000
vn 0.4454 0.8953 -0.0000
vn 0.2781 0.9605 -0.0000
vn 0.0190 0.9998 -0.0000
vn -0.2205 0.9754 -0.0000
vn -0.3626 0.9319 -0.0000
vn -0.4507 0.8927 -0.0000
vn -0.5090 0.8608 -0.0000
vn -0.5498 0.8353 -0.0000
vn -0.5798 0.8148 -0.0000
vn -0.6026 0.7980 -0.0000
vn -0.6206 0.7841 -0.0000
vn -0.6469 0.7626 -0.0000
vn -0.6351 0.7725 -0.0000
vn -0.6568 0.7540 -0.0000
vn -0.6759 0.7370 -0.0000
vn -0.6976 0.7165 -0.0000
vn -0.7134 0.7008 -0.0000
vn -0.7313 0.6821 -0.0000
vn -0.7518 0.6594 -0.0000
vn -0.7752 0.6317 -0.0000
vn -0.7517 0.6595 -0.0000
vn -0.8022 0.5970 -0.0000
vn -0.8333 0.5528 -0.0000
vn -0.8023 0.5970 -0.0000
vn -0.8687 0.4953 -0.0000
vn -0.9079 0.4191 -0.0000
vn -0.8687 0.4954 -0.0000
vn -0.9486 0.3164 -0.0000
vn -0.9841 0.1776 -0.0000
vn -1.0000 0.0003 -0.0000
vn -0.9841 0.1775 -0.0000
vn -0.9830 -0.1835 -0.0000
vn -0.9407 -0.3393 -0.0000
vn -0.9830 -0.1836 -0.0000
vn -0.8867 -0.4624 -0.0000
vn -0.9407 -0.3394 -0.0000
vn -0.8307 -0.5567 -0.0000
vn -0.7778 -0.6285 -0.0000
vn -0.8307 -0.5568 -0.0000
vn -0.7299 -0.6835 -0.0000
vn -0.7777 -0.6286 -0.0000
vn -0.6876 -0.7261 -0.0000
vn -0.6505 -0.7595 -0.0000
vn -0.6181 -0.7861 -0.0000
vn -0.5646 -0.8254 -0.0000
vn -0.8811 -0.4729 -0.0000
vn -1.0000 0.0007 -0.0000
vn -1.0000 0.0027 -0.0000
vn -1.0000 0.0053 -0.0000
vn -1.0000 0.0080 -0.0000
vn -0.9999 0.0107 -0.0000
vn -0.9999 0.0134 -0.0000
vn -0.9999 0.0161 -0.0000
vn -0.9998 0.0188 -0.0000
vn -0.9998 0.0215 -0.0000
vn -0.9997 0.0242 -0.0000
vn -0.9996 0.0269 -0.0000
vn -0.9996 0.0297 -0.0000
vn -0.9999 -0.0135 -0.0000
vn -0.9128 -0.4085 -0.0000
vn -0.7238 -0.6901 -0.0000
vn -0.0094 -1.0000 -0.0000
vn 0.0286 -0.9996 -0.0000
vn 0.0602 -0.9982 -0.0000
vn 0.0956 -0.9954 -0.0000
vn 0.1354 -0.9908 -0.0000
vn 0.1802 -0.9836 -0.0000
vn 0.2307 -0.9730 -0.0000
vn 0.2875 -0.9578 -0.0000
vn 0.3511 -0.9363 -0.0000
vn 0.4218 -0.9067 -0.0000
vn 0.4993 -0.8664 -0.0000
vn 0.5821 -0.8131 -0.0000
vn 0.6503 -0.7596 -0.0000
vn 0.7106 -0.7036 -0.0000
vn 0.7737 -0.6335 -0.0000
vn 0.8286 -0.5599 -0.0000
vn 0.8745 -0.4851 -0.0000
vn 0.9116 -0.4110 -0.0000
vn 0.9406 -0.3394 -0.0000
vn 0.9624 -0.2715 -0.0000
vn 0.9782 -0.2079 -0.0000
vn 0.9625 -0.2714 -0.0000
vn 0.9888 -0.1490 -0.0000
vn 0.9782 -0.2078 -0.0000
vn 0.9955 -0.0949 -0.0000
vn 0.9990 -0.0455 -0.0000
vn 0.9999 -0.0110 -0.0000
vn 0.8532 -0.5216 -0.0000
vn 0.8432 -0.5376 -0.0000
vn 0.8669 -0.4985 -0.0000
vn 0.8532 -0.5215 -0.0000
vn 0.8798 -0.4753 -0.0000
vn 0.8920 -0.4520 -0.0000
vn 0.9034 -0.4288 -0.0000
vn 0.9140 -0.4057 -0.0000
vn 0.9239 -0.3827 -0.0000
vn 0.9414 -0.3372 -0.0000
vn 0.9492 -0.3147 -0.0000
vn 0.9562 -0.2926 -0.0000
vn -0.1422 -0.9898 -0.0000
vn -1.0000 0.0009 -0.0000
vn -1.0000 0.0031 -0.0000
vn -1.0000 0.0008 -0.0000
vn -1.0000 0.0057 -0.0000
vn -1.0000 0.0079 -0.0000
vn -1.0000 0.0097 -0.0000
vn -0.9999 0.0112 -0.0000
vn -0.9999 0.0125 -0.0000
vn -0.9999 0.0137 -0.0000
vn -0.9999 0.0147 -0.0000
vn -0.9999 0.0156 -0.0000
vn -0.9999 0.0164 -0.0000
vn -0.9999 0.0171 -0.0000
vn -0.7009 0.7132 -0.0000
vn 0.4290 0.9033 -0.0000
vn 0.7707 0.6372 -0.0000
vn 0.7612 0.6485 -0.0000
vn 0.7497 0.6618 -0.0000
vn 0.7354 0.6776 -0.0000
vn 0.7173 0.6967 -0.0000
vn 0.6938 0.7201 -0.0000
vn 0.6622 0.7493 -0.0000
vn 0.6939 0.7201 -0.0000
vn 0.6178 0.7863 -0.0000
vn 0.5520 0.8338 -0.0000
vn 0.4482 0.8939 -0.0000
vn 0.2740 0.9617 -0.0000
vn 0.0097 1.0000 -0.0000
vn -0.2334 0.9724 -0.0000
vn -0.3736 0.9276 -0.0000
vn -0.2335 0.9724 -0.0000
vn -0.4555 0.8902 -0.0000
vn -0.5080 0.8613 -0.0000
vn -0.5441 0.8390 -0.0000
vn -0.5704 0.8214 -0.0000
vn -0.5902 0.8073 -0.0000
vn -0.5703 0.8214 -0.0000
vn -0.6057 0.7957 -0.0000
vn -0.6181 0.7861 -0.0000
vn -0.6283 0.7780 -0.0000
vn -0.6368 0.7710 -0.0000
vn -0.6528 0.7575 -0.0000
vn -0.6730 0.7397 -0.0000
vn -0.6903 0.7235 -0.0000
vn -0.6729 0.7397 -0.0000
vn -0.7100 0.7042 -0.0000
vn -0.7326 0.6807 -0.0000
vn -0.7584 0.6518 -0.0000
vn -0.7325 0.6807 -0.0000
vn -0.7880 0.6156 -0.0000
vn -0.7583 0.6519 -0.0000
vn -0.8221 0.5694 -0.0000
vn -0.8606 0.5092 -0.0000
vn -0.8220 0.5694 -0.0000
vn -0.9030 0.4295 -0.0000
vn -0.8605 0.5094 -0.0000
vn -0.9465 0.3227 -0.0000
vn -0.9029 0.4298 -0.0000
vn -0.9837 0.1798 -0.0000
vn -0.9464 0.3230 -0.0000
vn -0.9998 0.0196 -0.0000
vn -0.9837 0.1800 -0.0000
vn -0.9998 0.0195 -0.0000
vn -0.7204 -0.6936 -0.0000
vn -0.5967 -0.8025 -0.0000
vn -0.0687 -0.9976 -0.0000
vn -0.7106 -0.7036 -0.0000
vn -0.9999 0.0105 -0.0000
vn -0.9999 0.0116 -0.0000
vn -0.9999 0.0106 -0.0000
vn -0.9999 0.0126 -0.0000
vn -0.9999 0.0143 -0.0000
vn -0.9999 0.0150 -0.0000
vn -0.9999 0.0158 -0.0000
vn -0.9999 0.0157 -0.0000
vn -0.9999 0.0170 -0.0000
vn -0.9998 0.0176 -0.0000
vn -0.9998 0.0182 -0.0000
vn -0.9998 0.0177 -0.0000
vn -0.9998 0.0181 -0.0000
vn -0.9999 0.0172 -0.0000
vn -0.9999 0.0168 -0.0000
vn -0.9999 0.0163 -0.0000
vn -0.9999 0.0141 -0.0000
vn -0.9999 0.0130 -0.0000
vn -0.9999 0.0113 -0.0000
vn -0.9999 0.0129 -0.0000
vn -1.0000 0.0091 -0.0000
vn -1.0000 0.0055 -0.0000
vn -1.0000 0.0090 -0.0000
vn -0.9995 -0.0320 -0.0000
vn -1.0000 0.0056 -0.0000
vn -0.9544 -0.2984 -0.0000
vn -0.9898 -0.1424 -0.0000
vn -0.8878 -0.4603 -0.0000
vn -0.9544 -0.2985 -0.0000
vn -0.7903 -0.6127 -0.0000
vn -0.6711 -0.7414 -0.0000
vn -0.7904 -0.6126 -0.0000
vn -0.5437 -0.8393 -0.0000
vn -0.4204 -0.9073 -0.0000
vn -0.3089 -0.9511 -0.0000
vn -0.2119 -0.9773 -0.0000
vn -0.1295 -0.9916 -0.0000
vn -0.0598 -0.9982 -0.0000
vn 0.0003 -1.0000 -0.0000
vn 0.0609 -0.9981 -0.0000
vn 0.1317 -0.9913 -0.0000
vn 0.2155 -0.9765 -0.0000
vn 0.3138 -0.9495 -0.0000
vn 0.4265 -0.9045 -0.0000
vn 0.5504 -0.8349 -0.0000
vn 0.6775 -0.7355 -0.0000
vn 0.7955 -0.6060 -0.0000
vn 0.8910 -0.4541 -0.0000
vn 0.9559 -0.2938 -0.0000
vn 0.8910 -0.4540 -0.0000
vn 0.9902 -0.1399 -0.0000
vn 0.9559 -0.2937 -0.0000
vn 0.9995 -0.0321 -0.0000
vn 0.9902 -0.1400 -0.0000
vn 1.0000 0.0036 -0.0000
vn 0.9995 -0.0322 -0.0000
vn 1.0000 0.0066 -0.0000
vn 1.0000 0.0091 -0.0000
vn 0.9999 0.0111 -0.0000
vn 0.9999 0.0129 -0.0000
vn 0.9999 0.0144 -0.0000
vn 0.9999 0.0157 -0.0000
vn 0.9999 0.0169 -0.0000
vn 0.9998 0.0179 -0.0000
vn 0.9998 0.0188 -0.0000
vn 0.9998 0.0196 -0.0000
vn 0.7141 -0.7000 -0.0000
vn 0.7142 -0.7000 -0.0000
vn -0.0183 -0.9998 -0.0000
vn -0.0354 -0.9994 -0.0000
vn -0.0513 -0.9987 -0.0000
vn -0.0660 -0.9978 -0.0000
vn -0.0797 -0.9968 -0.0000
vn -0.0925 -0.9957 -0.0000
vn -0.1045 -0.9945 -0.0000
vn -0.1261 -0.9920 -0.0000
vn -0.1360 -0.9907 -0.0000
vn -0.1452 -0.9894 -0.0000
vn -0.1359 -0.9907 -0.0000
vn 0.5376 -0.8432 -0.0000
vn 0.7366 0.6763 -0.0000
vn -0.1913 0.9815 -0.0000
vn -0.1761 0.9844 -0.0000
vn -0.1606 0.9870 -0.0000
vn -0.1445 0.9895 -0.0000
vn -0.1281 0.9918 -0.0000
vn -0.1111 0.9938 -0.0000
vn -0.0938 0.9956 -0.0000
vn -0.0759 0.9971 -0.0000
vn -0.0576 0.9983 -0.0000
vn -0.0388 0.9992 -0.0000
vn -0.0196 0.9998 -0.0000
vn -0.0049 1.0000 -0.0000
vn 0.6980 0.7161 -0.0000
vn 0.9997 0.0241 -0.0000
vn 0.9998 0.0213 -0.0000
vn 0.9998 0.0186 -0.0000
vn 0.9999 0.0161 -0.0000
vn 0.9999 0.0137 -0.0000
vn 1.0000 0.0072 -0.0000
vn 1.0000 0.0053 -0.0000
vn 1.0000 0.0073 -0.0000
vn 1.0000 0.0035 -0.0000
vn 1.0000 0.0017 -0.0000
vn 0.2655 -0.9641 -0.0000
vn -0.8540 -0.5203 -0.0000
vn 0.2654 -0.9641 -0.0000
vn -0.8426 -0.5385 -0.0000
vn -0.8182 -0.5749 -0.0000
vn -0.8051 -0.5931 -0.0000
vn -0.7915 -0.6112 -0.0000
vn -0.7772 -0.6292 -0.0000
vn -0.7625 -0.6470 -0.0000
vn -0.7471 -0.6647 -0.0000
vn -0.7313 -0.6821 -0.0000
vn -0.7472 -0.6647 -0.0000
vn -0.7149 -0.6992 -0.0000
vn -0.6993 -0.7148 -0.0000
vn -0.6851 -0.7284 -0.0000
vn -0.6715 -0.7410 -0.0000
vn -0.6582 -0.7528 -0.0000
vn -0.6324 -0.7746 -0.0000
vn -0.6200 -0.7846 -0.0000
vn -0.6079 -0.7940 -0.0000
vn -0.5961 -0.8029 -0.0000
vn -0.5845 -0.8114 -0.0000
vn -0.5733 -0.8193 -0.0000
vn -0.5624 -0.8269 -0.0000
vn -0.6115 -0.7913 -0.0000
vn -0.6197 -0.7848 -0.0000
vn -0.6109 -0.7917 -0.0000
vn -0.5317 -0.8469 -0.0000
vn -0.6182 -0.7860 -0.0000
vn -0.4489 -0.8936 -0.0000
vn -0.5307 -0.8476 -0.0000
vn -0.3731 -0.9278 -0.0000
vn -0.4482 -0.8939 -0.0000
vn -0.3045 -0.9525 -0.0000
vn -0.3721 -0.9282 -0.0000
vn -0.2435 -0.9699 -0.0000
vn -0.3040 -0.9527 -0.0000
vn -0.1897 -0.9818 -0.0000
vn -0.2433 -0.9699 -0.0000
vn -0.1423 -0.9898 -0.0000
vn -0.1896 -0.9819 -0.0000
vn -0.1002 -0.9950 -0.0000
vn -0.1421 -0.9898 -0.0000
vn -0.0629 -0.9980 -0.0000
vn -0.1001 -0.9950 -0.0000
vn -0.0299 -0.9996 -0.0000
vn 0.0134 -0.9999 -0.0000
vn -0.0298 -0.9996 -0.0000
vn 0.0875 -0.9962 -0.0000
vn 0.1878 -0.9822 -0.0000
vn 0.3024 -0.9532 -0.0000
vn 0.1877 -0.9822 -0.0000
vn 0.4288 -0.9034 -0.0000
vn 0.5604 -0.8282 -0.0000
vn 0.4289 -0.9034 -0.0000
vn 0.6869 -0.7267 -0.0000
vn 0.7971 -0.6039 -0.0000
vn 0.8830 -0.4693 -0.0000
vn 0.7972 -0.6038 -0.0000
vn 0.9423 -0.3348 -0.0000
vn 0.9778 -0.2095 -0.0000
vn 0.9952 -0.0980 -0.0000
vn 0.9779 -0.2093 -0.0000
vn 1.0000 -0.0088 -0.0000
vn 0.9952 -0.0979 -0.0000
vn 0.9983 0.0578 -0.0000
vn 1.0000 -0.0093 -0.0000
vn 0.9931 0.1174 -0.0000
vn 0.9984 0.0567 -0.0000
vn 0.9932 0.1168 -0.0000
vn 0.9701 0.2426 -0.0000
vn 0.9516 0.3073 -0.0000
vn 0.9282 0.3720 -0.0000
vn 0.9518 0.3068 -0.0000
vn 0.9002 0.4355 -0.0000
vn 0.9286 0.3710 -0.0000
vn 0.8679 0.4967 -0.0000
vn 0.9009 0.4341 -0.0000
vn 0.8319 0.5549 -0.0000
vn 0.8685 0.4958 -0.0000
vn 0.7923 0.6101 -0.0000
vn 0.8324 0.5542 -0.0000
vn 0.7931 0.6090 -0.0000
vn 0.7278 0.6858 -0.0000
vn 0.7511 0.6602 -0.0000
vn 0.7397 0.6730 -0.0000
vn 0.7281 0.6855 -0.0000
vn 0.7647 0.6444 -0.0000
vn 0.7889 0.6145 -0.0000
vn 0.8121 0.5835 -0.0000
vn 0.8342 0.5514 -0.0000
vn 0.8551 0.5184 -0.0000
vn 0.8747 0.4847 -0.0000
vn 0.8928 0.4504 -0.0000
vn 0.9095 0.4157 -0.0000
vn 0.9247 0.3807 -0.0000
vn 0.9384 0.3456 -0.0000
vn 0.8148 -0.5797 -0.0000
vn -0.0049 -1.0000 -0.0000
vn 0.8149 -0.5797 -0.0000
vn -0.0189 -0.9998 -0.0000
vn -0.0526 -0.9986 -0.0000
vn -0.0675 -0.9977 -0.0000
vn -0.0812 -0.9967 -0.0000
vn -0.0940 -0.9956 -0.0000
vn -0.1058 -0.9944 -0.0000
vn -0.1270 -0.9919 -0.0000
vn -0.1366 -0.9906 -0.0000
vn -0.1455 -0.9894 -0.0000
vn 0.5324 -0.8465 -0.0000
vn 0.7415 0.6710 -0.0000
vn -0.1894 0.9819 -0.0000
vn -0.1750 0.9846 -0.0000
vn -0.1600 0.9871 -0.0000
vn -0.1285 0.9917 -0.0000
vn -0.1119 0.9937 -0.0000
vn -0.0947 0.9955 -0.0000
vn -0.0770 0.9970 -0.0000
vn -0.0586 0.9983 -0.0000
vn -0.0397 0.9992 -0.0000
vn -0.0587 0.9983 -0.0000
vn -0.0201 0.9998 -0.0000
vn -0.0051 1.0000 -0.0000
vn 1.0000 -0.0072 -0.0000
vn 0.9999 -0.0145 -0.0000
vn 0.9998 -0.0221 -0.0000
vn 0.9996 -0.0299 -0.0000
vn 0.9989 -0.0461 -0.0000
vn 0.9985 -0.0546 -0.0000
vn 0.9980 -0.0634 -0.0000
vn 0.9974 -0.0724 -0.0000
vn 0.9967 -0.0817 -0.0000
vn 0.9958 -0.0913 -0.0000
vn 0.7083 0.7060 -0.0000
vn -0.0962 0.9954 -0.0000
vn 0.7082 0.7060 -0.0000
vn -0.1030 0.9947 -0.0000
vn -0.1108 0.9938 -0.0000
vn -0.1195 0.9928 -0.0000
vn -0.1295 0.9916 -0.0000
vn -0.1410 0.9900 -0.0000
vn -0.1545 0.9880 -0.0000
vn -0.1704 0.9854 -0.0000
vn -0.1895 0.9819 -0.0000
vn -0.2127 0.9771 -0.0000
vn -0.2416 0.9704 -0.0000
vn -0.2756 0.9613 -0.0000
vn -0.3144 0.9493 -0.0000
vn -0.3592 0.9333 -0.0000
vn -0.4107 0.9117 -0.0000
vn -0.4701 0.8826 -0.0000
vn -0.4107 0.9118 -0.0000
vn -0.5380 0.8429 -0.0000
vn -0.6146 0.7889 -0.0000
vn -0.6986 0.7155 -0.0000
vn -0.7861 0.6181 -0.0000
vn -0.8699 0.4932 -0.0000
vn -0.9396 0.3424 -0.0000
vn -0.9848 0.1738 -0.0000
vn -1.0000 -0.0092 -0.0000
vn -0.9793 -0.2025 -0.0000
vn -1.0000 -0.0093 -0.0000
vn -0.9249 -0.3803 -0.0000
vn -0.9793 -0.2026 -0.0000
vn -0.8526 -0.5226 -0.0000
vn -0.7763 -0.6304 -0.0000
vn -0.7042 -0.7100 -0.0000
vn -0.6397 -0.7686 -0.0000
vn -0.5835 -0.8121 -0.0000
vn -0.5350 -0.8448 -0.0000
vn -0.4933 -0.8699 -0.0000
vn -0.4572 -0.8893 -0.0000
vn -0.4260 -0.9047 -0.0000
vn -0.8401 -0.5425 -0.0000
vn 0.4329 0.9014 -0.0000
vn 0.7769 0.6297 -0.0000
vn 0.7689 0.6394 -0.0000
vn 0.7591 0.6509 -0.0000
vn 0.7470 0.6648 -0.0000
vn 0.7317 0.6816 -0.0000
vn 0.7471 0.6648 -0.0000
vn 0.7116 0.7026 -0.0000
vn 0.6842 0.7293 -0.0000
vn 0.6452 0.7641 -0.0000
vn 0.5856 0.8106 -0.0000
vn 0.4871 0.8733 -0.0000
vn 0.3080 0.9514 -0.0000
vn 0.0316 0.9995 -0.0000
vn -0.2141 0.9768 -0.0000
vn -0.3560 0.9345 -0.0000
vn -0.4461 0.8950 -0.0000
vn -0.5066 0.8622 -0.0000
vn -0.5494 0.8355 -0.0000
vn -0.5067 0.8622 -0.0000
vn -0.5811 0.8139 -0.0000
vn -0.6052 0.7960 -0.0000
vn -0.5810 0.8139 -0.0000
vn -0.6243 0.7812 -0.0000
vn -0.6052 0.7961 -0.0000
vn -0.6396 0.7687 -0.0000
vn -0.6523 0.7580 -0.0000
vn -0.6628 0.7488 -0.0000
vn -0.6657 0.7463 -0.0000
vn -0.6694 0.7429 -0.0000
vn -0.6818 0.7316 -0.0000
vn -0.6961 0.7179 -0.0000
vn -0.6818 0.7315 -0.0000
vn -0.6962 0.7179 -0.0000
vn -0.7330 0.6802 -0.0000
vn -0.7130 0.7011 -0.0000
vn -0.7571 0.6533 -0.0000
vn -0.7331 0.6801 -0.0000
vn -0.7864 0.6177 -0.0000
vn -0.7572 0.6532 -0.0000
vn -0.8224 0.5690 -0.0000
vn -0.7865 0.6176 -0.0000
vn -0.8663 0.4994 -0.0000
vn -0.8224 0.5689 -0.0000
vn -0.9184 0.3956 -0.0000
vn -0.8664 0.4994 -0.0000
vn -0.9721 0.2345 -0.0000
vn -0.9185 0.3955 -0.0000
vn -0.9993 0.0384 -0.0000
vn -0.9993 0.0383 -0.0000
vn -0.9922 -0.1244 -0.0000
vn -0.7204 -0.6935 -0.0000
vn -0.3495 -0.9369 -0.0000
vn -0.3497 -0.9369 -0.0000
vn -0.8437 -0.5368 -0.0000
vn -0.8977 0.4405 -0.0000
vn -0.8807 0.4737 -0.0000
vn -0.8625 0.5060 -0.0000
vn -0.8807 0.4736 -0.0000
vn -0.8432 0.5376 -0.0000
vn -0.8229 0.5681 -0.0000
vn -0.8018 0.5976 -0.0000
vn -0.7799 0.6260 -0.0000
vn -0.7573 0.6531 -0.0000
vn -0.7342 0.6790 -0.0000
vn -0.7107 0.7035 -0.0000
vn -0.6869 0.7268 -0.0000
vn -0.6667 0.7453 -0.0000
vn -0.6488 0.7610 -0.0000
vn -0.6288 0.7775 -0.0000
vn -0.6082 0.7938 -0.0000
vn -0.5869 0.8096 -0.0000
vn -0.5650 0.8251 -0.0000
vn -0.5425 0.8401 -0.0000
vn -0.5194 0.8545 -0.0000
vn -0.4958 0.8684 -0.0000
vn -0.4717 0.8817 -0.0000
vn -0.4223 0.9064 -0.0000
vn -0.4228 0.9062 -0.0000
vn -0.4796 0.8775 -0.0000
vn -0.4230 0.9061 -0.0000
vn -0.5661 0.8243 -0.0000
vn -0.6512 0.7589 -0.0000
vn -0.5660 0.8244 -0.0000
vn -0.7311 0.6823 -0.0000
vn -0.6511 0.7590 -0.0000
vn -0.8026 0.5965 -0.0000
vn -0.7312 0.6822 -0.0000
vn -0.8634 0.5045 -0.0000
vn -0.8028 0.5962 -0.0000
vn -0.8636 0.5041 -0.0000
vn -0.9484 0.3170 -0.0000
vn -0.9121 0.4099 -0.0000
vn -0.9737 0.2279 -0.0000
vn -0.9483 0.3174 -0.0000
vn -0.9894 0.1452 -0.0000
vn -0.9736 0.2283 -0.0000
vn -0.9976 0.0694 -0.0000
vn -1.0000 -0.0012 -0.0000
vn -0.9972 -0.0742 -0.0000
vn -1.0000 -0.0010 -0.0000
vn -0.9875 -0.1574 -0.0000
vn -0.9972 -0.0745 -0.0000
vn -0.9681 -0.2506 -0.0000
vn -0.9875 -0.1575 -0.0000
vn -0.9358 -0.3525 -0.0000
vn -0.9358 -0.3526 -0.0000
vn -0.8219 -0.5697 -0.0000
vn -0.8876 -0.4607 -0.0000
vn -0.7384 -0.6743 -0.0000
vn -0.8217 -0.5700 -0.0000
vn -0.6405 -0.7679 -0.0000
vn -0.7383 -0.6744 -0.0000
vn -0.5337 -0.8457 -0.0000
vn -0.4242 -0.9056 -0.0000
vn -0.5336 -0.8457 -0.0000
vn -0.3177 -0.9482 -0.0000
vn -0.4240 -0.9057 -0.0000
vn -0.2553 -0.9669 -0.0000
vn -0.3176 -0.9482 -0.0000
vn -0.3009 -0.9536 -0.0000
vn -0.4089 -0.9126 -0.0000
vn -0.5085 -0.8610 -0.0000
vn -0.5972 -0.8021 -0.0000
vn -0.5086 -0.8610 -0.0000
vn -0.6735 -0.7392 -0.0000
vn -0.7376 -0.6752 -0.0000
vn -0.6736 -0.7391 -0.0000
vn -0.8331 -0.5531 -0.0000
vn -0.8675 -0.4974 -0.0000
vn -0.8950 -0.4461 -0.0000
vn -0.9370 -0.3493 -0.0000
vn -0.9447 -0.3278 -0.0000
vn -0.9402 -0.3406 -0.0000
vn -0.9348 -0.3552 -0.0000
vn -0.9283 -0.3718 -0.0000
vn -0.9284 -0.3717 -0.0000
vn -0.9109 -0.4126 -0.0000
vn -0.8988 -0.4384 -0.0000
vn -0.9108 -0.4128 -0.0000
vn -0.8834 -0.4687 -0.0000
vn -0.8632 -0.5049 -0.0000
vn -0.8833 -0.4687 -0.0000
vn -0.8360 -0.5487 -0.0000
vn -0.7987 -0.6018 -0.0000
vn -0.8361 -0.5486 -0.0000
vn -0.7467 -0.6651 -0.0000
vn -0.7986 -0.6019 -0.0000
vn -0.6826 -0.7308 -0.0000
vn -0.7466 -0.6652 -0.0000
vn -0.6133 -0.7899 -0.0000
vn -0.6827 -0.7307 -0.0000
vn -0.5412 -0.8409 -0.0000
vn -0.4684 -0.8835 -0.0000
vn -0.5411 -0.8409 -0.0000
vn -0.4685 -0.8835 -0.0000
vn -0.3278 -0.9448 -0.0000
vn -0.3969 -0.9179 -0.0000
vn -0.2623 -0.9650 -0.0000
vn -0.2010 -0.9796 -0.0000
vn -0.1443 -0.9895 -0.0000
vn -0.2011 -0.9796 -0.0000
vn -0.0920 -0.9958 -0.0000
vn -0.0442 -0.9990 -0.0000
vn 0.0230 -0.9997 -0.0000
vn 0.1252 -0.9921 -0.0000
vn 0.2290 -0.9734 -0.0000
vn 0.3120 -0.9501 -0.0000
vn 0.3784 -0.9257 -0.0000
vn 0.4319 -0.9019 -0.0000
vn 0.4755 -0.8797 -0.0000
vn 0.5114 -0.8594 -0.0000
vn 0.4754 -0.8797 -0.0000
vn 0.5413 -0.8408 -0.0000
vn 0.5665 -0.8240 -0.0000
vn 0.5880 -0.8088 -0.0000
vn 0.6065 -0.7951 -0.0000
vn 0.5880 -0.8089 -0.0000
vn 0.6129 -0.7901 -0.0000
vn 0.6246 -0.7810 -0.0000
vn 0.6129 -0.7902 -0.0000
vn 0.6514 -0.7588 -0.0000
vn 0.6768 -0.7361 -0.0000
vn 0.7009 -0.7132 -0.0000
vn 0.7237 -0.6901 -0.0000
vn 0.7451 -0.6670 -0.0000
vn 0.7652 -0.6438 -0.0000
vn 0.7451 -0.6669 -0.0000
vn 0.7840 -0.6208 -0.0000
vn 0.8179 -0.5754 -0.0000
vn 0.8331 -0.5532 -0.0000
vn 0.3494 -0.9370 -0.0000
vn 1.0000 0.0008 -0.0000
vn -0.7506 -0.6608 -0.0000
vn -0.7400 -0.6727 -0.0000
vn -0.7294 -0.6841 -0.0000
vn -0.7188 -0.6953 -0.0000
vn -0.7082 -0.7060 -0.0000
vn -0.6976 -0.7164 -0.0000
vn -0.6871 -0.7265 -0.0000
vn -0.6976 -0.7165 -0.0000
vn -0.6767 -0.7363 -0.0000
vn -0.6663 -0.7457 -0.0000
vn -0.6560 -0.7548 -0.0000
vn -0.6457 -0.7636 -0.0000
vn -0.5372 -0.8434 -0.0000
vn -0.4031 -0.9151 -0.0000
vn -0.5371 -0.8435 -0.0000
vn -0.3594 -0.9332 -0.0000
vn -0.4027 -0.9153 -0.0000
vn -0.3165 -0.9486 -0.0000
vn -0.3591 -0.9333 -0.0000
vn -0.2749 -0.9615 -0.0000
vn -0.2348 -0.9720 -0.0000
vn -0.2750 -0.9614 -0.0000
vn -0.1962 -0.9806 -0.0000
vn -0.2349 -0.9720 -0.0000
vn -0.1595 -0.9872 -0.0000
vn -0.1964 -0.9805 -0.0000
vn -0.1243 -0.9922 -0.0000
vn -0.0908 -0.9959 -0.0000
vn -0.1242 -0.9923 -0.0000
vn -0.0590 -0.9983 -0.0000
vn -0.0288 -0.9996 -0.0000
vn -0.0589 -0.9983 -0.0000
vn 0.0872 -0.9962 -0.0000
vn 0.1871 -0.9823 -0.0000
vn 0.3015 -0.9535 -0.0000
vn 0.4276 -0.9040 -0.0000
vn 0.5591 -0.8291 -0.0000
vn 0.4277 -0.9039 -0.0000
vn 0.6857 -0.7279 -0.0000
vn 0.7962 -0.6051 -0.0000
vn 0.8823 -0.4706 -0.0000
vn 0.9419 -0.3359 -0.0000
vn 0.9777 -0.2101 -0.0000
vn 0.9952 -0.0983 -0.0000
vn 0.9999 -0.0125 -0.0000
vn 0.9991 0.0419 -0.0000
vn 0.9999 -0.0133 -0.0000
vn 0.9965 0.0831 -0.0000
vn 0.9992 0.0411 -0.0000
vn 0.9923 0.1240 -0.0000
vn 0.9865 0.1638 -0.0000
vn 0.9922 0.1244 -0.0000
vn 0.9791 0.2036 -0.0000
vn 0.9863 0.1650 -0.0000
vn 0.9702 0.2424 -0.0000
vn 0.9789 0.2044 -0.0000
vn 0.9602 0.2794 -0.0000
vn 0.9701 0.2428 -0.0000
vn 0.9489 0.3155 -0.0000
vn 0.9600 0.2801 -0.0000
vn 0.9366 0.3503 -0.0000
vn 0.9486 0.3165 -0.0000
vn 0.9232 0.3844 -0.0000
vn 0.9363 0.3513 -0.0000
vn 0.9091 0.4166 -0.0000
vn 0.8524 0.5229 -0.0000
vn 0.8042 0.5943 -0.0000
vn 0.8522 0.5231 -0.0000
vn 0.8244 0.5661 -0.0000
vn 0.8430 0.5378 -0.0000
vn 0.8243 0.5661 -0.0000
vn 0.8604 0.5097 -0.0000
vn 0.8763 0.4818 -0.0000
vn 0.8909 0.4541 -0.0000
vn 0.9043 0.4268 -0.0000
vn 0.9165 0.4000 -0.0000
vn 0.9275 0.3738 -0.0000
vn 0.9375 0.3481 -0.0000
vn 0.9464 0.3230 -0.0000
vn 0.9375 0.3480 -0.0000
vn 0.9529 0.3034 -0.0000
vn 0.9573 0.2892 -0.0000
vn 0.9614 0.2752 -0.0000
vn 0.9654 0.2608 -0.0000
vn 0.9692 0.2461 -0.0000
vn 0.9729 0.2310 -0.0000
vn 0.9765 0.2157 -0.0000
vn 0.9798 0.1999 -0.0000
vn 0.9829 0.1839 -0.0000
vn 0.9859 0.1675 -0.0000
vn 0.9886 0.1508 -0.0000
vn 0.9910 0.1338 -0.0000
vn 0.5530 0.8332 -0.0000
vn -0.2763 0.9611 -0.0000
vn -0.2903 0.9569 -0.0000
vn -0.3072 0.9517 -0.0000
vn -0.3279 0.9447 -0.0000
vn -0.3539 0.9353 -0.0000
vn -0.3875 0.9219 -0.0000
vn -0.4322 0.9018 -0.0000
vn -0.4942 0.8693 -0.0000
vn -0.5839 0.8118 -0.0000
vn -0.7167 0.6974 -0.0000
vn -0.8933 0.4495 -0.0000
vn -0.9960 0.0889 -0.0000
vn -0.9819 -0.1894 -0.0000
vn -0.9267 -0.3759 -0.0000
vn -0.9819 -0.1895 -0.0000
vn -0.8403 -0.5421 -0.0000
vn -0.7369 -0.6760 -0.0000
vn -0.8403 -0.5422 -0.0000
vn -0.6310 -0.7757 -0.0000
vn -0.5323 -0.8466 -0.0000
vn -0.6310 -0.7758 -0.0000
vn -0.4449 -0.8956 -0.0000
vn -0.3697 -0.9292 -0.0000
vn -0.3056 -0.9522 -0.0000
vn -0.3697 -0.9291 -0.0000
vn -0.2512 -0.9679 -0.0000
vn -0.3056 -0.9521 -0.0000
vn -0.2048 -0.9788 -0.0000
vn -0.6386 -0.7696 -0.0000
vn -0.9296 -0.3687 -0.0000
vn -0.6386 -0.7695 -0.0000
vn -0.9237 -0.3831 -0.0000
vn -0.9173 -0.3981 -0.0000
vn -0.9104 -0.4137 -0.0000
vn -0.9029 -0.4299 -0.0000
vn -0.8947 -0.4466 -0.0000
vn -0.9029 -0.4298 -0.0000
vn -0.8859 -0.4639 -0.0000
vn -0.8763 -0.4818 -0.0000
vn -0.8658 -0.5004 -0.0000
vn -0.8545 -0.5195 -0.0000
vn -0.8421 -0.5393 -0.0000
vn -0.9144 0.4048 -0.0000
vn -0.1594 0.9872 -0.0000
vn -0.9144 0.4049 -0.0000
vn -0.1688 0.9857 -0.0000
vn -0.1795 0.9838 -0.0000
vn -0.1918 0.9814 -0.0000
vn -0.2061 0.9785 -0.0000
vn -0.2230 0.9748 -0.0000
vn -0.2431 0.9700 -0.0000
vn -0.2229 0.9748 -0.0000
vn -0.2675 0.9636 -0.0000
vn -0.2976 0.9547 -0.0000
vn -0.3357 0.9420 -0.0000
vn -0.3849 0.9230 -0.0000
vn -0.4221 0.9066 -0.0000
vn -0.3849 0.9229 -0.0000
vn -0.4641 0.8858 -0.0000
vn -0.4220 0.9066 -0.0000
vn -0.5309 0.8474 -0.0000
vn -0.6009 0.7994 -0.0000
vn -0.5308 0.8475 -0.0000
vn -0.6722 0.7404 -0.0000
vn -0.6008 0.7994 -0.0000
vn -0.7425 0.6698 -0.0000
vn -0.8090 0.5878 -0.0000
vn -0.7426 0.6697 -0.0000
vn -0.8684 0.4959 -0.0000
vn -0.9178 0.3971 -0.0000
vn -0.8683 0.4960 -0.0000
vn -0.9556 0.2945 -0.0000
vn -0.9814 0.1922 -0.0000
vn -0.9956 0.0936 -0.0000
vn -0.9998 -0.0214 -0.0000
vn -0.9848 -0.1734 -0.0000
vn -0.9998 -0.0213 -0.0000
vn -0.9429 -0.3332 -0.0000
vn -0.9849 -0.1733 -0.0000
vn -0.8828 -0.4698 -0.0000
vn -0.9429 -0.3331 -0.0000
vn -0.8145 -0.5802 -0.0000
vn -0.7454 -0.6666 -0.0000
vn -0.8144 -0.5803 -0.0000
vn -0.6802 -0.7330 -0.0000
vn -0.6210 -0.7838 -0.0000
vn -0.5682 -0.8229 -0.0000
vn -0.5217 -0.8532 -0.0000
vn -0.4807 -0.8769 -0.0000
vn -0.5217 -0.8531 -0.0000
vn -0.4808 -0.8769 -0.0000
vn -0.8449 -0.5349 -0.0000
vn -0.9996 -0.0268 -0.0000
vn -0.9935 -0.1137 -0.0000
vn -0.9704 -0.2416 -0.0000
vn -0.9243 -0.3817 -0.0000
vn -0.8508 -0.5254 -0.0000
vn -0.7507 -0.6606 -0.0000
vn -0.6311 -0.7757 -0.0000
vn -0.7508 -0.6606 -0.0000
vn -0.5032 -0.8642 -0.0000
vn -0.3781 -0.9258 -0.0000
vn -0.2633 -0.9647 -0.0000
vn -0.1622 -0.9868 -0.0000
vn -0.2632 -0.9647 -0.0000
vn -0.0753 -0.9972 -0.0000
vn -0.1621 -0.9868 -0.0000
vn 0.0016 -1.0000 -0.0000
vn -0.0752 -0.9972 -0.0000
vn 0.0821 -0.9966 -0.0000
vn 0.1766 -0.9843 -0.0000
vn 0.2855 -0.9584 -0.0000
vn 0.4072 -0.9133 -0.0000
vn 0.5364 -0.8440 -0.0000
vn 0.6639 -0.7478 -0.0000
vn 0.7784 -0.6277 -0.0000
vn 0.8703 -0.4925 -0.0000
vn 0.9353 -0.3539 -0.0000
vn 0.9750 -0.2223 -0.0000
vn 0.9946 -0.1042 -0.0000
vn 0.9989 0.0477 -0.0000
vn 0.9991 0.0420 -0.0000
vn 0.9993 0.0366 -0.0000
vn 0.9995 0.0316 -0.0000
vn 0.9996 0.0268 -0.0000
vn 0.9998 0.0223 -0.0000
vn 0.9998 0.0181 -0.0000
vn 0.9999 0.0141 -0.0000
vn 0.9999 0.0103 -0.0000
vn 1.0000 0.0067 -0.0000
vn 1.0000 0.0033 -0.0000
vt 0.586313 0.472875
vt 0.582776 0.471105
vt 0.586372 0.470668
vt 0.983988 0.610943
vt 0.983179 0.608555
vt 0.985095 0.609717
vt 0.579486 0.471549
vt 0.981361 0.607468
vt 0.979640 0.606457
vt 0.978017 0.605520
vt 0.976491 0.604659
vt 0.576501 0.472000
vt 0.975063 0.603873
vt 0.586291 0.475100
vt 0.973732 0.603162
vt 0.972499 0.602526
vt 0.982876 0.612198
vt 0.971364 0.601966
vt 0.573822 0.472458
vt 0.970326 0.601481
vt 0.969385 0.601071
vt 0.968542 0.600736
vt 0.967903 0.600510
vt 0.571449 0.472924
vt 0.967302 0.600326
vt 0.966739 0.600185
vt 0.966215 0.600087
vt 0.981758 0.613484
vt 0.586308 0.477343
vt 0.965729 0.600032
vt 0.569381 0.473397
vt 0.965282 0.600020
vt 0.964873 0.600050
vt 0.964502 0.600123
vt 0.567620 0.473877
vt 0.964170 0.600240
vt 0.963877 0.600399
vt 0.980635 0.614801
vt 0.963622 0.600601
vt 0.566164 0.474364
vt 0.963405 0.600845
vt 0.586363 0.479605
vt 0.963192 0.601206
vt 0.565014 0.474858
vt 0.963048 0.601621
vt 0.564170 0.475360
vt 0.962971 0.602091
vt 0.979506 0.616147
vt 0.962963 0.602615
vt 0.563631 0.475869
vt 0.963023 0.603195
vt 0.563398 0.476385
vt 0.963151 0.603830
vt 0.586456 0.481885
vt 0.963347 0.604519
vt 0.563373 0.476819
vt 0.978373 0.617525
vt 0.963612 0.605264
vt 0.563430 0.477242
vt 0.963944 0.606063
vt 0.563572 0.477654
vt 0.563796 0.478055
vt 0.964345 0.606917
vt 0.564105 0.478445
vt 0.964814 0.607827
vt 0.977234 0.618932
vt 0.564497 0.478824
vt 0.586587 0.484183
vt 0.965351 0.608791
vt 0.564972 0.479192
vt 0.565531 0.479549
vt 0.947229 0.633213
vt 0.566173 0.479895
vt 0.566899 0.480230
vt 0.567709 0.480554
vt 0.568602 0.480867
vt 0.976089 0.620370
vt 0.569494 0.484907
vt 0.586756 0.486500
vt 0.974939 0.621839
vt 0.586963 0.488835
vt 0.973784 0.623338
vt 0.570428 0.488847
vt 0.587208 0.491189
vt 0.972623 0.624867
vt 0.971457 0.626427
vt 0.587492 0.493561
vt 0.571404 0.492688
vt 0.959606 0.642397
vt 0.587813 0.495951
vt 0.572420 0.496430
vt 0.588173 0.498360
vt 0.589090 0.503926
vt 0.573479 0.500072
vt 0.922632 0.601036
vt 0.922002 0.600532
vt 0.922353 0.600731
vt 0.921525 0.600366
vt 0.922892 0.601521
vt 0.920922 0.600232
vt 0.923134 0.602186
vt 0.920193 0.600131
vt 0.574578 0.503615
vt 0.923359 0.603032
vt 0.919338 0.600061
vt 0.923565 0.604058
vt 0.918357 0.600024
vt 0.917250 0.600020
vt 0.923752 0.605264
vt 0.590134 0.509370
vt 0.916016 0.600047
vt 0.923922 0.606651
vt 0.914657 0.600107
vt 0.924073 0.608218
vt 0.575719 0.507059
vt 0.913172 0.600200
vt 0.924207 0.609965
vt 0.911560 0.600324
vt 0.909823 0.600481
vt 0.924322 0.611892
vt 0.576902 0.510403
vt 0.908695 0.600577
vt 0.591304 0.514691
vt 0.924419 0.614000
vt 0.907651 0.600682
vt 0.906693 0.600796
vt 0.924497 0.616288
vt 0.905821 0.600919
vt 0.990690 0.671444
vt 0.994941 0.667120
vt 0.995916 0.667578
vt 0.905033 0.601050
vt 0.993987 0.666656
vt 0.993056 0.666186
vt 0.992146 0.665708
vt 0.578125 0.513648
vt 0.991259 0.665224
vt 0.904331 0.601191
vt 0.990393 0.664734
vt 0.989550 0.664237
vt 0.988729 0.663733
vt 0.987930 0.663222
vt 0.987153 0.662705
vt 0.903713 0.601341
vt 0.986398 0.662182
vt 0.985665 0.661652
vt 0.989942 0.670693
vt 0.989210 0.669972
vt 0.988495 0.669281
vt 0.987797 0.668619
vt 0.987091 0.668014
vt 0.986410 0.667429
vt 0.985754 0.666865
vt 0.985094 0.666356
vt 0.984459 0.665866
vt 0.983817 0.665435
vt 0.903181 0.601500
vt 0.983176 0.665058
vt 0.902734 0.601667
vt 0.902373 0.601844
vt 0.592602 0.519890
vt 0.902096 0.602029
vt 0.901905 0.602224
vt 0.901758 0.602445
vt 0.579391 0.516794
vt 0.901651 0.602666
vt 0.982554 0.664709
vt 0.901582 0.602888
vt 0.901552 0.603110
vt 0.901560 0.603332
vt 0.901607 0.603554
vt 0.901693 0.603777
vt 0.901818 0.603999
vt 0.902023 0.604280
vt 0.902377 0.604671
vt 0.903075 0.605319
vt 0.905484 0.607242
vt 0.963872 0.651161
vt 0.961848 0.657728
vt 0.944817 0.637177
vt 0.943910 0.640572
vt 0.941661 0.638901
vt 0.580697 0.519840
vt 0.594026 0.524966
vt 0.938444 0.640507
vt 0.938571 0.647847
vt 0.940763 0.642976
vt 0.582045 0.522787
vt 0.935166 0.641993
vt 0.960085 0.664315
vt 0.581093 0.522790
vt 0.580198 0.522801
vt 0.937595 0.645282
vt 0.579360 0.522819
vt 0.595577 0.529920
vt 0.578581 0.522845
vt 0.577860 0.522880
vt 0.577197 0.522921
vt 0.576591 0.522971
vt 0.576044 0.523028
vt 0.575554 0.523093
vt 0.575122 0.523166
vt 0.574748 0.523247
vt 0.574432 0.523335
vt 0.574213 0.523402
vt 0.574010 0.523480
vt 0.573824 0.523569
vt 0.573653 0.523670
vt 0.573500 0.523783
vt 0.573362 0.523907
vt 0.573242 0.524044
vt 0.573137 0.524191
vt 0.573049 0.524350
vt 0.931827 0.643360
vt 0.572977 0.524521
vt 0.572922 0.524704
vt 0.572883 0.524898
vt 0.572861 0.525235
vt 0.572899 0.525580
vt 0.934407 0.647490
vt 0.572995 0.525933
vt 0.573150 0.526294
vt 0.573365 0.526662
vt 0.597255 0.534751
vt 0.573638 0.527039
vt 0.573971 0.527424
vt 0.937016 0.649958
vt 0.574362 0.527816
vt 0.928427 0.644608
vt 0.958583 0.670921
vt 0.574813 0.528217
vt 0.575322 0.528625
vt 0.575891 0.529042
vt 0.576518 0.529466
vt 0.590135 0.537778
vt 0.563482 0.614290
vt 0.931198 0.649601
vt 0.935280 0.652302
vt 0.924966 0.645736
vt 0.599060 0.539459
vt 0.933363 0.654877
vt 0.927969 0.651614
vt 0.921443 0.646746
vt 0.957341 0.677546
vt 0.944868 0.663561
vt 0.591223 0.539510
vt 0.584544 0.574154
vt 0.600992 0.544045
vt 0.931265 0.657683
vt 0.944565 0.666688
vt 0.942504 0.666788
vt 0.917859 0.647636
vt 0.924719 0.653529
vt 0.592349 0.541237
vt 0.593512 0.542962
vt 0.944330 0.669797
vt 0.914215 0.648408
vt 0.928985 0.660721
vt 0.603050 0.548508
vt 0.594711 0.544683
vt 0.921449 0.655347
vt 0.956361 0.684191
vt 0.940200 0.669944
vt 0.595947 0.546400
vt 0.944164 0.672888
vt 0.910509 0.649060
vt 0.597221 0.548115
vt 0.926525 0.663991
vt 0.918158 0.657067
vt 0.605235 0.552849
vt 0.937956 0.673030
vt 0.944067 0.675960
vt 0.598531 0.549825
vt 0.906742 0.649593
vt 0.599878 0.551533
vt 0.955641 0.690856
vt 0.944038 0.679013
vt 0.914847 0.658690
vt 0.601262 0.553237
vt 0.923884 0.667493
vt 0.902914 0.650007
vt 0.607547 0.557067
vt 0.935771 0.676046
vt 0.602683 0.554937
vt 0.944078 0.682048
vt 0.911515 0.660215
vt 0.899789 0.650275
vt 0.604140 0.556634
vt 0.607556 0.557095
vt 0.607564 0.557124
vt 0.607570 0.557152
vt 0.607575 0.557180
vt 0.605635 0.558328
vt 0.607580 0.557208
vt 0.944186 0.685065
vt 0.607583 0.557236
vt 0.607585 0.557263
vt 0.607586 0.557291
vt 0.933647 0.678991
vt 0.607585 0.557318
vt 0.607584 0.557345
vt 0.607582 0.557372
vt 0.607578 0.557399
vt 0.607537 0.557602
vt 0.921061 0.671227
vt 0.955182 0.697540
vt 0.607480 0.557784
vt 0.896681 0.650462
vt 0.607407 0.557945
vt 0.607318 0.558086
vt 0.607212 0.558206
vt 0.607091 0.558306
vt 0.606953 0.558385
vt 0.606799 0.558443
vt 0.606629 0.558481
vt 0.606443 0.558497
vt 0.605660 0.558345
vt 0.605687 0.558361
vt 0.605715 0.558376
vt 0.605744 0.558390
vt 0.605774 0.558403
vt 0.606241 0.558494
vt 0.605806 0.558415
vt 0.605839 0.558427
vt 0.605873 0.558437
vt 0.605908 0.558446
vt 0.606022 0.558469
vt 0.605945 0.558455
vt 0.605983 0.558463
vt 0.908162 0.661642
vt 0.944363 0.688063
vt 0.893588 0.650567
vt 0.931582 0.681867
vt 0.890512 0.650590
vt 0.944609 0.691042
vt 0.904789 0.662972
vt 0.918058 0.675192
vt 0.954984 0.704243
vt 0.887451 0.650531
vt 0.944923 0.694004
vt 0.929577 0.684672
vt 0.902098 0.663999
vt 0.884407 0.650391
vt 0.945305 0.696946
vt 0.881379 0.650169
vt 0.914874 0.679388
vt 0.899428 0.664939
vt 0.927632 0.687406
vt 0.945756 0.699871
vt 0.878366 0.649864
vt 0.955046 0.710966
vt 0.896778 0.665790
vt 0.875370 0.649479
vt 0.946185 0.702313
vt 0.925747 0.690071
vt 0.872389 0.649011
vt 0.894149 0.666554
vt 0.946667 0.704793
vt 0.911508 0.683817
vt 0.869425 0.648462
vt 0.947205 0.707310
vt 0.955370 0.717708
vt 0.891540 0.667229
vt 0.866476 0.647830
vt 0.923922 0.692665
vt 0.900552 0.671872
vt 0.900008 0.671448
vt 0.900282 0.671595
vt 0.899615 0.671322
vt 0.900805 0.672294
vt 0.899101 0.671219
vt 0.901042 0.672858
vt 0.898469 0.671137
vt 0.901263 0.673567
vt 0.897716 0.671078
vt 0.866379 0.647812
vt 0.866284 0.647804
vt 0.866191 0.647806
vt 0.866100 0.647818
vt 0.947798 0.709865
vt 0.901467 0.674419
vt 0.866012 0.647840
vt 0.865926 0.647872
vt 0.896844 0.671040
vt 0.865842 0.647914
vt 0.865761 0.647966
vt 0.865682 0.648027
vt 0.865605 0.648099
vt 0.865531 0.648181
vt 0.901654 0.675414
vt 0.895853 0.671024
vt 0.888952 0.667816
vt 0.865459 0.648272
vt 0.865379 0.648389
vt 0.865314 0.648504
vt 0.865262 0.648617
vt 0.865224 0.648727
vt 0.894741 0.671030
vt 0.901825 0.676554
vt 0.865200 0.648836
vt 0.865190 0.648942
vt 0.865195 0.649046
vt 0.583914 0.578301
vt 0.865213 0.649148
vt 0.865245 0.649248
vt 0.865290 0.649345
vt 0.948446 0.712458
vt 0.865350 0.649441
vt 0.865428 0.649539
vt 0.866055 0.650298
vt 0.893510 0.671058
vt 0.922156 0.695189
vt 0.866590 0.651126
vt 0.901980 0.677837
vt 0.907962 0.688477
vt 0.867034 0.652023
vt 0.892160 0.671108
vt 0.886386 0.668315
vt 0.867386 0.652989
vt 0.902117 0.679263
vt 0.949149 0.715088
vt 0.867646 0.654024
vt 0.890690 0.671180
vt 0.955954 0.724470
vt 0.902239 0.680833
vt 0.867814 0.655127
vt 0.889100 0.671274
vt 0.883839 0.668727
vt 0.867890 0.656299
vt 0.920451 0.697642
vt 0.949907 0.717756
vt 0.902344 0.682547
vt 0.888301 0.671347
vt 0.583313 0.582348
vt 0.867875 0.657540
vt 0.887558 0.671431
vt 0.881314 0.669050
vt 0.886872 0.671526
vt 0.902432 0.684405
vt 0.938392 0.716653
vt 0.942420 0.712433
vt 0.943352 0.712864
vt 0.867768 0.658850
vt 0.950719 0.720461
vt 0.886242 0.671633
vt 0.941506 0.711994
vt 0.940611 0.711546
vt 0.939735 0.711090
vt 0.885668 0.671751
vt 0.938877 0.710625
vt 0.938037 0.710152
vt 0.937216 0.709671
vt 0.936414 0.709181
vt 0.885151 0.671881
vt 0.935630 0.708683
vt 0.867569 0.660229
vt 0.934865 0.708177
vt 0.934118 0.707662
vt 0.933390 0.707138
vt 0.937668 0.715932
vt 0.936958 0.715237
vt 0.936263 0.714570
vt 0.935582 0.713930
vt 0.934891 0.713343
vt 0.934223 0.712775
vt 0.933563 0.712242
vt 0.932925 0.711727
vt 0.932310 0.711230
vt 0.878808 0.669285
vt 0.884691 0.672021
vt 0.951587 0.723204
vt 0.884286 0.672174
vt 0.956800 0.731251
vt 0.931680 0.710796
vt 0.883938 0.672337
vt 0.867278 0.661676
vt 0.883647 0.672512
vt 0.883412 0.672698
vt 0.582740 0.586295
vt 0.876324 0.669432
vt 0.931067 0.710389
vt 0.883233 0.672895
vt 0.883093 0.673109
vt 0.952510 0.725984
vt 0.882990 0.673323
vt 0.866896 0.663192
vt 0.882925 0.673536
vt 0.882897 0.673750
vt 0.930469 0.710010
vt 0.882905 0.673964
vt 0.882952 0.674178
vt 0.883035 0.674392
vt 0.873860 0.669491
vt 0.883156 0.674606
vt 0.883314 0.674821
vt 0.883521 0.675049
vt 0.883931 0.675426
vt 0.885342 0.676547
vt 0.918342 0.701256
vt 0.916207 0.704299
vt 0.906084 0.692287
vt 0.905247 0.693407
vt 0.953487 0.728802
vt 0.866761 0.663621
vt 0.866639 0.664027
vt 0.866530 0.664409
vt 0.873052 0.669515
vt 0.866434 0.664767
vt 0.904374 0.694573
vt 0.872292 0.669521
vt 0.866351 0.665103
vt 0.582197 0.590142
vt 0.954520 0.731658
vt 0.956804 0.731288
vt 0.956806 0.731325
vt 0.956806 0.731361
vt 0.956803 0.731397
vt 0.956798 0.731432
vt 0.956790 0.731467
vt 0.956780 0.731501
vt 0.866281 0.665414
vt 0.956767 0.731535
vt 0.871582 0.669509
vt 0.956752 0.731569
vt 0.956735 0.731602
vt 0.956715 0.731635
vt 0.956692 0.731667
vt 0.956556 0.731836
vt 0.866224 0.665703
vt 0.956415 0.731978
vt 0.870920 0.669479
vt 0.866180 0.665968
vt 0.956268 0.732093
vt 0.866149 0.666209
vt 0.956117 0.732181
vt 0.870307 0.669432
vt 0.903465 0.695784
vt 0.955961 0.732242
vt 0.866131 0.666427
vt 0.955800 0.732276
vt 0.869743 0.669366
vt 0.866127 0.666622
vt 0.955634 0.732282
vt 0.955463 0.732262
vt 0.866135 0.666793
vt 0.955287 0.732215
vt 0.869228 0.669283
vt 0.955107 0.732141
vt 0.954524 0.731677
vt 0.866158 0.666952
vt 0.954531 0.731696
vt 0.954540 0.731716
vt 0.954551 0.731736
vt 0.954921 0.732040
vt 0.954565 0.731756
vt 0.954581 0.731777
vt 0.954600 0.731799
vt 0.954621 0.731820
vt 0.954730 0.731911
vt 0.954645 0.731842
vt 0.954671 0.731865
vt 0.954699 0.731888
vt 0.866195 0.667109
vt 0.868761 0.669182
vt 0.866247 0.667265
vt 0.866314 0.667419
vt 0.914178 0.707187
vt 0.868344 0.669064
vt 0.866396 0.667572
vt 0.866492 0.667724
vt 0.867975 0.668927
vt 0.866604 0.667874
vt 0.866730 0.668022
vt 0.867655 0.668773
vt 0.866871 0.668169
vt 0.867027 0.668314
vt 0.867384 0.668600
vt 0.867198 0.668458
vt 0.902520 0.697041
vt 0.581682 0.593889
vt 0.901539 0.698343
vt 0.912254 0.709921
vt 0.900522 0.699692
vt 0.581197 0.597535
vt 0.899469 0.701086
vt 0.910436 0.712499
vt 0.898380 0.702525
vt 0.580740 0.601082
vt 0.897254 0.704010
vt 0.908723 0.714922
vt 0.896093 0.705541
vt 0.580313 0.604528
vt 0.894895 0.707117
vt 0.907115 0.717191
vt 0.893662 0.708739
vt 0.579915 0.607875
vt 0.905612 0.719304
vt 0.892816 0.709853
vt 0.892031 0.710888
vt 0.904215 0.721263
vt 0.579545 0.611121
vt 0.891305 0.711846
vt 0.902924 0.723066
vt 0.890638 0.712726
vt 0.890031 0.713528
vt 0.579205 0.614267
vt 0.889484 0.714253
vt 0.901737 0.724715
vt 0.888996 0.714899
vt 0.888568 0.715468
vt 0.900656 0.726209
vt 0.578894 0.617313
vt 0.888199 0.715959
vt 0.887890 0.716372
vt 0.887640 0.716708
vt 0.899681 0.727547
vt 0.887451 0.716966
vt 0.886946 0.717762
vt 0.563373 0.615397
vt 0.578692 0.618302
vt 0.886593 0.718568
vt 0.563395 0.616427
vt 0.899211 0.728108
vt 0.578406 0.619188
vt 0.886390 0.719383
vt 0.898700 0.728560
vt 0.563550 0.617379
vt 0.886338 0.720206
vt 0.578035 0.619974
vt 0.898148 0.728904
vt 0.563837 0.618254
vt 0.886437 0.721039
vt 0.897556 0.729140
vt 0.577580 0.620657
vt 0.896923 0.729267
vt 0.564257 0.619052
vt 0.886687 0.721881
vt 0.577040 0.621239
vt 0.896249 0.729285
vt 0.887088 0.722731
vt 0.564809 0.619772
vt 0.895535 0.729195
vt 0.576416 0.621720
vt 0.887639 0.723591
vt 0.894779 0.728997
vt 0.565493 0.620415
vt 0.888341 0.724459
vt 0.575708 0.622098
vt 0.893984 0.728690
vt 0.889194 0.725337
vt 0.893147 0.728275
vt 0.566310 0.620980
vt 0.890198 0.726223
vt 0.892270 0.727751
vt 0.574915 0.622375
vt 0.891352 0.727119
vt 0.567259 0.621468
vt 0.574038 0.622551
vt 0.568340 0.621879
vt 0.573077 0.622625
vt 0.569554 0.622212
vt 0.572031 0.622597
vt 0.570900 0.622468
vt 0.140987 0.465097
vt 0.141221 0.467720
vt 0.140797 0.466689
vt 0.142075 0.469139
vt 0.141739 0.463097
vt 0.143364 0.470948
vt 0.143063 0.460654
vt 0.145089 0.473146
vt 0.144958 0.457767
vt 0.147251 0.475732
vt 0.147422 0.454439
vt 0.149849 0.478707
vt 0.152884 0.482071
vt 0.150449 0.450672
vt 0.156354 0.485826
vt 0.154044 0.446466
vt 0.160260 0.489973
vt 0.158205 0.441821
vt 0.164600 0.494512
vt 0.162932 0.436739
vt 0.169375 0.499443
vt 0.168224 0.431220
vt 0.174584 0.504767
vt 0.177280 0.507429
vt 0.174078 0.425270
vt 0.179815 0.509841
vt 0.182192 0.512009
vt 0.180492 0.418894
vt 0.184410 0.513927
vt 0.162301 0.004783
vt 0.141961 0.005665
vt 0.140797 0.000392
vt 0.186471 0.515601
vt 0.143057 0.010886
vt 0.144087 0.016054
vt 0.145049 0.021168
vt 0.188374 0.517031
vt 0.145944 0.026230
vt 0.146772 0.031238
vt 0.147533 0.036194
vt 0.148227 0.041096
vt 0.148854 0.045945
vt 0.190120 0.518216
vt 0.149414 0.050742
vt 0.149907 0.055485
vt 0.150332 0.060175
vt 0.162205 0.010069
vt 0.162143 0.015199
vt 0.162115 0.020174
vt 0.162121 0.024993
vt 0.162161 0.029657
vt 0.162235 0.034165
vt 0.162343 0.038518
vt 0.162484 0.042715
vt 0.162660 0.046757
vt 0.163214 0.050628
vt 0.191784 0.519120
vt 0.193293 0.519777
vt 0.163940 0.054314
vt 0.194648 0.520190
vt 0.195848 0.520358
vt 0.196895 0.520281
vt 0.197822 0.520031
vt 0.198662 0.519684
vt 0.199415 0.519237
vt 0.164696 0.057833
vt 0.200081 0.518693
vt 0.200662 0.518051
vt 0.201156 0.517310
vt 0.201593 0.516412
vt 0.202005 0.515215
vt 0.202376 0.513549
vt 0.202674 0.511044
vt 0.202804 0.506593
vt 0.202107 0.492488
vt 0.179962 0.214322
vt 0.189548 0.212055
vt 0.185922 0.276532
vt 0.194741 0.270490
vt 0.203179 0.264310
vt 0.198649 0.209922
vt 0.211217 0.258047
vt 0.207263 0.207893
vt 0.218830 0.251720
vt 0.215369 0.205990
vt 0.225987 0.245352
vt 0.222944 0.204241
vt 0.232648 0.238975
vt 0.229956 0.202681
vt 0.238762 0.232628
vt 0.236366 0.201354
vt 0.244259 0.226362
vt 0.242119 0.200322
vt 0.249037 0.220250
vt 0.253926 0.198012
vt 0.253789 0.198230
vt 0.253669 0.198144
vt 0.247142 0.199665
vt 0.253910 0.198315
vt 0.259818 0.211747
vt 0.259853 0.211817
vt 0.259830 0.211784
vt 0.259890 0.211853
vt 0.259813 0.211696
vt 0.259940 0.211891
vt 0.259816 0.211631
vt 0.254032 0.198400
vt 0.260004 0.211933
vt 0.259826 0.211553
vt 0.260081 0.211977
vt 0.259844 0.211460
vt 0.254154 0.198484
vt 0.260171 0.212025
vt 0.252950 0.214399
vt 0.259869 0.211353
vt 0.260275 0.212075
vt 0.251329 0.199501
vt 0.254278 0.198567
vt 0.259901 0.211233
vt 0.254178 0.197882
vt 0.260393 0.212128
vt 0.254402 0.198650
vt 0.259941 0.211098
vt 0.260524 0.212184
vt 0.254527 0.198732
vt 0.259989 0.210949
vt 0.255769 0.208974
vt 0.260668 0.212243
vt 0.254522 0.200003
vt 0.254653 0.198813
vt 0.260826 0.212305
vt 0.260043 0.210787
vt 0.254780 0.198894
vt 0.254426 0.197753
vt 0.260997 0.212370
vt 0.260106 0.210610
vt 0.254907 0.198974
vt 0.257115 0.204256
vt 0.256474 0.201436
vt 0.255036 0.199053
vt 0.261088 0.212400
vt 0.260175 0.210420
vt 0.261173 0.212427
vt 0.255165 0.199131
vt 0.261253 0.212450
vt 0.261340 0.212321
vt 0.254824 0.197621
vt 0.261420 0.212188
vt 0.261493 0.212050
vt 0.261560 0.211908
vt 0.261620 0.211762
vt 0.261673 0.211612
vt 0.261721 0.211457
vt 0.261761 0.211299
vt 0.261796 0.211137
vt 0.261836 0.210964
vt 0.255118 0.197420
vt 0.255809 0.199193
vt 0.257232 0.201507
vt 0.257633 0.202293
vt 0.259248 0.205153
vt 0.259591 0.205981
vt 0.260702 0.208498
vt 0.264807 0.193630
vt 0.266075 0.195952
vt 0.260304 0.200879
vt 0.261672 0.203514
vt 0.269052 0.201808
vt 0.270240 0.204342
vt 0.262070 0.210011
vt 0.261873 0.210925
vt 0.261907 0.210876
vt 0.261937 0.210818
vt 0.261965 0.210750
vt 0.261989 0.210673
vt 0.262011 0.210586
vt 0.262029 0.210490
vt 0.255425 0.197229
vt 0.262044 0.210384
vt 0.262056 0.210269
vt 0.262064 0.210145
vt 0.263678 0.209291
vt 0.255727 0.197041
vt 0.256021 0.196855
vt 0.256309 0.196671
vt 0.256591 0.196490
vt 0.256866 0.196311
vt 0.264361 0.208988
vt 0.257134 0.196134
vt 0.257920 0.195638
vt 0.260705 0.200664
vt 0.262070 0.203329
vt 0.265045 0.208687
vt 0.263418 0.199275
vt 0.264791 0.201980
vt 0.258676 0.195157
vt 0.265729 0.208389
vt 0.259404 0.194690
vt 0.266413 0.208093
vt 0.260105 0.194238
vt 0.267098 0.207799
vt 0.267784 0.207507
vt 0.260778 0.193800
vt 0.263818 0.199069
vt 0.265194 0.201785
vt 0.268471 0.207217
vt 0.261426 0.193375
vt 0.266878 0.197506
vt 0.268272 0.200248
vt 0.269161 0.206929
vt 0.262052 0.192961
vt 0.269855 0.206641
vt 0.262662 0.192560
vt 0.263264 0.192176
vt 0.270554 0.206350
vt 0.263861 0.191819
vt 0.271258 0.206053
vt 0.264452 0.191491
vt 0.265424 0.193319
vt 0.270642 0.204137
vt 0.271952 0.205744
vt 0.266001 0.192999
vt 0.271244 0.203847
vt 0.264929 0.191037
vt 0.272070 0.205678
vt 0.266198 0.192874
vt 0.272171 0.205604
vt 0.266369 0.192732
vt 0.264978 0.190903
vt 0.271295 0.203824
vt 0.265031 0.190773
vt 0.271345 0.203804
vt 0.272254 0.205520
vt 0.271393 0.203787
vt 0.266519 0.192572
vt 0.265088 0.190650
vt 0.271440 0.203774
vt 0.265149 0.190531
vt 0.272321 0.205427
vt 0.271485 0.203765
vt 0.265213 0.190418
vt 0.266648 0.192390
vt 0.271529 0.203758
vt 0.265280 0.190312
vt 0.272369 0.205325
vt 0.271572 0.203756
vt 0.265349 0.190211
vt 0.266753 0.192190
vt 0.271613 0.203756
vt 0.265420 0.190118
vt 0.272400 0.205214
vt 0.271653 0.203760
vt 0.265494 0.190032
vt 0.271691 0.203768
vt 0.266832 0.191968
vt 0.271728 0.203778
vt 0.265568 0.189954
vt 0.272414 0.205094
vt 0.271764 0.203793
vt 0.265643 0.189882
vt 0.266884 0.191724
vt 0.271803 0.203811
vt 0.265718 0.189820
vt 0.272411 0.204965
vt 0.271841 0.203835
vt 0.265799 0.189766
vt 0.271880 0.203864
vt 0.266909 0.191456
vt 0.265882 0.189725
vt 0.271918 0.203898
vt 0.272390 0.204827
vt 0.265968 0.189692
vt 0.271956 0.203937
vt 0.271995 0.203982
vt 0.266057 0.189668
vt 0.266910 0.191154
vt 0.272351 0.204679
vt 0.272033 0.204031
vt 0.266146 0.189657
vt 0.272071 0.204086
vt 0.272296 0.204523
vt 0.272109 0.204146
vt 0.266239 0.189655
vt 0.266885 0.190819
vt 0.272147 0.204212
vt 0.272222 0.204358
vt 0.272185 0.204282
vt 0.266331 0.189669
vt 0.266425 0.189692
vt 0.266836 0.190437
vt 0.266518 0.189733
vt 0.266613 0.189781
vt 0.266788 0.189951
vt 0.266699 0.189863
vt 0.321375 0.975988
vt 0.323904 0.977159
vt 0.321116 0.977211
vt 0.326501 0.977101
vt 0.328907 0.977036
vt 0.331121 0.976965
vt 0.333145 0.976888
vt 0.321621 0.974774
vt 0.334977 0.976804
vt 0.336618 0.976714
vt 0.338067 0.976618
vt 0.339326 0.976515
vt 0.340393 0.976407
vt 0.341269 0.976292
vt 0.321851 0.973570
vt 0.341954 0.976170
vt 0.342441 0.976055
vt 0.342889 0.975916
vt 0.343296 0.975756
vt 0.343665 0.975572
vt 0.343994 0.975367
vt 0.322068 0.972377
vt 0.344283 0.975139
vt 0.344532 0.974888
vt 0.344743 0.974615
vt 0.344913 0.974320
vt 0.322270 0.971193
vt 0.345044 0.974002
vt 0.345135 0.973661
vt 0.345187 0.973299
vt 0.345186 0.972884
vt 0.322458 0.970020
vt 0.345113 0.972469
vt 0.344966 0.972054
vt 0.344746 0.971637
vt 0.322632 0.968856
vt 0.344454 0.971220
vt 0.344089 0.970803
vt 0.343651 0.970385
vt 0.322791 0.967702
vt 0.343140 0.969966
vt 0.342557 0.969546
vt 0.341900 0.969126
vt 0.322937 0.966559
vt 0.341171 0.968705
vt 0.340369 0.968284
vt 0.341266 0.955928
vt 0.323067 0.965425
vt 0.323184 0.964301
vt 0.323286 0.963187
vt 0.323479 0.960879
vt 0.323658 0.958629
vt 0.323824 0.956437
vt 0.323975 0.954303
vt 0.341321 0.954926
vt 0.324113 0.952227
vt 0.341374 0.953878
vt 0.341424 0.952782
vt 0.324236 0.950210
vt 0.341472 0.951639
vt 0.324346 0.948251
vt 0.341517 0.950449
vt 0.341559 0.949211
vt 0.324441 0.946350
vt 0.389573 0.953462
vt 0.390302 0.953539
vt 0.389898 0.953550
vt 0.390793 0.953444
vt 0.389184 0.953250
vt 0.341598 0.947926
vt 0.391371 0.953264
vt 0.388732 0.952913
vt 0.392036 0.953000
vt 0.388217 0.952452
vt 0.392788 0.952652
vt 0.387639 0.951867
vt 0.393628 0.952219
vt 0.341635 0.946594
vt 0.386998 0.951157
vt 0.324523 0.944507
vt 0.394554 0.951703
vt 0.386294 0.950323
vt 0.395567 0.951101
vt 0.341669 0.945214
vt 0.385526 0.949364
vt 0.396667 0.950415
vt 0.324590 0.942723
vt 0.397853 0.949645
vt 0.384695 0.948281
vt 0.341700 0.943787
vt 0.399127 0.948791
vt 0.383801 0.947074
vt 0.324644 0.940997
vt 0.341729 0.942313
vt 0.400488 0.947852
vt 0.382844 0.945742
vt 0.401218 0.947322
vt 0.324684 0.939329
vt 0.341755 0.940791
vt 0.381824 0.944286
vt 0.401887 0.946810
vt 0.275579 0.930068
vt 0.274489 0.936147
vt 0.273197 0.936243
vt 0.275764 0.936067
vt 0.277022 0.936003
vt 0.402495 0.946316
vt 0.278263 0.935956
vt 0.279487 0.935926
vt 0.280693 0.935912
vt 0.281883 0.935914
vt 0.403041 0.945841
vt 0.283055 0.935933
vt 0.284210 0.935969
vt 0.285348 0.936020
vt 0.286470 0.936089
vt 0.287574 0.936174
vt 0.276651 0.930365
vt 0.277712 0.930644
vt 0.278763 0.930904
vt 0.279802 0.931145
vt 0.280831 0.931367
vt 0.281850 0.931570
vt 0.282857 0.931754
vt 0.283858 0.931893
vt 0.284852 0.931988
vt 0.285832 0.932082
vt 0.286810 0.932079
vt 0.403528 0.945384
vt 0.403953 0.944945
vt 0.404317 0.944525
vt 0.404620 0.944123
vt 0.404862 0.943738
vt 0.287775 0.932056
vt 0.405043 0.943373
vt 0.405163 0.943025
vt 0.405222 0.942695
vt 0.324746 0.934960
vt 0.383789 0.940358
vt 0.405215 0.942383
vt 0.324760 0.930072
vt 0.341829 0.936308
vt 0.341732 0.930075
vt 0.384133 0.935592
vt 0.405135 0.942031
vt 0.404981 0.941640
vt 0.404753 0.941210
vt 0.404452 0.940742
vt 0.404077 0.940234
vt 0.403629 0.939688
vt 0.403107 0.939103
vt 0.402512 0.938478
vt 0.401843 0.937815
vt 0.401101 0.937113
vt 0.384448 0.931005
vt 0.324691 0.925355
vt 0.400285 0.936372
vt 0.400815 0.927213
vt 0.341489 0.924078
vt 0.384736 0.926597
vt 0.324537 0.920806
vt 0.341100 0.918315
vt 0.384995 0.922368
vt 0.324299 0.916427
vt 0.401229 0.918510
vt 0.340565 0.912788
vt 0.385226 0.918318
vt 0.323978 0.912217
vt 0.385428 0.914447
vt 0.323572 0.908176
vt 0.339883 0.907495
vt 0.401525 0.910264
vt 0.385603 0.910755
vt 0.323082 0.904305
vt 0.339055 0.902438
vt 0.385749 0.907242
vt 0.322509 0.900603
vt 0.401704 0.902474
vt 0.385866 0.903908
vt 0.338080 0.897615
vt 0.321851 0.897070
vt 0.385956 0.900754
vt 0.321109 0.893707
vt 0.336960 0.893028
vt 0.401766 0.895140
vt 0.386017 0.897778
vt 0.320284 0.890513
vt 0.386050 0.894982
vt 0.335693 0.888676
vt 0.319374 0.887489
vt 0.386054 0.892008
vt 0.401711 0.888263
vt 0.318378 0.884615
vt 0.334279 0.884558
vt 0.386021 0.889094
vt 0.317324 0.881795
vt 0.332719 0.880676
vt 0.385952 0.886239
vt 0.316214 0.879028
vt 0.401539 0.881843
vt 0.385847 0.883443
vt 0.331013 0.877029
vt 0.315047 0.876316
vt 0.385705 0.880706
vt 0.313822 0.873657
vt 0.329351 0.873840
vt 0.385527 0.878029
vt 0.401250 0.875878
vt 0.312541 0.871052
vt 0.327618 0.870744
vt 0.385313 0.875410
vt 0.311203 0.868500
vt 0.325815 0.867742
vt 0.385062 0.872851
vt 0.309808 0.866003
vt 0.400844 0.870371
vt 0.323942 0.864832
vt 0.384775 0.870352
vt 0.308356 0.863559
vt 0.384452 0.867911
vt 0.321999 0.862016
vt 0.306847 0.861170
vt 0.400321 0.865319
vt 0.384092 0.865529
vt 0.305282 0.858833
vt 0.319986 0.859292
vt 0.303659 0.856551
vt 0.383696 0.863207
vt 0.317902 0.856662
vt 0.399681 0.860724
vt 0.301712 0.853983
vt 0.383543 0.862402
vt 0.315749 0.854125
vt 0.383375 0.861634
vt 0.383192 0.860902
vt 0.299661 0.851448
vt 0.382994 0.860207
vt 0.382782 0.859549
vt 0.313525 0.851681
vt 0.382554 0.858927
vt 0.398923 0.856586
vt 0.382311 0.858342
vt 0.297506 0.848944
vt 0.382053 0.857793
vt 0.381781 0.857282
vt 0.311232 0.849330
vt 0.381493 0.856807
vt 0.381191 0.856368
vt 0.380873 0.855966
vt 0.348980 0.853064
vt 0.349226 0.853077
vt 0.349097 0.853081
vt 0.348878 0.853027
vt 0.352216 0.852980
vt 0.348788 0.852970
vt 0.348711 0.852893
vt 0.348648 0.852796
vt 0.348598 0.852680
vt 0.295246 0.846472
vt 0.380507 0.855581
vt 0.348562 0.852543
vt 0.355044 0.852902
vt 0.348538 0.852386
vt 0.348528 0.852209
vt 0.380111 0.855222
vt 0.357710 0.852842
vt 0.348531 0.852012
vt 0.308868 0.847072
vt 0.379684 0.854891
vt 0.348548 0.851796
vt 0.360216 0.852800
vt 0.348563 0.851679
vt 0.379225 0.854586
vt 0.348584 0.851570
vt 0.362560 0.852777
vt 0.348611 0.851468
vt 0.378736 0.854309
vt 0.398441 0.854595
vt 0.348644 0.851374
vt 0.348684 0.851287
vt 0.364742 0.852772
vt 0.348729 0.851207
vt 0.378216 0.854059
vt 0.348780 0.851135
vt 0.366764 0.852786
vt 0.348837 0.851070
vt 0.377666 0.853837
vt 0.348900 0.851013
vt 0.348969 0.850962
vt 0.368623 0.852818
vt 0.349044 0.850919
vt 0.377084 0.853641
vt 0.349125 0.850884
vt 0.350929 0.850465
vt 0.370322 0.852869
vt 0.376472 0.853473
vt 0.371859 0.852938
vt 0.375829 0.853332
vt 0.373235 0.853025
vt 0.375154 0.853218
vt 0.374449 0.853131
vt 0.292881 0.844033
vt 0.352643 0.850046
vt 0.306434 0.844908
vt 0.354266 0.849627
vt 0.397875 0.852701
vt 0.355800 0.849207
vt 0.357245 0.848788
vt 0.290412 0.841626
vt 0.304227 0.843080
vt 0.358599 0.848368
vt 0.397226 0.850905
vt 0.359863 0.847949
vt 0.361038 0.847529
vt 0.301940 0.841300
vt 0.362123 0.847109
vt 0.287839 0.839250
vt 0.396492 0.849205
vt 0.363118 0.846689
vt 0.364023 0.846269
vt 0.299572 0.839570
vt 0.364838 0.845848
vt 0.395674 0.847603
vt 0.365629 0.845387
vt 0.285160 0.836907
vt 0.366373 0.844890
vt 0.297125 0.837887
vt 0.367072 0.844357
vt 0.394772 0.846097
vt 0.367725 0.843787
vt 0.368332 0.843182
vt 0.294598 0.836254
vt 0.282378 0.834596
vt 0.393787 0.844689
vt 0.368894 0.842540
vt 0.369410 0.841863
vt 0.291990 0.834669
vt 0.392717 0.843377
vt 0.369880 0.841149
vt 0.279491 0.832317
vt 0.370304 0.840399
vt 0.391563 0.842163
vt 0.289303 0.833132
vt 0.370682 0.839613
vt 0.390326 0.841046
vt 0.286535 0.831645
vt 0.276499 0.830070
vt 0.371015 0.838791
vt 0.389004 0.840025
vt 0.371302 0.837933
vt 0.283688 0.830206
vt 0.387598 0.839102
vt 0.371475 0.837447
vt 0.273403 0.827855
vt 0.386721 0.838587
vt 0.371673 0.837007
vt 0.280760 0.828815
vt 0.385813 0.838106
vt 0.371896 0.836614
vt 0.384874 0.837658
vt 0.372145 0.836267
vt 0.383906 0.837245
vt 0.277752 0.827473
vt 0.372420 0.835966
vt 0.382906 0.836865
vt 0.372720 0.835712
vt 0.273366 0.827825
vt 0.273334 0.827792
vt 0.273304 0.827757
vt 0.273279 0.827720
vt 0.273257 0.827681
vt 0.381877 0.836520
vt 0.273238 0.827641
vt 0.273223 0.827598
vt 0.273211 0.827553
vt 0.373046 0.835504
vt 0.273203 0.827507
vt 0.273198 0.827458
vt 0.273197 0.827408
vt 0.380817 0.836209
vt 0.273200 0.827355
vt 0.273225 0.827138
vt 0.373398 0.835343
vt 0.379726 0.835931
vt 0.373775 0.835228
vt 0.273264 0.826941
vt 0.274665 0.826180
vt 0.378606 0.835688
vt 0.374178 0.835159
vt 0.377454 0.835478
vt 0.273317 0.826764
vt 0.374607 0.835137
vt 0.376273 0.835303
vt 0.375061 0.835161
vt 0.273384 0.826608
vt 0.273466 0.826471
vt 0.273561 0.826355
vt 0.273671 0.826259
vt 0.273795 0.826183
vt 0.273932 0.826127
vt 0.274084 0.826091
vt 0.274652 0.826166
vt 0.274638 0.826153
vt 0.274622 0.826141
vt 0.274606 0.826130
vt 0.274250 0.826076
vt 0.274588 0.826120
vt 0.274569 0.826112
vt 0.274549 0.826104
vt 0.274528 0.826097
vt 0.274430 0.826081
vt 0.274505 0.826091
vt 0.274481 0.826087
vt 0.274456 0.826083
vt 0.826894 0.338916
vt 0.828252 0.341625
vt 0.826534 0.340013
vt 0.827242 0.337740
vt 0.827578 0.336483
vt 0.829876 0.343138
vt 0.827901 0.335147
vt 0.828212 0.333730
vt 0.831405 0.344549
vt 0.828511 0.332233
vt 0.828798 0.330657
vt 0.832840 0.345861
vt 0.829072 0.329000
vt 0.829334 0.327263
vt 0.834181 0.347072
vt 0.829584 0.325447
vt 0.835427 0.348182
vt 0.829821 0.323550
vt 0.830047 0.321573
vt 0.836580 0.349193
vt 0.830562 0.315634
vt 0.837637 0.350103
vt 0.838601 0.350912
vt 0.830932 0.309431
vt 0.839470 0.351621
vt 0.840245 0.352230
vt 0.831157 0.302962
vt 0.840926 0.352738
vt 0.841495 0.353141
vt 0.842041 0.353503
vt 0.842564 0.353825
vt 0.831237 0.296228
vt 0.843065 0.354106
vt 0.843542 0.354346
vt 0.843997 0.354545
vt 0.831172 0.289230
vt 0.844429 0.354703
vt 0.844838 0.354820
vt 0.845224 0.354897
vt 0.845587 0.354933
vt 0.830961 0.281966
vt 0.845928 0.354928
vt 0.846245 0.354882
vt 0.846617 0.354775
vt 0.846946 0.354625
vt 0.830605 0.274438
vt 0.847230 0.354433
vt 0.845566 0.345411
vt 0.847471 0.354199
vt 0.847669 0.353921
vt 0.845393 0.341782
vt 0.845838 0.345855
vt 0.846094 0.346299
vt 0.847823 0.353601
vt 0.846336 0.346744
vt 0.830104 0.266645
vt 0.847933 0.353238
vt 0.846562 0.347190
vt 0.846774 0.347637
vt 0.845201 0.338181
vt 0.847999 0.352832
vt 0.846970 0.348084
vt 0.847151 0.348532
vt 0.848022 0.352384
vt 0.847317 0.348981
vt 0.848002 0.351893
vt 0.847468 0.349430
vt 0.847603 0.349880
vt 0.847938 0.351359
vt 0.847724 0.350331
vt 0.847830 0.350783
vt 0.844992 0.334607
vt 0.829458 0.258586
vt 0.844765 0.331062
vt 0.844519 0.327545
vt 0.828666 0.250263
vt 0.844256 0.324056
vt 0.843974 0.320595
vt 0.827730 0.241675
vt 0.843674 0.317163
vt 0.843356 0.313758
vt 0.843020 0.310381
vt 0.826648 0.232822
vt 0.842666 0.307033
vt 0.842294 0.303713
vt 0.826534 0.231968
vt 0.826548 0.231685
vt 0.826588 0.231523
vt 0.826640 0.231413
vt 0.826698 0.231333
vt 0.826774 0.231258
vt 0.840338 0.287235
vt 0.859602 0.299999
vt 0.826868 0.231188
vt 0.826980 0.231124
vt 0.827110 0.231064
vt 0.827257 0.231010
vt 0.827423 0.230961
vt 0.827606 0.230917
vt 0.827848 0.230871
vt 0.828072 0.230840
vt 0.828277 0.230825
vt 0.839938 0.284402
vt 0.856137 0.283845
vt 0.828464 0.230826
vt 0.839516 0.281554
vt 0.828631 0.230842
vt 0.828781 0.230874
vt 0.839074 0.278691
vt 0.828911 0.230921
vt 0.838610 0.275814
vt 0.829024 0.230984
vt 0.838125 0.272922
vt 0.829117 0.231063
vt 0.829192 0.231157
vt 0.837619 0.270015
vt 0.829262 0.231293
vt 0.829403 0.231759
vt 0.829874 0.233691
vt 0.837099 0.267121
vt 0.830332 0.235584
vt 0.830777 0.237440
vt 0.836558 0.264213
vt 0.831208 0.239258
vt 0.831627 0.241037
vt 0.835996 0.261289
vt 0.832032 0.242779
vt 0.832425 0.244483
vt 0.835416 0.258351
vt 0.832811 0.246147
vt 0.833184 0.247773
vt 0.834831 0.255394
vt 0.833550 0.249360
vt 0.833900 0.250909
vt 0.834232 0.252421
vt 0.860770 0.357297
vt 0.860909 0.358053
vt 0.860787 0.357737
vt 0.861160 0.358462
vt 0.860885 0.356747
vt 0.861540 0.358964
vt 0.861131 0.356085
vt 0.862048 0.359559
vt 0.861508 0.355312
vt 0.862686 0.360246
vt 0.862016 0.354429
vt 0.863452 0.361026
vt 0.862655 0.353434
vt 0.864347 0.361898
vt 0.865371 0.362863
vt 0.863426 0.352328
vt 0.866524 0.363921
vt 0.864328 0.351112
vt 0.867806 0.365071
vt 0.865360 0.349784
vt 0.869216 0.366315
vt 0.866524 0.348345
vt 0.870756 0.367650
vt 0.867820 0.346795
vt 0.871559 0.368291
vt 0.872315 0.368871
vt 0.873023 0.369391
vt 0.869246 0.345134
vt 0.846174 0.210980
vt 0.839232 0.211434
vt 0.838769 0.210437
vt 0.873684 0.369850
vt 0.839673 0.212426
vt 0.840091 0.213413
vt 0.874297 0.370249
vt 0.840486 0.214396
vt 0.840859 0.215375
vt 0.841209 0.216349
vt 0.841536 0.217318
vt 0.874863 0.370587
vt 0.841841 0.218282
vt 0.842124 0.219243
vt 0.842383 0.220198
vt 0.842621 0.221149
vt 0.842835 0.222095
vt 0.846199 0.211964
vt 0.846235 0.212918
vt 0.846280 0.213841
vt 0.846335 0.214734
vt 0.846399 0.215597
vt 0.846473 0.216429
vt 0.846557 0.217231
vt 0.846650 0.218002
vt 0.846753 0.218743
vt 0.847328 0.222299
vt 0.847979 0.225937
vt 0.875380 0.370865
vt 0.875851 0.371082
vt 0.876273 0.371239
vt 0.876648 0.371335
vt 0.876976 0.371371
vt 0.849694 0.233820
vt 0.877241 0.371348
vt 0.877497 0.371279
vt 0.877724 0.371185
vt 0.877922 0.371066
vt 0.878092 0.370923
vt 0.878233 0.370755
vt 0.878345 0.370563
vt 0.878437 0.370324
vt 0.878511 0.369998
vt 0.878555 0.369539
vt 0.878548 0.368840
vt 0.878421 0.367591
vt 0.877715 0.363673
vt 0.861484 0.285814
vt 0.876339 0.282496
vt 0.864646 0.299970
vt 0.879502 0.296651
vt 0.860404 0.240388
vt 0.860023 0.241883
vt 0.859046 0.240548
vt 0.880680 0.335251
vt 0.880815 0.335895
vt 0.880701 0.335581
vt 0.881027 0.336268
vt 0.880743 0.334834
vt 0.881339 0.336699
vt 0.880891 0.334329
vt 0.860992 0.243196
vt 0.881750 0.337188
vt 0.881123 0.333735
vt 0.882261 0.337736
vt 0.881440 0.333053
vt 0.861953 0.244487
vt 0.861797 0.240208
vt 0.882870 0.338342
vt 0.881842 0.332284
vt 0.883579 0.339006
vt 0.862905 0.245756
vt 0.882329 0.331426
vt 0.884387 0.339729
vt 0.863849 0.247003
vt 0.863223 0.240007
vt 0.882900 0.330480
vt 0.885294 0.340510
vt 0.864784 0.248228
vt 0.883556 0.329446
vt 0.886301 0.341350
vt 0.865711 0.249431
vt 0.864683 0.239787
vt 0.884296 0.328323
vt 0.866630 0.250612
vt 0.887407 0.342247
vt 0.867541 0.251772
vt 0.888612 0.343203
vt 0.885121 0.327113
vt 0.866178 0.239547
vt 0.868443 0.252909
vt 0.889238 0.343677
vt 0.869337 0.254024
vt 0.886031 0.325815
vt 0.889832 0.344103
vt 0.870223 0.255118
vt 0.867706 0.239287
vt 0.890394 0.344484
vt 0.890924 0.344819
vt 0.891422 0.345107
vt 0.869269 0.239006
vt 0.891888 0.345349
vt 0.892323 0.345545
vt 0.892726 0.345695
vt 0.893097 0.345799
vt 0.893435 0.345856
vt 0.870853 0.238658
vt 0.873684 0.253389
vt 0.893740 0.345860
vt 0.894012 0.345818
vt 0.883416 0.295747
vt 0.890186 0.326720
vt 0.894330 0.345716
vt 0.891165 0.249418
vt 0.880338 0.281635
vt 0.897517 0.277797
vt 0.900680 0.291897
vt 0.907633 0.322915
vt 0.894657 0.345541
vt 0.894994 0.345294
vt 0.872461 0.238308
vt 0.895340 0.344974
vt 0.895696 0.344582
vt 0.896061 0.344117
vt 0.898486 0.339820
vt 0.896440 0.343582
vt 0.874106 0.237934
vt 0.896829 0.342974
vt 0.897228 0.342294
vt 0.897637 0.341542
vt 0.875788 0.237536
vt 0.898057 0.340717
vt 0.904818 0.338429
vt 0.877509 0.237113
vt 0.916771 0.227448
vt 0.936798 0.332243
vt 0.894847 0.248606
vt 0.904352 0.291120
vt 0.911288 0.322101
vt 0.913544 0.244400
vt 0.901347 0.276921
vt 0.919847 0.272846
vt 0.922980 0.287034
vt 0.929815 0.318018
vt 0.917223 0.243571
vt 0.919181 0.243127
vt 0.923826 0.271883
vt 0.940569 0.268048
vt 0.927070 0.286055
vt 0.943814 0.282224
vt 0.933799 0.317122
vt 0.935601 0.316765
vt 0.937761 0.331983
vt 0.938613 0.331609
vt 0.936297 0.316667
vt 0.939354 0.331120
vt 0.920054 0.242857
vt 0.936948 0.316660
vt 0.939984 0.330516
vt 0.920818 0.242468
vt 0.917493 0.227325
vt 0.937556 0.316743
vt 0.940503 0.329797
vt 0.921475 0.241962
vt 0.938119 0.316916
vt 0.918171 0.227295
vt 0.940911 0.328963
vt 0.938638 0.317180
vt 0.922023 0.241337
vt 0.918805 0.227357
vt 0.941208 0.328015
vt 0.939112 0.317534
vt 0.919394 0.227511
vt 0.939542 0.317978
vt 0.922463 0.240593
vt 0.941394 0.326952
vt 0.939928 0.318512
vt 0.941469 0.325774
vt 0.919939 0.227758
vt 0.922795 0.239731
vt 0.940270 0.319136
vt 0.941433 0.324481
vt 0.940567 0.319851
vt 0.941287 0.323073
vt 0.940820 0.320656
vt 0.920440 0.228097
vt 0.941029 0.321551
vt 0.923019 0.238751
vt 0.920897 0.228529
vt 0.923135 0.237652
vt 0.921309 0.229053
vt 0.923143 0.236435
vt 0.921677 0.229669
vt 0.923042 0.235099
vt 0.944713 0.326090
vt 0.944834 0.326708
vt 0.944728 0.326437
vt 0.922002 0.230378
vt 0.945045 0.327049
vt 0.944801 0.325641
vt 0.922834 0.233645
vt 0.945360 0.327461
vt 0.922281 0.231179
vt 0.944994 0.325088
vt 0.922517 0.232073
vt 0.945781 0.327942
vt 0.945290 0.324432
vt 0.946306 0.328495
vt 0.945690 0.323673
vt 0.946936 0.329117
vt 0.946193 0.322811
vt 0.947671 0.329810
vt 0.948510 0.330572
vt 0.946801 0.321846
vt 0.949455 0.331406
vt 0.947512 0.320778
vt 0.950504 0.332309
vt 0.948326 0.319607
vt 0.951659 0.333283
vt 0.949245 0.318332
vt 0.952918 0.334327
vt 0.950267 0.316955
vt 0.953595 0.334862
vt 0.954232 0.335347
vt 0.954829 0.335781
vt 0.951393 0.315474
vt 0.933125 0.213686
vt 0.927034 0.214169
vt 0.926615 0.213299
vt 0.955385 0.336164
vt 0.927433 0.215035
vt 0.927812 0.215898
vt 0.955901 0.336497
vt 0.928171 0.216756
vt 0.928510 0.217611
vt 0.928829 0.218462
vt 0.929129 0.219309
vt 0.956376 0.336779
vt 0.929408 0.220153
vt 0.929668 0.220993
vt 0.929908 0.221829
vt 0.930127 0.222661
vt 0.930327 0.223490
vt 0.933159 0.214550
vt 0.933202 0.215386
vt 0.933252 0.216193
vt 0.933310 0.216973
vt 0.933375 0.217725
vt 0.933449 0.218449
vt 0.933531 0.219145
vt 0.933620 0.219813
vt 0.934047 0.222453
vt 0.934637 0.225712
vt 0.935635 0.230586
vt 0.956811 0.337010
vt 0.957205 0.337191
vt 0.957559 0.337320
vt 0.957873 0.337399
vt 0.958146 0.337427
vt 0.958379 0.337405
vt 0.936973 0.236376
vt 0.958591 0.337344
vt 0.958778 0.337262
vt 0.958941 0.337159
vt 0.959080 0.337035
vt 0.959195 0.336891
vt 0.959285 0.336725
vt 0.959351 0.336538
vt 0.959400 0.336290
vt 0.959426 0.335939
vt 0.959410 0.335407
vt 0.959297 0.334454
vt 0.958720 0.331476
vt 0.945538 0.272037
vt 0.959548 0.268721
vt 0.948316 0.283786
vt 0.962328 0.280475
vt 0.964130 0.322783
vt 0.964235 0.323306
vt 0.964143 0.323078
vt 0.964420 0.323594
vt 0.964208 0.322390
vt 0.964697 0.323944
vt 0.964377 0.321899
vt 0.965066 0.324354
vt 0.964637 0.321311
vt 0.965528 0.324824
vt 0.964987 0.320625
vt 0.966082 0.325356
vt 0.966729 0.325948
vt 0.965429 0.319841
vt 0.967467 0.326601
vt 0.965960 0.318960
vt 0.968298 0.327314
vt 0.966583 0.317981
vt 0.969221 0.328089
vt 0.967296 0.316905
vt 0.970237 0.328924
vt 0.968100 0.315731
vt 0.971345 0.329820
vt 0.971938 0.330269
vt 0.968995 0.314459
vt 0.972497 0.330675
vt 0.973021 0.331038
vt 0.969980 0.313090
vt 0.973510 0.331359
vt 0.950645 0.213580
vt 0.945642 0.214193
vt 0.945232 0.213229
vt 0.946036 0.215151
vt 0.973966 0.331636
vt 0.946412 0.216103
vt 0.946770 0.217050
vt 0.947112 0.217990
vt 0.974387 0.331869
vt 0.947437 0.218925
vt 0.947744 0.219854
vt 0.948035 0.220777
vt 0.948308 0.221694
vt 0.948564 0.222605
vt 0.948803 0.223511
vt 0.949024 0.224411
vt 0.950742 0.214562
vt 0.950844 0.215517
vt 0.950952 0.216444
vt 0.951064 0.217342
vt 0.951182 0.218213
vt 0.951305 0.219056
vt 0.951433 0.219871
vt 0.951926 0.222552
vt 0.952551 0.225717
vt 0.953138 0.228710
vt 0.974773 0.332060
vt 0.954415 0.234320
vt 0.975108 0.332201
vt 0.975410 0.332301
vt 0.975680 0.332360
vt 0.975916 0.332378
vt 0.976121 0.332355
vt 0.976298 0.332303
vt 0.955700 0.239638
vt 0.976448 0.332238
vt 0.976578 0.332156
vt 0.976688 0.332059
vt 0.976780 0.331946
vt 0.976852 0.331817
vt 0.976911 0.331654
vt 0.976957 0.331433
vt 0.976981 0.331121
vt 0.976967 0.330649
vt 0.976865 0.329804
vt 0.976338 0.327164
vt 0.586313 0.773158
vt 0.586372 0.775365
vt 0.582776 0.774928
vt 0.971295 0.459296
vt 0.972421 0.457673
vt 0.974296 0.459588
vt 0.579486 0.774484
vt 0.976058 0.461411
vt 0.977705 0.463140
vt 0.979238 0.464776
vt 0.980657 0.466319
vt 0.576501 0.774033
vt 0.981962 0.467769
vt 0.586291 0.770933
vt 0.983152 0.469126
vt 0.984228 0.470390
vt 0.970135 0.460934
vt 0.985190 0.471560
vt 0.573822 0.773575
vt 0.986038 0.472638
vt 0.986772 0.473622
vt 0.987391 0.474513
vt 0.987829 0.475196
vt 0.571449 0.773109
vt 0.988207 0.475846
vt 0.988524 0.476463
vt 0.988781 0.477048
vt 0.968941 0.462586
vt 0.586308 0.768690
vt 0.988978 0.477598
vt 0.569381 0.772636
vt 0.989114 0.478116
vt 0.989190 0.478601
vt 0.989205 0.479052
vt 0.567620 0.772156
vt 0.989160 0.479471
vt 0.989055 0.479856
vt 0.967713 0.464253
vt 0.988889 0.480209
vt 0.566164 0.771669
vt 0.988663 0.480528
vt 0.586363 0.766428
vt 0.988301 0.480874
vt 0.565014 0.771175
vt 0.987857 0.481155
vt 0.564170 0.770673
vt 0.987330 0.481372
vt 0.966451 0.465934
vt 0.986721 0.481525
vt 0.563631 0.770164
vt 0.986029 0.481613
vt 0.563398 0.769648
vt 0.985255 0.481636
vt 0.586456 0.764148
vt 0.984398 0.481595
vt 0.563373 0.769214
vt 0.965155 0.467630
vt 0.983459 0.481490
vt 0.563430 0.768791
vt 0.982437 0.481320
vt 0.563572 0.768379
vt 0.563796 0.767978
vt 0.981333 0.481086
vt 0.564105 0.767588
vt 0.980146 0.480787
vt 0.963825 0.469341
vt 0.564497 0.767209
vt 0.586587 0.761850
vt 0.978876 0.480423
vt 0.564972 0.766841
vt 0.565531 0.766484
vt 0.955357 0.508187
vt 0.566173 0.766138
vt 0.566899 0.765803
vt 0.567709 0.765479
vt 0.568602 0.765166
vt 0.962461 0.471066
vt 0.569494 0.761126
vt 0.586756 0.759533
vt 0.961063 0.472805
vt 0.586963 0.757198
vt 0.959632 0.474559
vt 0.570428 0.757186
vt 0.587208 0.754844
vt 0.958166 0.476328
vt 0.956666 0.478111
vt 0.587492 0.752472
vt 0.571404 0.753345
vt 0.941286 0.496268
vt 0.587813 0.750082
vt 0.572420 0.749603
vt 0.588173 0.747674
vt 0.589090 0.742107
vt 0.573479 0.745961
vt 0.995381 0.526657
vt 0.995760 0.526870
vt 0.996048 0.527182
vt 0.996333 0.527631
vt 0.994821 0.526506
vt 0.996615 0.528217
vt 0.994081 0.526417
vt 0.996893 0.528940
vt 0.574578 0.742418
vt 0.993161 0.526390
vt 0.997169 0.529800
vt 0.992059 0.526425
vt 0.997442 0.530796
vt 0.997713 0.531930
vt 0.990778 0.526522
vt 0.590134 0.736663
vt 0.997980 0.533201
vt 0.989316 0.526680
vt 0.998244 0.534609
vt 0.987674 0.526901
vt 0.575719 0.738974
vt 0.998506 0.536153
vt 0.985851 0.527183
vt 0.998764 0.537835
vt 0.999020 0.539654
vt 0.983848 0.527527
vt 0.576902 0.735630
vt 0.999192 0.540833
vt 0.591304 0.731342
vt 0.981664 0.527933
vt 0.999335 0.541928
vt 0.999448 0.542937
vt 0.979300 0.528400
vt 0.999531 0.543861
vt 0.895233 0.465447
vt 0.898588 0.457673
vt 0.899457 0.458775
vt 0.999584 0.544700
vt 0.900328 0.459847
vt 0.901201 0.460889
vt 0.902076 0.461901
vt 0.578125 0.732385
vt 0.902953 0.462883
vt 0.999608 0.545454
vt 0.903832 0.463835
vt 0.904712 0.464757
vt 0.905594 0.465650
vt 0.906479 0.466512
vt 0.907365 0.467345
vt 0.999603 0.546122
vt 0.908252 0.468147
vt 0.909142 0.468920
vt 0.896406 0.466174
vt 0.897538 0.466889
vt 0.898626 0.467590
vt 0.899672 0.468280
vt 0.902029 0.469924
vt 0.904252 0.471471
vt 0.905659 0.472466
vt 0.908471 0.474561
vt 0.910832 0.476324
vt 0.914703 0.479375
vt 0.999568 0.546706
vt 0.919498 0.483317
vt 0.999506 0.547179
vt 0.999417 0.547571
vt 0.592602 0.726143
vt 0.999299 0.547883
vt 0.999154 0.548113
vt 0.998972 0.548306
vt 0.579391 0.729240
vt 0.998780 0.548461
vt 0.923975 0.487128
vt 0.998591 0.548572
vt 0.998392 0.548648
vt 0.998185 0.548688
vt 0.997970 0.548693
vt 0.997746 0.548662
vt 0.997513 0.548595
vt 0.997259 0.548508
vt 0.996984 0.548401
vt 0.996685 0.548275
vt 0.996365 0.548129
vt 0.941156 0.502000
vt 0.935314 0.505414
vt 0.958840 0.517133
vt 0.955788 0.518764
vt 0.957894 0.520546
vt 0.580697 0.726193
vt 0.594026 0.721067
vt 0.957077 0.523990
vt 0.950010 0.525515
vt 0.954189 0.522321
vt 0.582045 0.723246
vt 0.956387 0.527466
vt 0.929394 0.508582
vt 0.581093 0.723243
vt 0.580198 0.723233
vt 0.952689 0.525876
vt 0.579360 0.723214
vt 0.595577 0.716113
vt 0.578581 0.723188
vt 0.577860 0.723154
vt 0.577197 0.723112
vt 0.576591 0.723062
vt 0.576044 0.723005
vt 0.575554 0.722940
vt 0.575122 0.722867
vt 0.574748 0.722786
vt 0.574432 0.722698
vt 0.574213 0.722631
vt 0.574010 0.722553
vt 0.573824 0.722464
vt 0.573653 0.722363
vt 0.573500 0.722250
vt 0.573362 0.722126
vt 0.573241 0.721990
vt 0.573137 0.721842
vt 0.573049 0.721683
vt 0.955826 0.530975
vt 0.572977 0.721512
vt 0.572922 0.721330
vt 0.572883 0.721135
vt 0.572861 0.720798
vt 0.572899 0.720453
vt 0.951287 0.529428
vt 0.572995 0.720100
vt 0.573150 0.719740
vt 0.573365 0.719371
vt 0.597255 0.711282
vt 0.573638 0.718994
vt 0.573971 0.718609
vt 0.948335 0.527480
vt 0.574362 0.718217
vt 0.955392 0.534515
vt 0.923397 0.511505
vt 0.574812 0.717816
vt 0.575322 0.717408
vt 0.575890 0.716991
vt 0.576518 0.716567
vt 0.590135 0.708255
vt 0.563483 0.631743
vt 0.949983 0.532978
vt 0.946478 0.529670
vt 0.955086 0.538087
vt 0.599060 0.706574
vt 0.944439 0.532086
vt 0.948777 0.536526
vt 0.954909 0.541691
vt 0.917323 0.514181
vt 0.933531 0.523004
vt 0.591223 0.706524
vt 0.584544 0.671879
vt 0.600992 0.701988
vt 0.942219 0.534728
vt 0.930600 0.523996
vt 0.930968 0.525994
vt 0.954859 0.545326
vt 0.947670 0.540071
vt 0.592349 0.704796
vt 0.593512 0.703071
vt 0.927672 0.524918
vt 0.954937 0.548994
vt 0.939817 0.537595
vt 0.603050 0.697525
vt 0.594711 0.701350
vt 0.946661 0.543615
vt 0.911172 0.516612
vt 0.928458 0.528911
vt 0.595948 0.699633
vt 0.924746 0.525771
vt 0.955143 0.552694
vt 0.597221 0.697919
vt 0.937233 0.540687
vt 0.945750 0.547156
vt 0.605235 0.693184
vt 0.926003 0.531755
vt 0.921823 0.526553
vt 0.598531 0.696208
vt 0.955477 0.556425
vt 0.599878 0.694500
vt 0.904944 0.518798
vt 0.918902 0.527266
vt 0.944937 0.550695
vt 0.601262 0.692797
vt 0.934469 0.544005
vt 0.955939 0.560188
vt 0.607547 0.688966
vt 0.923601 0.534526
vt 0.602683 0.691096
vt 0.915983 0.527909
vt 0.944222 0.554232
vt 0.956383 0.563244
vt 0.604141 0.689399
vt 0.607556 0.688938
vt 0.607564 0.688909
vt 0.607570 0.688881
vt 0.607575 0.688853
vt 0.605635 0.687705
vt 0.607580 0.688825
vt 0.913066 0.528481
vt 0.607583 0.688797
vt 0.607585 0.688770
vt 0.607586 0.688742
vt 0.921254 0.537224
vt 0.607586 0.688715
vt 0.607584 0.688688
vt 0.607582 0.688661
vt 0.607578 0.688634
vt 0.607537 0.688431
vt 0.931522 0.547549
vt 0.898638 0.520737
vt 0.607480 0.688249
vt 0.956901 0.566267
vt 0.607407 0.688088
vt 0.607318 0.687947
vt 0.607213 0.687827
vt 0.607091 0.687727
vt 0.606953 0.687648
vt 0.606799 0.687590
vt 0.606629 0.687553
vt 0.606443 0.687536
vt 0.605660 0.687688
vt 0.605687 0.687672
vt 0.605715 0.687657
vt 0.605744 0.687643
vt 0.605774 0.687630
vt 0.606241 0.687540
vt 0.605806 0.687618
vt 0.605839 0.687606
vt 0.605873 0.687596
vt 0.605908 0.687587
vt 0.606023 0.687564
vt 0.605945 0.687578
vt 0.605983 0.687571
vt 0.943606 0.557766
vt 0.910152 0.528984
vt 0.957494 0.569255
vt 0.918960 0.539849
vt 0.958163 0.572210
vt 0.907240 0.529417
vt 0.943088 0.561299
vt 0.928394 0.551318
vt 0.892255 0.522431
vt 0.958905 0.575131
vt 0.904330 0.529781
vt 0.916720 0.542400
vt 0.942706 0.564109
vt 0.959723 0.578019
vt 0.901423 0.530074
vt 0.960616 0.580873
vt 0.925085 0.555313
vt 0.942404 0.566881
vt 0.914535 0.544878
vt 0.898518 0.530297
vt 0.961583 0.583693
vt 0.885795 0.523879
vt 0.942182 0.569612
vt 0.962625 0.586479
vt 0.896080 0.530435
vt 0.912403 0.547284
vt 0.963742 0.589232
vt 0.942040 0.572304
vt 0.893594 0.530528
vt 0.921594 0.559533
vt 0.964934 0.591951
vt 0.891060 0.530577
vt 0.879258 0.525082
vt 0.941978 0.574957
vt 0.966201 0.594636
vt 0.910325 0.549616
vt 0.933477 0.567199
vt 0.933759 0.567369
vt 0.933935 0.567567
vt 0.934115 0.567869
vt 0.933079 0.567070
vt 0.934300 0.568275
vt 0.932564 0.566984
vt 0.934491 0.568783
vt 0.931934 0.566938
vt 0.934686 0.569396
vt 0.966240 0.594726
vt 0.966269 0.594815
vt 0.966288 0.594905
vt 0.966297 0.594995
vt 0.888477 0.530582
vt 0.931188 0.566935
vt 0.966296 0.595084
vt 0.966284 0.595174
vt 0.934887 0.570111
vt 0.966263 0.595263
vt 0.966232 0.595353
vt 0.966190 0.595442
vt 0.966139 0.595532
vt 0.966077 0.595622
vt 0.930326 0.566972
vt 0.935092 0.570930
vt 0.941996 0.577570
vt 0.966006 0.595711
vt 0.965911 0.595814
vt 0.965816 0.595903
vt 0.965719 0.595977
vt 0.965622 0.596038
vt 0.935303 0.571853
vt 0.929349 0.567052
vt 0.965523 0.596086
vt 0.965424 0.596119
vt 0.965323 0.596138
vt 0.583914 0.667732
vt 0.965221 0.596144
vt 0.965118 0.596136
vt 0.965014 0.596113
vt 0.885846 0.530542
vt 0.964909 0.596078
vt 0.964802 0.596029
vt 0.963933 0.595598
vt 0.935519 0.572879
vt 0.908301 0.551875
vt 0.963019 0.595270
vt 0.928255 0.567173
vt 0.917921 0.563979
vt 0.962060 0.595046
vt 0.935740 0.574008
vt 0.942093 0.580144
vt 0.961055 0.594926
vt 0.927046 0.567336
vt 0.883166 0.530459
vt 0.960004 0.594908
vt 0.935965 0.575241
vt 0.872644 0.526038
vt 0.925720 0.567540
vt 0.958908 0.594995
vt 0.936196 0.576577
vt 0.942270 0.582678
vt 0.957767 0.595185
vt 0.906332 0.554061
vt 0.880438 0.530331
vt 0.924279 0.567786
vt 0.936291 0.577254
vt 0.583313 0.663685
vt 0.956580 0.595478
vt 0.936366 0.577886
vt 0.942527 0.585173
vt 0.936420 0.578474
vt 0.922722 0.568073
vt 0.884079 0.541123
vt 0.886599 0.535518
vt 0.887221 0.536315
vt 0.955348 0.595874
vt 0.877662 0.530158
vt 0.936454 0.579017
vt 0.887847 0.537092
vt 0.888477 0.537850
vt 0.889111 0.538588
vt 0.936467 0.579515
vt 0.889749 0.539306
vt 0.890391 0.540005
vt 0.891037 0.540684
vt 0.891686 0.541344
vt 0.936460 0.579969
vt 0.892340 0.541983
vt 0.954071 0.596374
vt 0.892997 0.542603
vt 0.893658 0.543204
vt 0.894324 0.543785
vt 0.884933 0.541656
vt 0.885758 0.542181
vt 0.886554 0.542698
vt 0.887320 0.543207
vt 0.889053 0.544427
vt 0.890688 0.545575
vt 0.892501 0.546896
vt 0.893904 0.547923
vt 0.894682 0.548509
vt 0.942864 0.587628
vt 0.936433 0.580378
vt 0.874837 0.529942
vt 0.936385 0.580743
vt 0.865952 0.526749
vt 0.897039 0.550397
vt 0.936320 0.581048
vt 0.952748 0.596978
vt 0.936236 0.581311
vt 0.936132 0.581532
vt 0.582740 0.659738
vt 0.943280 0.590043
vt 0.899248 0.552219
vt 0.936015 0.581702
vt 0.935878 0.581845
vt 0.871964 0.529681
vt 0.935735 0.581961
vt 0.951379 0.597685
vt 0.935585 0.582048
vt 0.935429 0.582107
vt 0.901291 0.553967
vt 0.935273 0.582137
vt 0.935111 0.582140
vt 0.934943 0.582116
vt 0.943776 0.592420
vt 0.934768 0.582065
vt 0.934588 0.581987
vt 0.934399 0.581885
vt 0.934193 0.581768
vt 0.933971 0.581636
vt 0.909896 0.561444
vt 0.908009 0.563557
vt 0.918684 0.568981
vt 0.917998 0.569797
vt 0.869043 0.529376
vt 0.950998 0.597911
vt 0.950637 0.598119
vt 0.950295 0.598309
vt 0.943935 0.593200
vt 0.949973 0.598482
vt 0.917285 0.570647
vt 0.944100 0.593930
vt 0.949670 0.598637
vt 0.582197 0.655891
vt 0.866073 0.529026
vt 0.865916 0.526753
vt 0.865880 0.526760
vt 0.865846 0.526768
vt 0.865812 0.526779
vt 0.865779 0.526792
vt 0.865748 0.526807
vt 0.865717 0.526824
vt 0.949387 0.598774
vt 0.865687 0.526844
vt 0.944270 0.594608
vt 0.865658 0.526866
vt 0.865630 0.526891
vt 0.865603 0.526917
vt 0.865577 0.526946
vt 0.865446 0.527114
vt 0.949123 0.598893
vt 0.865341 0.527282
vt 0.944447 0.595236
vt 0.948879 0.598994
vt 0.865264 0.527448
vt 0.948654 0.599078
vt 0.865214 0.527612
vt 0.944631 0.595813
vt 0.916544 0.571533
vt 0.865190 0.527776
vt 0.948449 0.599144
vt 0.865194 0.527937
vt 0.944820 0.596340
vt 0.948263 0.599192
vt 0.865225 0.528098
vt 0.865282 0.528257
vt 0.948097 0.599222
vt 0.865367 0.528416
vt 0.945015 0.596815
vt 0.865479 0.528572
vt 0.866054 0.529027
vt 0.947940 0.599236
vt 0.866035 0.529025
vt 0.866014 0.529021
vt 0.865992 0.529014
vt 0.865618 0.528728
vt 0.865969 0.529005
vt 0.865945 0.528994
vt 0.865921 0.528981
vt 0.865895 0.528966
vt 0.865783 0.528882
vt 0.865869 0.528948
vt 0.865841 0.528928
vt 0.865813 0.528906
vt 0.947780 0.599236
vt 0.945216 0.597240
vt 0.947619 0.599221
vt 0.947456 0.599191
vt 0.906218 0.565566
vt 0.945424 0.597614
vt 0.947291 0.599147
vt 0.947124 0.599089
vt 0.945638 0.597937
vt 0.946956 0.599015
vt 0.946785 0.598928
vt 0.945858 0.598209
vt 0.946613 0.598825
vt 0.946438 0.598708
vt 0.946083 0.598431
vt 0.946262 0.598577
vt 0.915775 0.572452
vt 0.581682 0.652144
vt 0.914979 0.573407
vt 0.904525 0.567469
vt 0.914156 0.574396
vt 0.581197 0.648497
vt 0.913304 0.575420
vt 0.902927 0.569267
vt 0.912426 0.576479
vt 0.580740 0.644951
vt 0.911519 0.577572
vt 0.901427 0.570959
vt 0.910585 0.578701
vt 0.580313 0.641505
vt 0.909624 0.579863
vt 0.900023 0.572547
vt 0.908634 0.581061
vt 0.579915 0.638158
vt 0.898716 0.574029
vt 0.907955 0.581882
vt 0.907323 0.582645
vt 0.897506 0.575407
vt 0.579546 0.634912
vt 0.906739 0.583350
vt 0.896392 0.576679
vt 0.906202 0.583998
vt 0.905712 0.584588
vt 0.579205 0.631766
vt 0.905270 0.585120
vt 0.895375 0.577846
vt 0.904875 0.585594
vt 0.904527 0.586011
vt 0.894454 0.578908
vt 0.578894 0.628720
vt 0.904226 0.586370
vt 0.903973 0.586671
vt 0.903768 0.586915
vt 0.893630 0.579865
vt 0.903610 0.587101
vt 0.903106 0.587613
vt 0.563373 0.630636
vt 0.578692 0.627731
vt 0.902570 0.588016
vt 0.563395 0.629606
vt 0.893296 0.580311
vt 0.578406 0.626845
vt 0.902000 0.588308
vt 0.893049 0.580769
vt 0.563550 0.628654
vt 0.901398 0.588490
vt 0.578035 0.626059
vt 0.892890 0.581238
vt 0.563837 0.627779
vt 0.900763 0.588561
vt 0.892818 0.581719
vt 0.577580 0.625376
vt 0.892834 0.582210
vt 0.564257 0.626981
vt 0.900095 0.588522
vt 0.577040 0.624794
vt 0.892937 0.582714
vt 0.899394 0.588373
vt 0.564809 0.626261
vt 0.893128 0.583228
vt 0.576416 0.624313
vt 0.898661 0.588113
vt 0.893407 0.583754
vt 0.565493 0.625618
vt 0.897894 0.587743
vt 0.575708 0.623935
vt 0.893773 0.584291
vt 0.897094 0.587262
vt 0.894227 0.584840
vt 0.566310 0.625053
vt 0.896262 0.586672
vt 0.894768 0.585399
vt 0.574915 0.623657
vt 0.895397 0.585971
vt 0.567259 0.624565
vt 0.574038 0.623482
vt 0.568340 0.624154
vt 0.573077 0.623408
vt 0.569554 0.623821
vt 0.572031 0.623436
vt 0.570900 0.623565
vt 0.139806 0.488288
vt 0.140014 0.489884
vt 0.139589 0.490931
vt 0.138731 0.492368
vt 0.139032 0.486283
vt 0.137438 0.494199
vt 0.137682 0.483837
vt 0.135708 0.496422
vt 0.135757 0.480948
vt 0.133541 0.499036
vt 0.133259 0.477618
vt 0.130936 0.502043
vt 0.127894 0.505442
vt 0.130193 0.473849
vt 0.124415 0.509235
vt 0.126556 0.469641
vt 0.120501 0.513423
vt 0.122348 0.464995
vt 0.116152 0.518006
vt 0.117571 0.459913
vt 0.111367 0.522985
vt 0.112224 0.454394
vt 0.106147 0.528360
vt 0.103443 0.531046
vt 0.106311 0.448443
vt 0.100899 0.533481
vt 0.098513 0.535670
vt 0.099836 0.442067
vt 0.096285 0.537607
vt 0.117346 0.005112
vt 0.140014 0.000392
vt 0.138808 0.005960
vt 0.094215 0.539297
vt 0.137673 0.011472
vt 0.136608 0.016928
vt 0.135613 0.022328
vt 0.092302 0.540741
vt 0.134689 0.027672
vt 0.133836 0.032959
vt 0.133053 0.038190
vt 0.132341 0.043365
vt 0.131699 0.048483
vt 0.090546 0.541938
vt 0.131128 0.053545
vt 0.130628 0.058551
vt 0.130198 0.063501
vt 0.117469 0.010688
vt 0.117555 0.016100
vt 0.117604 0.021348
vt 0.117617 0.026432
vt 0.117594 0.031353
vt 0.117535 0.036109
vt 0.117439 0.040702
vt 0.117307 0.045131
vt 0.117138 0.049396
vt 0.115758 0.071875
vt 0.088870 0.542857
vt 0.087349 0.543527
vt 0.113640 0.098858
vt 0.086049 0.543926
vt 0.084895 0.544089
vt 0.083888 0.544017
vt 0.082994 0.543780
vt 0.082183 0.543449
vt 0.081454 0.543024
vt 0.111329 0.124263
vt 0.080839 0.542526
vt 0.080302 0.541938
vt 0.079843 0.541260
vt 0.079431 0.540490
vt 0.079028 0.539626
vt 0.078634 0.538666
vt 0.078249 0.537611
vt 0.077874 0.536462
vt 0.077509 0.535218
vt 0.097446 0.272219
vt 0.088369 0.270082
vt 0.092025 0.331063
vt 0.083651 0.325400
vt 0.075630 0.319602
vt 0.079745 0.268067
vt 0.067980 0.313717
vt 0.071576 0.266145
vt 0.060726 0.307762
vt 0.063880 0.264337
vt 0.053896 0.301759
vt 0.056681 0.262669
vt 0.047527 0.295737
vt 0.050010 0.261174
vt 0.041670 0.289731
vt 0.043904 0.259892
vt 0.036392 0.283788
vt 0.038416 0.258881
vt 0.031787 0.277974
vt 0.029000 0.254405
vt 0.029400 0.254635
vt 0.029202 0.254764
vt 0.033617 0.258215
vt 0.029002 0.254891
vt 0.019348 0.273034
vt 0.019328 0.273086
vt 0.019291 0.273131
vt 0.019235 0.273179
vt 0.019359 0.272961
vt 0.019160 0.273231
vt 0.019361 0.272868
vt 0.028800 0.255016
vt 0.019065 0.273285
vt 0.019353 0.272753
vt 0.018950 0.273342
vt 0.019336 0.272618
vt 0.028598 0.255141
vt 0.018815 0.273402
vt 0.027995 0.272388
vt 0.019309 0.272463
vt 0.018661 0.273466
vt 0.029609 0.258004
vt 0.028394 0.255264
vt 0.019273 0.272286
vt 0.028608 0.254176
vt 0.018488 0.273532
vt 0.028189 0.255387
vt 0.019227 0.272089
vt 0.018294 0.273601
vt 0.027982 0.255507
vt 0.019172 0.271871
vt 0.025235 0.267180
vt 0.018082 0.273674
vt 0.026542 0.258408
vt 0.027775 0.255627
vt 0.017849 0.273749
vt 0.019107 0.271632
vt 0.027566 0.255746
vt 0.028223 0.253951
vt 0.017597 0.273827
vt 0.019033 0.271373
vt 0.027355 0.255863
vt 0.023867 0.262607
vt 0.024655 0.259674
vt 0.027144 0.255980
vt 0.017464 0.273863
vt 0.018949 0.271093
vt 0.017338 0.273894
vt 0.026931 0.256095
vt 0.017222 0.273920
vt 0.017096 0.273802
vt 0.027694 0.253722
vt 0.016979 0.273677
vt 0.016872 0.273547
vt 0.016775 0.273411
vt 0.016687 0.273270
vt 0.016608 0.273124
vt 0.016538 0.272972
vt 0.016477 0.272815
vt 0.016425 0.272653
vt 0.016367 0.272475
vt 0.026931 0.253591
vt 0.025788 0.256697
vt 0.023502 0.260428
vt 0.021867 0.262975
vt 0.019757 0.266326
vt 0.018367 0.268635
vt 0.016718 0.271543
vt 0.011116 0.248609
vt 0.009296 0.252334
vt 0.018035 0.260513
vt 0.015823 0.264283
vt 0.005194 0.261569
vt 0.003617 0.265152
vt 0.015540 0.272824
vt 0.016337 0.272514
vt 0.016297 0.272552
vt 0.016249 0.272588
vt 0.016192 0.272623
vt 0.016126 0.272656
vt 0.016050 0.272688
vt 0.015966 0.272718
vt 0.026415 0.253323
vt 0.015873 0.272747
vt 0.015771 0.272774
vt 0.015660 0.272800
vt 0.013219 0.271882
vt 0.025910 0.253059
vt 0.025416 0.252798
vt 0.024932 0.252540
vt 0.024459 0.252284
vt 0.023997 0.252032
vt 0.012236 0.271489
vt 0.023546 0.251782
vt 0.022240 0.251081
vt 0.017484 0.260100
vt 0.015260 0.263961
vt 0.011253 0.271099
vt 0.013448 0.257746
vt 0.011324 0.261805
vt 0.020982 0.250402
vt 0.010270 0.270713
vt 0.019772 0.249744
vt 0.009285 0.270330
vt 0.018607 0.249106
vt 0.008299 0.269952
vt 0.007311 0.269579
vt 0.017488 0.248490
vt 0.012866 0.257353
vt 0.010771 0.261472
vt 0.006318 0.269212
vt 0.016411 0.247894
vt 0.008137 0.254882
vt 0.006189 0.259190
vt 0.005317 0.268850
vt 0.015375 0.247320
vt 0.004302 0.268493
vt 0.014373 0.246769
vt 0.013399 0.246249
vt 0.003263 0.268134
vt 0.012453 0.245770
vt 0.002196 0.267761
vt 0.011538 0.245336
vt 0.010256 0.248202
vt 0.003013 0.264834
vt 0.001130 0.267335
vt 0.009408 0.247795
vt 0.002087 0.264430
vt 0.010763 0.244768
vt 0.000947 0.267243
vt 0.009141 0.247647
vt 0.000791 0.267136
vt 0.008907 0.247475
vt 0.010675 0.244623
vt 0.002009 0.264398
vt 0.010585 0.244486
vt 0.001933 0.264371
vt 0.000660 0.267014
vt 0.001859 0.264349
vt 0.008703 0.247279
vt 0.010491 0.244356
vt 0.001788 0.264332
vt 0.010395 0.244234
vt 0.000555 0.266878
vt 0.001718 0.264320
vt 0.010297 0.244119
vt 0.008527 0.247057
vt 0.001652 0.264314
vt 0.010198 0.244013
vt 0.000475 0.266727
vt 0.001587 0.264312
vt 0.010097 0.243915
vt 0.008385 0.246808
vt 0.001525 0.264315
vt 0.009997 0.243827
vt 0.000422 0.266561
vt 0.001465 0.264324
vt 0.009895 0.243747
vt 0.001407 0.264337
vt 0.008276 0.246533
vt 0.001352 0.264355
vt 0.009794 0.243678
vt 0.000394 0.266381
vt 0.001299 0.264379
vt 0.009693 0.243617
vt 0.008202 0.246228
vt 0.001242 0.264409
vt 0.009594 0.243567
vt 0.000392 0.266186
vt 0.001185 0.264447
vt 0.009489 0.243529
vt 0.001129 0.264493
vt 0.008162 0.245893
vt 0.009383 0.243506
vt 0.001073 0.264547
vt 0.000415 0.265976
vt 0.009275 0.243494
vt 0.001017 0.264608
vt 0.000962 0.264678
vt 0.009165 0.243493
vt 0.008154 0.245519
vt 0.000465 0.265752
vt 0.000908 0.264755
vt 0.009054 0.243509
vt 0.000853 0.264840
vt 0.000540 0.265513
vt 0.000800 0.264933
vt 0.008942 0.243537
vt 0.008180 0.245104
vt 0.000746 0.265034
vt 0.000640 0.265259
vt 0.000693 0.265142
vt 0.008830 0.243582
vt 0.008718 0.243640
vt 0.008234 0.244637
vt 0.008608 0.243718
vt 0.008496 0.243806
vt 0.008292 0.244062
vt 0.008395 0.243929
vt 0.551903 0.886902
vt 0.553318 0.886733
vt 0.552973 0.889891
vt 0.552640 0.892831
vt 0.552320 0.895554
vt 0.552012 0.898059
vt 0.551717 0.900347
vt 0.550501 0.887056
vt 0.551434 0.902417
vt 0.551164 0.904269
vt 0.550906 0.905904
vt 0.550660 0.907321
vt 0.550427 0.908521
vt 0.550207 0.909503
vt 0.549112 0.887194
vt 0.549999 0.910268
vt 0.549818 0.910808
vt 0.549615 0.911302
vt 0.549391 0.911748
vt 0.549145 0.912147
vt 0.548878 0.912499
vt 0.547736 0.887317
vt 0.548590 0.912804
vt 0.548280 0.913061
vt 0.547949 0.913272
vt 0.547596 0.913435
vt 0.546372 0.887425
vt 0.547222 0.913551
vt 0.546826 0.913620
vt 0.546409 0.913641
vt 0.545939 0.913598
vt 0.545021 0.887518
vt 0.545476 0.913471
vt 0.545019 0.913262
vt 0.544570 0.912971
vt 0.543683 0.887596
vt 0.544127 0.912596
vt 0.543690 0.912139
vt 0.543261 0.911600
vt 0.542358 0.887658
vt 0.542838 0.910977
vt 0.542422 0.910272
vt 0.542013 0.909484
vt 0.541046 0.887706
vt 0.541610 0.908614
vt 0.541214 0.907660
vt 0.527104 0.907410
vt 0.539746 0.887738
vt 0.538459 0.887754
vt 0.537185 0.887756
vt 0.534546 0.887738
vt 0.531975 0.887711
vt 0.529471 0.887674
vt 0.527034 0.887626
vt 0.525962 0.907370
vt 0.524666 0.887569
vt 0.524767 0.907323
vt 0.523519 0.907267
vt 0.522364 0.887502
vt 0.522217 0.907204
vt 0.520130 0.887426
vt 0.520862 0.907132
vt 0.519454 0.907053
vt 0.517964 0.887339
vt 0.518704 0.958152
vt 0.518765 0.958505
vt 0.518715 0.958931
vt 0.518568 0.959441
vt 0.518517 0.957722
vt 0.517992 0.906966
vt 0.518323 0.960034
vt 0.518204 0.957212
vt 0.517981 0.960712
vt 0.517766 0.956624
vt 0.517541 0.961473
vt 0.517203 0.955957
vt 0.517004 0.962319
vt 0.516476 0.906871
vt 0.516514 0.955212
vt 0.515865 0.887242
vt 0.516369 0.963248
vt 0.515700 0.954388
vt 0.515637 0.964261
vt 0.514907 0.906768
vt 0.514760 0.953485
vt 0.514807 0.965358
vt 0.513833 0.887136
vt 0.513880 0.966539
vt 0.513695 0.952504
vt 0.513285 0.906657
vt 0.512855 0.967803
vt 0.512505 0.951444
vt 0.511870 0.887020
vt 0.511610 0.906539
vt 0.511733 0.969152
vt 0.511189 0.950305
vt 0.511103 0.969872
vt 0.509973 0.886894
vt 0.509881 0.906412
vt 0.509747 0.949088
vt 0.510499 0.970530
vt 0.504313 0.828218
vt 0.511821 0.826076
vt 0.511571 0.827584
vt 0.511341 0.829073
vt 0.511133 0.830544
vt 0.509919 0.971125
vt 0.510946 0.831997
vt 0.510780 0.833431
vt 0.510635 0.834847
vt 0.510511 0.836245
vt 0.509364 0.971658
vt 0.510409 0.837624
vt 0.510328 0.838985
vt 0.510268 0.840328
vt 0.510229 0.841652
vt 0.510211 0.842958
vt 0.504548 0.829509
vt 0.504763 0.830785
vt 0.504956 0.832047
vt 0.505129 0.833294
vt 0.505280 0.834526
vt 0.505411 0.835744
vt 0.505520 0.836947
vt 0.505727 0.839813
vt 0.505899 0.843633
vt 0.506018 0.846485
vt 0.506086 0.853660
vt 0.508861 0.972104
vt 0.508382 0.972492
vt 0.507927 0.972819
vt 0.507495 0.973087
vt 0.507087 0.973295
vt 0.506024 0.860515
vt 0.506723 0.973437
vt 0.506380 0.973521
vt 0.506061 0.973549
vt 0.505610 0.896059
vt 0.505676 0.952887
vt 0.505763 0.973516
vt 0.500944 0.895651
vt 0.505426 0.912483
vt 0.499484 0.911853
vt 0.501097 0.952805
vt 0.505434 0.973409
vt 0.505074 0.973228
vt 0.504683 0.972974
vt 0.504262 0.972646
vt 0.503810 0.972244
vt 0.503327 0.971769
vt 0.502813 0.971221
vt 0.502268 0.970599
vt 0.501693 0.969903
vt 0.501087 0.969134
vt 0.496690 0.952711
vt 0.496446 0.895178
vt 0.500450 0.968291
vt 0.491660 0.968008
vt 0.493779 0.911105
vt 0.492458 0.952606
vt 0.492117 0.894639
vt 0.488312 0.910237
vt 0.488398 0.952489
vt 0.487956 0.894035
vt 0.483317 0.967653
vt 0.483081 0.909249
vt 0.484512 0.952360
vt 0.483965 0.893365
vt 0.480799 0.952220
vt 0.480143 0.892630
vt 0.478087 0.908142
vt 0.475419 0.967225
vt 0.477260 0.952068
vt 0.476489 0.891829
vt 0.473331 0.906916
vt 0.473894 0.951905
vt 0.473005 0.890962
vt 0.467967 0.966725
vt 0.470702 0.951730
vt 0.468811 0.905570
vt 0.469689 0.890030
vt 0.467682 0.951544
vt 0.466542 0.889032
vt 0.464528 0.904105
vt 0.460961 0.966153
vt 0.464837 0.951346
vt 0.463564 0.887969
vt 0.462164 0.951136
vt 0.460482 0.902520
vt 0.460755 0.886840
vt 0.459325 0.950883
vt 0.454401 0.965508
vt 0.458098 0.885641
vt 0.456674 0.900816
vt 0.456546 0.950601
vt 0.455496 0.884392
vt 0.453102 0.898993
vt 0.453827 0.950289
vt 0.452951 0.883094
vt 0.448287 0.964790
vt 0.451167 0.949948
vt 0.449767 0.897050
vt 0.450462 0.881746
vt 0.448566 0.949576
vt 0.448029 0.880348
vt 0.446866 0.895188
vt 0.446026 0.949176
vt 0.442618 0.964000
vt 0.445653 0.878900
vt 0.444060 0.893267
vt 0.443545 0.948746
vt 0.443333 0.877403
vt 0.441349 0.891287
vt 0.441123 0.948286
vt 0.441069 0.875856
vt 0.437395 0.963138
vt 0.438733 0.889248
vt 0.438761 0.947797
vt 0.438861 0.874260
vt 0.436459 0.947278
vt 0.436212 0.887151
vt 0.436709 0.872613
vt 0.432618 0.962203
vt 0.434217 0.946729
vt 0.434614 0.870917
vt 0.433785 0.884994
vt 0.432575 0.869171
vt 0.432034 0.946151
vt 0.431454 0.882778
vt 0.428287 0.961196
vt 0.430292 0.867092
vt 0.431279 0.945935
vt 0.429217 0.880504
vt 0.430560 0.945709
vt 0.429877 0.945471
vt 0.428048 0.864915
vt 0.429231 0.945222
vt 0.428620 0.944963
vt 0.427076 0.878171
vt 0.428047 0.944692
vt 0.424401 0.960117
vt 0.427509 0.944409
vt 0.425843 0.862642
vt 0.427008 0.944116
vt 0.426543 0.943812
vt 0.425029 0.875778
vt 0.426114 0.943496
vt 0.425722 0.943170
vt 0.425365 0.942832
vt 0.425342 0.912137
vt 0.425348 0.912250
vt 0.425334 0.912373
vt 0.425316 0.912036
vt 0.424984 0.915218
vt 0.425270 0.911945
vt 0.425203 0.911866
vt 0.425116 0.911797
vt 0.425009 0.911739
vt 0.423679 0.860271
vt 0.425029 0.942450
vt 0.424881 0.911693
vt 0.424666 0.917911
vt 0.424734 0.911657
vt 0.424566 0.911632
vt 0.424720 0.942040
vt 0.424379 0.920452
vt 0.424378 0.911618
vt 0.423077 0.873327
vt 0.424441 0.941604
vt 0.424169 0.911615
vt 0.424123 0.922840
vt 0.424057 0.911619
vt 0.424190 0.941140
vt 0.423951 0.911630
vt 0.423899 0.925075
vt 0.423851 0.911647
vt 0.423968 0.940650
vt 0.422543 0.959485
vt 0.423759 0.911671
vt 0.423672 0.911701
vt 0.423706 0.927158
vt 0.423592 0.911737
vt 0.423774 0.940132
vt 0.423519 0.911780
vt 0.423545 0.929089
vt 0.423452 0.911828
vt 0.423609 0.939587
vt 0.423391 0.911884
vt 0.423337 0.911945
vt 0.423416 0.930867
vt 0.423290 0.912013
vt 0.423472 0.939015
vt 0.423249 0.912088
vt 0.422694 0.913773
vt 0.423317 0.932493
vt 0.423364 0.938416
vt 0.423251 0.933966
vt 0.423285 0.937789
vt 0.423216 0.935287
vt 0.423234 0.937136
vt 0.423212 0.936456
vt 0.421553 0.857804
vt 0.422146 0.915373
vt 0.421221 0.870817
vt 0.421606 0.916887
vt 0.420784 0.958782
vt 0.421074 0.918315
vt 0.420549 0.919658
vt 0.419468 0.855239
vt 0.419666 0.868553
vt 0.420032 0.920915
vt 0.419124 0.958007
vt 0.419522 0.922085
vt 0.419020 0.923171
vt 0.418164 0.866216
vt 0.418526 0.924170
vt 0.417422 0.852578
vt 0.417565 0.957160
vt 0.418039 0.925084
vt 0.417560 0.925912
vt 0.416716 0.863807
vt 0.417088 0.926654
vt 0.416106 0.956241
vt 0.416580 0.927368
vt 0.415416 0.849819
vt 0.416041 0.928036
vt 0.415321 0.861326
vt 0.415472 0.928657
vt 0.414746 0.955250
vt 0.414872 0.929232
vt 0.414242 0.929759
vt 0.413979 0.858772
vt 0.413450 0.846964
vt 0.413487 0.954188
vt 0.413581 0.930240
vt 0.412890 0.930674
vt 0.412691 0.856146
vt 0.412327 0.953054
vt 0.412168 0.931061
vt 0.411523 0.844011
vt 0.411415 0.931402
vt 0.411267 0.951848
vt 0.411456 0.853448
vt 0.410633 0.931695
vt 0.410307 0.950570
vt 0.410274 0.850678
vt 0.409636 0.840961
vt 0.409819 0.931942
vt 0.409447 0.949221
vt 0.408975 0.932142
vt 0.409145 0.847836
vt 0.408687 0.947799
vt 0.408496 0.932265
vt 0.407788 0.837815
vt 0.408271 0.946917
vt 0.408059 0.932416
vt 0.408070 0.844921
vt 0.407890 0.946009
vt 0.407665 0.932595
vt 0.407543 0.945075
vt 0.407312 0.932803
vt 0.407232 0.944114
vt 0.407048 0.841934
vt 0.407001 0.933040
vt 0.406956 0.943128
vt 0.406733 0.933304
vt 0.407762 0.837777
vt 0.407733 0.837743
vt 0.407703 0.837712
vt 0.407670 0.837685
vt 0.407635 0.837660
vt 0.406715 0.942115
vt 0.407597 0.837639
vt 0.407558 0.837621
vt 0.407516 0.837606
vt 0.406506 0.933598
vt 0.407473 0.837594
vt 0.407427 0.837586
vt 0.407378 0.837580
vt 0.406509 0.941076
vt 0.407328 0.837578
vt 0.407119 0.837583
vt 0.406322 0.933920
vt 0.406338 0.940011
vt 0.406180 0.934270
vt 0.406927 0.837604
vt 0.406080 0.838875
vt 0.406202 0.938920
vt 0.406079 0.934648
vt 0.406102 0.937803
vt 0.406754 0.837639
vt 0.406021 0.935056
vt 0.406036 0.936660
vt 0.406005 0.935491
vt 0.406599 0.837690
vt 0.406461 0.837756
vt 0.406342 0.837837
vt 0.406241 0.837933
vt 0.406158 0.838045
vt 0.406092 0.838171
vt 0.406045 0.838313
vt 0.406068 0.838861
vt 0.406056 0.838847
vt 0.406046 0.838831
vt 0.406038 0.838814
vt 0.406016 0.838470
vt 0.406030 0.838797
vt 0.406023 0.838778
vt 0.406017 0.838758
vt 0.406013 0.838737
vt 0.406005 0.838643
vt 0.406009 0.838715
vt 0.406007 0.838692
vt 0.406005 0.838668
vt 0.000752 0.801587
vt 0.000392 0.800491
vt 0.002110 0.798878
vt 0.001100 0.802764
vt 0.001435 0.804021
vt 0.003734 0.797365
vt 0.001759 0.805357
vt 0.002070 0.806774
vt 0.005263 0.795953
vt 0.002369 0.808271
vt 0.002655 0.809848
vt 0.006698 0.794642
vt 0.002930 0.811504
vt 0.003192 0.813241
vt 0.008039 0.793431
vt 0.003442 0.815058
vt 0.009286 0.792320
vt 0.003679 0.816955
vt 0.003904 0.818932
vt 0.010438 0.791309
vt 0.004420 0.824872
vt 0.011496 0.790399
vt 0.012460 0.789590
vt 0.004790 0.831076
vt 0.013329 0.788881
vt 0.014104 0.788272
vt 0.005015 0.837546
vt 0.014785 0.787764
vt 0.015354 0.787361
vt 0.015900 0.786998
vt 0.016424 0.786677
vt 0.005095 0.844280
vt 0.016924 0.786396
vt 0.017402 0.786156
vt 0.017857 0.785957
vt 0.005030 0.851279
vt 0.018288 0.785798
vt 0.018697 0.785681
vt 0.019084 0.785604
vt 0.019447 0.785569
vt 0.004819 0.858544
vt 0.019788 0.785574
vt 0.020105 0.785620
vt 0.020477 0.785727
vt 0.020805 0.785876
vt 0.004463 0.866073
vt 0.021090 0.786068
vt 0.019426 0.795090
vt 0.021331 0.786303
vt 0.021529 0.786581
vt 0.019252 0.798720
vt 0.019697 0.794647
vt 0.019954 0.794203
vt 0.021682 0.786901
vt 0.020196 0.793757
vt 0.003962 0.873867
vt 0.021793 0.787264
vt 0.020422 0.793312
vt 0.020633 0.792865
vt 0.019061 0.802322
vt 0.021859 0.787669
vt 0.020830 0.792418
vt 0.021011 0.791970
vt 0.021882 0.788118
vt 0.021177 0.791521
vt 0.021862 0.788609
vt 0.021328 0.791072
vt 0.021463 0.790622
vt 0.021797 0.789142
vt 0.021584 0.790171
vt 0.021690 0.789719
vt 0.018852 0.805896
vt 0.003316 0.881926
vt 0.018624 0.809441
vt 0.018379 0.812959
vt 0.002524 0.890250
vt 0.018115 0.816448
vt 0.017833 0.819909
vt 0.001587 0.898839
vt 0.017534 0.823342
vt 0.017216 0.826747
vt 0.016880 0.830124
vt 0.000505 0.907694
vt 0.016526 0.833473
vt 0.016154 0.836794
vt 0.000392 0.908548
vt 0.000405 0.908831
vt 0.000445 0.908993
vt 0.000497 0.909102
vt 0.000555 0.909183
vt 0.000632 0.909258
vt 0.014197 0.853274
vt 0.033464 0.840508
vt 0.000726 0.909328
vt 0.000837 0.909392
vt 0.000967 0.909452
vt 0.001115 0.909506
vt 0.001280 0.909555
vt 0.001464 0.909599
vt 0.001706 0.909645
vt 0.001930 0.909676
vt 0.002135 0.909691
vt 0.013797 0.856107
vt 0.029998 0.856664
vt 0.002321 0.909690
vt 0.013375 0.858955
vt 0.002489 0.909674
vt 0.002638 0.909642
vt 0.012933 0.861818
vt 0.002769 0.909594
vt 0.012469 0.864696
vt 0.002881 0.909531
vt 0.011984 0.867588
vt 0.002975 0.909453
vt 0.003050 0.909359
vt 0.011477 0.870495
vt 0.003120 0.909222
vt 0.003261 0.908757
vt 0.003732 0.906825
vt 0.010958 0.873390
vt 0.004190 0.904930
vt 0.004635 0.903074
vt 0.010417 0.876298
vt 0.005067 0.901256
vt 0.005485 0.899476
vt 0.009855 0.879222
vt 0.005890 0.897734
vt 0.006284 0.896030
vt 0.009275 0.882160
vt 0.006669 0.894366
vt 0.007042 0.892740
vt 0.008690 0.885117
vt 0.007408 0.891153
vt 0.007758 0.889603
vt 0.008091 0.888091
vt 0.034632 0.783203
vt 0.034648 0.782763
vt 0.034770 0.782447
vt 0.035021 0.782037
vt 0.034747 0.783753
vt 0.035401 0.781535
vt 0.034992 0.784415
vt 0.035910 0.780941
vt 0.035370 0.785188
vt 0.036548 0.780254
vt 0.035878 0.786071
vt 0.037314 0.779474
vt 0.036517 0.787066
vt 0.038209 0.778601
vt 0.039234 0.777636
vt 0.037288 0.788172
vt 0.040387 0.776578
vt 0.038190 0.789389
vt 0.041668 0.775427
vt 0.039223 0.790717
vt 0.043079 0.774184
vt 0.040387 0.792156
vt 0.044619 0.772848
vt 0.041682 0.793706
vt 0.045422 0.772207
vt 0.046178 0.771627
vt 0.046887 0.771107
vt 0.043109 0.795367
vt 0.020033 0.929538
vt 0.012628 0.930081
vt 0.013091 0.929084
vt 0.047548 0.770648
vt 0.013532 0.928092
vt 0.013950 0.927104
vt 0.048161 0.770249
vt 0.014345 0.926121
vt 0.014718 0.925143
vt 0.015068 0.924169
vt 0.015396 0.923199
vt 0.048726 0.769911
vt 0.015701 0.922234
vt 0.015983 0.921274
vt 0.016243 0.920319
vt 0.016480 0.919368
vt 0.016695 0.918421
vt 0.020059 0.928554
vt 0.020095 0.927600
vt 0.020140 0.926676
vt 0.020195 0.925783
vt 0.020259 0.924920
vt 0.020333 0.924088
vt 0.020417 0.923286
vt 0.020510 0.922515
vt 0.020613 0.921774
vt 0.021188 0.918218
vt 0.021839 0.914578
vt 0.049244 0.769633
vt 0.049714 0.769416
vt 0.050137 0.769259
vt 0.050512 0.769162
vt 0.050839 0.769126
vt 0.023554 0.906694
vt 0.051105 0.769149
vt 0.051361 0.769219
vt 0.051588 0.769313
vt 0.051786 0.769432
vt 0.051956 0.769575
vt 0.052097 0.769742
vt 0.052209 0.769934
vt 0.052301 0.770174
vt 0.052375 0.770500
vt 0.052419 0.770959
vt 0.052412 0.771657
vt 0.052285 0.772907
vt 0.051579 0.776826
vt 0.035346 0.854693
vt 0.050203 0.858013
vt 0.038509 0.840536
vt 0.053366 0.843855
vt 0.034267 0.900125
vt 0.032908 0.899965
vt 0.033885 0.898630
vt 0.054544 0.805250
vt 0.054566 0.804920
vt 0.054679 0.804606
vt 0.054892 0.804233
vt 0.054607 0.805667
vt 0.055204 0.803802
vt 0.054755 0.806172
vt 0.034854 0.897317
vt 0.055615 0.803313
vt 0.054988 0.806766
vt 0.056125 0.802765
vt 0.055305 0.807448
vt 0.035815 0.896026
vt 0.035659 0.900305
vt 0.056735 0.802159
vt 0.055707 0.808218
vt 0.057444 0.801494
vt 0.036767 0.894757
vt 0.056193 0.809076
vt 0.058252 0.800771
vt 0.037711 0.893509
vt 0.037085 0.900506
vt 0.056765 0.810022
vt 0.059159 0.799990
vt 0.038647 0.892284
vt 0.057420 0.811056
vt 0.060166 0.799151
vt 0.039574 0.891081
vt 0.038546 0.900726
vt 0.058161 0.812179
vt 0.040493 0.889899
vt 0.061272 0.798253
vt 0.041404 0.888740
vt 0.062477 0.797297
vt 0.058986 0.813389
vt 0.040041 0.900966
vt 0.042306 0.887603
vt 0.063103 0.796823
vt 0.043200 0.886487
vt 0.059896 0.814688
vt 0.063697 0.796396
vt 0.044086 0.885394
vt 0.041569 0.901227
vt 0.064259 0.796016
vt 0.064790 0.795681
vt 0.065288 0.795393
vt 0.043132 0.901507
vt 0.065754 0.795150
vt 0.066189 0.794954
vt 0.066592 0.794804
vt 0.066963 0.794701
vt 0.067302 0.794643
vt 0.044715 0.901856
vt 0.047548 0.887122
vt 0.067606 0.794639
vt 0.067878 0.794681
vt 0.057279 0.844766
vt 0.064052 0.813778
vt 0.068196 0.794785
vt 0.065034 0.891095
vt 0.054203 0.858874
vt 0.071384 0.862710
vt 0.074546 0.848606
vt 0.081491 0.817599
vt 0.068524 0.794961
vt 0.068862 0.795209
vt 0.046324 0.902205
vt 0.069209 0.795530
vt 0.069565 0.795923
vt 0.069931 0.796389
vt 0.072355 0.800688
vt 0.070309 0.796924
vt 0.047969 0.902579
vt 0.070698 0.797532
vt 0.071097 0.798212
vt 0.071506 0.798965
vt 0.049652 0.902977
vt 0.071925 0.799790
vt 0.078686 0.802085
vt 0.051373 0.903400
vt 0.090635 0.913063
vt 0.110654 0.808284
vt 0.068717 0.891908
vt 0.078216 0.849390
vt 0.085144 0.818415
vt 0.087410 0.896114
vt 0.075214 0.863594
vt 0.093709 0.867675
vt 0.096839 0.853497
vt 0.103672 0.822507
vt 0.091088 0.896943
vt 0.093045 0.897388
vt 0.097688 0.868635
vt 0.114429 0.872468
vt 0.100931 0.854465
vt 0.117673 0.858295
vt 0.107656 0.823402
vt 0.109458 0.823759
vt 0.111617 0.808543
vt 0.112468 0.808918
vt 0.110153 0.823857
vt 0.113209 0.809406
vt 0.093918 0.897658
vt 0.110805 0.823864
vt 0.113839 0.810010
vt 0.094682 0.898046
vt 0.091357 0.913186
vt 0.111412 0.823781
vt 0.114358 0.810729
vt 0.095339 0.898553
vt 0.111975 0.823607
vt 0.092034 0.913217
vt 0.114766 0.811562
vt 0.112494 0.823344
vt 0.095887 0.899178
vt 0.092668 0.913155
vt 0.115063 0.812510
vt 0.112968 0.822990
vt 0.093257 0.913001
vt 0.113398 0.822546
vt 0.096327 0.899921
vt 0.115249 0.813574
vt 0.113784 0.822012
vt 0.115325 0.814751
vt 0.093802 0.912754
vt 0.096659 0.900783
vt 0.114126 0.821388
vt 0.115289 0.816044
vt 0.114423 0.820673
vt 0.115142 0.817451
vt 0.114676 0.819869
vt 0.094303 0.912415
vt 0.114884 0.818974
vt 0.096883 0.901763
vt 0.094760 0.911983
vt 0.096998 0.902862
vt 0.095172 0.911460
vt 0.097006 0.904079
vt 0.095540 0.910843
vt 0.096905 0.905414
vt 0.118568 0.814434
vt 0.118583 0.814088
vt 0.118689 0.813817
vt 0.095864 0.910135
vt 0.118899 0.813475
vt 0.118657 0.814884
vt 0.096697 0.906868
vt 0.119215 0.813064
vt 0.096144 0.909334
vt 0.118849 0.815436
vt 0.096380 0.908440
vt 0.119635 0.812582
vt 0.119145 0.816092
vt 0.120160 0.812030
vt 0.119545 0.816851
vt 0.120790 0.811408
vt 0.120049 0.817712
vt 0.121525 0.810715
vt 0.122365 0.809952
vt 0.120656 0.818677
vt 0.123309 0.809119
vt 0.121367 0.819745
vt 0.124358 0.808216
vt 0.122182 0.820917
vt 0.125512 0.807242
vt 0.123100 0.822191
vt 0.126771 0.806198
vt 0.124122 0.823568
vt 0.127448 0.805663
vt 0.128085 0.805178
vt 0.128682 0.804744
vt 0.125248 0.825049
vt 0.106989 0.926823
vt 0.100481 0.927210
vt 0.100899 0.926341
vt 0.129238 0.804361
vt 0.101298 0.925475
vt 0.101677 0.924612
vt 0.129754 0.804028
vt 0.102036 0.923754
vt 0.102375 0.922899
vt 0.102694 0.922048
vt 0.102993 0.921201
vt 0.130229 0.803746
vt 0.103273 0.920358
vt 0.103532 0.919518
vt 0.103772 0.918682
vt 0.103992 0.917850
vt 0.104192 0.917021
vt 0.107024 0.925959
vt 0.107066 0.925124
vt 0.107116 0.924316
vt 0.107174 0.923537
vt 0.107240 0.922785
vt 0.107313 0.922061
vt 0.107395 0.921365
vt 0.107484 0.920698
vt 0.107911 0.918058
vt 0.108501 0.914799
vt 0.109498 0.909924
vt 0.130664 0.803515
vt 0.131058 0.803335
vt 0.131412 0.803205
vt 0.131725 0.803126
vt 0.131998 0.803098
vt 0.132231 0.803120
vt 0.110836 0.904134
vt 0.132443 0.803181
vt 0.132630 0.803263
vt 0.132794 0.803366
vt 0.132933 0.803490
vt 0.133047 0.803634
vt 0.133137 0.803800
vt 0.133203 0.803987
vt 0.133252 0.804235
vt 0.133278 0.804586
vt 0.133262 0.805118
vt 0.133150 0.806070
vt 0.132572 0.809048
vt 0.119397 0.868478
vt 0.133406 0.871792
vt 0.122174 0.856730
vt 0.136184 0.860040
vt 0.137983 0.817738
vt 0.137996 0.817443
vt 0.138088 0.817215
vt 0.138273 0.816926
vt 0.138061 0.818131
vt 0.138550 0.816577
vt 0.138230 0.818622
vt 0.138919 0.816167
vt 0.138490 0.819210
vt 0.139381 0.815697
vt 0.138840 0.819896
vt 0.139935 0.815165
vt 0.140581 0.814573
vt 0.139281 0.820679
vt 0.141319 0.813921
vt 0.139813 0.821560
vt 0.142150 0.813207
vt 0.140436 0.822538
vt 0.143073 0.812433
vt 0.141149 0.823615
vt 0.144089 0.811598
vt 0.141953 0.824788
vt 0.145196 0.810702
vt 0.145789 0.810252
vt 0.142848 0.826060
vt 0.146348 0.809846
vt 0.146872 0.809483
vt 0.143833 0.827429
vt 0.147361 0.809163
vt 0.124508 0.926927
vt 0.119095 0.927279
vt 0.119505 0.926315
vt 0.119898 0.925357
vt 0.147817 0.808886
vt 0.120274 0.924404
vt 0.120633 0.923458
vt 0.120975 0.922518
vt 0.148237 0.808652
vt 0.121299 0.921583
vt 0.121607 0.920654
vt 0.121897 0.919731
vt 0.122170 0.918814
vt 0.122426 0.917903
vt 0.122664 0.916997
vt 0.122886 0.916097
vt 0.124605 0.925945
vt 0.124707 0.924990
vt 0.124814 0.924064
vt 0.124926 0.923165
vt 0.125044 0.922294
vt 0.125167 0.921451
vt 0.125295 0.920636
vt 0.125787 0.917956
vt 0.126412 0.914790
vt 0.127000 0.911798
vt 0.148624 0.808461
vt 0.128276 0.906187
vt 0.148959 0.808320
vt 0.149261 0.808220
vt 0.149530 0.808161
vt 0.149767 0.808143
vt 0.149971 0.808166
vt 0.150149 0.808218
vt 0.129560 0.900870
vt 0.150298 0.808284
vt 0.150428 0.808365
vt 0.150539 0.808462
vt 0.150630 0.808575
vt 0.150702 0.808704
vt 0.150762 0.808867
vt 0.150807 0.809088
vt 0.150832 0.809400
vt 0.150818 0.809872
vt 0.150716 0.810716
vt 0.150189 0.813356
vt 0.537149 0.141151
vt 0.540862 0.135230
vt 0.537706 0.141156
vt 0.528192 0.139940
vt 0.540776 0.135001
vt 0.525950 0.128301
vt 0.537332 0.132765
vt 0.532051 0.122203
vt 0.537476 0.131391
vt 0.532639 0.122165
vt 0.540720 0.126325
vt 0.533099 0.122028
vt 0.541518 0.126033
vt 0.533531 0.121924
vt 0.542306 0.125720
vt 0.533933 0.121848
vt 0.543082 0.125389
vt 0.534306 0.121796
vt 0.543845 0.125047
vt 0.534649 0.121767
vt 0.544594 0.124697
vt 0.534965 0.121759
vt 0.545330 0.124344
vt 0.535253 0.121770
vt 0.546054 0.123992
vt 0.535516 0.121799
vt 0.546766 0.123646
vt 0.535753 0.121844
vt 0.547467 0.123311
vt 0.535967 0.121902
vt 0.548161 0.122989
vt 0.536157 0.121971
vt 0.548847 0.122685
vt 0.536330 0.122039
vt 0.549529 0.122398
vt 0.536507 0.122070
vt 0.550208 0.122117
vt 0.536690 0.122061
vt 0.550884 0.121797
vt 0.536881 0.122011
vt 0.551556 0.121432
vt 0.537081 0.121918
vt 0.552221 0.121016
vt 0.537291 0.121782
vt 0.552877 0.120545
vt 0.537512 0.121605
vt 0.553522 0.120013
vt 0.537745 0.121387
vt 0.554154 0.119416
vt 0.537990 0.121130
vt 0.554767 0.118751
vt 0.538246 0.120837
vt 0.555361 0.118013
vt 0.538512 0.120512
vt 0.555930 0.117197
vt 0.538785 0.120156
vt 0.556469 0.116300
vt 0.539032 0.120071
vt 0.556975 0.115319
vt 0.539277 0.120010
vt 0.557534 0.114582
vt 0.540204 0.120348
vt 0.558085 0.113846
vt 0.541127 0.120712
vt 0.558630 0.113115
vt 0.542045 0.121101
vt 0.559171 0.112388
vt 0.542960 0.121514
vt 0.559709 0.111667
vt 0.543870 0.121949
vt 0.560247 0.110952
vt 0.544777 0.122405
vt 0.560787 0.110244
vt 0.545682 0.122881
vt 0.561330 0.109544
vt 0.546583 0.123375
vt 0.561878 0.108852
vt 0.547480 0.123885
vt 0.562433 0.108169
vt 0.548373 0.124410
vt 0.562996 0.107493
vt 0.549257 0.124937
vt 0.563566 0.106823
vt 0.550139 0.125471
vt 0.564131 0.106147
vt 0.551018 0.126014
vt 0.564697 0.105470
vt 0.551893 0.126563
vt 0.565263 0.104792
vt 0.552761 0.127117
vt 0.565826 0.104111
vt 0.553621 0.127678
vt 0.566386 0.103425
vt 0.554470 0.128244
vt 0.566938 0.102733
vt 0.555308 0.128815
vt 0.567481 0.102033
vt 0.556131 0.129392
vt 0.568011 0.101324
vt 0.556938 0.129974
vt 0.568524 0.100605
vt 0.557718 0.130561
vt 0.569019 0.099873
vt 0.558418 0.131146
vt 0.569492 0.099129
vt 0.524175 0.122264
vt 0.569942 0.098372
vt 0.515249 0.113462
vt 0.535463 0.084907
vt 0.483370 0.109607
vt 0.524377 0.077834
vt 0.481283 0.107498
vt 0.492092 0.067787
vt 0.479303 0.105341
vt 0.489155 0.065236
vt 0.477436 0.103132
vt 0.486181 0.062811
vt 0.475685 0.100864
vt 0.483192 0.060513
vt 0.474054 0.098534
vt 0.480203 0.058336
vt 0.472548 0.096135
vt 0.477231 0.056275
vt 0.471167 0.093664
vt 0.474290 0.054319
vt 0.469912 0.091117
vt 0.471392 0.052459
vt 0.468782 0.088490
vt 0.468548 0.050680
vt 0.467777 0.085778
vt 0.465766 0.048968
vt 0.466891 0.082979
vt 0.463052 0.047307
vt 0.466117 0.080091
vt 0.460408 0.045682
vt 0.465413 0.077129
vt 0.457829 0.044079
vt 0.464628 0.074115
vt 0.455271 0.042496
vt 0.463768 0.071049
vt 0.452612 0.040969
vt 0.462843 0.067932
vt 0.449844 0.039515
vt 0.461863 0.064763
vt 0.446960 0.038154
vt 0.460842 0.061541
vt 0.443957 0.036904
vt 0.459793 0.058266
vt 0.440833 0.035786
vt 0.458732 0.054939
vt 0.437589 0.034823
vt 0.457675 0.051558
vt 0.434225 0.034039
vt 0.456642 0.048125
vt 0.430745 0.033460
vt 0.455653 0.044638
vt 0.427154 0.033114
vt 0.454733 0.041098
vt 0.423460 0.033034
vt 0.454398 0.037676
vt 0.419674 0.033253
vt 0.454171 0.034253
vt 0.415970 0.033092
vt 0.454042 0.030831
vt 0.412247 0.033006
vt 0.453988 0.027418
vt 0.408503 0.032984
vt 0.454001 0.024014
vt 0.404737 0.033013
vt 0.454075 0.020617
vt 0.400950 0.033084
vt 0.454203 0.017227
vt 0.397138 0.033184
vt 0.454376 0.013843
vt 0.393301 0.033301
vt 0.454589 0.010465
vt 0.389437 0.033424
vt 0.454835 0.007094
vt 0.385544 0.033543
vt 0.455111 0.003733
vt 0.381621 0.033649
vt 0.455399 0.000392
vt 0.377668 0.033738
vt 0.453057 0.004737
vt 0.373688 0.033811
vt 0.450706 0.009087
vt 0.369688 0.033883
vt 0.448347 0.013443
vt 0.365676 0.033964
vt 0.445984 0.017810
vt 0.361655 0.034057
vt 0.443620 0.022193
vt 0.357629 0.034168
vt 0.441254 0.026597
vt 0.353601 0.034306
vt 0.438889 0.031026
vt 0.349572 0.034480
vt 0.436522 0.035484
vt 0.345543 0.034701
vt 0.434153 0.039975
vt 0.341514 0.034980
vt 0.431781 0.044501
vt 0.337484 0.035326
vt 0.429402 0.049063
vt 0.333451 0.035750
vt 0.427016 0.053663
vt 0.329414 0.036259
vt 0.384113 0.299752
vt 0.325371 0.036862
vt 0.385390 0.301729
vt 0.280752 0.292877
vt 0.386653 0.303763
vt 0.278654 0.305026
vt 0.387905 0.305853
vt 0.276869 0.317291
vt 0.389151 0.307997
vt 0.275413 0.329671
vt 0.390394 0.310192
vt 0.274303 0.342163
vt 0.391639 0.312435
vt 0.273559 0.354767
vt 0.392890 0.314724
vt 0.273197 0.367478
vt 0.394151 0.317054
vt 0.273237 0.380294
vt 0.395426 0.319421
vt 0.273696 0.393209
vt 0.396720 0.321819
vt 0.274592 0.406217
vt 0.398037 0.324244
vt 0.275945 0.419313
vt 0.399381 0.326689
vt 0.277773 0.432489
vt 0.411109 0.335474
vt 0.280096 0.445736
vt 0.412953 0.337915
vt 0.294744 0.469885
vt 0.414797 0.340291
vt 0.303646 0.467971
vt 0.416640 0.342607
vt 0.312327 0.465773
vt 0.418479 0.344866
vt 0.320785 0.463299
vt 0.420314 0.347075
vt 0.329021 0.460558
vt 0.422142 0.349236
vt 0.337033 0.457558
vt 0.423962 0.351354
vt 0.344822 0.454308
vt 0.425774 0.353433
vt 0.352386 0.450815
vt 0.427576 0.355476
vt 0.359725 0.447088
vt 0.429368 0.357488
vt 0.366839 0.443133
vt 0.431149 0.359473
vt 0.373728 0.438958
vt 0.432918 0.361433
vt 0.380392 0.434569
vt 0.476383 0.405728
vt 0.386830 0.429974
vt 0.490115 0.400751
vt 0.451031 0.462996
vt 0.542129 0.399894
vt 0.478763 0.467420
vt 0.541808 0.398871
vt 0.537151 0.469885
vt 0.541519 0.397855
vt 0.539065 0.467470
vt 0.541262 0.396845
vt 0.540960 0.465031
vt 0.541035 0.395842
vt 0.542834 0.462568
vt 0.540839 0.394844
vt 0.544684 0.460080
vt 0.540672 0.393851
vt 0.546508 0.457565
vt 0.540532 0.392863
vt 0.548303 0.455022
vt 0.540419 0.391879
vt 0.550066 0.452450
vt 0.540332 0.390899
vt 0.551794 0.449848
vt 0.540270 0.389923
vt 0.553484 0.447217
vt 0.540230 0.388949
vt 0.555133 0.444555
vt 0.540213 0.387978
vt 0.556739 0.441861
vt 0.543769 0.382883
vt 0.558297 0.439137
vt 0.544202 0.381664
vt 0.564491 0.434566
vt 0.544620 0.380441
vt 0.565485 0.431941
vt 0.545023 0.379213
vt 0.566394 0.429316
vt 0.545413 0.377980
vt 0.567219 0.426693
vt 0.545790 0.376743
vt 0.567963 0.424073
vt 0.546155 0.375502
vt 0.568627 0.421458
vt 0.546508 0.374257
vt 0.569212 0.418850
vt 0.546850 0.373008
vt 0.569720 0.416250
vt 0.547181 0.371755
vt 0.570152 0.413659
vt 0.547502 0.370498
vt 0.570511 0.411078
vt 0.547813 0.369237
vt 0.570796 0.408509
vt 0.548116 0.367973
vt 0.571010 0.405953
vt 0.574638 0.358063
vt 0.571154 0.403410
vt 0.575877 0.350342
vt 0.596724 0.383521
vt 0.581760 0.333470
vt 0.605433 0.371675
vt 0.582416 0.333969
vt 0.616073 0.352556
vt 0.582490 0.334700
vt 0.616748 0.350002
vt 0.582527 0.335393
vt 0.617042 0.348113
vt 0.582538 0.336040
vt 0.617281 0.346256
vt 0.582531 0.336634
vt 0.617475 0.344415
vt 0.582512 0.337166
vt 0.617630 0.342571
vt 0.582484 0.337629
vt 0.617749 0.340705
vt 0.582450 0.338017
vt 0.617830 0.338801
vt 0.582412 0.338326
vt 0.617866 0.336844
vt 0.582369 0.338555
vt 0.617851 0.334823
vt 0.582321 0.338705
vt 0.617774 0.332731
vt 0.582269 0.338779
vt 0.617625 0.330560
vt 0.582213 0.338781
vt 0.617390 0.328308
vt 0.582074 0.339217
vt 0.617057 0.325971
vt 0.581912 0.339700
vt 0.616819 0.324056
vt 0.581859 0.339357
vt 0.616558 0.322187
vt 0.581795 0.339054
vt 0.616280 0.320361
vt 0.581714 0.338786
vt 0.615987 0.318574
vt 0.581631 0.338546
vt 0.615680 0.316819
vt 0.581537 0.338326
vt 0.615356 0.315089
vt 0.581427 0.338119
vt 0.615012 0.313374
vt 0.581295 0.337918
vt 0.614643 0.311665
vt 0.581134 0.337718
vt 0.614239 0.309952
vt 0.580938 0.337514
vt 0.613792 0.308226
vt 0.580701 0.337303
vt 0.613291 0.306479
vt 0.555579 0.316626
vt 0.612726 0.304703
vt 0.552731 0.316779
vt 0.588253 0.280528
vt 0.549877 0.316926
vt 0.587610 0.278307
vt 0.547015 0.317067
vt 0.586923 0.276075
vt 0.544147 0.317202
vt 0.586195 0.273835
vt 0.540961 0.316905
vt 0.585432 0.271587
vt 0.539441 0.313726
vt 0.584639 0.269334
vt 0.538293 0.309014
vt 0.583819 0.267078
vt 0.541587 0.306624
vt 0.582974 0.264824
vt 0.540534 0.302659
vt 0.582102 0.262581
vt 0.539504 0.298738
vt 0.581198 0.260349
vt 0.538496 0.294855
vt 0.580260 0.258133
vt 0.537511 0.291010
vt 0.579289 0.255941
vt 0.535193 0.285376
vt 0.578286 0.253776
vt 0.533004 0.279736
vt 0.577029 0.251408
vt 0.530940 0.274091
vt 0.575719 0.249074
vt 0.528999 0.268443
vt 0.574360 0.246783
vt 0.527178 0.262790
vt 0.572953 0.244544
vt 0.525476 0.257134
vt 0.571501 0.242365
vt 0.523890 0.251474
vt 0.570007 0.240254
vt 0.522419 0.245811
vt 0.568473 0.238220
vt 0.521060 0.240146
vt 0.566901 0.236267
vt 0.519811 0.234477
vt 0.565295 0.234403
vt 0.518671 0.228806
vt 0.563656 0.232634
vt 0.517638 0.223131
vt 0.561988 0.230966
vt 0.525099 0.189548
vt 0.560293 0.229403
vt 0.539592 0.182919
vt 0.561355 0.208484
vt 0.559662 0.179482
vt 0.559010 0.201956
vt 0.559558 0.179361
vt 0.570571 0.191174
vt 0.559460 0.179235
vt 0.570709 0.190667
vt 0.559369 0.179105
vt 0.570843 0.190155
vt 0.559284 0.178971
vt 0.570974 0.189637
vt 0.559205 0.178833
vt 0.571101 0.189114
vt 0.559132 0.178691
vt 0.571223 0.188586
vt 0.559064 0.178545
vt 0.571340 0.188052
vt 0.559002 0.178394
vt 0.571452 0.187513
vt 0.558946 0.178240
vt 0.571558 0.186969
vt 0.558894 0.178082
vt 0.571658 0.186420
vt 0.558847 0.177920
vt 0.571751 0.185865
vt 0.558805 0.177754
vt 0.571837 0.185305
vt 0.559838 0.177253
vt 0.571916 0.184739
vt 0.559608 0.176942
vt 0.572622 0.182910
vt 0.559380 0.176628
vt 0.572740 0.182292
vt 0.559157 0.176313
vt 0.572844 0.181675
vt 0.558937 0.175996
vt 0.572933 0.181060
vt 0.558720 0.175678
vt 0.573009 0.180447
vt 0.558507 0.175359
vt 0.573072 0.179838
vt 0.558298 0.175039
vt 0.573122 0.179231
vt 0.558092 0.174718
vt 0.573160 0.178627
vt 0.557890 0.174397
vt 0.573185 0.178027
vt 0.557691 0.174075
vt 0.573199 0.177430
vt 0.557496 0.173753
vt 0.573202 0.176836
vt 0.557304 0.173431
vt 0.573193 0.176246
vt 0.559028 0.157673
vt 0.573173 0.175660
vt 0.561118 0.155590
vt 0.574894 0.160310
vt 0.561281 0.155058
vt 0.575060 0.156655
vt 0.561438 0.154538
vt 0.574979 0.155950
vt 0.561589 0.154032
vt 0.574890 0.155253
vt 0.561735 0.153539
vt 0.574794 0.154563
vt 0.561875 0.153059
vt 0.574690 0.153881
vt 0.562010 0.152592
vt 0.574579 0.153206
vt 0.562138 0.152138
vt 0.574461 0.152539
vt 0.562260 0.151698
vt 0.574334 0.151880
vt 0.562375 0.151271
vt 0.574199 0.151228
vt 0.562484 0.150858
vt 0.574056 0.150584
vt 0.562586 0.150458
vt 0.573905 0.149947
vt 0.562682 0.150072
vt 0.573745 0.149318
vt 0.562666 0.149890
vt 0.573576 0.148696
vt 0.562649 0.149706
vt 0.573432 0.148338
vt 0.562634 0.149521
vt 0.573283 0.147979
vt 0.562618 0.149334
vt 0.573129 0.147618
vt 0.562602 0.149147
vt 0.572968 0.147256
vt 0.562586 0.148959
vt 0.572802 0.146894
vt 0.562569 0.148770
vt 0.572630 0.146531
vt 0.562552 0.148582
vt 0.572451 0.146167
vt 0.562534 0.148394
vt 0.572267 0.145804
vt 0.562514 0.148206
vt 0.572076 0.145440
vt 0.562493 0.148020
vt 0.571878 0.145077
vt 0.562471 0.147834
vt 0.571674 0.144714
vt 0.562363 0.147843
vt 0.571463 0.144352
vt 0.562256 0.147853
vt 0.571352 0.144259
vt 0.562175 0.147867
vt 0.571242 0.144167
vt 0.562096 0.147880
vt 0.571131 0.144076
vt 0.562016 0.147893
vt 0.571019 0.143985
vt 0.561936 0.147906
vt 0.570908 0.143893
vt 0.561857 0.147917
vt 0.570795 0.143801
vt 0.561777 0.147928
vt 0.570681 0.143707
vt 0.561697 0.147937
vt 0.570565 0.143611
vt 0.561617 0.147945
vt 0.570448 0.143514
vt 0.561536 0.147951
vt 0.570329 0.143414
vt 0.561455 0.147953
vt 0.570208 0.143313
vt 0.561373 0.147961
vt 0.570085 0.143209
vt 0.561290 0.147970
vt 0.569966 0.143114
vt 0.561206 0.147979
vt 0.569848 0.143022
vt 0.561121 0.147989
vt 0.569731 0.142932
vt 0.561035 0.147999
vt 0.569614 0.142845
vt 0.560949 0.148009
vt 0.569499 0.142760
vt 0.560862 0.148020
vt 0.569384 0.142677
vt 0.560773 0.148030
vt 0.569269 0.142596
vt 0.560683 0.148041
vt 0.569156 0.142516
vt 0.560591 0.148051
vt 0.569042 0.142437
vt 0.560496 0.148059
vt 0.568928 0.142359
vt 0.560397 0.148067
vt 0.568814 0.142280
vt 0.559595 0.146903
vt 0.568699 0.142201
vt 0.558826 0.145790
vt 0.567750 0.140971
vt 0.558091 0.144729
vt 0.566813 0.139809
vt 0.557391 0.143723
vt 0.565890 0.138715
vt 0.556729 0.142773
vt 0.564983 0.137689
vt 0.556104 0.141880
vt 0.564095 0.136730
vt 0.555518 0.141046
vt 0.563226 0.135837
vt 0.554972 0.140270
vt 0.562379 0.135009
vt 0.554465 0.139552
vt 0.561554 0.134244
vt 0.553999 0.138892
vt 0.560752 0.133541
vt 0.553572 0.138290
vt 0.559972 0.132898
vt 0.553182 0.137745
vt 0.559214 0.132312
vt 0.553030 0.137631
vt 0.558479 0.131781
vt 0.552884 0.137529
vt 0.558119 0.131606
vt 0.552744 0.137438
vt 0.557767 0.131449
vt 0.552611 0.137357
vt 0.557421 0.131308
vt 0.552483 0.137286
vt 0.557084 0.131182
vt 0.552362 0.137225
vt 0.556754 0.131070
vt 0.552246 0.137173
vt 0.556432 0.130972
vt 0.552137 0.137130
vt 0.556118 0.130887
vt 0.552033 0.137096
vt 0.555813 0.130815
vt 0.551934 0.137070
vt 0.555515 0.130754
vt 0.551842 0.137052
vt 0.555226 0.130704
vt 0.551754 0.137042
vt 0.554946 0.130664
vt 0.551486 0.136996
vt 0.554673 0.130634
vt 0.551230 0.136957
vt 0.554280 0.130556
vt 0.550987 0.136925
vt 0.553903 0.130496
vt 0.550757 0.136900
vt 0.553543 0.130451
vt 0.550539 0.136883
vt 0.553199 0.130421
vt 0.550334 0.136872
vt 0.552873 0.130405
vt 0.550141 0.136869
vt 0.552565 0.130402
vt 0.549961 0.136872
vt 0.552273 0.130410
vt 0.549793 0.136882
vt 0.551998 0.130430
vt 0.549637 0.136898
vt 0.551741 0.130459
vt 0.549494 0.136921
vt 0.551500 0.130497
vt 0.549363 0.136950
vt 0.551275 0.130544
vt 0.549245 0.136985
vt 0.551066 0.130598
vt 0.549131 0.137023
vt 0.550875 0.130659
vt 0.549020 0.137063
vt 0.550690 0.130724
vt 0.548912 0.137104
vt 0.550510 0.130792
vt 0.548807 0.137149
vt 0.550337 0.130864
vt 0.548704 0.137195
vt 0.550168 0.130938
vt 0.548605 0.137243
vt 0.550005 0.131015
vt 0.548509 0.137293
vt 0.549847 0.131095
vt 0.548415 0.137345
vt 0.549693 0.131177
vt 0.548323 0.137400
vt 0.549544 0.131261
vt 0.548234 0.137455
vt 0.549398 0.131346
vt 0.548136 0.137515
vt 0.549256 0.131434
vt 0.547984 0.137596
vt 0.549117 0.131523
vt 0.547854 0.137668
vt 0.548973 0.131612
vt 0.547759 0.137724
vt 0.548832 0.131702
vt 0.547669 0.137777
vt 0.548694 0.131795
vt 0.547578 0.137826
vt 0.548557 0.131888
vt 0.547486 0.137873
vt 0.548422 0.131983
vt 0.547393 0.137916
vt 0.548286 0.132078
vt 0.547299 0.137957
vt 0.548149 0.132174
vt 0.547203 0.137995
vt 0.548010 0.132272
vt 0.547106 0.138029
vt 0.547870 0.132370
vt 0.547007 0.138061
vt 0.547727 0.132469
vt 0.546906 0.138090
vt 0.547581 0.132570
vt 0.546813 0.138123
vt 0.547434 0.132671
vt 0.546721 0.138156
vt 0.547298 0.132776
vt 0.546630 0.138188
vt 0.547165 0.132881
vt 0.546538 0.138220
vt 0.547032 0.132988
vt 0.546447 0.138252
vt 0.546901 0.133097
vt 0.546357 0.138283
vt 0.546771 0.133207
vt 0.546266 0.138313
vt 0.546643 0.133318
vt 0.546176 0.138344
vt 0.546515 0.133431
vt 0.546087 0.138374
vt 0.546390 0.133545
vt 0.545997 0.138403
vt 0.546265 0.133660
vt 0.545908 0.138433
vt 0.546142 0.133776
vt 0.545819 0.138462
vt 0.546021 0.133894
vt 0.545550 0.138403
vt 0.545901 0.134014
vt 0.545291 0.138347
vt 0.545568 0.134135
vt 0.545043 0.138295
vt 0.545252 0.134264
vt 0.544805 0.138246
vt 0.544952 0.134403
vt 0.544577 0.138199
vt 0.544670 0.134549
vt 0.544359 0.138155
vt 0.544405 0.134702
vt 0.544150 0.138114
vt 0.544159 0.134862
vt 0.543951 0.138074
vt 0.543930 0.135028
vt 0.543761 0.138036
vt 0.543720 0.135200
vt 0.543579 0.137999
vt 0.543530 0.135376
vt 0.543408 0.137966
vt 0.543358 0.135556
vt 0.543245 0.137934
vt 0.543205 0.135739
vt 0.542479 0.138025
vt 0.543072 0.135924
vt 0.541474 0.137858
vt 0.542545 0.136154
vt 0.541453 0.137840
vt 0.541368 0.136292
vt 0.541435 0.137825
vt 0.541344 0.136330
vt 0.541421 0.137813
vt 0.541326 0.136366
vt 0.541408 0.137802
vt 0.541314 0.136399
vt 0.541395 0.137795
vt 0.541307 0.136430
vt 0.541386 0.137789
vt 0.541306 0.136459
vt 0.541378 0.137783
vt 0.541310 0.136487
vt 0.541373 0.137778
vt 0.541318 0.136513
vt 0.541371 0.137774
vt 0.541330 0.136537
vt 0.541370 0.137771
vt 0.541347 0.136561
vt 0.541371 0.137768
vt 0.541367 0.136583
vt 0.541373 0.137765
vt 0.541390 0.136605
vt 0.541377 0.137763
vt 0.541416 0.136626
vt 0.541378 0.137761
vt 0.541444 0.136647
vt 0.541378 0.137759
vt 0.541470 0.136667
vt 0.541376 0.137757
vt 0.541494 0.136686
vt 0.541372 0.137755
vt 0.541515 0.136705
vt 0.541365 0.137752
vt 0.541534 0.136721
vt 0.541357 0.137750
vt 0.541551 0.136737
vt 0.541346 0.137748
vt 0.541567 0.136750
vt 0.541334 0.137746
vt 0.541580 0.136762
vt 0.541319 0.137744
vt 0.541592 0.136771
vt 0.541302 0.137742
vt 0.541602 0.136777
vt 0.541282 0.137741
vt 0.541610 0.136780
vt 0.541275 0.137742
vt 0.541616 0.136781
vt 0.541335 0.137726
vt 0.541639 0.136784
vt 0.541397 0.137710
vt 0.541664 0.136787
vt 0.541460 0.137696
vt 0.541689 0.136789
vt 0.541524 0.137681
vt 0.541716 0.136791
vt 0.541588 0.137668
vt 0.541744 0.136792
vt 0.541654 0.137654
vt 0.541774 0.136792
vt 0.541721 0.137641
vt 0.541804 0.136791
vt 0.541789 0.137628
vt 0.541835 0.136791
vt 0.541857 0.137615
vt 0.541868 0.136789
vt 0.541927 0.137603
vt 0.541901 0.136787
vt 0.541997 0.137591
vt 0.541935 0.136785
vt 0.542067 0.137579
vt 0.541969 0.136782
vt 0.542137 0.137567
vt 0.542004 0.136779
vt 0.542208 0.137555
vt 0.542039 0.136776
vt 0.542279 0.137543
vt 0.542073 0.136772
vt 0.542350 0.137531
vt 0.542108 0.136768
vt 0.542421 0.137520
vt 0.542143 0.136764
vt 0.542492 0.137509
vt 0.542178 0.136759
vt 0.542564 0.137498
vt 0.542213 0.136755
vt 0.542635 0.137487
vt 0.542248 0.136749
vt 0.542706 0.137477
vt 0.542282 0.136744
vt 0.542777 0.137468
vt 0.542316 0.136739
vt 0.542847 0.137461
vt 0.542349 0.136733
vt 0.542161 0.138182
vt 0.542382 0.136727
vt 0.541499 0.138624
vt 0.541554 0.137216
vt 0.540272 0.138605
vt 0.541245 0.137137
vt 0.540287 0.138627
vt 0.540415 0.137083
vt 0.540268 0.138620
vt 0.540369 0.137104
vt 0.540250 0.138615
vt 0.540328 0.137125
vt 0.540236 0.138610
vt 0.540291 0.137145
vt 0.540224 0.138607
vt 0.540258 0.137167
vt 0.540214 0.138604
vt 0.540229 0.137188
vt 0.540206 0.138603
vt 0.540204 0.137209
vt 0.540201 0.138602
vt 0.540183 0.137230
vt 0.540197 0.138601
vt 0.540165 0.137251
vt 0.540196 0.138601
vt 0.540150 0.137272
vt 0.540196 0.138602
vt 0.540138 0.137293
vt 0.540197 0.138603
vt 0.540129 0.137313
vt 0.540199 0.138604
vt 0.540123 0.137334
vt 0.540199 0.138606
vt 0.540116 0.137355
vt 0.540197 0.138609
vt 0.540108 0.137376
vt 0.540194 0.138612
vt 0.540098 0.137396
vt 0.540189 0.138616
vt 0.540086 0.137417
vt 0.540182 0.138621
vt 0.540072 0.137439
vt 0.540174 0.138626
vt 0.540057 0.137460
vt 0.540163 0.138632
vt 0.540039 0.137482
vt 0.540151 0.138639
vt 0.540020 0.137503
vt 0.540138 0.138646
vt 0.540000 0.137525
vt 0.540122 0.138655
vt 0.539978 0.137547
vt 0.540104 0.138665
vt 0.539955 0.137569
vt 0.540098 0.138671
vt 0.539930 0.137591
vt 0.540092 0.138677
vt 0.539921 0.137611
vt 0.540087 0.138683
vt 0.539913 0.137630
vt 0.540083 0.138688
vt 0.539907 0.137649
vt 0.540080 0.138693
vt 0.539902 0.137668
vt 0.540078 0.138699
vt 0.539898 0.137686
vt 0.540076 0.138703
vt 0.539896 0.137704
vt 0.540074 0.138708
vt 0.539894 0.137722
vt 0.540074 0.138712
vt 0.539894 0.137740
vt 0.540074 0.138716
vt 0.539895 0.137757
vt 0.540075 0.138720
vt 0.539896 0.137774
vt 0.540076 0.138723
vt 0.539899 0.137791
vt 0.540077 0.138727
vt 0.539902 0.137807
vt 0.540078 0.138731
vt 0.539904 0.137824
vt 0.540079 0.138735
vt 0.539906 0.137841
vt 0.540080 0.138740
vt 0.539907 0.137857
vt 0.540081 0.138745
vt 0.539908 0.137874
vt 0.540082 0.138751
vt 0.539909 0.137891
vt 0.540082 0.138757
vt 0.539908 0.137908
vt 0.540083 0.138765
vt 0.539907 0.137925
vt 0.540084 0.138773
vt 0.539905 0.137942
vt 0.540085 0.138782
vt 0.539903 0.137958
vt 0.540085 0.138791
vt 0.539900 0.137975
vt 0.540086 0.138801
vt 0.539897 0.137992
vt 0.540036 0.138870
vt 0.539893 0.138009
vt 0.539596 0.139234
vt 0.539813 0.138043
vt 0.539563 0.139354
vt 0.539352 0.138169
vt 0.539531 0.139474
vt 0.539444 0.138091
vt 0.539500 0.139594
vt 0.539534 0.138009
vt 0.539470 0.139713
vt 0.539622 0.137923
vt 0.539442 0.139832
vt 0.539708 0.137833
vt 0.539414 0.139952
vt 0.539791 0.137740
vt 0.539386 0.140071
vt 0.539870 0.137643
vt 0.539358 0.140191
vt 0.539943 0.137541
vt 0.539330 0.140311
vt 0.540008 0.137435
vt 0.539301 0.140432
vt 0.540065 0.137322
vt 0.539269 0.140554
vt 0.540111 0.137203
vt 0.539236 0.140678
vt 0.540145 0.137076
vt 0.539210 0.140805
vt 0.540165 0.136941
vt 0.539186 0.140932
vt 0.540222 0.136811
vt 0.539163 0.141059
vt 0.540281 0.136678
vt 0.539141 0.141186
vt 0.540342 0.136544
vt 0.539120 0.141313
vt 0.540405 0.136407
vt 0.538963 0.141495
vt 0.540469 0.136269
vt 0.539369 0.141735
vt 0.540534 0.136129
vt 0.539138 0.141757
vt 0.540599 0.135987
vt 0.538809 0.141606
vt 0.540662 0.135842
vt 0.538462 0.141456
vt 0.540721 0.135695
vt 0.538094 0.141307
vt 0.540776 0.135545
vt 0.540823 0.135390
vt 0.895669 0.789286
vt 0.865190 0.740524
vt 0.895970 0.789687
vt 0.895442 0.789604
vt 0.865190 0.846199
vt 0.895742 0.789993
vt 0.926197 0.838727
vt 0.926235 0.733066
vt 0.199874 0.742023
vt 0.228548 0.791203
vt 0.199635 0.850278
vt 0.257571 0.733989
vt 0.229268 0.792173
vt 0.257571 0.842327
vt 0.228751 0.792959
vt 0.228024 0.791917
vt 0.583695 0.879996
vt 0.612693 0.826076
vt 0.583428 0.880352
vt 0.583344 0.879532
vt 0.554101 0.832866
vt 0.583079 0.879905
vt 0.554101 0.933787
vt 0.612635 0.926976
vt 0.539891 0.604753
vt 0.539482 0.504711
vt 0.531076 0.628626
vt 0.562589 0.625330
vt 0.536896 0.519018
vt 0.538865 0.693603
vt 0.540403 0.511879
vt 0.531076 0.470668
vt 0.796088 0.412708
vt 0.795345 0.379486
vt 0.812066 0.399174
vt 0.793202 0.415108
vt 0.779225 0.391358
vt 0.790289 0.417347
vt 0.776923 0.392374
vt 0.787362 0.419436
vt 0.774622 0.393310
vt 0.784429 0.421386
vt 0.772527 0.394288
vt 0.781493 0.423205
vt 0.770441 0.395138
vt 0.778560 0.424900
vt 0.768374 0.395864
vt 0.775632 0.426479
vt 0.766336 0.396472
vt 0.772713 0.427950
vt 0.764329 0.396961
vt 0.769802 0.429320
vt 0.762358 0.397335
vt 0.766901 0.430596
vt 0.760425 0.397597
vt 0.764008 0.431784
vt 0.758531 0.397746
vt 0.761120 0.432891
vt 0.756678 0.397787
vt 0.758416 0.433893
vt 0.754865 0.397720
vt 0.755661 0.434837
vt 0.753242 0.397549
vt 0.752853 0.435722
vt 0.751615 0.397309
vt 0.749991 0.436551
vt 0.749982 0.396998
vt 0.747070 0.437323
vt 0.748346 0.396615
vt 0.744088 0.438038
vt 0.746707 0.396158
vt 0.741041 0.438697
vt 0.745063 0.395624
vt 0.737923 0.439298
vt 0.743416 0.395011
vt 0.734731 0.439840
vt 0.741766 0.394317
vt 0.731458 0.440323
vt 0.740112 0.393539
vt 0.728099 0.440743
vt 0.738454 0.392673
vt 0.724646 0.441100
vt 0.736792 0.391716
vt 0.721443 0.441465
vt 0.735125 0.390664
vt 0.718113 0.441760
vt 0.733703 0.389602
vt 0.714648 0.441980
vt 0.732252 0.388448
vt 0.711039 0.442119
vt 0.730771 0.387197
vt 0.707279 0.442171
vt 0.729259 0.385841
vt 0.703357 0.442129
vt 0.727717 0.384373
vt 0.699263 0.441984
vt 0.726143 0.382785
vt 0.694987 0.441728
vt 0.724539 0.381068
vt 0.690517 0.441352
vt 0.722904 0.379213
vt 0.685839 0.440843
vt 0.721240 0.377210
vt 0.680942 0.440190
vt 0.719548 0.375046
vt 0.675811 0.439379
vt 0.717829 0.372712
vt 0.674625 0.440851
vt 0.716087 0.370192
vt 0.673436 0.442320
vt 0.716706 0.369400
vt 0.672243 0.443787
vt 0.716909 0.369028
vt 0.671048 0.445252
vt 0.717151 0.368651
vt 0.669850 0.446714
vt 0.717383 0.368287
vt 0.668649 0.448175
vt 0.717603 0.367939
vt 0.667445 0.449633
vt 0.717809 0.367614
vt 0.666238 0.451089
vt 0.717993 0.367319
vt 0.665027 0.452542
vt 0.718147 0.367069
vt 0.663814 0.453994
vt 0.718252 0.366891
vt 0.662598 0.455443
vt 0.718263 0.366849
vt 0.661379 0.456890
vt 0.718041 0.367150
vt 0.660338 0.454619
vt 0.716587 0.369257
vt 0.659330 0.452356
vt 0.716205 0.369591
vt 0.658350 0.450100
vt 0.716162 0.369451
vt 0.657392 0.447848
vt 0.716202 0.369206
vt 0.656449 0.445595
vt 0.716280 0.368916
vt 0.655517 0.443338
vt 0.716379 0.368600
vt 0.654589 0.441071
vt 0.716485 0.368267
vt 0.653662 0.438792
vt 0.716586 0.367918
vt 0.652733 0.436495
vt 0.716677 0.367551
vt 0.651800 0.434178
vt 0.716757 0.367165
vt 0.650861 0.431838
vt 0.716824 0.366757
vt 0.649918 0.429471
vt 0.716879 0.366328
vt 0.649168 0.427294
vt 0.716919 0.365875
vt 0.648422 0.425115
vt 0.717105 0.365548
vt 0.647680 0.422935
vt 0.717291 0.365221
vt 0.646942 0.420754
vt 0.717478 0.364891
vt 0.646209 0.418571
vt 0.717667 0.364561
vt 0.645480 0.416387
vt 0.717856 0.364229
vt 0.644755 0.414201
vt 0.718047 0.363895
vt 0.644034 0.412014
vt 0.718238 0.363560
vt 0.643318 0.409826
vt 0.718431 0.363224
vt 0.642606 0.407637
vt 0.718625 0.362886
vt 0.641898 0.405446
vt 0.718819 0.362547
vt 0.641194 0.403254
vt 0.719015 0.362207
vt 0.637883 0.395829
vt 0.719212 0.361865
vt 0.634891 0.388424
vt 0.718190 0.356982
vt 0.632199 0.381053
vt 0.717201 0.352042
vt 0.629792 0.373726
vt 0.716247 0.347054
vt 0.627653 0.366457
vt 0.715327 0.342030
vt 0.625771 0.359253
vt 0.714443 0.336977
vt 0.624130 0.352124
vt 0.713596 0.331903
vt 0.622720 0.345076
vt 0.712786 0.326814
vt 0.621529 0.338117
vt 0.712014 0.321714
vt 0.620546 0.331251
vt 0.711281 0.316608
vt 0.619762 0.324483
vt 0.710587 0.311498
vt 0.619167 0.317819
vt 0.709933 0.306387
vt 0.618854 0.311875
vt 0.709318 0.301277
vt 0.618683 0.305964
vt 0.708789 0.296671
vt 0.618649 0.300089
vt 0.708284 0.292018
vt 0.618750 0.294257
vt 0.707804 0.287317
vt 0.618982 0.288473
vt 0.707350 0.282568
vt 0.619341 0.282743
vt 0.706921 0.277770
vt 0.619821 0.277073
vt 0.706514 0.272918
vt 0.620420 0.271470
vt 0.706127 0.268010
vt 0.621131 0.265942
vt 0.705757 0.263045
vt 0.621949 0.260497
vt 0.705397 0.258021
vt 0.622868 0.255143
vt 0.705043 0.252938
vt 0.623882 0.249890
vt 0.704687 0.247795
vt 0.624972 0.244630
vt 0.704322 0.242591
vt 0.626130 0.239350
vt 0.703902 0.237222
vt 0.627347 0.234069
vt 0.703417 0.231661
vt 0.628614 0.228805
vt 0.702856 0.225910
vt 0.629914 0.223583
vt 0.702459 0.220102
vt 0.631229 0.218426
vt 0.702054 0.214051
vt 0.632534 0.213362
vt 0.701637 0.207735
vt 0.633798 0.208422
vt 0.701198 0.201131
vt 0.634985 0.203640
vt 0.700754 0.194255
vt 0.636046 0.199053
vt 0.700270 0.187024
vt 0.636924 0.194703
vt 0.699724 0.179388
vt 0.637548 0.190632
vt 0.699145 0.171375
vt 0.621215 0.153954
vt 0.698462 0.162827
vt 0.620766 0.151754
vt 0.675126 0.130503
vt 0.620356 0.149541
vt 0.674403 0.130361
vt 0.619987 0.147313
vt 0.673689 0.130226
vt 0.619659 0.145071
vt 0.672985 0.130100
vt 0.619375 0.142816
vt 0.672291 0.129982
vt 0.619135 0.140546
vt 0.671608 0.129875
vt 0.618940 0.138263
vt 0.670936 0.129777
vt 0.618794 0.135966
vt 0.670277 0.129689
vt 0.618696 0.133656
vt 0.669630 0.129612
vt 0.618649 0.131333
vt 0.668997 0.129547
vt 0.618655 0.128997
vt 0.668378 0.129494
vt 0.618715 0.126649
vt 0.667774 0.129454
vt 0.619236 0.119574
vt 0.667186 0.129427
vt 0.619490 0.116944
vt 0.666201 0.124718
vt 0.619812 0.114336
vt 0.666294 0.124220
vt 0.620202 0.111748
vt 0.666397 0.123737
vt 0.620656 0.109183
vt 0.666509 0.123269
vt 0.621173 0.106641
vt 0.666631 0.122817
vt 0.621753 0.104121
vt 0.666762 0.122382
vt 0.622393 0.101625
vt 0.666900 0.121964
vt 0.623092 0.099153
vt 0.667046 0.121564
vt 0.623848 0.096705
vt 0.667198 0.121182
vt 0.624660 0.094282
vt 0.667357 0.120819
vt 0.625527 0.091884
vt 0.667521 0.120476
vt 0.626447 0.089511
vt 0.667691 0.120153
vt 0.647860 0.060845
vt 0.667865 0.119849
vt 0.649303 0.057855
vt 0.688140 0.094488
vt 0.650891 0.054849
vt 0.689083 0.093999
vt 0.652631 0.051832
vt 0.690084 0.093468
vt 0.654528 0.048806
vt 0.691145 0.092896
vt 0.656589 0.045777
vt 0.692265 0.092285
vt 0.658818 0.042748
vt 0.693446 0.091634
vt 0.661223 0.039725
vt 0.694688 0.090946
vt 0.663807 0.036713
vt 0.695989 0.090221
vt 0.666578 0.033719
vt 0.697348 0.089460
vt 0.669540 0.030749
vt 0.698761 0.088665
vt 0.672700 0.027811
vt 0.700223 0.087837
vt 0.676063 0.024912
vt 0.701727 0.086978
vt 0.678233 0.022647
vt 0.703263 0.086091
vt 0.680485 0.020415
vt 0.703668 0.085807
vt 0.682820 0.018218
vt 0.704065 0.085502
vt 0.685240 0.016057
vt 0.704424 0.085166
vt 0.687745 0.013936
vt 0.704768 0.084817
vt 0.690338 0.011856
vt 0.705096 0.084458
vt 0.693019 0.009819
vt 0.705404 0.084093
vt 0.695791 0.007830
vt 0.705690 0.083723
vt 0.698653 0.005889
vt 0.705952 0.083353
vt 0.701608 0.004000
vt 0.706189 0.082987
vt 0.704658 0.002167
vt 0.706399 0.082627
vt 0.707803 0.000392
vt 0.706581 0.082278
vt 0.712755 0.002319
vt 0.706734 0.081945
vt 0.717266 0.004318
vt 0.708719 0.082812
vt 0.721354 0.006362
vt 0.710561 0.083733
vt 0.725039 0.008431
vt 0.712256 0.084686
vt 0.728339 0.010506
vt 0.713801 0.085650
vt 0.731271 0.012572
vt 0.715194 0.086607
vt 0.733851 0.014614
vt 0.716433 0.087538
vt 0.736094 0.016623
vt 0.717513 0.088425
vt 0.738018 0.018588
vt 0.718432 0.089249
vt 0.739637 0.020501
vt 0.719183 0.089996
vt 0.740968 0.022357
vt 0.719760 0.090650
vt 0.742026 0.024150
vt 0.720153 0.091205
vt 0.742818 0.025872
vt 0.720369 0.091659
vt 0.743546 0.027585
vt 0.720412 0.092003
vt 0.744215 0.029288
vt 0.720425 0.092324
vt 0.744832 0.030982
vt 0.720409 0.092626
vt 0.745400 0.032669
vt 0.720363 0.092910
vt 0.745928 0.034348
vt 0.720292 0.093178
vt 0.746421 0.036023
vt 0.720199 0.093430
vt 0.746886 0.037695
vt 0.720084 0.093670
vt 0.747329 0.039366
vt 0.719950 0.093900
vt 0.747756 0.041040
vt 0.719800 0.094121
vt 0.748173 0.042720
vt 0.719637 0.094337
vt 0.748584 0.044408
vt 0.719464 0.094552
vt 0.749017 0.046121
vt 0.719283 0.094767
vt 0.749433 0.047840
vt 0.719101 0.095001
vt 0.749844 0.049569
vt 0.718910 0.095233
vt 0.750254 0.051316
vt 0.718707 0.095466
vt 0.750669 0.053085
vt 0.718474 0.095687
vt 0.751091 0.054880
vt 0.718223 0.095914
vt 0.751520 0.056706
vt 0.717949 0.096150
vt 0.751954 0.058564
vt 0.717647 0.096404
vt 0.752393 0.060457
vt 0.717312 0.096682
vt 0.752833 0.062387
vt 0.716936 0.096993
vt 0.753270 0.064355
vt 0.716510 0.097344
vt 0.753702 0.066363
vt 0.716098 0.097943
vt 0.760491 0.076062
vt 0.715789 0.099211
vt 0.760344 0.077409
vt 0.719981 0.109669
vt 0.760204 0.078761
vt 0.720409 0.111821
vt 0.760070 0.080115
vt 0.720854 0.114020
vt 0.759942 0.081468
vt 0.721318 0.116268
vt 0.759823 0.082816
vt 0.721799 0.118565
vt 0.759713 0.084155
vt 0.722299 0.120915
vt 0.759612 0.085481
vt 0.722818 0.123319
vt 0.759523 0.086790
vt 0.723355 0.125780
vt 0.759448 0.088076
vt 0.723912 0.128301
vt 0.759388 0.089336
vt 0.724489 0.130886
vt 0.759347 0.090563
vt 0.725087 0.133539
vt 0.759328 0.091752
vt 0.725706 0.136265
vt 0.791575 0.114604
vt 0.726348 0.139067
vt 0.793353 0.116451
vt 0.760293 0.158383
vt 0.794974 0.118244
vt 0.760997 0.159748
vt 0.796444 0.119974
vt 0.761642 0.161030
vt 0.797770 0.121638
vt 0.762226 0.162225
vt 0.798956 0.123230
vt 0.762748 0.163328
vt 0.800009 0.124747
vt 0.763207 0.164335
vt 0.800936 0.126186
vt 0.763602 0.165244
vt 0.801742 0.127545
vt 0.763934 0.166053
vt 0.802435 0.128822
vt 0.764202 0.166759
vt 0.803023 0.130018
vt 0.764409 0.167362
vt 0.803515 0.131135
vt 0.764555 0.167861
vt 0.803926 0.132182
vt 0.764643 0.168258
vt 0.804370 0.133277
vt 0.765289 0.168857
vt 0.804862 0.134442
vt 0.765388 0.169234
vt 0.805404 0.135683
vt 0.765510 0.169687
vt 0.805994 0.137006
vt 0.765676 0.170234
vt 0.806630 0.138413
vt 0.765887 0.170878
vt 0.807309 0.139907
vt 0.766145 0.171620
vt 0.808025 0.141490
vt 0.766450 0.172462
vt 0.808776 0.143163
vt 0.766800 0.173406
vt 0.809557 0.144927
vt 0.767198 0.174453
vt 0.810365 0.146781
vt 0.767643 0.175605
vt 0.811194 0.148727
vt 0.768135 0.176863
vt 0.812041 0.150762
vt 0.768674 0.178228
vt 0.812467 0.152227
vt 0.769260 0.179702
vt 0.812839 0.153645
vt 0.769529 0.180571
vt 0.813159 0.155016
vt 0.769767 0.181396
vt 0.813431 0.156341
vt 0.769974 0.182178
vt 0.813657 0.157619
vt 0.770151 0.182916
vt 0.813839 0.158852
vt 0.770298 0.183611
vt 0.813981 0.160042
vt 0.770416 0.184263
vt 0.814086 0.161188
vt 0.770505 0.184871
vt 0.814156 0.162294
vt 0.770565 0.185438
vt 0.814196 0.163363
vt 0.770597 0.185963
vt 0.814209 0.164399
vt 0.770603 0.186448
vt 0.814199 0.165408
vt 0.770583 0.186896
vt 0.814173 0.166398
vt 0.770538 0.187308
vt 0.814155 0.167423
vt 0.770468 0.187687
vt 0.814149 0.168493
vt 0.770368 0.188081
vt 0.814154 0.169611
vt 0.770241 0.188494
vt 0.814170 0.170781
vt 0.770086 0.188930
vt 0.814195 0.172006
vt 0.769904 0.189392
vt 0.814227 0.173286
vt 0.769694 0.189882
vt 0.814263 0.174622
vt 0.769456 0.190403
vt 0.814302 0.176016
vt 0.769187 0.190957
vt 0.814340 0.177466
vt 0.768887 0.191547
vt 0.814375 0.178974
vt 0.768553 0.192174
vt 0.814405 0.180539
vt 0.768185 0.192841
vt 0.815934 0.188603
vt 0.768728 0.191869
vt 0.817248 0.196233
vt 0.769117 0.198547
vt 0.818405 0.203443
vt 0.769748 0.205184
vt 0.819441 0.210239
vt 0.770473 0.211692
vt 0.820377 0.216632
vt 0.771320 0.217945
vt 0.821223 0.222629
vt 0.772184 0.223904
vt 0.821985 0.228235
vt 0.773041 0.229530
vt 0.822666 0.233456
vt 0.773872 0.234794
vt 0.823269 0.238295
vt 0.774625 0.239709
vt 0.823798 0.242758
vt 0.775303 0.244270
vt 0.824257 0.246848
vt 0.775904 0.248477
vt 0.824650 0.250571
vt 0.776427 0.252328
vt 0.824823 0.252465
vt 0.776869 0.255826
vt 0.824979 0.254296
vt 0.777245 0.257427
vt 0.825117 0.256071
vt 0.777576 0.258965
vt 0.825239 0.257796
vt 0.777862 0.260444
vt 0.825346 0.259476
vt 0.778101 0.261869
vt 0.825439 0.261118
vt 0.778295 0.263244
vt 0.825519 0.262729
vt 0.778440 0.264575
vt 0.825586 0.264316
vt 0.778538 0.265866
vt 0.825642 0.265887
vt 0.778587 0.267122
vt 0.825687 0.267451
vt 0.778586 0.268349
vt 0.825722 0.269015
vt 0.778534 0.269553
vt 0.825748 0.270588
vt 0.778429 0.270741
vt 0.825751 0.271602
vt 0.778268 0.271917
vt 0.825748 0.272623
vt 0.778322 0.272579
vt 0.825740 0.273653
vt 0.778353 0.273241
vt 0.825726 0.274695
vt 0.778363 0.273903
vt 0.825706 0.275749
vt 0.778349 0.274566
vt 0.825679 0.276817
vt 0.778311 0.275232
vt 0.825647 0.277900
vt 0.778249 0.275903
vt 0.825608 0.279000
vt 0.778161 0.276579
vt 0.825562 0.280118
vt 0.778047 0.277262
vt 0.825509 0.281255
vt 0.777905 0.277953
vt 0.825449 0.282414
vt 0.777735 0.278654
vt 0.825382 0.283594
vt 0.777534 0.279366
vt 0.825347 0.284115
vt 0.776916 0.280864
vt 0.825312 0.284615
vt 0.776625 0.281592
vt 0.825275 0.285096
vt 0.776347 0.282295
vt 0.825238 0.285565
vt 0.776088 0.282981
vt 0.825199 0.286027
vt 0.775860 0.283662
vt 0.825158 0.286488
vt 0.775661 0.284341
vt 0.825115 0.286955
vt 0.775493 0.285020
vt 0.825071 0.287434
vt 0.775354 0.285702
vt 0.825024 0.287929
vt 0.775245 0.286390
vt 0.824975 0.288446
vt 0.775165 0.287086
vt 0.824924 0.288989
vt 0.775114 0.287792
vt 0.824870 0.289561
vt 0.775091 0.288509
vt 0.824812 0.290474
vt 0.775097 0.289239
vt 0.824749 0.291370
vt 0.775245 0.290279
vt 0.824683 0.292252
vt 0.775366 0.291317
vt 0.824613 0.293121
vt 0.775461 0.292355
vt 0.824540 0.293983
vt 0.775530 0.293396
vt 0.824463 0.294839
vt 0.775575 0.294442
vt 0.824383 0.295693
vt 0.775594 0.295495
vt 0.824299 0.296549
vt 0.775590 0.296558
vt 0.824211 0.297410
vt 0.775562 0.297633
vt 0.824121 0.298277
vt 0.775510 0.298723
vt 0.824028 0.299156
vt 0.775437 0.299830
vt 0.823932 0.300047
vt 0.775340 0.300956
vt 0.823833 0.300936
vt 0.775222 0.302104
vt 0.823734 0.301890
vt 0.775085 0.303256
vt 0.823635 0.302910
vt 0.774934 0.304484
vt 0.823538 0.303995
vt 0.774769 0.305790
vt 0.823442 0.305147
vt 0.774591 0.307175
vt 0.823348 0.306364
vt 0.774402 0.308640
vt 0.823258 0.307647
vt 0.774202 0.310187
vt 0.823172 0.308995
vt 0.773991 0.311818
vt 0.823092 0.310407
vt 0.773771 0.313534
vt 0.823019 0.311883
vt 0.773542 0.315336
vt 0.822954 0.313421
vt 0.773305 0.317227
vt 0.822901 0.315021
vt 0.773061 0.319209
vt 0.822653 0.315047
vt 0.772810 0.321285
vt 0.822405 0.315070
vt 0.772714 0.321778
vt 0.822158 0.315091
vt 0.772620 0.322269
vt 0.821910 0.315112
vt 0.772529 0.322756
vt 0.821663 0.315132
vt 0.772442 0.323240
vt 0.821417 0.315154
vt 0.772359 0.323724
vt 0.821171 0.315177
vt 0.772282 0.324208
vt 0.820925 0.315203
vt 0.772209 0.324693
vt 0.820681 0.315232
vt 0.772140 0.325179
vt 0.820438 0.315264
vt 0.772077 0.325666
vt 0.820197 0.315301
vt 0.772019 0.326155
vt 0.819957 0.315342
vt 0.771966 0.326646
vt 0.819738 0.315466
vt 0.771917 0.327138
vt 0.819515 0.315571
vt 0.771918 0.327698
vt 0.819288 0.315657
vt 0.771913 0.328239
vt 0.819057 0.315727
vt 0.771901 0.328762
vt 0.818823 0.315781
vt 0.771883 0.329267
vt 0.818585 0.315821
vt 0.771859 0.329755
vt 0.818345 0.315851
vt 0.771828 0.330227
vt 0.818103 0.315874
vt 0.771801 0.330685
vt 0.817860 0.315894
vt 0.771797 0.331123
vt 0.817619 0.315915
vt 0.771876 0.331502
vt 0.817380 0.315942
vt 0.772605 0.331442
vt 0.817145 0.315977
vt 0.772669 0.331832
vt 0.817740 0.318252
vt 0.772685 0.332260
vt 0.818294 0.320380
vt 0.774249 0.333609
vt 0.818810 0.322370
vt 0.775652 0.334848
vt 0.819286 0.324227
vt 0.776907 0.335986
vt 0.819723 0.325958
vt 0.778025 0.337029
vt 0.820123 0.327568
vt 0.779017 0.337985
vt 0.820488 0.329060
vt 0.779891 0.338857
vt 0.820817 0.330436
vt 0.780657 0.339652
vt 0.821113 0.331701
vt 0.781320 0.340373
vt 0.821379 0.332854
vt 0.781887 0.341024
vt 0.821614 0.333897
vt 0.782365 0.341607
vt 0.821822 0.334833
vt 0.782758 0.342127
vt 0.821957 0.335419
vt 0.783072 0.342584
vt 0.822086 0.335989
vt 0.783167 0.342887
vt 0.822209 0.336542
vt 0.783311 0.343154
vt 0.822327 0.337081
vt 0.783658 0.343330
vt 0.822440 0.337606
vt 0.785485 0.342914
vt 0.822548 0.338120
vt 0.786256 0.342878
vt 0.822652 0.338624
vt 0.786520 0.343020
vt 0.822752 0.339120
vt 0.786647 0.343206
vt 0.822849 0.339610
vt 0.786744 0.343405
vt 0.822942 0.340094
vt 0.786836 0.343613
vt 0.823032 0.340576
vt 0.786922 0.343831
vt 0.823119 0.341057
vt 0.787004 0.344060
vt 0.823203 0.341526
vt 0.787082 0.344301
vt 0.823285 0.342009
vt 0.787147 0.344549
vt 0.823365 0.342508
vt 0.787216 0.344816
vt 0.823443 0.343024
vt 0.787287 0.345101
vt 0.823520 0.343557
vt 0.787361 0.345406
vt 0.823594 0.344110
vt 0.787437 0.345731
vt 0.823666 0.344682
vt 0.787516 0.346075
vt 0.823736 0.345274
vt 0.787598 0.346440
vt 0.823802 0.345886
vt 0.787682 0.346825
vt 0.823865 0.346521
vt 0.787769 0.347230
vt 0.823925 0.347177
vt 0.787857 0.347656
vt 0.823981 0.347855
vt 0.787948 0.348102
vt 0.824047 0.349515
vt 0.788041 0.348568
vt 0.824099 0.351212
vt 0.788492 0.349862
vt 0.824134 0.352946
vt 0.788933 0.351165
vt 0.824148 0.354717
vt 0.789363 0.352476
vt 0.824141 0.356526
vt 0.789782 0.353794
vt 0.824108 0.358373
vt 0.790190 0.355118
vt 0.824045 0.360257
vt 0.790585 0.356446
vt 0.823950 0.362179
vt 0.790969 0.357776
vt 0.823819 0.364137
vt 0.791339 0.359108
vt 0.823647 0.366132
vt 0.791695 0.360439
vt 0.823430 0.368163
vt 0.792038 0.361766
vt 0.823163 0.370229
vt 0.792366 0.363088
vt 0.822868 0.372201
vt 0.792679 0.364402
vt 0.822501 0.374268
vt 0.792949 0.365588
vt 0.822054 0.376429
vt 0.793220 0.366824
vt 0.821516 0.378680
vt 0.793487 0.368101
vt 0.820874 0.381016
vt 0.793750 0.369411
vt 0.820115 0.383432
vt 0.794004 0.370741
vt 0.819224 0.385923
vt 0.794248 0.372082
vt 0.818182 0.388481
vt 0.794479 0.373419
vt 0.816970 0.391096
vt 0.794693 0.374739
vt 0.815565 0.393760
vt 0.794889 0.376026
vt 0.813940 0.396458
vt 0.795064 0.377260
vt 0.795216 0.378421
vt 0.686551 0.530300
vt 0.803531 0.491169
vt 0.790291 0.551068
vt 0.682774 0.530358
vt 0.696907 0.468923
vt 0.682486 0.530479
vt 0.690423 0.467119
vt 0.682289 0.530541
vt 0.687375 0.465913
vt 0.682174 0.530544
vt 0.684377 0.464783
vt 0.682129 0.530487
vt 0.681410 0.463719
vt 0.682140 0.530373
vt 0.678451 0.462716
vt 0.682145 0.530248
vt 0.675468 0.461774
vt 0.681977 0.530016
vt 0.672427 0.460897
vt 0.681709 0.529840
vt 0.669297 0.460092
vt 0.681319 0.529738
vt 0.666046 0.459372
vt 0.680798 0.529716
vt 0.662649 0.458752
vt 0.680140 0.529779
vt 0.659084 0.458250
vt 0.679342 0.529934
vt 0.655333 0.457883
vt 0.679510 0.529999
vt 0.651381 0.457673
vt 0.679721 0.530078
vt 0.649723 0.460045
vt 0.679973 0.530168
vt 0.648154 0.462418
vt 0.680265 0.530269
vt 0.646671 0.464788
vt 0.680595 0.530380
vt 0.645269 0.467155
vt 0.680961 0.530499
vt 0.643943 0.469515
vt 0.681363 0.530628
vt 0.642687 0.471869
vt 0.681797 0.530764
vt 0.641498 0.474214
vt 0.682263 0.530908
vt 0.640370 0.476551
vt 0.682757 0.531060
vt 0.639298 0.478878
vt 0.683279 0.531221
vt 0.638277 0.481196
vt 0.683825 0.531391
vt 0.637302 0.483507
vt 0.684403 0.531562
vt 0.636367 0.485811
vt 0.684987 0.531755
vt 0.635477 0.488102
vt 0.685576 0.531969
vt 0.634606 0.490405
vt 0.686169 0.532207
vt 0.633753 0.492722
vt 0.686766 0.532469
vt 0.632916 0.495057
vt 0.687366 0.532759
vt 0.632096 0.497413
vt 0.687968 0.533076
vt 0.631292 0.499792
vt 0.688573 0.533423
vt 0.630505 0.502197
vt 0.689180 0.533800
vt 0.629736 0.504630
vt 0.689789 0.534210
vt 0.628986 0.507094
vt 0.690401 0.534652
vt 0.628258 0.509590
vt 0.691016 0.535128
vt 0.627553 0.512121
vt 0.690520 0.540041
vt 0.626873 0.514689
vt 0.689990 0.545322
vt 0.624881 0.521986
vt 0.689443 0.550960
vt 0.623129 0.529661
vt 0.688900 0.556946
vt 0.621638 0.537699
vt 0.688378 0.563261
vt 0.620426 0.546087
vt 0.687898 0.569888
vt 0.619512 0.554804
vt 0.687481 0.576802
vt 0.618914 0.563831
vt 0.687147 0.583975
vt 0.618649 0.573144
vt 0.686916 0.591375
vt 0.618736 0.582717
vt 0.686808 0.598965
vt 0.619192 0.592523
vt 0.686841 0.606703
vt 0.620039 0.602533
vt 0.687032 0.614541
vt 0.621297 0.612715
vt 0.687423 0.617222
vt 0.622994 0.623036
vt 0.687830 0.619935
vt 0.624222 0.627562
vt 0.688253 0.622675
vt 0.625604 0.632075
vt 0.688694 0.625436
vt 0.627142 0.636566
vt 0.689152 0.628211
vt 0.628838 0.641026
vt 0.689627 0.630993
vt 0.630692 0.645448
vt 0.690120 0.633775
vt 0.632707 0.649822
vt 0.690630 0.636551
vt 0.634882 0.654137
vt 0.691155 0.639313
vt 0.637219 0.658383
vt 0.691693 0.642052
vt 0.639719 0.662550
vt 0.692243 0.644762
vt 0.642383 0.666625
vt 0.692800 0.647433
vt 0.645211 0.670598
vt 0.693938 0.648419
vt 0.648204 0.674455
vt 0.695086 0.649420
vt 0.650531 0.676912
vt 0.696243 0.650436
vt 0.652927 0.679281
vt 0.697410 0.651466
vt 0.655388 0.681561
vt 0.698583 0.652508
vt 0.657911 0.683750
vt 0.699762 0.653562
vt 0.660494 0.685846
vt 0.700945 0.654627
vt 0.663133 0.687848
vt 0.702131 0.655702
vt 0.665826 0.689754
vt 0.703319 0.656787
vt 0.668569 0.691562
vt 0.704506 0.657881
vt 0.671359 0.693270
vt 0.705692 0.658984
vt 0.674193 0.694878
vt 0.706876 0.660094
vt 0.677069 0.696382
vt 0.730589 0.669383
vt 0.679983 0.697781
vt 0.732925 0.672935
vt 0.702198 0.711735
vt 0.735249 0.676533
vt 0.702918 0.712065
vt 0.737560 0.680180
vt 0.703636 0.712498
vt 0.739861 0.683881
vt 0.704344 0.713036
vt 0.742152 0.687642
vt 0.705036 0.713677
vt 0.744437 0.691469
vt 0.705702 0.714421
vt 0.746717 0.695373
vt 0.706336 0.715267
vt 0.748996 0.699363
vt 0.706926 0.716213
vt 0.751275 0.703451
vt 0.707464 0.717258
vt 0.753556 0.707648
vt 0.707936 0.718401
vt 0.755842 0.711969
vt 0.708332 0.719640
vt 0.758133 0.716429
vt 0.708636 0.720975
vt 0.759219 0.757775
vt 0.708833 0.722404
vt 0.759508 0.757425
vt 0.712611 0.762542
vt 0.759224 0.757859
vt 0.713175 0.764183
vt 0.758940 0.758290
vt 0.713774 0.765842
vt 0.758658 0.758717
vt 0.714409 0.767519
vt 0.758379 0.759140
vt 0.715083 0.769212
vt 0.758106 0.759556
vt 0.715799 0.770920
vt 0.757838 0.759965
vt 0.716558 0.772639
vt 0.757577 0.760366
vt 0.717363 0.774370
vt 0.757326 0.760755
vt 0.718216 0.776109
vt 0.757084 0.761132
vt 0.719120 0.777855
vt 0.756854 0.761495
vt 0.720077 0.779607
vt 0.756637 0.761842
vt 0.721090 0.781361
vt 0.755916 0.764835
vt 0.722162 0.783116
vt 0.756480 0.765626
vt 0.725147 0.787717
vt 0.757059 0.766422
vt 0.726362 0.789654
vt 0.757678 0.767249
vt 0.727629 0.791549
vt 0.758346 0.768120
vt 0.728946 0.793401
vt 0.759083 0.769053
vt 0.730311 0.795209
vt 0.759922 0.770082
vt 0.731723 0.796973
vt 0.760924 0.771268
vt 0.733179 0.798691
vt 0.762234 0.772749
vt 0.734677 0.800362
vt 0.764164 0.774817
vt 0.736216 0.801986
vt 0.765944 0.776812
vt 0.737794 0.803559
vt 0.767580 0.778734
vt 0.739406 0.805081
vt 0.768710 0.780259
vt 0.741052 0.806549
vt 0.818529 0.824328
vt 0.742727 0.807962
vt 0.819288 0.825577
vt 0.795809 0.854347
vt 0.819979 0.826650
vt 0.798878 0.857176
vt 0.820602 0.827559
vt 0.801992 0.859783
vt 0.821154 0.828323
vt 0.805129 0.862180
vt 0.821637 0.828957
vt 0.808268 0.864385
vt 0.822049 0.829482
vt 0.811388 0.866416
vt 0.822391 0.829914
vt 0.814471 0.868293
vt 0.822664 0.830273
vt 0.817498 0.870038
vt 0.822869 0.830572
vt 0.820452 0.871673
vt 0.823008 0.830826
vt 0.823319 0.873220
vt 0.823083 0.831047
vt 0.826086 0.874703
vt 0.823101 0.831241
vt 0.828744 0.876145
vt 0.823104 0.831417
vt 0.831295 0.877566
vt 0.823192 0.831583
vt 0.832542 0.876053
vt 0.823368 0.831734
vt 0.833885 0.874501
vt 0.823628 0.831868
vt 0.835320 0.872900
vt 0.823969 0.831979
vt 0.836837 0.871240
vt 0.824388 0.832064
vt 0.838422 0.869511
vt 0.824879 0.832120
vt 0.840062 0.867706
vt 0.825435 0.832142
vt 0.841743 0.865816
vt 0.826048 0.832127
vt 0.843448 0.863833
vt 0.826710 0.832070
vt 0.845163 0.861750
vt 0.827407 0.831966
vt 0.846872 0.859561
vt 0.828115 0.831806
vt 0.848557 0.857259
vt 0.828436 0.831791
vt 0.850202 0.854840
vt 0.828713 0.831778
vt 0.851329 0.852789
vt 0.828950 0.831767
vt 0.852364 0.850745
vt 0.829146 0.831759
vt 0.853316 0.848711
vt 0.829306 0.831754
vt 0.854192 0.846691
vt 0.829431 0.831751
vt 0.854998 0.844689
vt 0.829527 0.831752
vt 0.855743 0.842706
vt 0.829599 0.831757
vt 0.856434 0.840746
vt 0.829655 0.831767
vt 0.857078 0.838810
vt 0.829699 0.831782
vt 0.857682 0.836899
vt 0.829738 0.831803
vt 0.858253 0.835015
vt 0.829775 0.831830
vt 0.858799 0.833156
vt 0.829813 0.831859
vt 0.859324 0.831318
vt 0.829852 0.831890
vt 0.859833 0.829493
vt 0.829891 0.831920
vt 0.860328 0.827672
vt 0.829932 0.831950
vt 0.860810 0.825855
vt 0.829975 0.831978
vt 0.861280 0.824038
vt 0.830018 0.832001
vt 0.861737 0.822219
vt 0.830062 0.832019
vt 0.862180 0.820393
vt 0.830107 0.832029
vt 0.862607 0.818557
vt 0.830151 0.832031
vt 0.863016 0.816707
vt 0.830194 0.832024
vt 0.863403 0.814842
vt 0.830235 0.832009
vt 0.863766 0.812957
vt 0.830273 0.831984
vt 0.864102 0.811052
vt 0.798927 0.791430
vt 0.864407 0.809125
vt 0.798565 0.786986
vt 0.836624 0.767718
vt 0.798224 0.782637
vt 0.836053 0.766675
vt 0.797896 0.778366
vt 0.835603 0.765581
vt 0.797576 0.774139
vt 0.835263 0.764445
vt 0.797258 0.769962
vt 0.835023 0.763274
vt 0.796935 0.765820
vt 0.834878 0.762075
vt 0.796602 0.761699
vt 0.834823 0.760856
vt 0.796253 0.757584
vt 0.834853 0.759624
vt 0.795883 0.753461
vt 0.834966 0.758385
vt 0.795487 0.749314
vt 0.835163 0.757147
vt 0.795060 0.745131
vt 0.835444 0.755915
vt 0.794597 0.740894
vt 0.835812 0.754695
vt 0.809573 0.699233
vt 0.836270 0.753493
vt 0.809200 0.697681
vt 0.850083 0.711686
vt 0.808840 0.696198
vt 0.850889 0.709864
vt 0.808494 0.694788
vt 0.851634 0.708118
vt 0.808161 0.693456
vt 0.852321 0.706453
vt 0.807843 0.692207
vt 0.852954 0.704876
vt 0.807540 0.691044
vt 0.853537 0.703390
vt 0.807253 0.689969
vt 0.854072 0.701999
vt 0.806982 0.688986
vt 0.854563 0.700707
vt 0.806728 0.688097
vt 0.855014 0.699517
vt 0.806492 0.687300
vt 0.855426 0.698429
vt 0.806275 0.686597
vt 0.855805 0.697445
vt 0.806078 0.685981
vt 0.856153 0.696561
vt 0.805890 0.685350
vt 0.856476 0.695767
vt 0.805732 0.684644
vt 0.856794 0.694960
vt 0.805598 0.683857
vt 0.857122 0.694062
vt 0.805471 0.682972
vt 0.857459 0.693064
vt 0.805350 0.681988
vt 0.857803 0.691960
vt 0.805234 0.680903
vt 0.858153 0.690745
vt 0.805125 0.679715
vt 0.858506 0.689416
vt 0.805020 0.678421
vt 0.858860 0.687971
vt 0.804920 0.677022
vt 0.859212 0.686406
vt 0.804823 0.675514
vt 0.859561 0.684722
vt 0.804730 0.673898
vt 0.859903 0.682915
vt 0.804638 0.672170
vt 0.860236 0.680986
vt 0.804492 0.671106
vt 0.860558 0.678933
vt 0.804340 0.670089
vt 0.860768 0.677626
vt 0.804182 0.669121
vt 0.860958 0.676374
vt 0.804017 0.668201
vt 0.861130 0.675176
vt 0.803846 0.667330
vt 0.861283 0.674033
vt 0.803669 0.666507
vt 0.861421 0.672944
vt 0.803487 0.665732
vt 0.861543 0.671910
vt 0.803298 0.665006
vt 0.861651 0.670930
vt 0.803103 0.664328
vt 0.861747 0.670003
vt 0.802902 0.663695
vt 0.861831 0.669127
vt 0.802696 0.663108
vt 0.861906 0.668300
vt 0.802484 0.662561
vt 0.861971 0.667517
vt 0.802233 0.661964
vt 0.862029 0.666773
vt 0.801961 0.661367
vt 0.862088 0.665936
vt 0.801667 0.660765
vt 0.862143 0.665068
vt 0.801352 0.660154
vt 0.862194 0.664159
vt 0.801014 0.659528
vt 0.862241 0.663200
vt 0.800653 0.658886
vt 0.862282 0.662186
vt 0.800267 0.658225
vt 0.862317 0.661110
vt 0.799855 0.657543
vt 0.862346 0.659970
vt 0.796600 0.653214
vt 0.862365 0.658763
vt 0.795351 0.650950
vt 0.862375 0.657486
vt 0.794774 0.649339
vt 0.862379 0.656136
vt 0.794135 0.647559
vt 0.862377 0.654711
vt 0.796374 0.630393
vt 0.862370 0.653209
vt 0.797288 0.623155
vt 0.863654 0.634989
vt 0.798170 0.615994
vt 0.864040 0.626952
vt 0.799019 0.608920
vt 0.864294 0.618947
vt 0.799838 0.601943
vt 0.864407 0.610981
vt 0.800630 0.595075
vt 0.864370 0.603065
vt 0.801398 0.588327
vt 0.864173 0.595210
vt 0.802147 0.581712
vt 0.863805 0.587429
vt 0.802885 0.575245
vt 0.863254 0.579734
vt 0.803618 0.568940
vt 0.862508 0.572141
vt 0.804357 0.562812
vt 0.861554 0.564668
vt 0.805113 0.556880
vt 0.860379 0.557331
vt 0.805216 0.551696
vt 0.858966 0.550153
vt 0.805035 0.551345
vt 0.857301 0.543157
vt 0.804821 0.551074
vt 0.856257 0.540987
vt 0.804572 0.550865
vt 0.855184 0.538922
vt 0.804285 0.550700
vt 0.854085 0.536941
vt 0.803956 0.550564
vt 0.852956 0.535021
vt 0.803580 0.550438
vt 0.851794 0.533137
vt 0.803153 0.550307
vt 0.850589 0.531267
vt 0.802668 0.550156
vt 0.849333 0.529390
vt 0.802122 0.549974
vt 0.848014 0.527490
vt 0.801509 0.549752
vt 0.846619 0.525556
vt 0.800828 0.549481
vt 0.845137 0.523581
vt 0.800076 0.549156
vt 0.843558 0.521562
vt 0.799746 0.549342
vt 0.841870 0.519497
vt 0.799447 0.549556
vt 0.840559 0.518052
vt 0.799180 0.549797
vt 0.839246 0.516656
vt 0.798877 0.549679
vt 0.837934 0.515307
vt 0.798590 0.549584
vt 0.836625 0.514002
vt 0.798319 0.549511
vt 0.835320 0.512741
vt 0.798064 0.549458
vt 0.834020 0.511519
vt 0.797825 0.549424
vt 0.832726 0.510335
vt 0.797601 0.549409
vt 0.831439 0.509186
vt 0.797392 0.549411
vt 0.830160 0.508069
vt 0.797197 0.549429
vt 0.828887 0.506981
vt 0.797016 0.549462
vt 0.827621 0.505920
vt 0.796858 0.549509
vt 0.826358 0.504883
vt 0.796700 0.549564
vt 0.825115 0.503875
vt 0.796541 0.549626
vt 0.823861 0.502878
vt 0.796379 0.549694
vt 0.822593 0.501890
vt 0.796212 0.549770
vt 0.821310 0.500910
vt 0.796039 0.549852
vt 0.820008 0.499938
vt 0.795858 0.549941
vt 0.818686 0.498973
vt 0.795667 0.550038
vt 0.817340 0.498015
vt 0.795465 0.550143
vt 0.815969 0.497064
vt 0.795251 0.550256
vt 0.814571 0.496121
vt 0.795023 0.550379
vt 0.813142 0.495186
vt 0.794779 0.550512
vt 0.811682 0.494260
vt 0.810187 0.493345
vt 0.945535 0.927433
vt 0.905235 0.886234
vt 0.945176 0.846983
vt 0.865190 0.927433
vt 0.906143 0.887176
vt 0.865223 0.847281
vt 0.905178 0.888227
vt 0.904274 0.887190
vt 0.272414 0.717944
vt 0.236417 0.628989
vt 0.272414 0.521142
vt 0.199635 0.733206
vt 0.235099 0.626261
vt 0.200284 0.536877
vt 0.235839 0.624739
vt 0.237271 0.627479
vt 0.900768 0.000392
vt 0.864462 0.105521
vt 0.826534 0.015522
vt 0.900768 0.194870
vt 0.863903 0.106533
vt 0.826534 0.209654
vt 0.862970 0.104739
vt 0.863480 0.103722
vt 0.179627 0.941634
vt 0.219629 0.896304
vt 0.257571 0.939685
vt 0.180098 0.853316
vt 0.218656 0.897474
vt 0.257571 0.851061
vt 0.217671 0.896275
vt 0.218641 0.895222
vt 0.906649 0.372155
vt 0.865719 0.412226
vt 0.826563 0.372155
vt 0.906921 0.452311
vt 0.866759 0.411319
vt 0.826534 0.452704
vt 0.867717 0.412284
vt 0.866774 0.413197
vt 0.484534 0.580865
vt 0.495175 0.574994
vt 0.484625 0.581652
vt 0.484514 0.580101
vt 0.494808 0.574512
vt 0.484545 0.579381
vt 0.494462 0.574020
vt 0.484618 0.578705
vt 0.494134 0.573516
vt 0.484721 0.578081
vt 0.493819 0.573000
vt 0.484840 0.577515
vt 0.493513 0.572471
vt 0.484960 0.577011
vt 0.493210 0.571929
vt 0.485070 0.576573
vt 0.492906 0.571372
vt 0.485165 0.576209
vt 0.492595 0.570800
vt 0.485263 0.575948
vt 0.492272 0.570213
vt 0.485485 0.575926
vt 0.491930 0.569611
vt 0.485664 0.575964
vt 0.491563 0.568991
vt 0.484981 0.575729
vt 0.491162 0.568352
vt 0.484879 0.575983
vt 0.490014 0.567189
vt 0.484699 0.576208
vt 0.489762 0.566566
vt 0.484444 0.576441
vt 0.489422 0.565900
vt 0.484092 0.576714
vt 0.488980 0.565191
vt 0.483622 0.577048
vt 0.488424 0.564437
vt 0.483013 0.577466
vt 0.487740 0.563636
vt 0.482240 0.577995
vt 0.486909 0.562787
vt 0.481276 0.578665
vt 0.485914 0.561887
vt 0.480112 0.579526
vt 0.484732 0.560933
vt 0.478695 0.580611
vt 0.483340 0.559918
vt 0.476962 0.581944
vt 0.481706 0.558835
vt 0.474889 0.583532
vt 0.479797 0.557671
vt 0.473647 0.584346
vt 0.477573 0.556409
vt 0.472889 0.585573
vt 0.474624 0.554983
vt 0.472122 0.586826
vt 0.474088 0.553569
vt 0.471359 0.588105
vt 0.473544 0.552128
vt 0.470601 0.589406
vt 0.473006 0.550662
vt 0.469804 0.590713
vt 0.472485 0.549175
vt 0.468787 0.592020
vt 0.471996 0.547669
vt 0.466961 0.593162
vt 0.471550 0.546149
vt 0.465884 0.593200
vt 0.471160 0.544617
vt 0.464886 0.593142
vt 0.470840 0.543080
vt 0.463970 0.592988
vt 0.470598 0.541542
vt 0.463134 0.592738
vt 0.470440 0.540007
vt 0.462372 0.592376
vt 0.470367 0.538478
vt 0.461680 0.591925
vt 0.470372 0.536957
vt 0.460858 0.591417
vt 0.470435 0.535441
vt 0.459900 0.590849
vt 0.470375 0.533905
vt 0.458805 0.590219
vt 0.470178 0.532344
vt 0.457570 0.589525
vt 0.469830 0.530756
vt 0.456195 0.588765
vt 0.469322 0.529136
vt 0.454680 0.587937
vt 0.468644 0.527483
vt 0.453025 0.587040
vt 0.467787 0.525796
vt 0.451232 0.586071
vt 0.466742 0.524072
vt 0.449300 0.585028
vt 0.465502 0.522312
vt 0.447232 0.583911
vt 0.464058 0.520514
vt 0.445028 0.582718
vt 0.462402 0.518682
vt 0.443877 0.581862
vt 0.460528 0.516815
vt 0.442808 0.581018
vt 0.459522 0.515169
vt 0.441824 0.580188
vt 0.458543 0.513540
vt 0.440922 0.579371
vt 0.457593 0.511929
vt 0.440104 0.578568
vt 0.456675 0.510336
vt 0.439368 0.577779
vt 0.455792 0.508761
vt 0.438714 0.577004
vt 0.454946 0.507204
vt 0.438142 0.576244
vt 0.454140 0.505665
vt 0.437649 0.575498
vt 0.453374 0.504143
vt 0.437234 0.574766
vt 0.452649 0.502638
vt 0.436894 0.574047
vt 0.451963 0.501147
vt 0.436599 0.573345
vt 0.451315 0.499669
vt 0.436314 0.572652
vt 0.450696 0.498203
vt 0.436047 0.571978
vt 0.450079 0.496742
vt 0.435795 0.571321
vt 0.449475 0.495288
vt 0.435543 0.570683
vt 0.448878 0.493839
vt 0.435272 0.570067
vt 0.448280 0.492395
vt 0.434978 0.569473
vt 0.447675 0.490953
vt 0.434655 0.568898
vt 0.447051 0.489513
vt 0.434301 0.568344
vt 0.446402 0.488073
vt 0.433910 0.567809
vt 0.445717 0.486632
vt 0.433480 0.567293
vt 0.444989 0.485190
vt 0.433009 0.566796
vt 0.444213 0.483747
vt 0.432495 0.566319
vt 0.443383 0.482303
vt 0.387814 0.562955
vt 0.442494 0.480857
vt 0.386271 0.559279
vt 0.400508 0.474862
vt 0.384698 0.555677
vt 0.398460 0.474514
vt 0.383128 0.552126
vt 0.396319 0.474145
vt 0.381536 0.548650
vt 0.394087 0.473761
vt 0.379932 0.545232
vt 0.391768 0.473368
vt 0.378315 0.541890
vt 0.389362 0.472973
vt 0.376684 0.538615
vt 0.386872 0.472583
vt 0.375051 0.535417
vt 0.384302 0.472205
vt 0.373408 0.532294
vt 0.381652 0.471847
vt 0.371774 0.529247
vt 0.378926 0.471519
vt 0.370142 0.526285
vt 0.376127 0.471230
vt 0.368525 0.523413
vt 0.373258 0.470990
vt 0.367372 0.521048
vt 0.370323 0.470811
vt 0.366255 0.518809
vt 0.368003 0.470713
vt 0.365164 0.516685
vt 0.365771 0.470668
vt 0.364124 0.514658
vt 0.363624 0.470672
vt 0.362957 0.512517
vt 0.361559 0.470720
vt 0.361864 0.510555
vt 0.359575 0.470810
vt 0.360885 0.508761
vt 0.357668 0.470936
vt 0.359977 0.507117
vt 0.355834 0.471094
vt 0.359160 0.505623
vt 0.354072 0.471278
vt 0.358426 0.504266
vt 0.352377 0.471484
vt 0.357732 0.503038
vt 0.350746 0.471704
vt 0.357068 0.501931
vt 0.349177 0.471933
vt 0.356162 0.500257
vt 0.347667 0.472165
vt 0.355196 0.498708
vt 0.345819 0.472535
vt 0.354150 0.497264
vt 0.344011 0.472939
vt 0.353011 0.495908
vt 0.342230 0.473379
vt 0.351768 0.494621
vt 0.340464 0.473859
vt 0.350416 0.493391
vt 0.338701 0.474385
vt 0.348953 0.492202
vt 0.336935 0.474967
vt 0.347387 0.491040
vt 0.335161 0.475613
vt 0.345751 0.489884
vt 0.333378 0.476333
vt 0.343736 0.488814
vt 0.331588 0.477136
vt 0.341514 0.487747
vt 0.329796 0.478033
vt 0.339061 0.486690
vt 0.328011 0.479032
vt 0.338647 0.488821
vt 0.326242 0.480141
vt 0.338412 0.490882
vt 0.324553 0.481242
vt 0.338331 0.492893
vt 0.322911 0.482380
vt 0.338392 0.494872
vt 0.321313 0.483545
vt 0.338582 0.496830
vt 0.319759 0.484731
vt 0.338891 0.498775
vt 0.318246 0.485934
vt 0.339310 0.500716
vt 0.316771 0.487152
vt 0.339832 0.502657
vt 0.315330 0.488384
vt 0.340450 0.504605
vt 0.313918 0.489635
vt 0.341161 0.506570
vt 0.312531 0.490911
vt 0.341962 0.508559
vt 0.311164 0.492223
vt 0.342848 0.510578
vt 0.309811 0.493581
vt 0.343773 0.513449
vt 0.308471 0.494999
vt 0.344729 0.516497
vt 0.306908 0.497051
vt 0.345733 0.519737
vt 0.305350 0.499297
vt 0.346805 0.523191
vt 0.303800 0.501745
vt 0.347897 0.526937
vt 0.302259 0.504404
vt 0.349029 0.530983
vt 0.300728 0.507279
vt 0.350179 0.535367
vt 0.299203 0.510375
vt 0.351355 0.540128
vt 0.297682 0.513692
vt 0.352503 0.545351
vt 0.296154 0.517230
vt 0.353566 0.551114
vt 0.294607 0.520987
vt 0.354454 0.557501
vt 0.293025 0.524956
vt 0.355037 0.564590
vt 0.291383 0.529129
vt 0.340626 0.577553
vt 0.289652 0.533492
vt 0.341076 0.578262
vt 0.281442 0.551245
vt 0.341500 0.578979
vt 0.280604 0.553607
vt 0.341900 0.579703
vt 0.279795 0.556012
vt 0.342278 0.580436
vt 0.279017 0.558460
vt 0.342634 0.581177
vt 0.278273 0.560954
vt 0.342970 0.581927
vt 0.277565 0.563493
vt 0.343289 0.582684
vt 0.276895 0.566078
vt 0.343591 0.583450
vt 0.276266 0.568710
vt 0.343879 0.584223
vt 0.275681 0.571388
vt 0.344154 0.585004
vt 0.275141 0.574114
vt 0.344418 0.585792
vt 0.274650 0.576887
vt 0.344674 0.586587
vt 0.274209 0.579708
vt 0.344470 0.595167
vt 0.273823 0.582577
vt 0.345295 0.596726
vt 0.273268 0.592087
vt 0.346128 0.598276
vt 0.273204 0.594970
vt 0.346970 0.599818
vt 0.273197 0.597836
vt 0.347821 0.601350
vt 0.273247 0.600685
vt 0.348681 0.602873
vt 0.273350 0.603515
vt 0.349549 0.604387
vt 0.273506 0.606325
vt 0.350427 0.605892
vt 0.273713 0.609114
vt 0.351314 0.607388
vt 0.273970 0.611882
vt 0.352209 0.608875
vt 0.274275 0.614628
vt 0.353114 0.610352
vt 0.274627 0.617352
vt 0.354028 0.611821
vt 0.275025 0.620052
vt 0.354950 0.613282
vt 0.275467 0.622730
vt 0.358265 0.635574
vt 0.275952 0.625383
vt 0.360350 0.639600
vt 0.280131 0.649322
vt 0.362489 0.643814
vt 0.281565 0.654819
vt 0.364664 0.648251
vt 0.283161 0.660372
vt 0.366894 0.652876
vt 0.284911 0.665971
vt 0.369183 0.657686
vt 0.286810 0.671608
vt 0.371533 0.662684
vt 0.288849 0.677275
vt 0.373949 0.667867
vt 0.291016 0.682963
vt 0.376435 0.673238
vt 0.293300 0.688663
vt 0.378998 0.678798
vt 0.295688 0.694368
vt 0.381646 0.684550
vt 0.298163 0.700068
vt 0.384386 0.690499
vt 0.300706 0.705756
vt 0.387233 0.696652
vt 0.303298 0.711424
vt 0.386860 0.700782
vt 0.305915 0.717067
vt 0.386547 0.704703
vt 0.308187 0.721318
vt 0.386284 0.708433
vt 0.310425 0.725412
vt 0.386063 0.711987
vt 0.312632 0.729355
vt 0.385879 0.715379
vt 0.314810 0.733156
vt 0.385725 0.718619
vt 0.316963 0.736821
vt 0.385597 0.721717
vt 0.319093 0.740357
vt 0.385491 0.724681
vt 0.321203 0.743771
vt 0.385403 0.727519
vt 0.323295 0.747070
vt 0.385331 0.730235
vt 0.325372 0.750258
vt 0.385271 0.732836
vt 0.327439 0.753342
vt 0.385222 0.735326
vt 0.329496 0.756327
vt 0.385258 0.737396
vt 0.331549 0.759217
vt 0.385295 0.739443
vt 0.333398 0.761571
vt 0.385338 0.741472
vt 0.335270 0.763899
vt 0.385385 0.743479
vt 0.337165 0.766199
vt 0.385436 0.745463
vt 0.339087 0.768470
vt 0.385493 0.747423
vt 0.341037 0.770711
vt 0.385561 0.749367
vt 0.343018 0.772920
vt 0.385640 0.751292
vt 0.345033 0.775094
vt 0.385729 0.753193
vt 0.347085 0.777230
vt 0.385825 0.755067
vt 0.349176 0.779326
vt 0.385928 0.756909
vt 0.351310 0.781377
vt 0.386035 0.758716
vt 0.353491 0.783381
vt 0.386259 0.758912
vt 0.355722 0.785331
vt 0.386484 0.759108
vt 0.356552 0.785623
vt 0.386708 0.759304
vt 0.357382 0.785914
vt 0.386932 0.759501
vt 0.358212 0.786204
vt 0.387156 0.759697
vt 0.359043 0.786491
vt 0.387379 0.759894
vt 0.359874 0.786777
vt 0.387602 0.760092
vt 0.360706 0.787061
vt 0.387825 0.760289
vt 0.361538 0.787344
vt 0.388047 0.760487
vt 0.362371 0.787625
vt 0.388269 0.760685
vt 0.363205 0.787905
vt 0.388491 0.760883
vt 0.364038 0.788183
vt 0.388713 0.761081
vt 0.364873 0.788459
vt 0.388944 0.761357
vt 0.365708 0.788734
vt 0.389178 0.761624
vt 0.366630 0.789076
vt 0.389416 0.761881
vt 0.367545 0.789404
vt 0.389658 0.762129
vt 0.368454 0.789720
vt 0.389905 0.762370
vt 0.369357 0.790026
vt 0.390159 0.762604
vt 0.370257 0.790323
vt 0.390420 0.762832
vt 0.371156 0.790613
vt 0.390689 0.763054
vt 0.372055 0.790897
vt 0.390969 0.763271
vt 0.372957 0.791178
vt 0.391258 0.763484
vt 0.373865 0.791456
vt 0.391559 0.763693
vt 0.374779 0.791732
vt 0.391873 0.763899
vt 0.375702 0.792007
vt 0.392128 0.764075
vt 0.376635 0.792280
vt 0.392387 0.764248
vt 0.377487 0.792505
vt 0.392650 0.764417
vt 0.378340 0.792729
vt 0.392919 0.764581
vt 0.379193 0.792951
vt 0.393194 0.764738
vt 0.380047 0.793172
vt 0.393477 0.764889
vt 0.380901 0.793391
vt 0.393770 0.765030
vt 0.381755 0.793608
vt 0.394077 0.765158
vt 0.382610 0.793824
vt 0.394402 0.765268
vt 0.383465 0.794037
vt 0.394754 0.765353
vt 0.384321 0.794250
vt 0.395151 0.765394
vt 0.385177 0.794460
vt 0.395634 0.765352
vt 0.386033 0.794669
vt 0.399773 0.764763
vt 0.386890 0.794877
vt 0.404165 0.764397
vt 0.391345 0.796040
vt 0.408787 0.764277
vt 0.395788 0.797040
vt 0.413600 0.764323
vt 0.400191 0.797919
vt 0.418621 0.764659
vt 0.404532 0.798716
vt 0.423829 0.765192
vt 0.408786 0.799469
vt 0.429242 0.766074
vt 0.412934 0.800213
vt 0.434868 0.767194
vt 0.416953 0.800983
vt 0.440756 0.768574
vt 0.420820 0.801813
vt 0.446978 0.770246
vt 0.424507 0.802742
vt 0.453289 0.776359
vt 0.427982 0.803812
vt 0.456672 0.783757
vt 0.431206 0.805072
vt 0.462862 0.792753
vt 0.434122 0.806461
vt 0.462590 0.792958
vt 0.442874 0.814397
vt 0.462322 0.793169
vt 0.442884 0.814445
vt 0.462057 0.793384
vt 0.442901 0.814509
vt 0.461796 0.793601
vt 0.442924 0.814591
vt 0.461541 0.793819
vt 0.442955 0.814690
vt 0.460617 0.793939
vt 0.442993 0.814807
vt 0.459705 0.794052
vt 0.443039 0.814942
vt 0.458804 0.794158
vt 0.443092 0.815094
vt 0.457915 0.794255
vt 0.443154 0.815265
vt 0.457036 0.794343
vt 0.443225 0.815453
vt 0.456168 0.794422
vt 0.443306 0.815659
vt 0.455309 0.794490
vt 0.443399 0.815883
vt 0.456413 0.795319
vt 0.443504 0.816124
vt 0.455622 0.794997
vt 0.445638 0.817508
vt 0.454833 0.794654
vt 0.445730 0.817929
vt 0.454050 0.794273
vt 0.445824 0.818359
vt 0.453292 0.793753
vt 0.445921 0.818798
vt 0.452536 0.793229
vt 0.446021 0.819247
vt 0.451776 0.792709
vt 0.446126 0.819707
vt 0.450972 0.792284
vt 0.446236 0.820176
vt 0.450172 0.791841
vt 0.446351 0.820656
vt 0.449378 0.791383
vt 0.446472 0.821147
vt 0.448586 0.790910
vt 0.446600 0.821649
vt 0.447798 0.790425
vt 0.446735 0.822161
vt 0.447011 0.789929
vt 0.446878 0.822684
vt 0.464676 0.788766
vt 0.447029 0.823219
vt 0.480167 0.792332
vt 0.465534 0.823949
vt 0.482334 0.794596
vt 0.477719 0.825166
vt 0.484432 0.796881
vt 0.479784 0.825264
vt 0.486461 0.799189
vt 0.481833 0.825293
vt 0.488419 0.801519
vt 0.483863 0.825247
vt 0.490305 0.803873
vt 0.485870 0.825124
vt 0.492121 0.806251
vt 0.487850 0.824921
vt 0.493865 0.808653
vt 0.489800 0.824635
vt 0.495538 0.811079
vt 0.491716 0.824263
vt 0.497140 0.813530
vt 0.493596 0.823804
vt 0.498672 0.816006
vt 0.495437 0.823255
vt 0.500134 0.818507
vt 0.497235 0.822615
vt 0.501526 0.821033
vt 0.498987 0.821882
vt 0.501509 0.819048
vt 0.500691 0.821055
vt 0.501492 0.817177
vt 0.502336 0.820124
vt 0.501463 0.815408
vt 0.503906 0.819078
vt 0.501416 0.813734
vt 0.505401 0.817932
vt 0.501342 0.812145
vt 0.506819 0.816704
vt 0.501235 0.810634
vt 0.508164 0.815407
vt 0.501092 0.809195
vt 0.509435 0.814053
vt 0.500908 0.807824
vt 0.510638 0.812655
vt 0.500681 0.806515
vt 0.511774 0.811223
vt 0.500408 0.805265
vt 0.512848 0.809767
vt 0.500088 0.804071
vt 0.513865 0.808295
vt 0.499721 0.802931
vt 0.514831 0.806816
vt 0.499267 0.801898
vt 0.515749 0.805338
vt 0.498790 0.800884
vt 0.516625 0.803899
vt 0.498289 0.799890
vt 0.517470 0.802456
vt 0.497766 0.798914
vt 0.518289 0.801012
vt 0.497221 0.797956
vt 0.519082 0.799569
vt 0.496653 0.797016
vt 0.519853 0.798128
vt 0.496062 0.796091
vt 0.520603 0.796691
vt 0.495449 0.795182
vt 0.521335 0.795259
vt 0.494815 0.794286
vt 0.522051 0.793831
vt 0.494159 0.793402
vt 0.522751 0.792406
vt 0.493483 0.792527
vt 0.523437 0.790981
vt 0.492786 0.791657
vt 0.524109 0.789552
vt 0.492045 0.790743
vt 0.524767 0.788115
vt 0.491276 0.789836
vt 0.525403 0.786620
vt 0.490441 0.788906
vt 0.526019 0.785102
vt 0.489277 0.787807
vt 0.526612 0.783552
vt 0.488459 0.786816
vt 0.527178 0.781961
vt 0.487635 0.785765
vt 0.527716 0.780321
vt 0.486803 0.784651
vt 0.528219 0.778624
vt 0.485962 0.783472
vt 0.528684 0.776866
vt 0.485110 0.782228
vt 0.529108 0.775041
vt 0.484246 0.780916
vt 0.529485 0.773145
vt 0.483369 0.779536
vt 0.529811 0.771173
vt 0.482475 0.778087
vt 0.530081 0.769124
vt 0.469790 0.753964
vt 0.530293 0.766995
vt 0.466539 0.724488
vt 0.524242 0.740530
vt 0.465691 0.720111
vt 0.519878 0.714383
vt 0.464921 0.715835
vt 0.519871 0.711937
vt 0.464207 0.711639
vt 0.519865 0.709635
vt 0.463538 0.707542
vt 0.519857 0.707488
vt 0.462908 0.703539
vt 0.519841 0.705505
vt 0.462309 0.699668
vt 0.519816 0.703691
vt 0.462703 0.697057
vt 0.519777 0.702054
vt 0.463083 0.696112
vt 0.519718 0.700595
vt 0.463384 0.695151
vt 0.519639 0.699313
vt 0.463649 0.694160
vt 0.519542 0.698202
vt 0.463883 0.693133
vt 0.519429 0.697256
vt 0.464088 0.692060
vt 0.519302 0.696465
vt 0.464317 0.690917
vt 0.519163 0.695808
vt 0.464620 0.689688
vt 0.519019 0.695163
vt 0.464995 0.688371
vt 0.518879 0.694424
vt 0.465442 0.686966
vt 0.518743 0.693584
vt 0.465961 0.685475
vt 0.518611 0.692639
vt 0.466550 0.683903
vt 0.518483 0.691588
vt 0.467208 0.682254
vt 0.518360 0.690432
vt 0.467934 0.680532
vt 0.518241 0.689173
vt 0.468725 0.678744
vt 0.518126 0.687813
vt 0.469579 0.676896
vt 0.518014 0.686356
vt 0.470495 0.674995
vt 0.517904 0.684805
vt 0.471470 0.673046
vt 0.517796 0.683165
vt 0.472077 0.671473
vt 0.517687 0.681440
vt 0.472629 0.669952
vt 0.517473 0.680220
vt 0.473127 0.668480
vt 0.517235 0.679081
vt 0.473573 0.667054
vt 0.516972 0.678020
vt 0.473967 0.665671
vt 0.516685 0.677036
vt 0.474310 0.664328
vt 0.516374 0.676126
vt 0.474605 0.663022
vt 0.516040 0.675287
vt 0.474851 0.661752
vt 0.515684 0.674518
vt 0.475050 0.660513
vt 0.515305 0.673816
vt 0.475202 0.659305
vt 0.514905 0.673177
vt 0.475309 0.658124
vt 0.514484 0.672596
vt 0.475371 0.656967
vt 0.514042 0.672069
vt 0.475413 0.655803
vt 0.513584 0.671588
vt 0.475439 0.654649
vt 0.513120 0.671117
vt 0.475451 0.653481
vt 0.512649 0.670662
vt 0.475435 0.652095
vt 0.512172 0.670222
vt 0.475420 0.650686
vt 0.511690 0.669790
vt 0.475442 0.649516
vt 0.511205 0.669364
vt 0.475483 0.648362
vt 0.510720 0.668939
vt 0.475545 0.647201
vt 0.510236 0.668512
vt 0.475628 0.646032
vt 0.509756 0.668080
vt 0.475732 0.644854
vt 0.509280 0.667640
vt 0.475858 0.643667
vt 0.508811 0.667192
vt 0.476007 0.642470
vt 0.508350 0.666735
vt 0.498971 0.616827
vt 0.507896 0.666268
vt 0.498021 0.615870
vt 0.528069 0.638381
vt 0.497063 0.614738
vt 0.528889 0.634735
vt 0.496107 0.613436
vt 0.529499 0.631154
vt 0.495163 0.611972
vt 0.529922 0.627640
vt 0.494243 0.610352
vt 0.530180 0.624194
vt 0.493360 0.608584
vt 0.530293 0.620818
vt 0.492528 0.606676
vt 0.530278 0.617511
vt 0.491763 0.604637
vt 0.530155 0.614274
vt 0.491083 0.602478
vt 0.529939 0.611105
vt 0.490508 0.600215
vt 0.529647 0.608004
vt 0.490059 0.597866
vt 0.529293 0.604970
vt 0.489756 0.595454
vt 0.528892 0.602002
vt 0.489663 0.593668
vt 0.528455 0.599098
vt 0.489647 0.591938
vt 0.527947 0.596775
vt 0.489699 0.590278
vt 0.527423 0.594544
vt 0.489808 0.588693
vt 0.526887 0.592401
vt 0.489965 0.587185
vt 0.526345 0.590342
vt 0.490160 0.585751
vt 0.525801 0.588363
vt 0.490384 0.584391
vt 0.525258 0.586459
vt 0.490628 0.583146
vt 0.524719 0.584624
vt 0.490873 0.581965
vt 0.524186 0.582855
vt 0.491117 0.580843
vt 0.523660 0.581145
vt 0.491317 0.579852
vt 0.523145 0.579488
vt 0.491624 0.578924
vt 0.522639 0.577880
vt 0.491690 0.579135
vt 0.522144 0.576315
vt 0.491753 0.579346
vt 0.521790 0.576358
vt 0.491815 0.579557
vt 0.521437 0.576404
vt 0.491875 0.579768
vt 0.521084 0.576453
vt 0.491934 0.579979
vt 0.520731 0.576504
vt 0.491992 0.580189
vt 0.520379 0.576556
vt 0.492048 0.580398
vt 0.520027 0.576609
vt 0.492102 0.580606
vt 0.519676 0.576662
vt 0.492155 0.580813
vt 0.519324 0.576715
vt 0.492206 0.581017
vt 0.518973 0.576767
vt 0.492255 0.581220
vt 0.518622 0.576818
vt 0.492303 0.581421
vt 0.518270 0.576868
vt 0.492347 0.581612
vt 0.517919 0.576917
vt 0.492391 0.581808
vt 0.517566 0.576956
vt 0.492433 0.582007
vt 0.517214 0.577000
vt 0.492475 0.582209
vt 0.516864 0.577050
vt 0.492516 0.582415
vt 0.516514 0.577104
vt 0.492556 0.582623
vt 0.516166 0.577162
vt 0.492594 0.582834
vt 0.515818 0.577224
vt 0.492631 0.583046
vt 0.515471 0.577287
vt 0.492664 0.583259
vt 0.515125 0.577352
vt 0.492692 0.583472
vt 0.514778 0.577418
vt 0.492708 0.583684
vt 0.514432 0.577484
vt 0.492701 0.583895
vt 0.514086 0.577550
vt 0.492548 0.583928
vt 0.513739 0.577614
vt 0.492392 0.583943
vt 0.513298 0.577360
vt 0.492232 0.583936
vt 0.512860 0.577116
vt 0.492070 0.583906
vt 0.512426 0.576878
vt 0.491905 0.583848
vt 0.511992 0.576642
vt 0.491736 0.583763
vt 0.511558 0.576403
vt 0.491564 0.583648
vt 0.511123 0.576158
vt 0.491389 0.583502
vt 0.510687 0.575904
vt 0.491211 0.583324
vt 0.510247 0.575639
vt 0.491031 0.583115
vt 0.509805 0.575361
vt 0.490849 0.582873
vt 0.509359 0.575070
vt 0.490666 0.582601
vt 0.508911 0.574763
vt 0.490633 0.582674
vt 0.508459 0.574441
vt 0.490603 0.582756
vt 0.508175 0.574481
vt 0.490575 0.582846
vt 0.507899 0.574532
vt 0.490549 0.582945
vt 0.507629 0.574595
vt 0.490526 0.583053
vt 0.507366 0.574668
vt 0.490505 0.583168
vt 0.507109 0.574752
vt 0.490486 0.583292
vt 0.506858 0.574845
vt 0.490470 0.583424
vt 0.506612 0.574949
vt 0.490455 0.583564
vt 0.506373 0.575062
vt 0.490442 0.583712
vt 0.506138 0.575184
vt 0.490431 0.583867
vt 0.505910 0.575314
vt 0.490421 0.584030
vt 0.505686 0.575452
vt 0.490411 0.584198
vt 0.505467 0.575598
vt 0.490399 0.584366
vt 0.505250 0.575749
vt 0.490385 0.584536
vt 0.505035 0.575899
vt 0.490367 0.584706
vt 0.504820 0.576051
vt 0.490347 0.584877
vt 0.504606 0.576202
vt 0.490324 0.585048
vt 0.504393 0.576354
vt 0.490298 0.585219
vt 0.504179 0.576505
vt 0.490269 0.585390
vt 0.503966 0.576655
vt 0.490237 0.585562
vt 0.503753 0.576804
vt 0.490200 0.585733
vt 0.503540 0.576953
vt 0.490161 0.585904
vt 0.503327 0.577101
vt 0.490117 0.586074
vt 0.503114 0.577248
vt 0.490036 0.586231
vt 0.502901 0.577394
vt 0.489598 0.586323
vt 0.502676 0.577522
vt 0.489517 0.586475
vt 0.502449 0.577644
vt 0.489435 0.586617
vt 0.502218 0.577759
vt 0.489344 0.586746
vt 0.501984 0.577868
vt 0.489242 0.586862
vt 0.501747 0.577970
vt 0.489132 0.586966
vt 0.501506 0.578065
vt 0.489012 0.587056
vt 0.501263 0.578153
vt 0.488882 0.587132
vt 0.501016 0.578234
vt 0.488744 0.587195
vt 0.500767 0.578308
vt 0.488597 0.587244
vt 0.500515 0.578375
vt 0.488441 0.587279
vt 0.500262 0.578436
vt 0.487951 0.586930
vt 0.500007 0.578490
vt 0.487472 0.586556
vt 0.499505 0.578209
vt 0.487008 0.586157
vt 0.499020 0.577933
vt 0.486566 0.585733
vt 0.498552 0.577659
vt 0.486149 0.585285
vt 0.498102 0.577386
vt 0.485766 0.584814
vt 0.497670 0.577111
vt 0.485425 0.584320
vt 0.497258 0.576833
vt 0.485134 0.583807
vt 0.496864 0.576550
vt 0.484901 0.583277
vt 0.496489 0.576260
vt 0.484736 0.582735
vt 0.496134 0.575961
vt 0.484643 0.582190
vt 0.495797 0.575651
vt 0.495478 0.575329
vt 0.099657 0.706696
vt 0.097934 0.753949
vt 0.079062 0.719219
vt 0.099564 0.706020
vt 0.120987 0.739708
vt 0.099471 0.705261
vt 0.123107 0.737878
vt 0.099375 0.704419
vt 0.125163 0.735973
vt 0.099275 0.703495
vt 0.127156 0.733994
vt 0.099169 0.702487
vt 0.129084 0.731942
vt 0.099057 0.701392
vt 0.130949 0.729818
vt 0.098938 0.700210
vt 0.132751 0.727623
vt 0.098809 0.698939
vt 0.134489 0.725357
vt 0.098670 0.697578
vt 0.136164 0.723021
vt 0.098520 0.696124
vt 0.137776 0.720617
vt 0.098358 0.694575
vt 0.139325 0.718146
vt 0.098182 0.692932
vt 0.140812 0.715608
vt 0.098249 0.692663
vt 0.142236 0.713004
vt 0.098316 0.692393
vt 0.142845 0.712087
vt 0.098384 0.692124
vt 0.143452 0.711168
vt 0.098452 0.691854
vt 0.144058 0.710249
vt 0.098521 0.691583
vt 0.144662 0.709328
vt 0.098590 0.691312
vt 0.145264 0.708406
vt 0.098660 0.691041
vt 0.145865 0.707483
vt 0.098730 0.690769
vt 0.146463 0.706559
vt 0.098800 0.690497
vt 0.147060 0.705633
vt 0.098871 0.690224
vt 0.147655 0.704706
vt 0.098943 0.689951
vt 0.148249 0.703779
vt 0.099015 0.689678
vt 0.148840 0.702850
vt 0.099104 0.689271
vt 0.149430 0.701919
vt 0.099200 0.688878
vt 0.150051 0.700842
vt 0.099303 0.688498
vt 0.150662 0.699775
vt 0.099415 0.688130
vt 0.151263 0.698719
vt 0.099534 0.687774
vt 0.151857 0.697671
vt 0.099660 0.687423
vt 0.152444 0.696628
vt 0.099788 0.687071
vt 0.153025 0.695587
vt 0.099919 0.686717
vt 0.153600 0.694545
vt 0.100053 0.686357
vt 0.154171 0.693497
vt 0.100189 0.685991
vt 0.154738 0.692440
vt 0.100329 0.685616
vt 0.155300 0.691369
vt 0.100468 0.685227
vt 0.155857 0.690281
vt 0.100553 0.684963
vt 0.156410 0.689174
vt 0.100638 0.684698
vt 0.156948 0.688212
vt 0.100723 0.684434
vt 0.157485 0.687250
vt 0.100808 0.684170
vt 0.158019 0.686286
vt 0.100892 0.683906
vt 0.158552 0.685321
vt 0.100977 0.683642
vt 0.159082 0.684356
vt 0.101061 0.683378
vt 0.159611 0.683389
vt 0.101145 0.683115
vt 0.160139 0.682421
vt 0.101229 0.682851
vt 0.160664 0.681452
vt 0.101312 0.682588
vt 0.161187 0.680482
vt 0.101395 0.682325
vt 0.161709 0.679511
vt 0.101479 0.682062
vt 0.162229 0.678539
vt 0.100713 0.677196
vt 0.162747 0.677565
vt 0.099937 0.672208
vt 0.162810 0.671413
vt 0.099154 0.667111
vt 0.162710 0.665125
vt 0.098364 0.661918
vt 0.162440 0.658702
vt 0.097572 0.656641
vt 0.161991 0.652146
vt 0.096778 0.651297
vt 0.161354 0.645459
vt 0.095984 0.645898
vt 0.160517 0.638644
vt 0.095189 0.640461
vt 0.159465 0.631705
vt 0.094393 0.635002
vt 0.158183 0.624649
vt 0.093596 0.629541
vt 0.156650 0.617483
vt 0.092797 0.624098
vt 0.154844 0.610218
vt 0.091995 0.618695
vt 0.152740 0.602866
vt 0.091883 0.616558
vt 0.150308 0.595445
vt 0.091779 0.614486
vt 0.148963 0.591360
vt 0.091685 0.612481
vt 0.147490 0.587327
vt 0.091602 0.610548
vt 0.145889 0.583349
vt 0.091531 0.608687
vt 0.144159 0.579430
vt 0.091473 0.606901
vt 0.142300 0.575573
vt 0.091429 0.605192
vt 0.140310 0.571782
vt 0.091401 0.603563
vt 0.138189 0.568059
vt 0.091390 0.602016
vt 0.135936 0.564409
vt 0.091396 0.600552
vt 0.133550 0.560834
vt 0.091422 0.599174
vt 0.131030 0.557338
vt 0.091468 0.597884
vt 0.128375 0.553925
vt 0.089072 0.597177
vt 0.125583 0.550597
vt 0.086850 0.596596
vt 0.120439 0.548747
vt 0.084826 0.596133
vt 0.115587 0.547312
vt 0.083017 0.595781
vt 0.111038 0.546248
vt 0.081439 0.595532
vt 0.106797 0.545512
vt 0.080102 0.595376
vt 0.102866 0.545066
vt 0.079013 0.595307
vt 0.099244 0.544872
vt 0.078177 0.595318
vt 0.095924 0.544897
vt 0.077594 0.595400
vt 0.092900 0.545108
vt 0.077263 0.595547
vt 0.090159 0.545474
vt 0.077173 0.595751
vt 0.087682 0.545963
vt 0.077295 0.596001
vt 0.085437 0.546545
vt 0.077365 0.597093
vt 0.083360 0.547190
vt 0.077606 0.597751
vt 0.081409 0.547876
vt 0.077925 0.598243
vt 0.079475 0.548587
vt 0.078197 0.598723
vt 0.077546 0.549322
vt 0.078417 0.599190
vt 0.075607 0.550080
vt 0.078580 0.599644
vt 0.073649 0.550867
vt 0.078684 0.600085
vt 0.071664 0.551686
vt 0.078729 0.600514
vt 0.069647 0.552542
vt 0.078713 0.600929
vt 0.067596 0.553442
vt 0.078639 0.601332
vt 0.065508 0.554391
vt 0.078507 0.601723
vt 0.063385 0.555396
vt 0.078320 0.602101
vt 0.061227 0.556464
vt 0.076080 0.604524
vt 0.059036 0.557601
vt 0.073810 0.606952
vt 0.054417 0.559952
vt 0.071518 0.609374
vt 0.049992 0.562458
vt 0.069211 0.611771
vt 0.045760 0.565094
vt 0.066897 0.614133
vt 0.041721 0.567840
vt 0.064584 0.616448
vt 0.037874 0.570677
vt 0.062278 0.618698
vt 0.034217 0.573587
vt 0.059991 0.620864
vt 0.030748 0.576555
vt 0.057737 0.622914
vt 0.027464 0.579569
vt 0.055583 0.624797
vt 0.024365 0.582615
vt 0.053916 0.626522
vt 0.021446 0.585686
vt 0.052331 0.628258
vt 0.018706 0.588772
vt 0.052603 0.628562
vt 0.016136 0.591866
vt 0.052888 0.628907
vt 0.015112 0.593532
vt 0.053182 0.629284
vt 0.014158 0.595174
vt 0.053478 0.629683
vt 0.013270 0.596789
vt 0.053772 0.630091
vt 0.012444 0.598374
vt 0.054064 0.630496
vt 0.011677 0.599928
vt 0.054351 0.630888
vt 0.010966 0.601448
vt 0.054633 0.631260
vt 0.010307 0.602933
vt 0.054908 0.631606
vt 0.009697 0.604380
vt 0.055115 0.631951
vt 0.009132 0.605790
vt 0.055312 0.632266
vt 0.008609 0.607159
vt 0.055498 0.632549
vt 0.008126 0.608487
vt 0.055672 0.632757
vt 0.007677 0.609775
vt 0.055839 0.632961
vt 0.007279 0.610981
vt 0.056000 0.633161
vt 0.006893 0.612181
vt 0.056117 0.633381
vt 0.006518 0.613373
vt 0.056226 0.633599
vt 0.006154 0.614560
vt 0.056327 0.633815
vt 0.005799 0.615742
vt 0.056399 0.634048
vt 0.005452 0.616922
vt 0.056461 0.634282
vt 0.005113 0.618100
vt 0.056501 0.634532
vt 0.004781 0.619280
vt 0.056531 0.634785
vt 0.004455 0.620462
vt 0.056543 0.635057
vt 0.004135 0.621648
vt 0.056539 0.635348
vt 0.003820 0.622842
vt 0.056480 0.635777
vt 0.003511 0.624044
vt 0.056401 0.636266
vt 0.003183 0.625380
vt 0.056279 0.636791
vt 0.002866 0.626727
vt 0.056162 0.637344
vt 0.002559 0.628096
vt 0.056061 0.637932
vt 0.002261 0.629493
vt 0.055975 0.638558
vt 0.001974 0.630926
vt 0.055904 0.639225
vt 0.001698 0.632399
vt 0.055849 0.639933
vt 0.001434 0.633917
vt 0.055811 0.640686
vt 0.001186 0.635483
vt 0.055789 0.641484
vt 0.000955 0.637100
vt 0.055785 0.642329
vt 0.000744 0.638769
vt 0.055799 0.643222
vt 0.000555 0.640493
vt 0.054420 0.725496
vt 0.000392 0.642272
vt 0.053799 0.725812
vt 0.000392 0.727358
vt 0.053194 0.726040
vt 0.001151 0.730715
vt 0.052506 0.726134
vt 0.001990 0.733968
vt 0.052453 0.726377
vt 0.002901 0.737136
vt 0.052428 0.726608
vt 0.003881 0.740241
vt 0.052432 0.726841
vt 0.004929 0.743303
vt 0.052470 0.727085
vt 0.006053 0.746344
vt 0.052549 0.727350
vt 0.007262 0.749384
vt 0.052674 0.727642
vt 0.008570 0.752437
vt 0.052854 0.727963
vt 0.009993 0.755514
vt 0.053096 0.728316
vt 0.011548 0.758621
vt 0.053412 0.728696
vt 0.013255 0.761762
vt 0.053657 0.728943
vt 0.015130 0.764933
vt 0.053883 0.729131
vt 0.018021 0.765728
vt 0.054089 0.729267
vt 0.020853 0.766382
vt 0.054278 0.729359
vt 0.023633 0.766912
vt 0.054452 0.729415
vt 0.026365 0.767335
vt 0.054617 0.729443
vt 0.029058 0.767666
vt 0.054780 0.729448
vt 0.031725 0.767918
vt 0.054952 0.729439
vt 0.034379 0.768105
vt 0.055140 0.729415
vt 0.037033 0.768235
vt 0.055351 0.729375
vt 0.039701 0.768314
vt 0.055594 0.729319
vt 0.042397 0.768343
vt 0.055873 0.729242
vt 0.045130 0.768320
vt 0.057144 0.729018
vt 0.047908 0.768240
vt 0.058580 0.728652
vt 0.052080 0.768298
vt 0.060166 0.728150
vt 0.056286 0.768143
vt 0.061885 0.727523
vt 0.060519 0.767767
vt 0.063721 0.726783
vt 0.064770 0.767166
vt 0.065663 0.725942
vt 0.069027 0.766334
vt 0.067702 0.725009
vt 0.073280 0.765269
vt 0.069829 0.723993
vt 0.077515 0.763970
vt 0.072035 0.722900
vt 0.081719 0.762434
vt 0.074315 0.721735
vt 0.085879 0.760662
vt 0.076660 0.720507
vt 0.089979 0.758656
vt 0.094003 0.756417
s 0
usemtl マテリアル
f 554/1/1 556/2/1 555/3/1
f 286/4/1 288/5/1 287/6/1
f 554/1/1 557/7/1 556/2/1
f 286/4/1 289/8/1 288/5/1
f 286/4/1 290/9/1 289/8/1
f 286/4/1 291/10/1 290/9/1
f 286/4/1 292/11/1 291/10/1
f 554/1/1 558/12/1 557/7/1
f 286/4/1 293/13/1 292/11/1
f 553/14/1 558/12/1 554/1/1
f 286/4/1 294/15/1 293/13/1
f 286/4/1 295/16/1 294/15/1
f 285/17/1 295/16/1 286/4/1
f 285/17/1 296/18/1 295/16/1
f 553/14/1 559/19/1 558/12/1
f 285/17/1 297/20/1 296/18/1
f 285/17/1 298/21/1 297/20/1
f 285/17/1 299/22/1 298/21/1
f 285/17/1 300/23/1 299/22/1
f 553/14/1 560/24/1 559/19/1
f 285/17/1 301/25/1 300/23/1
f 285/17/1 302/26/1 301/25/1
f 285/17/1 303/27/1 302/26/1
f 284/28/1 303/27/1 285/17/1
f 552/29/1 560/24/1 553/14/1
f 284/28/1 304/30/1 303/27/1
f 552/29/1 561/31/1 560/24/1
f 284/28/1 305/32/1 304/30/1
f 284/28/1 306/33/1 305/32/1
f 284/28/1 307/34/1 306/33/1
f 552/29/1 562/35/1 561/31/1
f 284/28/1 308/36/1 307/34/1
f 284/28/1 309/37/1 308/36/1
f 283/38/1 309/37/1 284/28/1
f 283/38/1 310/39/1 309/37/1
f 552/29/1 563/40/1 562/35/1
f 283/38/1 311/41/1 310/39/1
f 551/42/1 563/40/1 552/29/1
f 283/38/1 312/43/1 311/41/1
f 551/42/1 564/44/1 563/40/1
f 283/38/1 313/45/1 312/43/1
f 551/42/1 565/46/1 564/44/1
f 283/38/1 314/47/1 313/45/1
f 282/48/1 314/47/1 283/38/1
f 282/48/1 315/49/1 314/47/1
f 551/42/1 566/50/1 565/46/1
f 282/48/1 316/51/1 315/49/1
f 551/42/1 567/52/1 566/50/1
f 282/48/1 317/53/1 316/51/1
f 550/54/1 567/52/1 551/42/1
f 282/48/1 318/55/1 317/53/1
f 550/54/1 568/56/1 567/52/1
f 281/57/1 318/55/1 282/48/1
f 281/57/1 319/58/1 318/55/1
f 550/54/1 569/59/1 568/56/1
f 281/57/1 320/60/1 319/58/1
f 550/54/1 570/61/1 569/59/1
f 550/54/1 571/62/1 570/61/1
f 281/57/1 321/63/1 320/60/1
f 550/54/1 572/64/1 571/62/1
f 281/57/1 322/65/1 321/63/1
f 280/66/1 322/65/1 281/57/1
f 550/54/1 573/67/1 572/64/1
f 549/68/1 573/67/1 550/54/1
f 280/66/1 323/69/1 322/65/1
f 549/68/1 574/70/1 573/67/1
f 549/68/1 575/71/1 574/70/1
f 280/66/1 324/72/1 323/69/1
f 549/68/1 576/73/1 575/71/1
f 549/68/1 577/74/1 576/73/1
f 549/68/1 578/75/1 577/74/1
f 549/68/1 579/76/1 578/75/1
f 279/77/1 324/72/1 280/66/1
f 549/68/1 580/78/1 579/76/1
f 548/79/1 580/78/1 549/68/1
f 278/80/1 324/72/1 279/77/1
f 547/81/1 580/78/1 548/79/1
f 277/82/1 324/72/1 278/80/1
f 547/81/1 581/83/1 580/78/1
f 546/84/1 581/83/1 547/81/1
f 276/85/1 324/72/1 277/82/1
f 275/86/1 324/72/1 276/85/1
f 545/87/1 581/83/1 546/84/1
f 545/87/1 582/88/1 581/83/1
f 274/89/1 324/72/1 275/86/1
f 544/90/1 582/88/1 545/87/1
f 544/90/1 583/91/1 582/88/1
f 543/92/1 583/91/1 544/90/1
f 542/93/1 583/91/1 543/92/1
f 542/93/1 584/94/1 583/91/1
f 336/95/1 338/96/1 337/97/1
f 336/95/1 339/98/1 338/96/1
f 335/99/1 339/98/1 336/95/1
f 335/99/1 340/100/1 339/98/1
f 334/101/1 340/100/1 335/99/1
f 334/101/1 341/102/1 340/100/1
f 542/93/1 585/103/1 584/94/1
f 333/104/1 341/102/1 334/101/1
f 333/104/1 342/105/1 341/102/1
f 332/106/1 342/105/1 333/104/1
f 332/106/1 343/107/1 342/105/1
f 332/106/1 344/108/1 343/107/1
f 331/109/1 344/108/1 332/106/1
f 541/110/1 585/103/1 542/93/1
f 331/109/1 345/111/1 344/108/1
f 330/112/1 345/111/1 331/109/1
f 330/112/1 346/113/1 345/111/1
f 329/114/1 346/113/1 330/112/1
f 541/110/1 586/115/1 585/103/1
f 329/114/1 347/116/1 346/113/1
f 328/117/1 347/116/1 329/114/1
f 328/117/1 348/118/1 347/116/1
f 328/117/1 349/119/1 348/118/1
f 327/120/1 349/119/1 328/117/1
f 541/110/1 587/121/1 586/115/1
f 327/120/1 350/122/1 349/119/1
f 540/123/1 587/121/1 541/110/1
f 326/124/1 350/122/1 327/120/1
f 326/124/1 351/125/1 350/122/1
f 326/124/1 352/126/1 351/125/1
f 325/127/1 352/126/1 326/124/1
f 325/127/1 353/128/1 352/126/1
f 260/129/1 262/130/1 261/131/1
f 325/127/1 354/132/1 353/128/1
f 260/129/1 263/133/1 262/130/1
f 260/129/1 264/134/1 263/133/1
f 260/129/1 265/135/1 264/134/1
f 540/123/1 588/136/1 587/121/1
f 260/129/1 266/137/1 265/135/1
f 325/127/1 355/138/1 354/132/1
f 260/129/1 267/139/1 266/137/1
f 260/129/1 268/140/1 267/139/1
f 260/129/1 269/141/1 268/140/1
f 260/129/1 270/142/1 269/141/1
f 260/129/1 271/143/1 270/142/1
f 325/127/1 356/144/1 355/138/1
f 260/129/1 272/145/1 271/143/1
f 260/129/1 273/146/1 272/145/1
f 260/129/1 259/147/1 273/146/1
f 259/147/1 258/148/1 273/146/1
f 258/148/1 257/149/1 273/146/1
f 257/149/1 256/150/1 273/146/1
f 256/150/1 274/89/1 273/146/1
f 256/150/2 255/151/2 274/89/2
f 255/151/1 254/152/1 274/89/1
f 254/152/1 253/153/1 274/89/1
f 253/153/1 324/72/1 274/89/1
f 253/153/1 252/154/1 324/72/1
f 252/154/1 251/155/1 324/72/1
f 251/155/1 325/127/1 324/72/1
f 251/155/1 250/156/1 325/127/1
f 250/156/1 356/144/1 325/127/1
f 250/156/1 357/157/1 356/144/1
f 250/156/1 249/158/1 357/157/1
f 249/158/1 358/159/1 357/157/1
f 249/158/1 359/160/1 358/159/1
f 539/161/1 588/136/1 540/123/1
f 249/158/1 360/162/1 359/160/1
f 249/158/1 361/163/1 360/162/1
f 249/158/1 362/164/1 361/163/1
f 539/161/1 589/165/1 588/136/1
f 249/158/1 363/166/1 362/164/1
f 249/158/1 248/167/1 363/166/1
f 248/167/1 364/168/1 363/166/1
f 248/167/1 365/169/1 364/168/1
f 248/167/1 366/170/1 365/169/1
f 248/167/1 367/171/1 366/170/1
f 248/167/1 368/172/1 367/171/1
f 248/167/1 369/173/1 368/172/1
f 248/167/1 370/174/1 369/173/1
f 248/167/1 371/175/1 370/174/1
f 248/167/1 372/176/1 371/175/1
f 248/167/1 373/177/1 372/176/1
f 247/178/1 373/177/1 248/167/1
f 246/179/1 374/180/1 247/178/1
f 374/180/1 373/177/1 247/178/1
f 246/179/1 13/181/1 374/180/1
f 13/181/1 375/182/1 374/180/1
f 539/161/1 590/183/1 589/165/1
f 538/184/1 590/183/1 539/161/1
f 13/181/1 376/185/1 375/182/1
f 246/179/1 14/186/1 13/181/1
f 12/187/1 376/185/1 13/181/1
f 538/184/1 591/188/1 590/183/1
f 12/187/1 377/189/1 376/185/1
f 245/190/1 14/186/1 246/179/1
f 538/184/1 592/191/1 591/188/1
f 538/184/1 593/192/1 592/191/1
f 11/193/1 377/189/1 12/187/1
f 538/184/1 594/194/1 593/192/1
f 537/195/1 594/194/1 538/184/1
f 537/195/1 595/196/1 594/194/1
f 537/195/1 596/197/1 595/196/1
f 537/195/1 597/198/1 596/197/1
f 537/195/1 598/199/1 597/198/1
f 537/195/1 599/200/1 598/199/1
f 537/195/1 600/201/1 599/200/1
f 537/195/1 601/202/1 600/201/1
f 537/195/1 602/203/1 601/202/1
f 537/195/1 603/204/1 602/203/1
f 537/195/1 604/205/1 603/204/1
f 537/195/1 605/206/1 604/205/1
f 537/195/1 606/207/1 605/206/1
f 537/195/1 607/208/1 606/207/1
f 537/195/1 608/209/1 607/208/1
f 537/195/1 609/210/1 608/209/1
f 537/195/1 610/211/1 609/210/1
f 537/195/1 611/212/1 610/211/1
f 537/195/1 612/213/1 611/212/1
f 11/193/1 378/214/1 377/189/1
f 537/195/1 613/215/1 612/213/1
f 537/195/1 614/216/1 613/215/1
f 537/195/1 615/217/1 614/216/1
f 537/195/1 616/218/1 615/217/1
f 537/195/1 617/219/1 616/218/1
f 10/220/1 378/214/1 11/193/1
f 537/195/1 618/221/1 617/219/1
f 537/195/1 619/222/1 618/221/1
f 537/195/1 620/223/1 619/222/1
f 536/224/1 620/223/1 537/195/1
f 536/224/1 621/225/1 620/223/1
f 536/224/1 622/226/1 621/225/1
f 245/190/1 15/227/1 14/186/1
f 536/224/1 623/228/1 622/226/1
f 10/220/1 379/229/1 378/214/1
f 244/230/1 15/227/1 245/190/1
f 536/224/1 624/231/1 623/228/1
f 536/224/1 625/232/1 624/231/1
f 536/224/1 626/233/1 625/232/1
f 536/224/1 627/234/1 626/233/1
f 536/224/1 483/235/1 627/234/1
f 483/235/1 628/236/1 627/234/1
f 9/237/1 379/229/1 10/220/1
f 244/230/1 16/238/1 15/227/1
f 9/237/1 380/239/1 379/229/1
f 535/240/1 483/235/1 536/224/1
f 244/230/1 17/241/1 16/238/1
f 8/242/1 380/239/1 9/237/1
f 8/242/1 381/243/1 380/239/1
f 243/244/1 175/245/1 244/230/1
f 175/245/1 17/241/1 244/230/1
f 535/240/1 484/246/1 483/235/1
f 482/247/1 628/236/1 483/235/1
f 534/248/1 484/246/1 535/240/1
f 175/245/1 18/249/1 17/241/1
f 243/244/1 176/250/1 175/245/1
f 174/251/1 18/249/1 175/245/1
f 8/242/1 382/252/1 381/243/1
f 7/253/1 382/252/1 8/242/1
f 534/248/1 485/254/1 484/246/1
f 534/248/1 486/255/1 485/254/1
f 243/244/1 177/256/1 176/250/1
f 7/253/1 383/257/1 382/252/1
f 174/251/1 19/258/1 18/249/1
f 533/259/1 486/255/1 534/248/1
f 533/259/1 487/260/1 486/255/1
f 6/261/1 383/257/1 7/253/1
f 242/262/1 177/256/1 243/244/1
f 173/263/1 19/258/1 174/251/1
f 533/259/1 488/264/1 487/260/1
f 242/262/1 178/265/1 177/256/1
f 6/261/1 384/266/1 383/257/1
f 533/259/1 489/267/1 488/264/1
f 173/263/1 20/268/1 19/258/1
f 5/269/1 384/266/1 6/261/1
f 532/270/1 489/267/1 533/259/1
f 172/271/1 20/268/1 173/263/1
f 242/262/1 179/272/1 178/265/1
f 532/270/1 490/273/1 489/267/1
f 5/269/1 385/274/1 384/266/1
f 532/270/1 491/275/1 490/273/1
f 241/276/1 179/272/1 242/262/1
f 241/276/1 180/277/1 179/272/1
f 4/278/1 385/274/1 5/269/1
f 532/270/1 492/279/1 491/275/1
f 172/271/1 21/280/1 20/268/1
f 4/278/1 386/281/1 385/274/1
f 531/282/1 492/279/1 532/270/1
f 171/283/1 21/280/1 172/271/1
f 531/282/1 493/284/1 492/279/1
f 241/276/1 181/285/1 180/277/1
f 3/286/1 386/281/1 4/278/1
f 3/286/1 387/287/1 386/281/1
f 531/282/1 494/288/1 493/284/1
f 530/289/1 494/288/1 531/282/1
f 529/290/1 494/288/1 530/289/1
f 528/291/1 494/288/1 529/290/1
f 527/292/1 494/288/1 528/291/1
f 527/292/1 495/293/1 494/288/1
f 526/294/3 495/293/3 527/292/3
f 241/276/1 182/295/1 181/285/1
f 525/296/1 495/293/1 526/294/1
f 524/297/4 495/293/4 525/296/4
f 523/298/1 495/293/1 524/297/1
f 170/299/1 21/280/1 171/283/1
f 522/300/4 495/293/4 523/298/4
f 521/301/5 495/293/5 522/300/5
f 520/302/5 495/293/5 521/301/5
f 519/303/1 495/293/1 520/302/1
f 518/304/1 495/293/1 519/303/1
f 170/299/1 22/305/1 21/280/1
f 240/306/1 182/295/1 241/276/1
f 517/307/1 495/293/1 518/304/1
f 3/286/1 388/308/1 387/287/1
f 516/309/1 495/293/1 517/307/1
f 515/310/1 495/293/1 516/309/1
f 514/311/1 495/293/1 515/310/1
f 513/312/1 495/293/1 514/311/1
f 512/313/1 495/293/1 513/312/1
f 511/314/1 495/293/1 512/313/1
f 510/315/1 495/293/1 511/314/1
f 509/316/1 495/293/1 510/315/1
f 509/316/1 496/317/1 495/293/1
f 509/316/1 497/318/1 496/317/1
f 509/316/1 498/319/1 497/318/1
f 509/316/1 499/320/1 498/319/1
f 509/316/1 500/321/1 499/320/1
f 508/322/1 500/321/1 509/316/1
f 508/322/1 501/323/1 500/321/1
f 508/322/1 502/324/1 501/323/1
f 508/322/1 503/325/1 502/324/1
f 508/322/1 504/326/1 503/325/1
f 507/327/1 504/326/1 508/322/1
f 507/327/5 505/328/5 504/326/5
f 507/327/6 506/329/6 505/328/6
f 2/330/1 388/308/1 3/286/1
f 240/306/1 183/331/1 182/295/1
f 2/330/1 389/332/1 388/308/1
f 169/333/1 22/305/1 170/299/1
f 2/330/1 390/334/1 389/332/1
f 240/306/1 184/335/1 183/331/1
f 1/336/1 390/334/1 2/330/1
f 169/333/1 23/337/1 22/305/1
f 239/338/1 184/335/1 240/306/1
f 1/336/1 391/339/1 390/334/1
f 239/338/1 185/340/1 184/335/1
f 168/341/1 23/337/1 169/333/1
f 481/342/1 391/339/1 1/336/1
f 481/342/1 392/343/1 391/339/1
f 239/338/1 186/344/1 185/340/1
f 481/342/1 393/345/1 392/343/1
f 168/341/1 24/346/1 23/337/1
f 480/347/1 393/345/1 481/342/1
f 167/348/1 24/346/1 168/341/1
f 239/338/1 187/349/1 186/344/1
f 480/347/1 394/350/1 393/345/1
f 238/351/1 187/349/1 239/338/1
f 479/352/1 394/350/1 480/347/1
f 479/352/1 395/353/1 394/350/1
f 238/351/1 188/354/1 187/349/1
f 166/355/1 24/346/1 167/348/1
f 479/352/1 396/356/1 395/353/1
f 478/357/1 396/356/1 479/352/1
f 238/351/1 189/358/1 188/354/1
f 166/355/1 25/359/1 24/346/1
f 478/357/1 397/360/1 396/356/1
f 238/351/1 190/361/1 189/358/1
f 237/362/1 190/361/1 238/351/1
f 477/363/1 397/360/1 478/357/1
f 477/363/1 398/364/1 397/360/1
f 165/365/1 25/359/1 166/355/1
f 38/366/1 40/367/1 39/368/1
f 38/366/1 41/369/1 40/367/1
f 37/370/1 41/369/1 38/366/1
f 37/370/1 42/371/1 41/369/1
f 36/372/1 42/371/1 37/370/1
f 36/372/1 43/373/1 42/371/1
f 35/374/1 43/373/1 36/372/1
f 35/374/1 44/375/1 43/373/1
f 477/363/1 399/376/1 398/364/1
f 477/363/1 400/377/1 399/376/1
f 477/363/1 401/378/1 400/377/1
f 477/363/1 402/379/1 401/378/1
f 237/362/1 191/380/1 190/361/1
f 34/381/1 44/375/1 35/374/1
f 477/363/1 403/382/1 402/379/1
f 477/363/1 404/383/1 403/382/1
f 34/381/1 45/384/1 44/375/1
f 477/363/1 405/385/1 404/383/1
f 477/363/1 406/386/1 405/385/1
f 477/363/1 407/387/1 406/386/1
f 477/363/1 408/388/1 407/387/1
f 477/363/1 409/389/1 408/388/1
f 33/390/1 45/384/1 34/381/1
f 33/390/1 46/391/1 45/384/1
f 476/392/1 409/389/1 477/363/1
f 476/392/1 410/393/1 409/389/1
f 476/392/1 411/394/1 410/393/1
f 476/392/1 412/395/1 411/394/1
f 476/392/1 413/396/1 412/395/1
f 476/392/1 414/397/1 413/396/1
f 33/390/1 47/398/1 46/391/1
f 32/399/1 47/398/1 33/390/1
f 476/392/1 415/400/1 414/397/1
f 476/392/1 416/401/1 415/400/1
f 476/392/1 417/402/1 416/401/1
f 663/403/1 628/236/1 482/247/1
f 476/392/1 418/404/1 417/402/1
f 476/392/1 419/405/1 418/404/1
f 476/392/1 420/406/1 419/405/1
f 237/362/1 192/407/1 191/380/1
f 476/392/1 421/408/1 420/406/1
f 476/392/1 422/409/1 421/408/1
f 476/392/1 423/410/1 422/409/1
f 32/399/1 48/411/1 47/398/1
f 164/412/1 25/359/1 165/365/1
f 476/392/1 424/413/1 423/410/1
f 31/414/1 48/411/1 32/399/1
f 164/412/1 26/415/1 25/359/1
f 476/392/1 425/416/1 424/413/1
f 31/414/1 49/417/1 48/411/1
f 475/418/1 425/416/1 476/392/1
f 475/418/1 426/419/1 425/416/1
f 30/420/1 49/417/1 31/414/1
f 237/362/1 193/421/1 192/407/1
f 475/418/1 427/422/1 426/419/1
f 30/420/1 50/423/1 49/417/1
f 236/424/1 193/421/1 237/362/1
f 29/425/1 50/423/1 30/420/1
f 475/418/1 428/426/1 427/422/1
f 29/425/1 51/427/1 50/423/1
f 474/428/1 428/426/1 475/418/1
f 474/428/1 429/429/1 428/426/1
f 163/430/1 26/415/1 164/412/1
f 236/424/1 194/431/1 193/421/1
f 28/432/1 51/427/1 29/425/1
f 28/432/1 52/433/1 51/427/1
f 662/434/1 628/236/1 663/403/1
f 474/428/1 430/435/1 429/429/1
f 28/432/1 53/436/1 52/433/1
f 473/437/1 430/435/1 474/428/1
f 28/432/1 54/438/1 53/436/1
f 27/439/1 54/438/1 28/432/1
f 149/440/1 151/441/1 150/442/1
f 473/437/1 431/443/1 430/435/1
f 236/424/1 195/444/1 194/431/1
f 27/439/1 55/445/1 54/438/1
f 149/440/1 152/446/1 151/441/1
f 149/440/1 153/447/1 152/446/1
f 149/440/1 154/448/1 153/447/1
f 27/439/1 56/449/1 55/445/1
f 149/440/1 155/450/1 154/448/1
f 149/440/1 156/451/1 155/450/1
f 149/440/1 157/452/1 156/451/1
f 149/440/1 158/453/1 157/452/1
f 27/439/1 57/454/1 56/449/1
f 149/440/1 159/455/1 158/453/1
f 473/437/1 432/456/1 431/443/1
f 149/440/1 160/457/1 159/455/1
f 149/440/1 161/458/1 160/457/1
f 149/440/1 162/459/1 161/458/1
f 149/440/1 163/430/1 162/459/1
f 149/440/1 148/460/1 163/430/1
f 148/460/1 147/461/1 163/430/1
f 147/461/1 146/462/1 163/430/1
f 146/462/1 145/463/1 163/430/1
f 145/463/1 26/415/1 163/430/1
f 145/463/1 144/464/1 26/415/1
f 144/464/1 143/465/1 26/415/1
f 143/465/1 27/439/1 26/415/1
f 143/465/1 142/466/1 27/439/1
f 142/466/1 141/467/1 27/439/1
f 141/467/1 140/468/1 27/439/1
f 140/468/1 57/454/1 27/439/1
f 472/469/1 432/456/1 473/437/1
f 140/468/1 58/470/1 57/454/1
f 236/424/1 196/471/1 195/444/1
f 140/468/1 59/472/1 58/470/1
f 235/473/1 196/471/1 236/424/1
f 140/468/1 139/474/1 59/472/1
f 139/474/1 60/475/1 59/472/1
f 472/469/1 433/476/1 432/456/1
f 139/474/1 61/477/1 60/475/1
f 139/474/1 62/478/1 61/477/1
f 661/479/1 628/236/1 662/434/1
f 471/480/1 433/476/1 472/469/1
f 139/474/1 138/481/1 62/478/1
f 138/481/1 63/482/1 62/478/1
f 138/481/1 64/483/1 63/482/1
f 235/473/1 197/484/1 196/471/1
f 138/481/1 65/485/1 64/483/1
f 471/480/1 434/486/1 433/476/1
f 138/481/1 66/487/1 65/485/1
f 138/481/1 67/488/1 66/487/1
f 138/481/1 137/489/1 67/488/1
f 137/489/1 68/490/1 67/488/1
f 137/489/1 69/491/1 68/490/1
f 137/489/1 70/492/1 69/491/1
f 470/493/1 434/486/1 471/480/1
f 137/489/1 71/494/1 70/492/1
f 137/489/1 72/495/1 71/494/1
f 137/489/1 73/496/1 72/495/1
f 137/489/1 74/497/1 73/496/1
f 137/489/1 75/498/1 74/497/1
f 136/499/1 75/498/1 137/489/1
f 135/500/1 76/501/1 136/499/1
f 76/501/1 75/498/1 136/499/1
f 135/500/1 77/502/1 76/501/1
f 235/473/1 198/503/1 197/484/1
f 470/493/1 435/504/1 434/486/1
f 470/493/1 436/505/1 435/504/1
f 470/493/1 437/506/1 436/505/1
f 469/507/1 437/506/1 470/493/1
f 469/507/1 438/508/1 437/506/1
f 135/500/1 78/509/1 77/502/1
f 468/510/1 438/508/1 469/507/1
f 468/510/1 439/511/1 438/508/1
f 660/512/1 628/236/1 661/479/1
f 235/473/1 199/513/1 198/503/1
f 234/514/4 199/513/4 235/473/4
f 233/515/1 199/513/1 234/514/1
f 232/516/1 199/513/1 233/515/1
f 231/517/1 199/513/1 232/516/1
f 230/518/1 199/513/1 231/517/1
f 229/519/1 199/513/1 230/518/1
f 228/520/1 199/513/1 229/519/1
f 468/510/1 440/521/1 439/511/1
f 227/522/1 199/513/1 228/520/1
f 467/523/1 440/521/1 468/510/1
f 226/524/1 199/513/1 227/522/1
f 225/525/1 199/513/1 226/524/1
f 224/526/1 199/513/1 225/525/1
f 223/527/1 199/513/1 224/526/1
f 222/528/1 199/513/1 223/527/1
f 467/523/1 441/529/1 440/521/1
f 221/530/1 199/513/1 222/528/1
f 466/531/1 441/529/1 467/523/1
f 466/531/1 442/532/1 441/529/1
f 220/533/1 199/513/1 221/530/1
f 466/531/1 443/534/1 442/532/1
f 219/535/1 199/513/1 220/533/1
f 465/536/1 443/534/1 466/531/1
f 135/500/1 79/537/1 78/509/1
f 218/538/1 199/513/1 219/535/1
f 465/536/1 444/539/1 443/534/1
f 217/540/1 199/513/1 218/538/1
f 464/541/1 444/539/1 465/536/1
f 464/541/1 445/542/1 444/539/1
f 216/543/1 199/513/1 217/540/1
f 215/544/1 199/513/1 216/543/1
f 464/541/1 446/545/1 445/542/1
f 214/546/1 199/513/1 215/544/1
f 463/547/1 446/545/1 464/541/1
f 213/548/1 199/513/1 214/546/1
f 213/548/1 200/549/1 199/513/1
f 463/547/1 447/550/1 446/545/1
f 213/548/1 201/551/1 200/549/1
f 213/548/1 202/552/1 201/551/1
f 213/548/1 203/553/1 202/552/1
f 212/554/1 203/553/1 213/548/1
f 212/554/1 204/555/1 203/553/1
f 212/554/1 205/556/1 204/555/1
f 212/554/1 206/557/1 205/556/1
f 212/554/1 207/558/1 206/557/1
f 211/559/1 207/558/1 212/554/1
f 211/559/4 208/560/4 207/558/4
f 211/559/4 209/561/4 208/560/4
f 211/559/1 210/562/1 209/561/1
f 463/547/1 448/563/1 447/550/1
f 462/564/1 448/563/1 463/547/1
f 462/564/1 449/565/1 448/563/1
f 462/564/1 450/566/1 449/565/1
f 134/567/1 79/537/1 135/500/1
f 461/568/1 450/566/1 462/564/1
f 461/568/1 451/569/1 450/566/1
f 461/568/1 452/570/1 451/569/1
f 460/571/1 452/570/1 461/568/1
f 460/571/1 453/572/1 452/570/1
f 460/571/1 454/573/1 453/572/1
f 459/574/1 454/573/1 460/571/1
f 459/574/1 455/575/1 454/573/1
f 459/574/1 456/576/1 455/575/1
f 458/577/1 456/576/1 459/574/1
f 458/577/1 457/578/1 456/576/1
f 134/567/1 80/579/1 79/537/1
f 659/580/1 628/236/1 660/512/1
f 134/567/1 81/581/1 80/579/1
f 133/582/1 81/581/1 134/567/1
f 133/582/1 82/583/1 81/581/1
f 658/584/1 628/236/1 659/580/1
f 133/582/1 83/585/1 82/583/1
f 132/586/1 83/585/1 133/582/1
f 132/586/1 84/587/1 83/585/1
f 657/588/1 628/236/1 658/584/1
f 132/586/1 85/589/1 84/587/1
f 131/590/1 85/589/1 132/586/1
f 131/590/1 86/591/1 85/589/1
f 656/592/1 628/236/1 657/588/1
f 131/590/1 87/593/1 86/591/1
f 130/594/1 87/593/1 131/590/1
f 130/594/1 88/595/1 87/593/1
f 655/596/1 628/236/1 656/592/1
f 129/597/1 88/595/1 130/594/1
f 129/597/1 89/598/1 88/595/1
f 129/597/1 90/599/1 89/598/1
f 128/600/1 90/599/1 129/597/1
f 654/601/1 628/236/1 655/596/1
f 128/600/1 91/602/1 90/599/1
f 127/603/1 91/602/1 128/600/1
f 127/603/1 92/604/1 91/602/1
f 127/603/1 93/605/1 92/604/1
f 653/606/1 628/236/1 654/601/1
f 127/603/1 94/607/1 93/605/1
f 126/608/1 94/607/1 127/603/1
f 126/608/1 95/609/1 94/607/1
f 126/608/1 96/610/1 95/609/1
f 125/611/1 96/610/1 126/608/1
f 652/612/1 628/236/1 653/606/1
f 125/611/1 97/613/1 96/610/1
f 125/611/1 98/614/1 97/613/1
f 125/611/1 99/615/1 98/614/1
f 124/616/1 99/615/1 125/611/1
f 124/616/1 100/617/1 99/615/1
f 124/616/1 101/618/1 100/617/1
f 652/612/1 629/619/1 628/236/1
f 651/620/1 629/619/1 652/612/1
f 124/616/1 102/621/1 101/618/1
f 651/620/1 630/622/1 629/619/1
f 123/623/1 102/621/1 124/616/1
f 650/624/1 630/622/1 651/620/1
f 123/623/1 103/625/1 102/621/1
f 122/626/1 103/625/1 123/623/1
f 650/624/1 631/627/1 630/622/1
f 122/626/1 104/628/1 103/625/1
f 649/629/1 631/627/1 650/624/1
f 121/630/1 104/628/1 122/626/1
f 649/629/1 632/631/1 631/627/1
f 121/630/1 105/632/1 104/628/1
f 120/633/1 105/632/1 121/630/1
f 648/634/1 632/631/1 649/629/1
f 119/635/1 105/632/1 120/633/1
f 648/634/1 633/636/1 632/631/1
f 119/635/1 106/637/1 105/632/1
f 647/638/1 633/636/1 648/634/1
f 118/639/1 106/637/1 119/635/1
f 118/639/1 107/640/1 106/637/1
f 647/638/1 634/641/1 633/636/1
f 117/642/1 107/640/1 118/639/1
f 646/643/1 634/641/1 647/638/1
f 117/642/1 108/644/1 107/640/1
f 116/645/1 108/644/1 117/642/1
f 646/643/1 635/646/1 634/641/1
f 116/645/1 109/647/1 108/644/1
f 645/648/1 635/646/1 646/643/1
f 115/649/1 109/647/1 116/645/1
f 115/649/1 110/650/1 109/647/1
f 114/651/1 110/650/1 115/649/1
f 645/648/1 636/652/1 635/646/1
f 114/651/1 111/653/1 110/650/1
f 113/654/1 111/653/1 114/651/1
f 644/655/1 636/652/1 645/648/1
f 113/654/1 112/656/1 111/653/1
f 644/655/1 637/657/1 636/652/1
f 643/658/1 637/657/1 644/655/1
f 643/658/1 638/659/1 637/657/1
f 642/660/1 638/659/1 643/658/1
f 642/660/1 639/661/1 638/659/1
f 641/662/1 639/661/1 642/660/1
f 641/662/1 640/663/1 639/661/1
f 789/664/1 791/665/1 790/666/1
f 789/664/1 792/667/1 791/665/1
f 788/668/1 792/667/1 789/664/1
f 788/668/1 793/669/1 792/667/1
f 787/670/1 793/669/1 788/668/1
f 787/670/1 794/671/1 793/669/1
f 786/672/1 794/671/1 787/670/1
f 786/672/1 795/673/1 794/671/1
f 785/674/1 795/673/1 786/672/1
f 785/674/1 796/675/1 795/673/1
f 785/674/1 797/676/1 796/675/1
f 784/677/1 797/676/1 785/674/1
f 784/677/1 798/678/1 797/676/1
f 783/679/1 798/678/1 784/677/1
f 783/679/1 799/680/1 798/678/1
f 782/681/1 799/680/1 783/679/1
f 782/681/1 800/682/1 799/680/1
f 781/683/1 800/682/1 782/681/1
f 781/683/1 801/684/1 800/682/1
f 780/685/1 801/684/1 781/683/1
f 780/685/1 802/686/1 801/684/1
f 780/685/1 803/687/1 802/686/1
f 779/688/1 803/687/1 780/685/1
f 779/688/1 804/689/1 803/687/1
f 779/688/1 805/690/1 804/689/1
f 778/691/1 805/690/1 779/688/1
f 778/691/1 806/692/1 805/690/1
f 764/693/1 766/694/1 765/695/1
f 778/691/1 807/696/1 806/692/1
f 764/693/1 767/697/1 766/694/1
f 764/693/1 768/698/1 767/697/1
f 764/693/1 769/699/1 768/698/1
f 778/691/1 808/700/1 807/696/1
f 764/693/1 770/701/1 769/699/1
f 764/693/1 771/702/1 770/701/1
f 764/693/1 772/703/1 771/702/1
f 764/693/1 773/704/1 772/703/1
f 764/693/1 774/705/1 773/704/1
f 778/691/1 809/706/1 808/700/1
f 764/693/1 775/707/1 774/705/1
f 764/693/1 776/708/1 775/707/1
f 764/693/1 777/709/1 776/708/1
f 764/693/1 763/710/1 777/709/1
f 763/710/1 762/711/1 777/709/1
f 762/711/1 761/712/1 777/709/1
f 761/712/1 760/713/1 777/709/1
f 760/713/1 759/714/1 777/709/1
f 759/714/1 758/715/1 777/709/1
f 758/715/1 757/716/1 777/709/1
f 757/716/1 756/717/1 777/709/1
f 756/717/1 755/718/1 777/709/1
f 755/718/1 778/691/1 777/709/1
f 755/718/1 754/719/1 778/691/1
f 754/719/1 809/706/1 778/691/1
f 754/719/1 810/720/1 809/706/1
f 754/719/1 811/721/1 810/720/1
f 754/719/1 753/722/1 811/721/1
f 753/722/1 812/723/1 811/721/1
f 753/722/1 813/724/1 812/723/1
f 753/722/1 814/725/1 813/724/1
f 753/722/1 815/726/1 814/725/1
f 753/722/1 816/727/1 815/726/1
f 753/722/1 817/728/1 816/727/1
f 753/722/1 752/729/1 817/728/1
f 752/729/1 818/730/1 817/728/1
f 752/729/1 819/731/1 818/730/1
f 752/729/1 820/732/1 819/731/1
f 752/729/1 821/733/1 820/732/1
f 752/729/1 822/734/1 821/733/1
f 752/729/1 823/735/1 822/734/1
f 752/729/1 824/736/1 823/735/1
f 752/729/1 825/737/1 824/736/1
f 752/729/1 826/738/1 825/737/1
f 751/739/1 826/738/1 752/729/1
f 750/740/1 827/741/1 751/739/1
f 827/741/1 826/738/1 751/739/1
f 750/740/1 828/742/1 827/741/1
f 750/740/1 829/743/1 828/742/1
f 749/744/1 829/743/1 750/740/1
f 749/744/1 830/745/1 829/743/1
f 748/746/1 830/745/1 749/744/1
f 748/746/1 831/747/1 830/745/1
f 747/748/1 831/747/1 748/746/1
f 747/748/1 832/749/1 831/747/1
f 746/750/1 832/749/1 747/748/1
f 746/750/1 833/751/1 832/749/1
f 745/752/1 833/751/1 746/750/1
f 745/752/1 834/753/1 833/751/1
f 744/754/1 834/753/1 745/752/1
f 744/754/1 835/755/1 834/753/1
f 743/756/1 835/755/1 744/754/1
f 743/756/1 836/757/1 835/755/1
f 725/758/1 727/759/1 726/760/1
f 742/761/1 836/757/1 743/756/1
f 725/758/1 728/762/1 727/759/1
f 851/763/1 853/764/1 852/765/1
f 851/763/1 854/766/1 853/764/1
f 850/767/1 854/766/1 851/763/1
f 850/767/1 855/768/1 854/766/1
f 849/769/1 855/768/1 850/767/1
f 725/758/1 729/770/1 728/762/1
f 849/769/1 856/771/1 855/768/1
f 848/772/1 856/771/1 849/769/1
f 848/772/1 857/773/1 856/771/1
f 847/774/1 857/773/1 848/772/1
f 725/758/1 730/775/1 729/770/1
f 847/774/1 858/776/1 857/773/1
f 742/761/1 837/777/1 836/757/1
f 846/778/1 858/776/1 847/774/1
f 846/778/1 859/779/1 858/776/1
f 741/780/1 837/777/1 742/761/1
f 725/758/1 731/781/1 730/775/1
f 845/782/1 859/779/1 846/778/1
f 724/783/1 731/781/1 725/758/1
f 845/782/1 860/784/1 859/779/1
f 724/783/1 732/785/1 731/781/1
f 844/786/1 860/784/1 845/782/1
f 844/786/1 861/787/1 860/784/1
f 724/783/1 733/788/1 732/785/1
f 843/789/1 861/787/1 844/786/1
f 741/780/1 838/790/1 837/777/1
f 843/789/1 862/791/1 861/787/1
f 740/792/1 838/790/1 741/780/1
f 724/783/1 734/793/1 733/788/1
f 843/789/1 863/794/1 862/791/1
f 842/795/1 863/794/1 843/789/1
f 724/783/1 735/796/1 734/793/1
f 723/797/1 735/796/1 724/783/1
f 842/795/1 864/798/1 863/794/1
f 841/799/1 864/798/1 842/795/1
f 723/797/1 736/800/1 735/796/1
f 740/792/1 839/801/1 838/790/1
f 739/802/1 839/801/1 740/792/1
f 723/797/1 737/803/1 736/800/1
f 841/799/1 865/804/1 864/798/1
f 840/805/1 865/804/1 841/799/1
f 840/805/1 866/806/1 865/804/1
f 723/797/1 738/807/1 737/803/1
f 840/805/1 867/808/1 866/806/1
f 723/797/1 739/802/1 738/807/1
f 723/797/1 839/801/1 739/802/1
f 723/797/1 840/805/1 839/801/1
f 723/797/1 867/808/1 840/805/1
f 723/797/1 868/809/1 867/808/1
f 722/810/1 868/809/1 723/797/1
f 722/810/1 869/811/1 868/809/1
f 722/810/1 870/812/1 869/811/1
f 722/810/1 871/813/1 870/812/1
f 722/810/1 872/814/1 871/813/1
f 722/810/1 873/815/1 872/814/1
f 722/810/1 874/816/1 873/815/1
f 722/810/1 875/817/1 874/816/1
f 722/810/1 876/818/1 875/817/1
f 722/810/1 877/819/1 876/818/1
f 721/820/1 944/821/1 722/810/1
f 944/821/1 943/822/1 722/810/1
f 943/822/1 939/823/1 722/810/1
f 939/823/1 938/824/1 722/810/1
f 938/824/1 949/825/1 722/810/1
f 949/825/1 948/826/1 722/810/1
f 948/826/1 877/819/1 722/810/1
f 721/820/1 945/827/1 944/821/1
f 942/828/1 939/823/1 943/822/1
f 942/828/1 940/829/1 939/823/1
f 941/830/1 949/825/1 938/824/1
f 941/830/1 946/831/1 949/825/1
f 947/832/1 888/833/1 948/826/1
f 888/833/1 877/819/1 948/826/1
f 888/833/1 878/834/1 877/819/1
f 888/833/1 879/835/1 878/834/1
f 888/833/1 880/836/1 879/835/1
f 888/833/1 881/837/1 880/836/1
f 888/833/1 882/838/1 881/837/1
f 888/833/1 883/839/1 882/838/1
f 888/833/1 884/840/1 883/839/1
f 720/841/1 945/827/1 721/820/1
f 888/833/1 885/842/1 884/840/1
f 888/833/5 886/843/5 885/842/5
f 888/833/4 887/844/4 886/843/4
f 947/832/1 889/845/1 888/833/1
f 719/846/1 945/827/1 720/841/1
f 718/847/1 945/827/1 719/846/1
f 717/848/1 945/827/1 718/847/1
f 716/849/1 945/827/1 717/848/1
f 715/850/1 945/827/1 716/849/1
f 947/832/1 890/851/1 889/845/1
f 714/852/1 945/827/1 715/850/1
f 713/853/1 945/827/1 714/852/1
f 942/828/1 957/854/1 940/829/1
f 957/854/1 941/830/1 940/829/1
f 957/854/1 956/855/1 941/830/1
f 956/855/1 946/831/1 941/830/1
f 947/832/1 891/856/1 890/851/1
f 942/828/1 954/857/1 957/854/1
f 955/858/1 946/831/1 956/855/1
f 712/859/1 945/827/1 713/853/1
f 947/832/1 892/860/1 891/856/1
f 711/861/1 945/827/1 712/859/1
f 947/832/1 893/862/1 892/860/1
f 710/863/1 945/827/1 711/861/1
f 947/832/1 894/864/1 893/862/1
f 947/832/1 895/865/1 894/864/1
f 709/866/1 945/827/1 710/863/1
f 942/828/1 953/867/1 954/857/1
f 953/867/1 955/858/1 954/857/1
f 953/867/1 952/868/1 955/858/1
f 952/868/1 946/831/1 955/858/1
f 947/832/1 896/869/1 895/865/1
f 708/870/1 945/827/1 709/866/1
f 942/828/1 950/871/1 953/867/1
f 951/872/1 946/831/1 952/868/1
f 947/832/1 897/873/1 896/869/1
f 707/874/1 945/827/1 708/870/1
f 947/832/1 898/875/1 897/873/1
f 706/876/1 945/827/1 707/874/1
f 705/877/1 945/827/1 706/876/1
f 947/832/1 899/878/1 898/875/1
f 704/879/1 945/827/1 705/877/1
f 947/832/1 900/880/1 899/878/1
f 703/881/1 945/827/1 704/879/1
f 703/881/1 942/828/1 945/827/1
f 703/881/1 950/871/1 942/828/1
f 703/881/1 951/872/1 950/871/1
f 703/881/1 946/831/1 951/872/1
f 703/881/1 665/882/1 946/831/1
f 665/882/1 947/832/1 946/831/1
f 665/882/1 900/880/1 947/832/1
f 665/882/1 664/883/1 900/880/1
f 664/883/1 901/884/1 900/880/1
f 703/881/1 666/885/1 665/882/1
f 937/886/1 901/884/1 664/883/1
f 702/887/1 666/885/1 703/881/1
f 937/886/1 902/888/1 901/884/1
f 702/887/1 667/889/1 666/885/1
f 937/886/1 903/890/1 902/888/1
f 702/887/1 668/891/1 667/889/1
f 701/892/1 668/891/1 702/887/1
f 936/893/1 903/890/1 937/886/1
f 700/894/1 668/891/1 701/892/1
f 935/895/1 903/890/1 936/893/1
f 935/895/1 904/896/1 903/890/1
f 934/897/1 904/896/1 935/895/1
f 700/894/1 669/898/1 668/891/1
f 699/899/1 669/898/1 700/894/1
f 933/900/1 904/896/1 934/897/1
f 698/901/1 669/898/1 699/899/1
f 933/900/1 905/902/1 904/896/1
f 932/903/1 905/902/1 933/900/1
f 697/904/1 669/898/1 698/901/1
f 697/904/1 670/905/1 669/898/1
f 931/906/1 905/902/1 932/903/1
f 696/907/1 670/905/1 697/904/1
f 931/906/1 906/908/1 905/902/1
f 930/909/1 906/908/1 931/906/1
f 695/910/1 670/905/1 696/907/1
f 695/910/1 671/911/1 670/905/1
f 929/912/1 906/908/1 930/909/1
f 694/913/1 671/911/1 695/910/1
f 929/912/1 907/914/1 906/908/1
f 928/915/1 907/914/1 929/912/1
f 693/916/1 671/911/1 694/913/1
f 927/917/1 907/914/1 928/915/1
f 693/916/1 672/918/1 671/911/1
f 926/919/1 907/914/1 927/917/1
f 692/920/1 672/918/1 693/916/1
f 926/919/1 908/921/1 907/914/1
f 925/922/1 908/921/1 926/919/1
f 691/923/1 672/918/1 692/920/1
f 691/923/1 673/924/1 672/918/1
f 924/925/1 908/921/1 925/922/1
f 690/926/1 673/924/1 691/923/1
f 924/925/1 909/927/1 908/921/1
f 923/928/1 909/927/1 924/925/1
f 689/929/1 673/924/1 690/926/1
f 922/930/1 909/927/1 923/928/1
f 689/929/1 674/931/1 673/924/1
f 688/932/1 674/931/1 689/929/1
f 921/933/1 909/927/1 922/930/1
f 921/933/1 910/934/1 909/927/1
f 687/935/1 674/931/1 688/932/1
f 920/936/1 910/934/1 921/933/1
f 919/937/1 910/934/1 920/936/1
f 686/938/1 674/931/1 687/935/1
f 686/938/1 675/939/1 674/931/1
f 919/937/1 911/940/1 910/934/1
f 918/941/1 911/940/1 919/937/1
f 685/942/1 675/939/1 686/938/1
f 917/943/1 911/940/1 918/941/1
f 917/943/1 912/944/1 911/940/1
f 916/945/1 912/944/1 917/943/1
f 684/946/1 675/939/1 685/942/1
f 684/946/1 676/947/1 675/939/1
f 915/948/1 912/944/1 916/945/1
f 915/948/1 913/949/1 912/944/1
f 914/950/1 913/949/1 915/948/1
f 683/951/1 676/947/1 684/946/1
f 682/952/1 676/947/1 683/951/1
f 682/952/1 677/953/1 676/947/1
f 681/954/1 677/953/1 682/952/1
f 680/955/1 677/953/1 681/954/1
f 680/955/1 678/956/1 677/953/1
f 679/957/1 678/956/1 680/955/1
f 1117/958/1 1119/959/1 1118/960/1
f 1117/958/1 1120/961/1 1119/959/1
f 1117/958/1 1121/962/1 1120/961/1
f 1117/958/1 1122/963/1 1121/962/1
f 1117/958/1 1123/964/1 1122/963/1
f 1116/965/1 1123/964/1 1117/958/1
f 1116/965/1 1124/966/1 1123/964/1
f 1116/965/1 1125/967/1 1124/966/1
f 1116/965/1 1126/968/1 1125/967/1
f 1116/965/1 1127/969/1 1126/968/1
f 1116/965/1 1128/970/1 1127/969/1
f 1116/965/1 1129/971/1 1128/970/1
f 1115/972/1 1129/971/1 1116/965/1
f 1115/972/1 1130/973/1 1129/971/1
f 1115/972/1 1131/974/1 1130/973/1
f 1115/972/1 1132/975/1 1131/974/1
f 1115/972/1 1133/976/1 1132/975/1
f 1115/972/1 1134/977/1 1133/976/1
f 1115/972/1 1135/978/1 1134/977/1
f 1114/979/1 1135/978/1 1115/972/1
f 1114/979/1 1136/980/1 1135/978/1
f 1114/979/1 1137/981/1 1136/980/1
f 1114/979/1 1138/982/1 1137/981/1
f 1114/979/1 1139/983/1 1138/982/1
f 1113/984/1 1139/983/1 1114/979/1
f 1113/984/1 1140/985/1 1139/983/1
f 1113/984/1 1141/986/1 1140/985/1
f 1113/984/1 1142/987/1 1141/986/1
f 1113/984/1 1143/988/1 1142/987/1
f 1112/989/1 1143/988/1 1113/984/1
f 1112/989/1 1144/990/1 1143/988/1
f 1112/989/1 1145/991/1 1144/990/1
f 1112/989/1 1146/992/1 1145/991/1
f 1111/993/1 1146/992/1 1112/989/1
f 1111/993/1 1147/994/1 1146/992/1
f 1111/993/1 1148/995/1 1147/994/1
f 1111/993/1 1149/996/1 1148/995/1
f 1110/997/1 1149/996/1 1111/993/1
f 1110/997/1 1150/998/1 1149/996/1
f 1110/997/1 1151/999/1 1150/998/1
f 1110/997/1 1152/1000/1 1151/999/1
f 1109/1001/1 1152/1000/1 1110/997/1
f 1109/1001/1 1153/1002/1 1152/1000/1
f 1109/1001/1 1154/1003/1 1153/1002/1
f 1109/1001/1 1155/1004/1 1154/1003/1
f 1108/1005/1 1155/1004/1 1109/1001/1
f 1107/1006/1 1155/1004/1 1108/1005/1
f 1106/1007/1 1155/1004/1 1107/1006/1
f 1105/1008/1 1155/1004/1 1106/1007/1
f 1104/1009/1 1155/1004/1 1105/1008/1
f 1103/1010/1 1155/1004/1 1104/1009/1
f 1102/1011/1 1155/1004/1 1103/1010/1
f 1102/1011/1 1156/1012/1 1155/1004/1
f 1101/1013/1 1156/1012/1 1102/1011/1
f 1101/1013/1 1157/1014/1 1156/1012/1
f 1101/1013/1 1158/1015/1 1157/1014/1
f 1100/1016/1 1158/1015/1 1101/1013/1
f 1100/1016/1 1159/1017/1 1158/1015/1
f 1099/1018/1 1159/1017/1 1100/1016/1
f 1099/1018/1 1160/1019/1 1159/1017/1
f 1099/1018/1 1161/1020/1 1160/1019/1
f 1098/1021/1 1161/1020/1 1099/1018/1
f 1179/1022/1 1181/1023/1 1180/1024/1
f 1179/1022/1 1182/1025/1 1181/1023/1
f 1178/1026/1 1182/1025/1 1179/1022/1
f 1098/1021/1 1162/1027/1 1161/1020/1
f 1178/1026/1 1183/1028/1 1182/1025/1
f 1177/1029/1 1183/1028/1 1178/1026/1
f 1177/1029/1 1184/1030/1 1183/1028/1
f 1176/1031/1 1184/1030/1 1177/1029/1
f 1176/1031/1 1185/1032/1 1184/1030/1
f 1175/1033/1 1185/1032/1 1176/1031/1
f 1175/1033/1 1186/1034/1 1185/1032/1
f 1098/1021/1 1163/1035/1 1162/1027/1
f 1174/1036/1 1186/1034/1 1175/1033/1
f 1097/1037/1 1163/1035/1 1098/1021/1
f 1174/1036/1 1187/1038/1 1186/1034/1
f 1173/1039/1 1187/1038/1 1174/1036/1
f 1173/1039/1 1188/1040/1 1187/1038/1
f 1097/1037/1 1164/1041/1 1163/1035/1
f 1172/1042/1 1188/1040/1 1173/1039/1
f 1172/1042/1 1189/1043/1 1188/1040/1
f 1096/1044/1 1164/1041/1 1097/1037/1
f 1172/1042/1 1190/1045/1 1189/1043/1
f 1171/1046/1 1190/1045/1 1172/1042/1
f 1096/1044/1 1165/1047/1 1164/1041/1
f 1171/1046/1 1191/1048/1 1190/1045/1
f 1170/1049/1 1191/1048/1 1171/1046/1
f 1095/1050/1 1165/1047/1 1096/1044/1
f 1095/1050/1 1166/1051/1 1165/1047/1
f 1170/1049/1 1192/1052/1 1191/1048/1
f 1169/1053/1 1192/1052/1 1170/1049/1
f 1169/1053/1 1193/1054/1 1192/1052/1
f 1094/1055/1 1166/1051/1 1095/1050/1
f 1094/1055/1 1167/1056/1 1166/1051/1
f 1168/1057/1 1193/1054/1 1169/1053/1
f 1168/1057/1 1194/1058/1 1193/1054/1
f 1080/1059/1 1082/1060/1 1081/1061/1
f 1080/1059/1 1083/1062/1 1082/1060/1
f 1080/1059/1 1084/1063/1 1083/1062/1
f 1168/1057/1 1195/1064/1 1194/1058/1
f 1080/1059/1 1085/1065/1 1084/1063/1
f 1080/1059/1 1086/1066/1 1085/1065/1
f 1080/1059/1 1087/1067/1 1086/1066/1
f 1080/1059/1 1088/1068/1 1087/1067/1
f 1168/1057/1 1196/1069/1 1195/1064/1
f 1080/1059/1 1089/1070/1 1088/1068/1
f 1080/1059/1 1090/1071/1 1089/1070/1
f 1080/1059/1 1091/1072/1 1090/1071/1
f 1080/1059/1 1092/1073/1 1091/1072/1
f 1080/1059/1 1093/1074/1 1092/1073/1
f 1080/1059/1 1079/1075/1 1093/1074/1
f 1079/1075/1 1078/1076/1 1093/1074/1
f 1078/1076/1 1077/1077/1 1093/1074/1
f 1077/1077/1 1076/1078/1 1093/1074/1
f 1076/1078/1 1075/1079/1 1093/1074/1
f 1075/1079/1 1074/1080/1 1093/1074/1
f 1074/1080/1 1073/1081/1 1093/1074/1
f 1073/1081/1 1094/1055/1 1093/1074/1
f 1073/1081/1 1072/1082/1 1094/1055/1
f 1072/1082/1 1167/1056/1 1094/1055/1
f 1072/1082/5 1071/1083/5 1167/1056/5
f 1071/1083/1 1070/1084/1 1167/1056/1
f 1070/1084/1 1168/1057/1 1167/1056/1
f 1070/1084/1 1196/1069/1 1168/1057/1
f 1070/1084/1 1069/1085/1 1196/1069/1
f 1069/1085/1 1197/1086/1 1196/1069/1
f 1069/1085/1 1198/1087/1 1197/1086/1
f 1069/1085/1 1199/1088/1 1198/1087/1
f 1069/1085/1 1200/1089/1 1199/1088/1
f 1069/1085/1 1201/1090/1 1200/1089/1
f 1069/1085/1 1068/1091/1 1201/1090/1
f 1068/1091/1 1202/1092/1 1201/1090/1
f 1068/1091/1 1203/1093/1 1202/1092/1
f 1068/1091/1 1204/1094/1 1203/1093/1
f 1068/1091/1 1067/1095/1 1204/1094/1
f 1067/1095/1 958/1096/1 1204/1094/1
f 958/1096/1 1205/1097/1 1204/1094/1
f 1066/1098/1 959/1099/1 1067/1095/1
f 959/1099/1 958/1096/1 1067/1095/1
f 1066/1098/1 960/1100/1 959/1099/1
f 1371/1101/1 1205/1097/1 958/1096/1
f 1371/1101/1 1206/1102/1 1205/1097/1
f 1371/1101/1 1207/1103/1 1206/1102/1
f 1371/1101/1 1208/1104/1 1207/1103/1
f 1371/1101/1 1209/1105/1 1208/1104/1
f 1371/1101/1 1210/1106/1 1209/1105/1
f 1371/1101/1 1211/1107/1 1210/1106/1
f 1371/1101/1 1212/1108/1 1211/1107/1
f 1371/1101/1 1213/1109/1 1212/1108/1
f 1371/1101/1 1214/1110/1 1213/1109/1
f 1371/1101/1 1215/1111/1 1214/1110/1
f 1370/1112/1 1215/1111/1 1371/1101/1
f 1065/1113/1 960/1100/1 1066/1098/1
f 1370/1112/1 1216/1114/1 1215/1111/1
f 1370/1112/1 1217/1115/1 1216/1114/1
f 1065/1113/1 961/1116/1 960/1100/1
f 1369/1117/1 1217/1115/1 1370/1112/1
f 1064/1118/1 961/1116/1 1065/1113/1
f 1064/1118/1 962/1119/1 961/1116/1
f 1368/1120/1 1217/1115/1 1369/1117/1
f 1063/1121/1 962/1119/1 1064/1118/1
f 1368/1120/1 1218/1122/1 1217/1115/1
f 1063/1121/1 963/1123/1 962/1119/1
f 1367/1124/1 1218/1122/1 1368/1120/1
f 1062/1125/1 963/1123/1 1063/1121/1
f 1366/1126/1 1218/1122/1 1367/1124/1
f 1061/1127/1 963/1123/1 1062/1125/1
f 1061/1127/1 964/1128/1 963/1123/1
f 1366/1126/1 1219/1129/1 1218/1122/1
f 1365/1130/1 1219/1129/1 1366/1126/1
f 1060/1131/1 964/1128/1 1061/1127/1
f 1060/1131/1 965/1132/1 964/1128/1
f 1364/1133/1 1219/1129/1 1365/1130/1
f 1059/1134/1 965/1132/1 1060/1131/1
f 1364/1133/1 1220/1135/1 1219/1129/1
f 1363/1136/1 1220/1135/1 1364/1133/1
f 1059/1134/1 966/1137/1 965/1132/1
f 1058/1138/1 966/1137/1 1059/1134/1
f 1362/1139/1 1220/1135/1 1363/1136/1
f 1057/1140/1 966/1137/1 1058/1138/1
f 1057/1140/1 967/1141/1 966/1137/1
f 1362/1139/1 1221/1142/1 1220/1135/1
f 1361/1143/1 1221/1142/1 1362/1139/1
f 1056/1144/1 967/1141/1 1057/1140/1
f 1360/1145/1 1221/1142/1 1361/1143/1
f 1056/1144/1 968/1146/1 967/1141/1
f 1055/1147/1 968/1146/1 1056/1144/1
f 1359/1148/1 1221/1142/1 1360/1145/1
f 1359/1148/1 1222/1149/1 1221/1142/1
f 1054/1150/1 968/1146/1 1055/1147/1
f 1054/1150/1 969/1151/1 968/1146/1
f 1358/1152/1 1222/1149/1 1359/1148/1
f 1053/1153/1 969/1151/1 1054/1150/1
f 1053/1153/1 970/1154/1 969/1151/1
f 1357/1155/1 1222/1149/1 1358/1152/1
f 1052/1156/1 970/1154/1 1053/1153/1
f 1357/1155/1 1223/1157/1 1222/1149/1
f 1356/1158/1 1223/1157/1 1357/1155/1
f 1052/1156/1 971/1159/1 970/1154/1
f 1051/1160/1 971/1159/1 1052/1156/1
f 1355/1161/1 1223/1157/1 1356/1158/1
f 1050/1162/1 971/1159/1 1051/1160/1
f 1050/1162/1 972/1163/1 971/1159/1
f 1354/1164/1 1223/1157/1 1355/1161/1
f 1354/1164/1 1224/1165/1 1223/1157/1
f 1049/1166/1 972/1163/1 1050/1162/1
f 1049/1166/1 973/1167/1 972/1163/1
f 1353/1168/1 1224/1165/1 1354/1164/1
f 1048/1169/1 973/1167/1 1049/1166/1
f 1048/1169/1 974/1170/1 973/1167/1
f 1352/1171/1 1224/1165/1 1353/1168/1
f 1047/1172/1 974/1170/1 1048/1169/1
f 1352/1171/1 1225/1173/1 1224/1165/1
f 1047/1172/1 975/1174/1 974/1170/1
f 1351/1175/1 1225/1173/1 1352/1171/1
f 1046/1176/1 975/1174/1 1047/1172/1
f 1350/1177/1 1225/1173/1 1351/1175/1
f 1046/1176/1 976/1178/1 975/1174/1
f 1045/1179/1 976/1178/1 1046/1176/1
f 1350/1177/1 1226/1180/1 1225/1173/1
f 1349/1181/1 1226/1180/1 1350/1177/1
f 1044/1182/1 976/1178/1 1045/1179/1
f 1044/1182/1 977/1183/1 976/1178/1
f 1043/1184/1 977/1183/1 1044/1182/1
f 1348/1185/1 1226/1180/1 1349/1181/1
f 1043/1184/1 978/1186/1 977/1183/1
f 1348/1185/1 1227/1187/1 1226/1180/1
f 1042/1188/1 978/1186/1 1043/1184/1
f 1347/1189/1 1227/1187/1 1348/1185/1
f 1042/1188/1 979/1190/1 978/1186/1
f 1346/1191/1 1227/1187/1 1347/1189/1
f 1345/1192/1 1227/1187/1 1346/1191/1
f 1041/1193/1 979/1190/1 1042/1188/1
f 1344/1194/1 1227/1187/1 1345/1192/1
f 1343/1195/1 1227/1187/1 1344/1194/1
f 1041/1193/1 980/1196/1 979/1190/1
f 1342/1197/1 1227/1187/1 1343/1195/1
f 1342/1197/1 1228/1198/1 1227/1187/1
f 1341/1199/1 1228/1198/1 1342/1197/1
f 1040/1200/1 980/1196/1 1041/1193/1
f 1340/1201/1 1228/1198/1 1341/1199/1
f 1339/1202/1 1228/1198/1 1340/1201/1
f 1040/1200/1 981/1203/1 980/1196/1
f 1338/1204/1 1228/1198/1 1339/1202/1
f 1337/1205/1 1228/1198/1 1338/1204/1
f 1336/1206/1 1228/1198/1 1337/1205/1
f 1310/1207/1 1312/1208/1 1311/1209/1
f 1309/1210/1 1312/1208/1 1310/1207/1
f 1309/1210/1 1313/1211/1 1312/1208/1
f 1308/1212/1 1313/1211/1 1309/1210/1
f 1307/1213/1 1313/1211/1 1308/1212/1
f 1306/1214/1 1313/1211/1 1307/1213/1
f 1305/1215/1 1313/1211/1 1306/1214/1
f 1039/1216/1 981/1203/1 1040/1200/1
f 1335/1217/1 1228/1198/1 1336/1206/1
f 1304/1218/1 1313/1211/1 1305/1215/1
f 1304/1218/1 1314/1219/1 1313/1211/1
f 1303/1220/1 1314/1219/1 1304/1218/1
f 1302/1221/1 1314/1219/1 1303/1220/1
f 1334/1222/1 1228/1198/1 1335/1217/1
f 1302/1221/1 1315/1223/1 1314/1219/1
f 1301/1224/1 1315/1223/1 1302/1221/1
f 1039/1216/1 982/1225/1 981/1203/1
f 1333/1226/1 1228/1198/1 1334/1222/1
f 1300/1227/1 1315/1223/1 1301/1224/1
f 1300/1227/1 1316/1228/1 1315/1223/1
f 1299/1229/1 1316/1228/1 1300/1227/1
f 1332/1230/1 1228/1198/1 1333/1226/1
f 1298/1231/1 1316/1228/1 1299/1229/1
f 1298/1231/1 1317/1232/1 1316/1228/1
f 1297/1233/1 1317/1232/1 1298/1231/1
f 1331/1234/1 1228/1198/1 1332/1230/1
f 1331/1234/1 1229/1235/1 1228/1198/1
f 1296/1236/1 1317/1232/1 1297/1233/1
f 1295/1237/1 1317/1232/1 1296/1236/1
f 1295/1237/1 1318/1238/1 1317/1232/1
f 1294/1239/1 1318/1238/1 1295/1237/1
f 1330/1240/1 1229/1235/1 1331/1234/1
f 1293/1241/1 1318/1238/1 1294/1239/1
f 1293/1241/1 1319/1242/1 1318/1238/1
f 1292/1243/1 1319/1242/1 1293/1241/1
f 1329/1244/1 1229/1235/1 1330/1240/1
f 1291/1245/1 1319/1242/1 1292/1243/1
f 1290/1246/1 1319/1242/1 1291/1245/1
f 1290/1246/1 1320/1247/1 1319/1242/1
f 1289/1248/1 1320/1247/1 1290/1246/1
f 1328/1249/1 1229/1235/1 1329/1244/1
f 1288/1250/1 1320/1247/1 1289/1248/1
f 1287/1251/1 1320/1247/1 1288/1250/1
f 1287/1251/1 1321/1252/1 1320/1247/1
f 1327/1253/1 1229/1235/1 1328/1249/1
f 1287/1251/1 1322/1254/1 1321/1252/1
f 1326/1255/1 1229/1235/1 1327/1253/1
f 1287/1251/1 1323/1256/1 1322/1254/1
f 1325/1257/1 1229/1235/1 1326/1255/1
f 1287/1251/1 1324/1258/1 1323/1256/1
f 1324/1258/1 1229/1235/1 1325/1257/1
f 1287/1251/1 1229/1235/1 1324/1258/1
f 1038/1259/1 982/1225/1 1039/1216/1
f 1286/1260/1 1229/1235/1 1287/1251/1
f 1038/1259/1 983/1261/1 982/1225/1
f 1285/1262/1 1229/1235/1 1286/1260/1
f 1285/1262/1 1230/1263/1 1229/1235/1
f 1284/1264/1 1230/1263/1 1285/1262/1
f 1283/1265/1 1230/1263/1 1284/1264/1
f 1037/1266/1 983/1261/1 1038/1259/1
f 1037/1266/1 984/1267/1 983/1261/1
f 1282/1268/1 1230/1263/1 1283/1265/1
f 1282/1268/1 1231/1269/1 1230/1263/1
f 1281/1270/1 1231/1269/1 1282/1268/1
f 1280/1271/1 1231/1269/1 1281/1270/1
f 1037/1266/1 985/1272/1 984/1267/1
f 1279/1273/1 1231/1269/1 1280/1271/1
f 1036/1274/1 985/1272/1 1037/1266/1
f 1279/1273/1 1232/1275/1 1231/1269/1
f 1278/1276/1 1232/1275/1 1279/1273/1
f 1277/1277/1 1232/1275/1 1278/1276/1
f 1036/1274/1 986/1278/1 985/1272/1
f 1276/1279/1 1232/1275/1 1277/1277/1
f 1276/1279/1 1233/1280/1 1232/1275/1
f 1275/1281/1 1233/1280/1 1276/1279/1
f 1035/1282/1 986/1278/1 1036/1274/1
f 1274/1283/1 1233/1280/1 1275/1281/1
f 1035/1282/1 987/1284/1 986/1278/1
f 1273/1285/1 1233/1280/1 1274/1283/1
f 1273/1285/1 1234/1286/1 1233/1280/1
f 1272/1287/1 1234/1286/1 1273/1285/1
f 1271/1288/1 1234/1286/1 1272/1287/1
f 1035/1282/1 988/1289/1 987/1284/1
f 1034/1290/1 988/1289/1 1035/1282/1
f 1271/1288/1 1235/1291/1 1234/1286/1
f 1270/1292/1 1235/1291/1 1271/1288/1
f 1269/1293/1 1235/1291/1 1270/1292/1
f 1034/1290/1 989/1294/1 988/1289/1
f 1269/1293/1 1236/1295/1 1235/1291/1
f 1268/1296/1 1236/1295/1 1269/1293/1
f 1033/1297/1 989/1294/1 1034/1290/1
f 1267/1298/1 1236/1295/1 1268/1296/1
f 1267/1298/1 1237/1299/1 1236/1295/1
f 1033/1297/1 990/1300/1 989/1294/1
f 1266/1301/1 1237/1299/1 1267/1298/1
f 1266/1301/1 1238/1302/1 1237/1299/1
f 1033/1297/1 991/1303/1 990/1300/1
f 1032/1304/1 991/1303/1 1033/1297/1
f 1265/1305/1 1238/1302/1 1266/1301/1
f 1265/1305/1 1239/1306/1 1238/1302/1
f 1264/1307/1 1239/1306/1 1265/1305/1
f 1032/1304/1 992/1308/1 991/1303/1
f 1264/1307/1 1240/1309/1 1239/1306/1
f 1263/1310/1 1240/1309/1 1264/1307/1
f 1031/1311/1 992/1308/1 1032/1304/1
f 1263/1310/1 1241/1312/1 1240/1309/1
f 1262/1313/1 1241/1312/1 1263/1310/1
f 1031/1311/1 993/1314/1 992/1308/1
f 1262/1313/1 1242/1315/1 1241/1312/1
f 1261/1316/1 1242/1315/1 1262/1313/1
f 1261/1316/1 1243/1317/1 1242/1315/1
f 1260/1318/1 1243/1317/1 1261/1316/1
f 1260/1318/1 1244/1319/1 1243/1317/1
f 1031/1311/1 994/1320/1 993/1314/1
f 1259/1321/1 1244/1319/1 1260/1318/1
f 1259/1321/1 1245/1322/1 1244/1319/1
f 1258/1323/1 1245/1322/1 1259/1321/1
f 1030/1324/1 994/1320/1 1031/1311/1
f 1029/1325/1 994/1320/1 1030/1324/1
f 1028/1326/1 994/1320/1 1029/1325/1
f 1027/1327/1 994/1320/1 1028/1326/1
f 1026/1328/1 994/1320/1 1027/1327/1
f 1258/1323/1 1246/1329/1 1245/1322/1
f 1025/1330/1 994/1320/1 1026/1328/1
f 1024/1331/1 994/1320/1 1025/1330/1
f 1023/1332/1 994/1320/1 1024/1331/1
f 1257/1333/1 1246/1329/1 1258/1323/1
f 1022/1334/1 994/1320/1 1023/1332/1
f 1021/1335/1 994/1320/1 1022/1334/1
f 1020/1336/1 994/1320/1 1021/1335/1
f 1257/1333/1 1247/1337/1 1246/1329/1
f 1019/1338/1 994/1320/1 1020/1336/1
f 1018/1339/1 994/1320/1 1019/1338/1
f 1256/1340/1 1247/1337/1 1257/1333/1
f 1256/1340/1 1248/1341/1 1247/1337/1
f 1255/1342/1 1248/1341/1 1256/1340/1
f 1017/1343/1 994/1320/1 1018/1339/1
f 1017/1343/1 995/1344/1 994/1320/1
f 1255/1342/1 1249/1345/1 1248/1341/1
f 1254/1346/1 1249/1345/1 1255/1342/1
f 1254/1346/1 1250/1347/1 1249/1345/1
f 1016/1348/1 995/1344/1 1017/1343/1
f 1253/1349/1 1250/1347/1 1254/1346/1
f 1253/1349/1 1251/1350/1 1250/1347/1
f 1252/1351/1 1251/1350/1 1253/1349/1
f 1015/1352/1 995/1344/1 1016/1348/1
f 1014/1353/1 995/1344/1 1015/1352/1
f 1013/1354/1 995/1344/1 1014/1353/1
f 1012/1355/1 995/1344/1 1013/1354/1
f 1011/1356/1 995/1344/1 1012/1355/1
f 1010/1357/1 995/1344/1 1011/1356/1
f 1009/1358/1 995/1344/1 1010/1357/1
f 1009/1358/1 996/1359/1 995/1344/1
f 1009/1358/1 997/1360/1 996/1359/1
f 1009/1358/1 998/1361/1 997/1360/1
f 1009/1358/1 999/1362/1 998/1361/1
f 1008/1363/1 999/1362/1 1009/1358/1
f 1008/1363/1 1000/1364/1 999/1362/1
f 1008/1363/1 1001/1365/1 1000/1364/1
f 1008/1363/1 1002/1366/1 1001/1365/1
f 1008/1363/1 1003/1367/1 1002/1366/1
f 1007/1368/1 1003/1367/1 1008/1363/1
f 1007/1368/4 1004/1369/4 1003/1367/4
f 1007/1368/1 1005/1370/1 1004/1369/1
f 1007/1368/1 1006/1371/1 1005/1370/1
f 1683/1372/1 1685/1373/1 1684/1374/1
f 1682/1375/1 1685/1373/1 1683/1372/1
f 1681/1376/1 1685/1373/1 1682/1375/1
f 1681/1376/1 1686/1377/1 1685/1373/1
f 1680/1378/1 1686/1377/1 1681/1376/1
f 1679/1379/1 1686/1377/1 1680/1378/1
f 1679/1379/1 1687/1380/1 1686/1377/1
f 1678/1381/1 1687/1380/1 1679/1379/1
f 1677/1382/1 1687/1380/1 1678/1381/1
f 1677/1382/1 1688/1383/1 1687/1380/1
f 1676/1384/1 1688/1383/1 1677/1382/1
f 1675/1385/1 1688/1383/1 1676/1384/1
f 1675/1385/1 1689/1386/1 1688/1383/1
f 1674/1387/1 1689/1386/1 1675/1385/1
f 1674/1387/1 1690/1388/1 1689/1386/1
f 1673/1389/1 1690/1388/1 1674/1387/1
f 1672/1390/1 1690/1388/1 1673/1389/1
f 1672/1390/1 1691/1391/1 1690/1388/1
f 1671/1392/1 1691/1391/1 1672/1390/1
f 1671/1392/1 1692/1393/1 1691/1391/1
f 1671/1392/1 1693/1394/1 1692/1393/1
f 1670/1395/1 1693/1394/1 1671/1392/1
f 1670/1395/1 1694/1396/1 1693/1394/1
f 1670/1395/1 1695/1397/1 1694/1396/1
f 1669/1398/1 1695/1397/1 1670/1395/1
f 1669/1398/1 1696/1399/1 1695/1397/1
f 1669/1398/1 1697/1400/1 1696/1399/1
f 1669/1398/1 1698/1401/1 1697/1400/1
f 1669/1398/1 1699/1402/1 1698/1401/1
f 1668/1403/1 1699/1402/1 1669/1398/1
f 1668/1403/1 1700/1404/1 1699/1402/1
f 1668/1403/1 1701/1405/1 1700/1404/1
f 1668/1403/1 1702/1406/1 1701/1405/1
f 1667/1407/1 1702/1406/1 1668/1403/1
f 1667/1407/1 1703/1408/1 1702/1406/1
f 1667/1407/1 1704/1409/1 1703/1408/1
f 1667/1407/1 1705/1410/1 1704/1409/1
f 1667/1407/1 1706/1411/1 1705/1410/1
f 1666/1412/1 1706/1411/1 1667/1407/1
f 1666/1412/1 1707/1413/1 1706/1411/1
f 1666/1412/1 1708/1414/1 1707/1413/1
f 1666/1412/1 1709/1415/1 1708/1414/1
f 1666/1412/1 1710/1416/1 1709/1415/1
f 1665/1417/1 1710/1416/1 1666/1412/1
f 1665/1417/1 1711/1418/1 1710/1416/1
f 1665/1417/1 1732/1419/1 1711/1418/1
f 1732/1419/1 1712/1420/1 1711/1418/1
f 1732/1419/1 1713/1421/1 1712/1420/1
f 1665/1417/1 1733/1422/1 1732/1419/1
f 1731/1423/1 1713/1421/1 1732/1419/1
f 1730/1424/1 1713/1421/1 1731/1423/1
f 1730/1424/1 1714/1425/1 1713/1421/1
f 1729/1426/1 1714/1425/1 1730/1424/1
f 1664/1427/1 1733/1422/1 1665/1417/1
f 1729/1426/1 1715/1428/1 1714/1425/1
f 1728/1429/1 1715/1428/1 1729/1426/1
f 1727/1430/1 1715/1428/1 1728/1429/1
f 1664/1427/1 1734/1431/1 1733/1422/1
f 1727/1430/1 1716/1432/1 1715/1428/1
f 1726/1433/1 1716/1432/1 1727/1430/1
f 1725/1434/1 1716/1432/1 1726/1433/1
f 1725/1434/1 1717/1435/1 1716/1432/1
f 1724/1436/1 1717/1435/1 1725/1434/1
f 1724/1436/1 1718/1437/1 1717/1435/1
f 1723/1438/1 1718/1437/1 1724/1436/1
f 1722/1439/1 1718/1437/1 1723/1438/1
f 1722/1439/1 1719/1440/1 1718/1437/1
f 1721/1441/1 1719/1440/1 1722/1439/1
f 1721/1441/1 1720/1442/1 1719/1440/1
f 1664/1427/1 1735/1443/1 1734/1431/1
f 1663/1444/1 1735/1443/1 1664/1427/1
f 1663/1444/1 1736/1445/1 1735/1443/1
f 1663/1444/1 1737/1446/1 1736/1445/1
f 1662/1447/1 1737/1446/1 1663/1444/1
f 1662/1447/1 1738/1448/1 1737/1446/1
f 1662/1447/1 1739/1449/1 1738/1448/1
f 1661/1450/1 1739/1449/1 1662/1447/1
f 1661/1450/1 1740/1451/1 1739/1449/1
f 1661/1450/1 1741/1452/1 1740/1451/1
f 1661/1450/1 1742/1453/1 1741/1452/1
f 1660/1454/1 1742/1453/1 1661/1450/1
f 1660/1454/1 1743/1455/1 1742/1453/1
f 1660/1454/1 1744/1456/1 1743/1455/1
f 1659/1457/1 1744/1456/1 1660/1454/1
f 1658/1458/1 1744/1456/1 1659/1457/1
f 1657/1459/1 1744/1456/1 1658/1458/1
f 1656/1460/1 1744/1456/1 1657/1459/1
f 1655/1461/1 1744/1456/1 1656/1460/1
f 1654/1462/1 1744/1456/1 1655/1461/1
f 1654/1462/1 1612/1463/1 1744/1456/1
f 1612/1463/1 1745/1464/1 1744/1456/1
f 1653/1465/1 1612/1463/1 1654/1462/1
f 1652/1466/1 1612/1463/1 1653/1465/1
f 1651/1467/1 1612/1463/1 1652/1466/1
f 1650/1468/1 1612/1463/1 1651/1467/1
f 1649/1469/1 1612/1463/1 1650/1468/1
f 1648/1470/1 1612/1463/1 1649/1469/1
f 1647/1471/1 1612/1463/1 1648/1470/1
f 1646/1472/1 1612/1463/1 1647/1471/1
f 1645/1473/1 1612/1463/1 1646/1472/1
f 1645/1473/1 1613/1474/1 1612/1463/1
f 1611/1475/1 1745/1464/1 1612/1463/1
f 1644/1476/1 1613/1474/1 1645/1473/1
f 1644/1476/1 1614/1477/1 1613/1474/1
f 1643/1478/1 1614/1477/1 1644/1476/1
f 1642/1479/1 1614/1477/1 1643/1478/1
f 1642/1479/1 1615/1480/1 1614/1477/1
f 1641/1481/1 1615/1480/1 1642/1479/1
f 1641/1481/1 1616/1482/1 1615/1480/1
f 1640/1483/1 1616/1482/1 1641/1481/1
f 1640/1483/1 1617/1484/1 1616/1482/1
f 1639/1485/1 1617/1484/1 1640/1483/1
f 1638/1486/1 1617/1484/1 1639/1485/1
f 1638/1486/1 1618/1487/1 1617/1484/1
f 1637/1488/1 1618/1487/1 1638/1486/1
f 1636/1489/1 1618/1487/1 1637/1488/1
f 1635/1490/1 1618/1487/1 1636/1489/1
f 1635/1490/1 1619/1491/1 1618/1487/1
f 1634/1492/1 1619/1491/1 1635/1490/1
f 1633/1493/1 1619/1491/1 1634/1492/1
f 1633/1493/1 1620/1494/1 1619/1491/1
f 1632/1495/1 1620/1494/1 1633/1493/1
f 1631/1496/1 1620/1494/1 1632/1495/1
f 1631/1496/1 1621/1497/1 1620/1494/1
f 1630/1498/1 1621/1497/1 1631/1496/1
f 1629/1499/1 1621/1497/1 1630/1498/1
f 1629/1499/1 1622/1500/1 1621/1497/1
f 1628/1501/1 1622/1500/1 1629/1499/1
f 1627/1502/1 1622/1500/1 1628/1501/1
f 1627/1502/1 1623/1503/1 1622/1500/1
f 1626/1504/1 1623/1503/1 1627/1502/1
f 1625/1505/1 1623/1503/1 1626/1504/1
f 1625/1505/1 1624/1506/1 1623/1503/1
f 1757/1507/1 1759/1508/1 1758/1509/1
f 1757/1507/1 1760/1510/1 1759/1508/1
f 1756/1511/1 1760/1510/1 1757/1507/1
f 1756/1511/1 1761/1512/1 1760/1510/1
f 1755/1513/1 1761/1512/1 1756/1511/1
f 1755/1513/1 1762/1514/1 1761/1512/1
f 1754/1515/1 1762/1514/1 1755/1513/1
f 1754/1515/1 1763/1516/1 1762/1514/1
f 1753/1517/1 1763/1516/1 1754/1515/1
f 1753/1517/1 1764/1518/1 1763/1516/1
f 1752/1519/1 1764/1518/1 1753/1517/1
f 1752/1519/1 1765/1520/1 1764/1518/1
f 1752/1519/1 1766/1521/1 1765/1520/1
f 1751/1522/1 1766/1521/1 1752/1519/1
f 1751/1522/1 1767/1523/1 1766/1521/1
f 1750/1524/1 1767/1523/1 1751/1522/1
f 1750/1524/1 1768/1525/1 1767/1523/1
f 1749/1526/1 1768/1525/1 1750/1524/1
f 1749/1526/1 1769/1527/1 1768/1525/1
f 1748/1528/1 1769/1527/1 1749/1526/1
f 1748/1528/1 1770/1529/1 1769/1527/1
f 1747/1530/1 1770/1529/1 1748/1528/1
f 1747/1530/1 1771/1531/1 1770/1529/1
f 1747/1530/1 1772/1532/1 1771/1531/1
f 1747/1530/1 1773/1533/1 1772/1532/1
f 1746/1534/1 1773/1533/1 1747/1530/1
f 1597/1535/1 1599/1536/1 1598/1537/1
f 1746/1534/1 1774/1538/1 1773/1533/1
f 1597/1535/1 1600/1539/1 1599/1536/1
f 1597/1535/1 1601/1540/1 1600/1539/1
f 1746/1534/1 1775/1541/1 1774/1538/1
f 1597/1535/1 1602/1542/1 1601/1540/1
f 1597/1535/1 1603/1543/1 1602/1542/1
f 1597/1535/1 1604/1544/1 1603/1543/1
f 1597/1535/1 1605/1545/1 1604/1544/1
f 1746/1534/1 1776/1546/1 1775/1541/1
f 1597/1535/1 1606/1547/1 1605/1545/1
f 1597/1535/1 1607/1548/1 1606/1547/1
f 1597/1535/1 1608/1549/1 1607/1548/1
f 1597/1535/1 1609/1550/1 1608/1549/1
f 1597/1535/1 1610/1551/1 1609/1550/1
f 1597/1535/1 1596/1552/1 1610/1551/1
f 1596/1552/1 1595/1553/1 1610/1551/1
f 1595/1553/1 1594/1554/1 1610/1551/1
f 1594/1554/1 1593/1555/1 1610/1551/1
f 1593/1555/1 1592/1556/1 1610/1551/1
f 1592/1556/1 1591/1557/1 1610/1551/1
f 1591/1557/1 1590/1558/1 1610/1551/1
f 1590/1558/1 1589/1559/1 1610/1551/1
f 1589/1559/1 1588/1560/1 1610/1551/1
f 1588/1560/1 1611/1475/1 1610/1551/1
f 1588/1560/1 1587/1561/1 1611/1475/1
f 1587/1561/1 1745/1464/1 1611/1475/1
f 1587/1561/1 1586/1562/1 1745/1464/1
f 1586/1562/1 1746/1534/1 1745/1464/1
f 1586/1562/1 1776/1546/1 1746/1534/1
f 1586/1562/1 1777/1563/1 1776/1546/1
f 1586/1562/1 1778/1564/1 1777/1563/1
f 1586/1562/1 1779/1565/1 1778/1564/1
f 1586/1562/1 1780/1566/1 1779/1565/1
f 1586/1562/1 1781/1567/1 1780/1566/1
f 1586/1562/1 1585/1568/1 1781/1567/1
f 1585/1568/1 1782/1569/1 1781/1567/1
f 1585/1568/1 1783/1570/1 1782/1569/1
f 1585/1568/1 1784/1571/1 1783/1570/1
f 1585/1568/1 1785/1572/1 1784/1571/1
f 1585/1568/1 1786/1573/1 1785/1572/1
f 1585/1568/1 1787/1574/1 1786/1573/1
f 1585/1568/1 1788/1575/1 1787/1574/1
f 1585/1568/1 1789/1576/1 1788/1575/1
f 1585/1568/1 1790/1577/1 1789/1576/1
f 1585/1568/1 1791/1578/1 1790/1577/1
f 1585/1568/1 1792/1579/1 1791/1578/1
f 1585/1568/1 1793/1580/1 1792/1579/1
f 1585/1568/1 1794/1581/1 1793/1580/1
f 1584/1582/1 1794/1581/1 1585/1568/1
f 1583/1583/1 1795/1584/1 1584/1582/1
f 1795/1584/1 1794/1581/1 1584/1582/1
f 1583/1583/1 1796/1585/1 1795/1584/1
f 1569/1586/1 1571/1587/1 1570/1588/1
f 1808/1589/1 1810/1590/1 1809/1591/1
f 1808/1589/1 1811/1592/1 1810/1590/1
f 1807/1593/1 1811/1592/1 1808/1589/1
f 1807/1593/1 1812/1594/1 1811/1592/1
f 1806/1595/1 1812/1594/1 1807/1593/1
f 1569/1586/1 1572/1596/1 1571/1587/1
f 1806/1595/1 1813/1597/1 1812/1594/1
f 1805/1598/1 1813/1597/1 1806/1595/1
f 1805/1598/1 1814/1599/1 1813/1597/1
f 1804/1600/1 1814/1599/1 1805/1598/1
f 1569/1586/1 1573/1601/1 1572/1596/1
f 1568/1602/1 1573/1601/1 1569/1586/1
f 1804/1600/1 1815/1603/1 1814/1599/1
f 1803/1604/1 1815/1603/1 1804/1600/1
f 1803/1604/1 1816/1605/1 1815/1603/1
f 1568/1602/1 1574/1606/1 1573/1601/1
f 1802/1607/1 1816/1605/1 1803/1604/1
f 1802/1607/1 1817/1608/1 1816/1605/1
f 1568/1602/1 1575/1609/1 1574/1606/1
f 1567/1610/1 1575/1609/1 1568/1602/1
f 1801/1611/1 1817/1608/1 1802/1607/1
f 1801/1611/1 1818/1612/1 1817/1608/1
f 1567/1610/1 1576/1613/1 1575/1609/1
f 1800/1614/1 1818/1612/1 1801/1611/1
f 1800/1614/1 1819/1615/1 1818/1612/1
f 1567/1610/1 1577/1616/1 1576/1613/1
f 1566/1617/1 1577/1616/1 1567/1610/1
f 1799/1618/1 1819/1615/1 1800/1614/1
f 1566/1617/1 1578/1619/1 1577/1616/1
f 1799/1618/1 1820/1620/1 1819/1615/1
f 1566/1617/1 1579/1621/1 1578/1619/1
f 1799/1618/1 1821/1622/1 1820/1620/1
f 1798/1623/1 1821/1622/1 1799/1618/1
f 1565/1624/1 1579/1621/1 1566/1617/1
f 1565/1624/1 1580/1625/1 1579/1621/1
f 1798/1623/1 1822/1626/1 1821/1622/1
f 1565/1624/1 1581/1627/1 1580/1625/1
f 1797/1628/1 1822/1626/1 1798/1623/1
f 1797/1628/1 1823/1629/1 1822/1626/1
f 1565/1624/1 1582/1630/1 1581/1627/1
f 1564/1631/1 1582/1630/1 1565/1624/1
f 1797/1628/1 1824/1632/1 1823/1629/1
f 1564/1631/1 1583/1583/1 1582/1630/1
f 1564/1631/1 1796/1585/1 1583/1583/1
f 1564/1631/1 1797/1628/1 1796/1585/1
f 1564/1631/1 1824/1632/1 1797/1628/1
f 1564/1631/1 1825/1633/1 1824/1632/1
f 1564/1631/1 1826/1634/1 1825/1633/1
f 1563/1635/1 1826/1634/1 1564/1631/1
f 1563/1635/1 1827/1636/1 1826/1634/1
f 1563/1635/1 1828/1637/1 1827/1636/1
f 1563/1635/1 1829/1638/1 1828/1637/1
f 1563/1635/1 1830/1639/1 1829/1638/1
f 1563/1635/1 1831/1640/1 1830/1639/1
f 1562/1641/1 1881/1642/1 1563/1635/1
f 1881/1642/1 1831/1640/1 1563/1635/1
f 1881/1642/1 1832/1643/1 1831/1640/1
f 1881/1642/1 1833/1644/1 1832/1643/1
f 1881/1642/1 1878/1645/1 1833/1644/1
f 1878/1645/1 1877/1646/1 1833/1644/1
f 1877/1646/1 1834/1647/1 1833/1644/1
f 1562/1641/1 1882/1648/1 1881/1642/1
f 1880/1649/1 1878/1645/1 1881/1642/1
f 1879/1650/1 1878/1645/1 1880/1649/1
f 1879/1650/1 1875/1651/1 1878/1645/1
f 1876/1652/1 1834/1647/1 1877/1646/1
f 1876/1652/1 1835/1653/1 1834/1647/1
f 1876/1652/1 1836/1654/1 1835/1653/1
f 1561/1655/1 1882/1648/1 1562/1641/1
f 1876/1652/1 1837/1656/1 1836/1654/1
f 1876/1652/1 1838/1657/1 1837/1656/1
f 1876/1652/1 1839/1658/1 1838/1657/1
f 1876/1652/1 1845/1659/1 1839/1658/1
f 1845/1659/1 1840/1660/1 1839/1658/1
f 1560/1661/1 1882/1648/1 1561/1655/1
f 1845/1659/1 1841/1662/1 1840/1660/1
f 1845/1659/1 1842/1663/1 1841/1662/1
f 1845/1659/1 1843/1664/1 1842/1663/1
f 1559/1665/1 1882/1648/1 1560/1661/1
f 1845/1659/1 1844/1666/1 1843/1664/1
f 1876/1652/1 1846/1667/1 1845/1659/1
f 1558/1668/1 1882/1648/1 1559/1665/1
f 1557/1669/1 1882/1648/1 1558/1668/1
f 1876/1652/1 1847/1670/1 1846/1667/1
f 1557/1669/1 1884/1671/1 1882/1648/1
f 1884/1671/1 1879/1650/1 1882/1648/1
f 1884/1671/1 1875/1651/1 1879/1650/1
f 1884/1671/1 1876/1652/1 1875/1651/1
f 1884/1671/1 1874/1672/1 1876/1652/1
f 1874/1672/1 1873/1673/1 1876/1652/1
f 1873/1673/1 1847/1670/1 1876/1652/1
f 1557/1669/1 1885/1674/1 1884/1671/1
f 1883/1675/1 1874/1672/1 1884/1671/1
f 1886/1676/1 1874/1672/1 1883/1675/1
f 1886/1676/1 1871/1677/1 1874/1672/1
f 1872/1678/1 1847/1670/1 1873/1673/1
f 1557/1669/1 1532/1679/1 1885/1674/1
f 1532/1679/1 1886/1676/1 1885/1674/1
f 1532/1679/1 1871/1677/1 1886/1676/1
f 1532/1679/1 1872/1678/1 1871/1677/1
f 1532/1679/1 1847/1670/1 1872/1678/1
f 1557/1669/1 1533/1680/1 1532/1679/1
f 1531/1681/1 1847/1670/1 1532/1679/1
f 1530/1682/1 1374/1683/1 1531/1681/1
f 1374/1683/1 1847/1670/1 1531/1681/1
f 1530/1682/1 1375/1684/1 1374/1683/1
f 1373/1685/1 1847/1670/1 1374/1683/1
f 1372/1686/1 1847/1670/1 1373/1685/1
f 1372/1686/1 1848/1687/1 1847/1670/1
f 1372/1686/1 1849/1688/1 1848/1687/1
f 1870/1689/1 1849/1688/1 1372/1686/1
f 1870/1689/1 1850/1690/1 1849/1688/1
f 1557/1669/1 1534/1691/1 1533/1680/1
f 1869/1692/1 1850/1690/1 1870/1689/1
f 1869/1692/1 1851/1693/1 1850/1690/1
f 1557/1669/1 1535/1694/1 1534/1691/1
f 1556/1695/1 1535/1694/1 1557/1669/1
f 1868/1696/1 1851/1693/1 1869/1692/1
f 1868/1696/1 1852/1697/1 1851/1693/1
f 1556/1695/1 1536/1698/1 1535/1694/1
f 1867/1699/1 1852/1697/1 1868/1696/1
f 1555/1700/1 1536/1698/1 1556/1695/1
f 1867/1699/1 1853/1701/1 1852/1697/1
f 1866/1702/1 1853/1701/1 1867/1699/1
f 1555/1700/1 1537/1703/1 1536/1698/1
f 1554/1704/1 1537/1703/1 1555/1700/1
f 1866/1702/1 1854/1705/1 1853/1701/1
f 1865/1706/1 1854/1705/1 1866/1702/1
f 1553/1707/1 1537/1703/1 1554/1704/1
f 1864/1708/1 1854/1705/1 1865/1706/1
f 1553/1707/1 1538/1709/1 1537/1703/1
f 1864/1708/1 1855/1710/1 1854/1705/1
f 1863/1711/1 1855/1710/1 1864/1708/1
f 1863/1711/1 1856/1712/1 1855/1710/1
f 1552/1713/1 1538/1709/1 1553/1707/1
f 1552/1713/1 1539/1714/1 1538/1709/1
f 1862/1715/1 1856/1712/1 1863/1711/1
f 1862/1715/1 1857/1716/1 1856/1712/1
f 1861/1717/1 1857/1716/1 1862/1715/1
f 1861/1717/1 1858/1718/1 1857/1716/1
f 1860/1719/1 1858/1718/1 1861/1717/1
f 1551/1720/1 1539/1714/1 1552/1713/1
f 1860/1719/1 1859/1721/1 1858/1718/1
f 1551/1720/1 1540/1722/1 1539/1714/1
f 1550/1723/1 1540/1722/1 1551/1720/1
f 1550/1723/1 1541/1724/1 1540/1722/1
f 1549/1725/1 1541/1724/1 1550/1723/1
f 1549/1725/1 1542/1726/1 1541/1724/1
f 1548/1727/1 1542/1726/1 1549/1725/1
f 1548/1727/1 1543/1728/1 1542/1726/1
f 1387/1729/1 1389/1730/1 1388/1731/1
f 1547/1732/1 1543/1728/1 1548/1727/1
f 1387/1729/1 1390/1733/1 1389/1730/1
f 1386/1734/1 1390/1733/1 1387/1729/1
f 1547/1732/1 1544/1735/1 1543/1728/1
f 1386/1734/1 1391/1736/1 1390/1733/1
f 1546/1737/1 1544/1735/1 1547/1732/1
f 1385/1738/1 1391/1736/1 1386/1734/1
f 1546/1737/1 1545/1739/1 1544/1735/1
f 1385/1738/1 1392/1740/1 1391/1736/1
f 1384/1741/1 1392/1740/1 1385/1738/1
f 1384/1741/1 1393/1742/1 1392/1740/1
f 1383/1743/1 1393/1742/1 1384/1741/1
f 1383/1743/1 1394/1744/1 1393/1742/1
f 1382/1745/1 1394/1744/1 1383/1743/1
f 1382/1745/1 1395/1746/1 1394/1744/1
f 1382/1745/1 1396/1747/1 1395/1746/1
f 1381/1748/1 1396/1747/1 1382/1745/1
f 1381/1748/1 1397/1749/1 1396/1747/1
f 1380/1750/1 1397/1749/1 1381/1748/1
f 1380/1750/1 1398/1751/1 1397/1749/1
f 1379/1752/1 1398/1751/1 1380/1750/1
f 1379/1752/1 1399/1753/1 1398/1751/1
f 1378/1754/1 1399/1753/1 1379/1752/1
f 1378/1754/1 1400/1755/1 1399/1753/1
f 1377/1756/1 1400/1755/1 1378/1754/1
f 1377/1756/1 1401/1757/1 1400/1755/1
f 1377/1756/1 1402/1758/1 1401/1757/1
f 1377/1756/1 1403/1759/1 1402/1758/1
f 1376/1760/1 1403/1759/1 1377/1756/1
f 1516/1761/1 1518/1762/1 1517/1763/1
f 1376/1760/1 1404/1764/1 1403/1759/1
f 1516/1761/1 1519/1765/1 1518/1762/1
f 1516/1761/1 1520/1766/1 1519/1765/1
f 1376/1760/1 1405/1767/1 1404/1764/1
f 1516/1761/1 1521/1768/1 1520/1766/1
f 1516/1761/1 1522/1769/1 1521/1768/1
f 1516/1761/1 1523/1770/1 1522/1769/1
f 1516/1761/1 1524/1771/1 1523/1770/1
f 1376/1760/1 1406/1772/1 1405/1767/1
f 1516/1761/1 1525/1773/1 1524/1771/1
f 1516/1761/1 1526/1774/1 1525/1773/1
f 1516/1761/1 1527/1775/1 1526/1774/1
f 1516/1761/1 1528/1776/1 1527/1775/1
f 1516/1761/1 1529/1777/1 1528/1776/1
f 1516/1761/1 1515/1778/1 1529/1777/1
f 1515/1778/1 1514/1779/1 1529/1777/1
f 1514/1779/1 1513/1780/1 1529/1777/1
f 1513/1780/1 1512/1781/1 1529/1777/1
f 1512/1781/1 1511/1782/1 1529/1777/1
f 1511/1782/1 1510/1783/1 1529/1777/1
f 1510/1783/1 1509/1784/1 1529/1777/1
f 1509/1784/1 1508/1785/1 1529/1777/1
f 1508/1785/1 1530/1682/1 1529/1777/1
f 1508/1785/1 1507/1786/1 1530/1682/1
f 1507/1786/1 1375/1684/1 1530/1682/1
f 1507/1786/1 1506/1787/1 1375/1684/1
f 1506/1787/1 1376/1760/1 1375/1684/1
f 1506/1787/1 1505/1788/1 1376/1760/1
f 1505/1788/1 1406/1772/1 1376/1760/1
f 1505/1788/1 1407/1789/1 1406/1772/1
f 1505/1788/1 1408/1790/1 1407/1789/1
f 1505/1788/1 1409/1791/1 1408/1790/1
f 1505/1788/1 1410/1792/1 1409/1791/1
f 1505/1788/1 1411/1793/1 1410/1792/1
f 1505/1788/1 1412/1794/1 1411/1793/1
f 1505/1788/1 1504/1795/1 1412/1794/1
f 1504/1795/1 1413/1796/1 1412/1794/1
f 1504/1795/1 1414/1797/1 1413/1796/1
f 1504/1795/1 1415/1798/1 1414/1797/1
f 1504/1795/1 1416/1799/1 1415/1798/1
f 1504/1795/1 1417/1800/1 1416/1799/1
f 1504/1795/1 1418/1801/1 1417/1800/1
f 1504/1795/1 1419/1802/1 1418/1801/1
f 1504/1795/1 1420/1803/1 1419/1802/1
f 1504/1795/1 1421/1804/1 1420/1803/1
f 1504/1795/1 1422/1805/1 1421/1804/1
f 1504/1795/1 1423/1806/1 1422/1805/1
f 1504/1795/1 1424/1807/1 1423/1806/1
f 1503/1808/1 1424/1807/1 1504/1795/1
f 1502/1809/1 1425/1810/1 1503/1808/1
f 1425/1810/1 1424/1807/1 1503/1808/1
f 1502/1809/1 1426/1811/1 1425/1810/1
f 1438/1812/1 1440/1813/1 1439/1814/1
f 1438/1812/1 1441/1815/1 1440/1813/1
f 1437/1816/1 1441/1815/1 1438/1812/1
f 1437/1816/1 1442/1817/1 1441/1815/1
f 1436/1818/1 1442/1817/1 1437/1816/1
f 1436/1818/1 1443/1819/1 1442/1817/1
f 1435/1820/1 1443/1819/1 1436/1818/1
f 1435/1820/1 1444/1821/1 1443/1819/1
f 1434/1822/1 1444/1821/1 1435/1820/1
f 1434/1822/1 1445/1823/1 1444/1821/1
f 1434/1822/1 1446/1824/1 1445/1823/1
f 1433/1825/1 1446/1824/1 1434/1822/1
f 1433/1825/1 1447/1826/1 1446/1824/1
f 1432/1827/1 1447/1826/1 1433/1825/1
f 1432/1827/1 1448/1828/1 1447/1826/1
f 1431/1829/1 1448/1828/1 1432/1827/1
f 1431/1829/1 1449/1830/1 1448/1828/1
f 1430/1831/1 1449/1830/1 1431/1829/1
f 1430/1831/1 1450/1832/1 1449/1830/1
f 1429/1833/1 1450/1832/1 1430/1831/1
f 1429/1833/1 1451/1834/1 1450/1832/1
f 1429/1833/1 1452/1835/1 1451/1834/1
f 1428/1836/1 1452/1835/1 1429/1833/1
f 1428/1836/1 1453/1837/1 1452/1835/1
f 1428/1836/1 1454/1838/1 1453/1837/1
f 1427/1839/1 1454/1838/1 1428/1836/1
f 1427/1839/1 1455/1840/1 1454/1838/1
f 1488/1841/1 1490/1842/1 1489/1843/1
f 1488/1841/1 1491/1844/1 1490/1842/1
f 1427/1839/1 1456/1845/1 1455/1840/1
f 1488/1841/1 1492/1846/1 1491/1844/1
f 1488/1841/1 1493/1847/1 1492/1846/1
f 1488/1841/1 1494/1848/1 1493/1847/1
f 1427/1839/1 1457/1849/1 1456/1845/1
f 1488/1841/1 1495/1850/1 1494/1848/1
f 1488/1841/1 1496/1851/1 1495/1850/1
f 1488/1841/1 1497/1852/1 1496/1851/1
f 1488/1841/1 1498/1853/1 1497/1852/1
f 1488/1841/1 1499/1854/1 1498/1853/1
f 1488/1841/1 1500/1855/1 1499/1854/1
f 1488/1841/1 1501/1856/1 1500/1855/1
f 1488/1841/1 1487/1857/1 1501/1856/1
f 1487/1857/1 1486/1858/1 1501/1856/1
f 1486/1858/1 1485/1859/1 1501/1856/1
f 1485/1859/1 1484/1860/1 1501/1856/1
f 1484/1860/1 1483/1861/1 1501/1856/1
f 1483/1861/1 1482/1862/1 1501/1856/1
f 1482/1862/1 1481/1863/1 1501/1856/1
f 1481/1863/1 1502/1809/1 1501/1856/1
f 1481/1863/1 1480/1864/1 1502/1809/1
f 1480/1864/1 1426/1811/1 1502/1809/1
f 1480/1864/1 1479/1865/1 1426/1811/1
f 1479/1865/1 1478/1866/1 1426/1811/1
f 1478/1866/1 1427/1839/1 1426/1811/1
f 1478/1866/1 1457/1849/1 1427/1839/1
f 1478/1866/1 1458/1867/1 1457/1849/1
f 1478/1866/1 1477/1868/1 1458/1867/1
f 1477/1868/1 1459/1869/1 1458/1867/1
f 1477/1868/1 1460/1870/1 1459/1869/1
f 1477/1868/1 1461/1871/1 1460/1870/1
f 1477/1868/1 1462/1872/1 1461/1871/1
f 1477/1868/1 1463/1873/1 1462/1872/1
f 1477/1868/1 1464/1874/1 1463/1873/1
f 1477/1868/1 1476/1875/1 1464/1874/1
f 1476/1875/1 1465/1876/1 1464/1874/1
f 1476/1875/1 1466/1877/1 1465/1876/1
f 1476/1875/1 1467/1878/1 1466/1877/1
f 1476/1875/1 1468/1879/1 1467/1878/1
f 1476/1875/1 1469/1880/1 1468/1879/1
f 1476/1875/1 1470/1881/1 1469/1880/1
f 1476/1875/1 1471/1882/1 1470/1881/1
f 1476/1875/1 1472/1883/1 1471/1882/1
f 1476/1875/1 1473/1884/1 1472/1883/1
f 1476/1875/1 1474/1885/1 1473/1884/1
f 1476/1875/1 1475/1886/1 1474/1885/1
f 2440/1887/7 2441/1888/7 2442/1889/7
f 2172/1890/7 2173/1891/7 2174/1892/7
f 2440/1887/7 2442/1889/7 2443/1893/7
f 2172/1890/7 2174/1892/7 2175/1894/7
f 2172/1890/7 2175/1894/7 2176/1895/7
f 2172/1890/7 2176/1895/7 2177/1896/7
f 2172/1890/7 2177/1896/7 2178/1897/7
f 2440/1887/7 2443/1893/7 2444/1898/7
f 2172/1890/7 2178/1897/7 2179/1899/7
f 2439/1900/7 2440/1887/7 2444/1898/7
f 2172/1890/7 2179/1899/7 2180/1901/7
f 2172/1890/7 2180/1901/7 2181/1902/7
f 2171/1903/7 2172/1890/7 2181/1902/7
f 2171/1903/7 2181/1902/7 2182/1904/7
f 2439/1900/7 2444/1898/7 2445/1905/7
f 2171/1903/7 2182/1904/7 2183/1906/7
f 2171/1903/7 2183/1906/7 2184/1907/7
f 2171/1903/7 2184/1907/7 2185/1908/7
f 2171/1903/7 2185/1908/7 2186/1909/7
f 2439/1900/7 2445/1905/7 2446/1910/7
f 2171/1903/7 2186/1909/7 2187/1911/7
f 2171/1903/7 2187/1911/7 2188/1912/7
f 2171/1903/7 2188/1912/7 2189/1913/7
f 2170/1914/7 2171/1903/7 2189/1913/7
f 2438/1915/7 2439/1900/7 2446/1910/7
f 2170/1914/7 2189/1913/7 2190/1916/7
f 2438/1915/7 2446/1910/7 2447/1917/7
f 2170/1914/7 2190/1916/7 2191/1918/7
f 2170/1914/7 2191/1918/7 2192/1919/7
f 2170/1914/7 2192/1919/7 2193/1920/7
f 2438/1915/7 2447/1917/7 2448/1921/7
f 2170/1914/7 2193/1920/7 2194/1922/7
f 2170/1914/7 2194/1922/7 2195/1923/7
f 2169/1924/7 2170/1914/7 2195/1923/7
f 2169/1924/7 2195/1923/7 2196/1925/7
f 2438/1915/7 2448/1921/7 2449/1926/7
f 2169/1924/7 2196/1925/7 2197/1927/7
f 2437/1928/7 2438/1915/7 2449/1926/7
f 2169/1924/7 2197/1927/7 2198/1929/7
f 2437/1928/7 2449/1926/7 2450/1930/7
f 2169/1924/7 2198/1929/7 2199/1931/7
f 2437/1928/7 2450/1930/7 2451/1932/7
f 2169/1924/7 2199/1931/7 2200/1933/7
f 2168/1934/7 2169/1924/7 2200/1933/7
f 2168/1934/7 2200/1933/7 2201/1935/7
f 2437/1928/7 2451/1932/7 2452/1936/7
f 2168/1934/7 2201/1935/7 2202/1937/7
f 2437/1928/7 2452/1936/7 2453/1938/7
f 2168/1934/7 2202/1937/7 2203/1939/7
f 2436/1940/7 2437/1928/7 2453/1938/7
f 2168/1934/7 2203/1939/7 2204/1941/7
f 2436/1940/7 2453/1938/7 2454/1942/7
f 2167/1943/7 2168/1934/7 2204/1941/7
f 2167/1943/7 2204/1941/7 2205/1944/7
f 2436/1940/7 2454/1942/7 2455/1945/7
f 2167/1943/7 2205/1944/7 2206/1946/7
f 2436/1940/7 2455/1945/7 2456/1947/7
f 2436/1940/7 2456/1947/7 2457/1948/7
f 2167/1943/7 2206/1946/7 2207/1949/7
f 2436/1940/7 2457/1948/7 2458/1950/7
f 2167/1943/7 2207/1949/7 2208/1951/7
f 2166/1952/7 2167/1943/7 2208/1951/7
f 2436/1940/7 2458/1950/7 2459/1953/7
f 2435/1954/7 2436/1940/7 2459/1953/7
f 2166/1952/7 2208/1951/7 2209/1955/7
f 2435/1954/7 2459/1953/7 2460/1956/7
f 2435/1954/7 2460/1956/7 2461/1957/7
f 2166/1952/7 2209/1955/7 2210/1958/7
f 2435/1954/7 2461/1957/7 2462/1959/7
f 2435/1954/7 2462/1959/7 2463/1960/7
f 2435/1954/7 2463/1960/7 2464/1961/7
f 2435/1954/7 2464/1961/7 2465/1962/7
f 2165/1963/7 2166/1952/7 2210/1958/7
f 2435/1954/7 2465/1962/7 2466/1964/7
f 2434/1965/7 2435/1954/7 2466/1964/7
f 2164/1966/7 2165/1963/7 2210/1958/7
f 2433/1967/7 2434/1965/7 2466/1964/7
f 2163/1968/7 2164/1966/7 2210/1958/7
f 2433/1967/7 2466/1964/7 2467/1969/7
f 2432/1970/7 2433/1967/7 2467/1969/7
f 2162/1971/7 2163/1968/7 2210/1958/7
f 2161/1972/7 2162/1971/7 2210/1958/7
f 2431/1973/7 2432/1970/7 2467/1969/7
f 2431/1973/7 2467/1969/7 2468/1974/7
f 2160/1975/7 2161/1972/7 2210/1958/7
f 2430/1976/7 2431/1973/7 2468/1974/7
f 2430/1976/7 2468/1974/7 2469/1977/7
f 2429/1978/7 2430/1976/7 2469/1977/7
f 2428/1979/7 2429/1978/7 2469/1977/7
f 2428/1979/7 2469/1977/7 2470/1980/7
f 2222/1981/7 2223/1982/7 2224/1983/7
f 2222/1981/7 2224/1983/7 2225/1984/7
f 2221/1985/7 2222/1981/7 2225/1984/7
f 2221/1985/7 2225/1984/7 2226/1986/7
f 2220/1987/7 2221/1985/7 2226/1986/7
f 2220/1987/7 2226/1986/7 2227/1988/7
f 2428/1979/7 2470/1980/7 2471/1989/7
f 2219/1990/7 2220/1987/7 2227/1988/7
f 2219/1990/7 2227/1988/7 2228/1991/7
f 2218/1992/7 2219/1990/7 2228/1991/7
f 2218/1992/7 2228/1991/7 2229/1993/7
f 2218/1992/7 2229/1993/7 2230/1994/7
f 2217/1995/7 2218/1992/7 2230/1994/7
f 2427/1996/7 2428/1979/7 2471/1989/7
f 2217/1995/7 2230/1994/7 2231/1997/7
f 2216/1998/7 2217/1995/7 2231/1997/7
f 2216/1998/7 2231/1997/7 2232/1999/7
f 2215/2000/7 2216/1998/7 2232/1999/7
f 2427/1996/7 2471/1989/7 2472/2001/7
f 2215/2000/7 2232/1999/7 2233/2002/7
f 2214/2003/7 2215/2000/7 2233/2002/7
f 2214/2003/7 2233/2002/7 2234/2004/7
f 2214/2003/7 2234/2004/7 2235/2005/7
f 2213/2006/7 2214/2003/7 2235/2005/7
f 2427/1996/7 2472/2001/7 2473/2007/7
f 2213/2006/7 2235/2005/7 2236/2008/7
f 2426/2009/7 2427/1996/7 2473/2007/7
f 2212/2010/7 2213/2006/7 2236/2008/7
f 2212/2010/7 2236/2008/7 2237/2011/7
f 2212/2010/7 2237/2011/7 2238/2012/7
f 2211/2013/7 2212/2010/7 2238/2012/7
f 2211/2013/7 2238/2012/7 2239/2014/7
f 2146/2015/7 2147/2016/7 2148/2017/7
f 2211/2013/7 2239/2014/7 2240/2018/7
f 2146/2015/7 2148/2017/7 2149/2019/7
f 2146/2015/7 2149/2019/7 2150/2020/7
f 2146/2015/7 2150/2020/7 2151/2021/7
f 2426/2009/7 2473/2007/7 2474/2022/7
f 2146/2015/7 2151/2021/7 2152/2023/7
f 2211/2013/7 2240/2018/7 2241/2024/7
f 2146/2015/7 2152/2023/7 2153/2025/7
f 2146/2015/7 2153/2025/7 2154/2026/7
f 2146/2015/7 2154/2026/7 2155/2027/7
f 2146/2015/7 2155/2027/7 2156/2028/7
f 2146/2015/7 2156/2028/7 2157/2029/7
f 2211/2013/7 2241/2024/7 2242/2030/7
f 2146/2015/7 2157/2029/7 2158/2031/7
f 2146/2015/7 2158/2031/7 2159/2032/7
f 2146/2015/7 2159/2032/7 2145/2033/7
f 2145/2033/7 2159/2032/7 2144/2034/7
f 2144/2034/7 2159/2032/7 2143/2035/7
f 2143/2035/7 2159/2032/7 2142/2036/7
f 2142/2036/7 2159/2032/7 2160/1975/7
f 2142/2036/8 2160/1975/8 2141/2037/8
f 2141/2037/7 2160/1975/7 2140/2038/7
f 2140/2038/7 2160/1975/7 2139/2039/7
f 2139/2039/7 2160/1975/7 2210/1958/7
f 2139/2039/7 2210/1958/7 2138/2040/7
f 2138/2040/7 2210/1958/7 2137/2041/7
f 2137/2041/7 2210/1958/7 2211/2013/7
f 2137/2041/7 2211/2013/7 2136/2042/7
f 2136/2042/7 2211/2013/7 2242/2030/7
f 2136/2042/7 2242/2030/7 2243/2043/7
f 2136/2042/7 2243/2043/7 2135/2044/7
f 2135/2044/7 2243/2043/7 2244/2045/7
f 2135/2044/7 2244/2045/7 2245/2046/7
f 2425/2047/7 2426/2009/7 2474/2022/7
f 2135/2044/7 2245/2046/7 2246/2048/7
f 2135/2044/7 2246/2048/7 2247/2049/7
f 2135/2044/7 2247/2049/7 2248/2050/7
f 2425/2047/7 2474/2022/7 2475/2051/7
f 2135/2044/7 2248/2050/7 2249/2052/7
f 2135/2044/7 2249/2052/7 2134/2053/7
f 2134/2053/7 2249/2052/7 2250/2054/7
f 2134/2053/7 2250/2054/7 2251/2055/7
f 2134/2053/7 2251/2055/7 2252/2056/7
f 2134/2053/7 2252/2056/7 2253/2057/7
f 2134/2053/7 2253/2057/7 2254/2058/7
f 2134/2053/7 2254/2058/7 2255/2059/7
f 2134/2053/7 2255/2059/7 2256/2060/7
f 2134/2053/7 2256/2060/7 2257/2061/7
f 2134/2053/7 2257/2061/7 2258/2062/7
f 2134/2053/7 2258/2062/7 2259/2063/7
f 2133/2064/1 2134/2053/1 2259/2063/1
f 2132/2065/7 2133/2064/7 2260/2066/7
f 2260/2066/7 2133/2064/7 2259/2063/7
f 2132/2065/7 2260/2066/7 1899/2067/7
f 1899/2067/7 2260/2066/7 2261/2068/7
f 2425/2047/7 2475/2051/7 2476/2069/7
f 2424/2070/7 2425/2047/7 2476/2069/7
f 1899/2067/7 2261/2068/7 2262/2071/7
f 2132/2065/7 1899/2067/7 1900/2072/7
f 1898/2073/7 1899/2067/7 2262/2071/7
f 2424/2070/7 2476/2069/7 2477/2074/7
f 1898/2073/7 2262/2071/7 2263/2075/7
f 2131/2076/7 2132/2065/7 1900/2072/7
f 2424/2070/7 2477/2074/7 2478/2077/7
f 2424/2070/7 2478/2077/7 2479/2078/7
f 1897/2079/7 1898/2073/7 2263/2075/7
f 2424/2070/7 2479/2078/7 2480/2080/7
f 2423/2081/7 2424/2070/7 2480/2080/7
f 2423/2081/7 2480/2080/7 2481/2082/7
f 2423/2081/7 2481/2082/7 2482/2083/7
f 2423/2081/7 2482/2083/7 2483/2084/7
f 2423/2081/7 2483/2084/7 2484/2085/7
f 2423/2081/7 2484/2085/7 2485/2086/7
f 2423/2081/7 2485/2086/7 2486/2087/7
f 2423/2081/7 2486/2087/7 2487/2088/7
f 2423/2081/7 2487/2088/7 2488/2089/7
f 2423/2081/7 2488/2089/7 2489/2090/7
f 2423/2081/7 2489/2090/7 2490/2091/7
f 2423/2081/7 2490/2091/7 2491/2092/7
f 2423/2081/7 2491/2092/7 2492/2093/7
f 2423/2081/7 2492/2093/7 2493/2094/7
f 2423/2081/7 2493/2094/7 2494/2095/7
f 2423/2081/7 2494/2095/7 2495/2096/7
f 2423/2081/7 2495/2096/7 2496/2097/7
f 2423/2081/7 2496/2097/7 2497/2098/7
f 2423/2081/7 2497/2098/7 2498/2099/7
f 1897/2079/7 2263/2075/7 2264/2100/7
f 2423/2081/7 2498/2099/7 2499/2101/7
f 2423/2081/7 2499/2101/7 2500/2102/7
f 2423/2081/7 2500/2102/7 2501/2103/7
f 2423/2081/7 2501/2103/7 2502/2104/7
f 2423/2081/7 2502/2104/7 2503/2105/7
f 1896/2106/7 1897/2079/7 2264/2100/7
f 2423/2081/7 2503/2105/7 2504/2107/7
f 2423/2081/7 2504/2107/7 2505/2108/7
f 2423/2081/7 2505/2108/7 2506/2109/7
f 2422/2110/7 2423/2081/7 2506/2109/7
f 2422/2110/7 2506/2109/7 2507/2111/7
f 2422/2110/7 2507/2111/7 2508/2112/7
f 2131/2076/7 1900/2072/7 1901/2113/7
f 2422/2110/7 2508/2112/7 2509/2114/7
f 1896/2106/7 2264/2100/7 2265/2115/7
f 2130/2116/7 2131/2076/7 1901/2113/7
f 2422/2110/7 2509/2114/7 2510/2117/7
f 2422/2110/7 2510/2117/7 2511/2118/7
f 2422/2110/7 2511/2118/7 2512/2119/7
f 2422/2110/7 2512/2119/7 2513/2120/7
f 2422/2110/7 2513/2120/7 2369/2121/7
f 2369/2121/7 2513/2120/7 2514/2122/7
f 1895/2123/7 1896/2106/7 2265/2115/7
f 2130/2116/7 1901/2113/7 1902/2124/7
f 1895/2123/7 2265/2115/7 2266/2125/7
f 2421/2126/7 2422/2110/7 2369/2121/7
f 2130/2116/7 1902/2124/7 1903/2127/7
f 1894/2128/7 1895/2123/7 2266/2125/7
f 1894/2128/7 2266/2125/7 2267/2129/7
f 2129/2130/7 2130/2116/7 2061/2131/7
f 2061/2131/7 2130/2116/7 1903/2127/7
f 2421/2126/7 2369/2121/7 2370/2132/7
f 2368/2133/7 2369/2121/7 2514/2122/7
f 2420/2134/7 2421/2126/7 2370/2132/7
f 2061/2131/7 1903/2127/7 1904/2135/7
f 2129/2130/7 2061/2131/7 2062/2136/7
f 2060/2137/7 2061/2131/7 1904/2135/7
f 1894/2128/7 2267/2129/7 2268/2138/7
f 1893/2139/7 1894/2128/7 2268/2138/7
f 2420/2134/7 2370/2132/7 2371/2140/7
f 2420/2134/7 2371/2140/7 2372/2141/7
f 2129/2130/7 2062/2136/7 2063/2142/7
f 1893/2139/7 2268/2138/7 2269/2143/7
f 2060/2137/7 1904/2135/7 1905/2144/7
f 2419/2145/7 2420/2134/7 2372/2141/7
f 2419/2145/7 2372/2141/7 2373/2146/7
f 1892/2147/7 1893/2139/7 2269/2143/7
f 2128/2148/7 2129/2130/7 2063/2142/7
f 2059/2149/7 2060/2137/7 1905/2144/7
f 2419/2145/7 2373/2146/7 2374/2150/7
f 2128/2148/7 2063/2142/7 2064/2151/7
f 1892/2147/7 2269/2143/7 2270/2152/7
f 2419/2145/7 2374/2150/7 2375/2153/7
f 2059/2149/7 1905/2144/7 1906/2154/7
f 1891/2155/7 1892/2147/7 2270/2152/7
f 2418/2156/7 2419/2145/7 2375/2153/7
f 2058/2157/7 2059/2149/7 1906/2154/7
f 2128/2148/7 2064/2151/7 2065/2158/7
f 2418/2156/7 2375/2153/7 2376/2159/7
f 1891/2155/7 2270/2152/7 2271/2160/7
f 2418/2156/7 2376/2159/7 2377/2161/7
f 2127/2162/7 2128/2148/7 2065/2158/7
f 2127/2162/7 2065/2158/7 2066/2163/7
f 1890/2164/7 1891/2155/7 2271/2160/7
f 2418/2156/7 2377/2161/7 2378/2165/7
f 2058/2157/7 1906/2154/7 1907/2166/7
f 1890/2164/7 2271/2160/7 2272/2167/7
f 2417/2168/7 2418/2156/7 2378/2165/7
f 2057/2169/7 2058/2157/7 1907/2166/7
f 2417/2168/7 2378/2165/7 2379/2170/7
f 2127/2162/7 2066/2163/7 2067/2171/7
f 1889/2172/7 1890/2164/7 2272/2167/7
f 1889/2172/7 2272/2167/7 2273/2173/7
f 2417/2168/7 2379/2170/7 2380/2174/7
f 2416/2175/7 2417/2168/7 2380/2174/7
f 2415/2176/7 2416/2175/7 2380/2174/7
f 2414/2177/7 2415/2176/7 2380/2174/7
f 2413/2178/7 2414/2177/7 2380/2174/7
f 2413/2178/7 2380/2174/7 2381/2179/7
f 2412/2180/9 2413/2178/9 2381/2179/9
f 2127/2162/7 2067/2171/7 2068/2181/7
f 2411/2182/7 2412/2180/7 2381/2179/7
f 2410/2183/10 2411/2182/10 2381/2179/10
f 2409/2184/7 2410/2183/7 2381/2179/7
f 2056/2185/7 2057/2169/7 1907/2166/7
f 2408/2186/10 2409/2184/10 2381/2179/10
f 2407/2187/11 2408/2186/11 2381/2179/11
f 2406/2188/11 2407/2187/11 2381/2179/11
f 2405/2189/7 2406/2188/7 2381/2179/7
f 2404/2190/7 2405/2189/7 2381/2179/7
f 2056/2185/7 1907/2166/7 1908/2191/7
f 2126/2192/7 2127/2162/7 2068/2181/7
f 2403/2193/7 2404/2190/7 2381/2179/7
f 1889/2172/7 2273/2173/7 2274/2194/7
f 2402/2195/7 2403/2193/7 2381/2179/7
f 2401/2196/7 2402/2195/7 2381/2179/7
f 2400/2197/7 2401/2196/7 2381/2179/7
f 2399/2198/7 2400/2197/7 2381/2179/7
f 2398/2199/7 2399/2198/7 2381/2179/7
f 2397/2200/7 2398/2199/7 2381/2179/7
f 2396/2201/7 2397/2200/7 2381/2179/7
f 2395/2202/7 2396/2201/7 2381/2179/7
f 2395/2202/7 2381/2179/7 2382/2203/7
f 2395/2202/7 2382/2203/7 2383/2204/7
f 2395/2202/7 2383/2204/7 2384/2205/7
f 2395/2202/7 2384/2205/7 2385/2206/7
f 2395/2202/7 2385/2206/7 2386/2207/7
f 2394/2208/7 2395/2202/7 2386/2207/7
f 2394/2208/7 2386/2207/7 2387/2209/7
f 2394/2208/7 2387/2209/7 2388/2210/7
f 2394/2208/7 2388/2210/7 2389/2211/7
f 2394/2208/7 2389/2211/7 2390/2212/7
f 2393/2213/7 2394/2208/7 2390/2212/7
f 2393/2213/11 2390/2212/11 2391/2214/11
f 2393/2213/12 2391/2214/12 2392/2215/12
f 1888/2216/7 1889/2172/7 2274/2194/7
f 2126/2192/7 2068/2181/7 2069/2217/7
f 1888/2216/7 2274/2194/7 2275/2218/7
f 2055/2219/7 2056/2185/7 1908/2191/7
f 1888/2216/7 2275/2218/7 2276/2220/7
f 2126/2192/7 2069/2217/7 2070/2221/7
f 1887/2222/7 1888/2216/7 2276/2220/7
f 2055/2219/7 1908/2191/7 1909/2223/7
f 2125/2224/7 2126/2192/7 2070/2221/7
f 1887/2222/7 2276/2220/7 2277/2225/7
f 2125/2224/7 2070/2221/7 2071/2226/7
f 2054/2227/7 2055/2219/7 1909/2223/7
f 2367/2228/7 1887/2222/7 2277/2225/7
f 2367/2228/7 2277/2225/7 2278/2229/7
f 2125/2224/7 2071/2226/7 2072/2230/7
f 2367/2228/7 2278/2229/7 2279/2231/7
f 2054/2227/7 1909/2223/7 1910/2232/7
f 2366/2233/7 2367/2228/7 2279/2231/7
f 2053/2234/7 2054/2227/7 1910/2232/7
f 2125/2224/7 2072/2230/7 2073/2235/7
f 2366/2233/7 2279/2231/7 2280/2236/7
f 2124/2237/7 2125/2224/7 2073/2235/7
f 2365/2238/7 2366/2233/7 2280/2236/7
f 2365/2238/7 2280/2236/7 2281/2239/7
f 2124/2237/7 2073/2235/7 2074/2240/7
f 2052/2241/7 2053/2234/7 1910/2232/7
f 2365/2238/7 2281/2239/7 2282/2242/7
f 2364/2243/7 2365/2238/7 2282/2242/7
f 2124/2237/7 2074/2240/7 2075/2244/7
f 2052/2241/7 1910/2232/7 1911/2245/7
f 2364/2243/7 2282/2242/7 2283/2246/7
f 2124/2237/7 2075/2244/7 2076/2247/7
f 2123/2248/7 2124/2237/7 2076/2247/7
f 2363/2249/7 2364/2243/7 2283/2246/7
f 2363/2249/7 2283/2246/7 2284/2250/7
f 2051/2251/7 2052/2241/7 1911/2245/7
f 1924/2252/7 1925/2253/7 1926/2254/7
f 1924/2252/7 1926/2254/7 1927/2255/7
f 1923/2256/7 1924/2252/7 1927/2255/7
f 1923/2256/7 1927/2255/7 1928/2257/7
f 1922/2258/7 1923/2256/7 1928/2257/7
f 1922/2258/7 1928/2257/7 1929/2259/7
f 1921/2260/7 1922/2258/7 1929/2259/7
f 1921/2260/7 1929/2259/7 1930/2261/7
f 2363/2249/7 2284/2250/7 2285/2262/7
f 2363/2249/7 2285/2262/7 2286/2263/7
f 2363/2249/7 2286/2263/7 2287/2264/7
f 2363/2249/7 2287/2264/7 2288/2265/7
f 2123/2248/7 2076/2247/7 2077/2266/7
f 1920/2267/7 1921/2260/7 1930/2261/7
f 2363/2249/7 2288/2265/7 2289/2268/7
f 2363/2249/7 2289/2268/7 2290/2269/7
f 1920/2267/7 1930/2261/7 1931/2270/7
f 2363/2249/7 2290/2269/7 2291/2271/7
f 2363/2249/7 2291/2271/7 2292/2272/7
f 2363/2249/7 2292/2272/7 2293/2273/7
f 2363/2249/7 2293/2273/7 2294/2274/7
f 2363/2249/7 2294/2274/7 2295/2275/7
f 1919/2276/7 1920/2267/7 1931/2270/7
f 1919/2276/7 1931/2270/7 1932/2277/7
f 2362/2278/7 2363/2249/7 2295/2275/7
f 2362/2278/7 2295/2275/7 2296/2279/7
f 2362/2278/7 2296/2279/7 2297/2280/7
f 2362/2278/7 2297/2280/7 2298/2281/7
f 2362/2278/7 2298/2281/7 2299/2282/7
f 2362/2278/7 2299/2282/7 2300/2283/7
f 1919/2276/7 1932/2277/7 1933/2284/7
f 1918/2285/7 1919/2276/7 1933/2284/7
f 2362/2278/7 2300/2283/7 2301/2286/7
f 2362/2278/7 2301/2286/7 2302/2287/7
f 2362/2278/7 2302/2287/7 2303/2288/7
f 2549/2289/7 2368/2133/7 2514/2122/7
f 2362/2278/7 2303/2288/7 2304/2290/7
f 2362/2278/7 2304/2290/7 2305/2291/7
f 2362/2278/7 2305/2291/7 2306/2292/7
f 2123/2248/7 2077/2266/7 2078/2293/7
f 2362/2278/7 2306/2292/7 2307/2294/7
f 2362/2278/7 2307/2294/7 2308/2295/7
f 2362/2278/7 2308/2295/7 2309/2296/7
f 1918/2285/7 1933/2284/7 1934/2297/7
f 2050/2298/7 2051/2251/7 1911/2245/7
f 2362/2278/7 2309/2296/7 2310/2299/7
f 1917/2300/7 1918/2285/7 1934/2297/7
f 2050/2298/7 1911/2245/7 1912/2301/7
f 2362/2278/7 2310/2299/7 2311/2302/7
f 1917/2300/7 1934/2297/7 1935/2303/7
f 2361/2304/7 2362/2278/7 2311/2302/7
f 2361/2304/7 2311/2302/7 2312/2305/7
f 1916/2306/7 1917/2300/7 1935/2303/7
f 2123/2248/7 2078/2293/7 2079/2307/7
f 2361/2304/7 2312/2305/7 2313/2308/7
f 1916/2306/7 1935/2303/7 1936/2309/7
f 2122/2310/7 2123/2248/7 2079/2307/7
f 1915/2311/7 1916/2306/7 1936/2309/7
f 2361/2304/7 2313/2308/7 2314/2312/7
f 1915/2311/7 1936/2309/7 1937/2313/7
f 2360/2314/7 2361/2304/7 2314/2312/7
f 2360/2314/7 2314/2312/7 2315/2315/7
f 2049/2316/7 2050/2298/7 1912/2301/7
f 2122/2310/7 2079/2307/7 2080/2317/7
f 1914/2318/7 1915/2311/7 1937/2313/7
f 1914/2318/7 1937/2313/7 1938/2319/7
f 2548/2320/7 2549/2289/7 2514/2122/7
f 2360/2314/7 2315/2315/7 2316/2321/7
f 1914/2318/7 1938/2319/7 1939/2322/7
f 2359/2323/7 2360/2314/7 2316/2321/7
f 1914/2318/7 1939/2322/7 1940/2324/7
f 1913/2325/7 1914/2318/7 1940/2324/7
f 2035/2326/7 2036/2327/7 2037/2328/7
f 2359/2323/7 2316/2321/7 2317/2329/7
f 2122/2310/7 2080/2317/7 2081/2330/7
f 1913/2325/7 1940/2324/7 1941/2331/7
f 2035/2326/7 2037/2328/7 2038/2332/7
f 2035/2326/7 2038/2332/7 2039/2333/7
f 2035/2326/7 2039/2333/7 2040/2334/7
f 1913/2325/7 1941/2331/7 1942/2335/7
f 2035/2326/7 2040/2334/7 2041/2336/7
f 2035/2326/7 2041/2336/7 2042/2337/7
f 2035/2326/7 2042/2337/7 2043/2338/7
f 2035/2326/7 2043/2338/7 2044/2339/7
f 1913/2325/7 1942/2335/7 1943/2340/7
f 2035/2326/7 2044/2339/7 2045/2341/7
f 2359/2323/7 2317/2329/7 2318/2342/7
f 2035/2326/7 2045/2341/7 2046/2343/7
f 2035/2326/7 2046/2343/7 2047/2344/7
f 2035/2326/7 2047/2344/7 2048/2345/7
f 2035/2326/7 2048/2345/7 2049/2316/7
f 2035/2326/7 2049/2316/7 2034/2346/7
f 2034/2346/7 2049/2316/7 2033/2347/7
f 2033/2347/7 2049/2316/7 2032/2348/7
f 2032/2348/7 2049/2316/7 2031/2349/7
f 2031/2349/7 2049/2316/7 1912/2301/7
f 2031/2349/7 1912/2301/7 2030/2350/7
f 2030/2350/7 1912/2301/7 2029/2351/7
f 2029/2351/7 1912/2301/7 1913/2325/7
f 2029/2351/7 1913/2325/7 2028/2352/7
f 2028/2352/7 1913/2325/7 2027/2353/7
f 2027/2353/7 1913/2325/7 2026/2354/7
f 2026/2354/7 1913/2325/7 1943/2340/7
f 2358/2355/7 2359/2323/7 2318/2342/7
f 2026/2354/7 1943/2340/7 1944/2356/7
f 2122/2310/7 2081/2330/7 2082/2357/7
f 2026/2354/7 1944/2356/7 1945/2358/7
f 2121/2359/7 2122/2310/7 2082/2357/7
f 2026/2354/7 1945/2358/7 2025/2360/7
f 2025/2360/7 1945/2358/7 1946/2361/7
f 2358/2355/7 2318/2342/7 2319/2362/7
f 2025/2360/7 1946/2361/7 1947/2363/7
f 2025/2360/7 1947/2363/7 1948/2364/7
f 2547/2365/7 2548/2320/7 2514/2122/7
f 2357/2366/7 2358/2355/7 2319/2362/7
f 2025/2360/7 1948/2364/7 2024/2367/7
f 2024/2367/7 1948/2364/7 1949/2368/7
f 2024/2367/7 1949/2368/7 1950/2369/7
f 2121/2359/7 2082/2357/7 2083/2370/7
f 2024/2367/7 1950/2369/7 1951/2371/7
f 2357/2366/7 2319/2362/7 2320/2372/7
f 2024/2367/7 1951/2371/7 1952/2373/7
f 2024/2367/7 1952/2373/7 1953/2374/7
f 2024/2367/7 1953/2374/7 2023/2375/7
f 2023/2375/7 1953/2374/7 1954/2376/7
f 2023/2375/7 1954/2376/7 1955/2377/7
f 2023/2375/7 1955/2377/7 1956/2378/7
f 2356/2379/7 2357/2366/7 2320/2372/7
f 2023/2375/7 1956/2378/7 1957/2380/7
f 2023/2375/7 1957/2380/7 1958/2381/7
f 2023/2375/7 1958/2381/7 1959/2382/7
f 2023/2375/7 1959/2382/7 1960/2383/7
f 2023/2375/7 1960/2383/7 1961/2384/7
f 2022/2385/1 2023/2375/1 1961/2384/1
f 2021/2386/7 2022/2385/7 1962/2387/7
f 1962/2387/1 2022/2385/1 1961/2384/1
f 2021/2386/7 1962/2387/7 1963/2388/7
f 2121/2359/7 2083/2370/7 2084/2389/7
f 2356/2379/7 2320/2372/7 2321/2390/7
f 2356/2379/7 2321/2390/7 2322/2391/7
f 2356/2379/7 2322/2391/7 2323/2392/7
f 2355/2393/7 2356/2379/7 2323/2392/7
f 2355/2393/7 2323/2392/7 2324/2394/7
f 2021/2386/7 1963/2388/7 1964/2395/7
f 2354/2396/7 2355/2393/7 2324/2394/7
f 2354/2396/7 2324/2394/7 2325/2397/7
f 2546/2398/7 2547/2365/7 2514/2122/7
f 2121/2359/7 2084/2389/7 2085/2399/7
f 2120/2400/10 2121/2359/10 2085/2399/10
f 2119/2401/7 2120/2400/7 2085/2399/7
f 2118/2402/7 2119/2401/7 2085/2399/7
f 2117/2403/7 2118/2402/7 2085/2399/7
f 2116/2404/7 2117/2403/7 2085/2399/7
f 2115/2405/7 2116/2404/7 2085/2399/7
f 2114/2406/7 2115/2405/7 2085/2399/7
f 2354/2396/7 2325/2397/7 2326/2407/7
f 2113/2408/7 2114/2406/7 2085/2399/7
f 2353/2409/7 2354/2396/7 2326/2407/7
f 2112/2410/7 2113/2408/7 2085/2399/7
f 2111/2411/7 2112/2410/7 2085/2399/7
f 2110/2412/7 2111/2411/7 2085/2399/7
f 2109/2413/7 2110/2412/7 2085/2399/7
f 2108/2414/7 2109/2413/7 2085/2399/7
f 2353/2409/7 2326/2407/7 2327/2415/7
f 2107/2416/7 2108/2414/7 2085/2399/7
f 2352/2417/7 2353/2409/7 2327/2415/7
f 2352/2417/7 2327/2415/7 2328/2418/7
f 2106/2419/7 2107/2416/7 2085/2399/7
f 2352/2417/7 2328/2418/7 2329/2420/7
f 2105/2421/7 2106/2419/7 2085/2399/7
f 2351/2422/7 2352/2417/7 2329/2420/7
f 2021/2386/7 1964/2395/7 1965/2423/7
f 2104/2424/7 2105/2421/7 2085/2399/7
f 2351/2422/7 2329/2420/7 2330/2425/7
f 2103/2426/7 2104/2424/7 2085/2399/7
f 2350/2427/7 2351/2422/7 2330/2425/7
f 2350/2427/7 2330/2425/7 2331/2428/7
f 2102/2429/7 2103/2426/7 2085/2399/7
f 2101/2430/7 2102/2429/7 2085/2399/7
f 2350/2427/7 2331/2428/7 2332/2431/7
f 2100/2432/7 2101/2430/7 2085/2399/7
f 2349/2433/7 2350/2427/7 2332/2431/7
f 2099/2434/7 2100/2432/7 2085/2399/7
f 2099/2434/7 2085/2399/7 2086/2435/7
f 2349/2433/7 2332/2431/7 2333/2436/7
f 2099/2434/7 2086/2435/7 2087/2437/7
f 2099/2434/7 2087/2437/7 2088/2438/7
f 2099/2434/7 2088/2438/7 2089/2439/7
f 2098/2440/7 2099/2434/7 2089/2439/7
f 2098/2440/7 2089/2439/7 2090/2441/7
f 2098/2440/7 2090/2441/7 2091/2442/7
f 2098/2440/7 2091/2442/7 2092/2443/7
f 2098/2440/7 2092/2443/7 2093/2444/7
f 2097/2445/7 2098/2440/7 2093/2444/7
f 2097/2445/10 2093/2444/10 2094/2446/10
f 2097/2445/10 2094/2446/10 2095/2447/10
f 2097/2445/7 2095/2447/7 2096/2448/7
f 2349/2433/7 2333/2436/7 2334/2449/7
f 2348/2450/7 2349/2433/7 2334/2449/7
f 2348/2450/7 2334/2449/7 2335/2451/7
f 2348/2450/7 2335/2451/7 2336/2452/7
f 2020/2453/7 2021/2386/7 1965/2423/7
f 2347/2454/7 2348/2450/7 2336/2452/7
f 2347/2454/7 2336/2452/7 2337/2455/7
f 2347/2454/7 2337/2455/7 2338/2456/7
f 2346/2457/7 2347/2454/7 2338/2456/7
f 2346/2457/7 2338/2456/7 2339/2458/7
f 2346/2457/7 2339/2458/7 2340/2459/7
f 2345/2460/7 2346/2457/7 2340/2459/7
f 2345/2460/7 2340/2459/7 2341/2461/7
f 2345/2460/7 2341/2461/7 2342/2462/7
f 2344/2463/7 2345/2460/7 2342/2462/7
f 2344/2463/7 2342/2462/7 2343/2464/7
f 2020/2453/7 1965/2423/7 1966/2465/7
f 2545/2466/7 2546/2398/7 2514/2122/7
f 2020/2453/7 1966/2465/7 1967/2467/7
f 2019/2468/7 2020/2453/7 1967/2467/7
f 2019/2468/7 1967/2467/7 1968/2469/7
f 2544/2470/7 2545/2466/7 2514/2122/7
f 2019/2468/7 1968/2469/7 1969/2471/7
f 2018/2472/7 2019/2468/7 1969/2471/7
f 2018/2472/7 1969/2471/7 1970/2473/7
f 2543/2474/7 2544/2470/7 2514/2122/7
f 2018/2472/7 1970/2473/7 1971/2475/7
f 2017/2476/7 2018/2472/7 1971/2475/7
f 2017/2476/7 1971/2475/7 1972/2477/7
f 2542/2478/7 2543/2474/7 2514/2122/7
f 2017/2476/7 1972/2477/7 1973/2479/7
f 2016/2480/7 2017/2476/7 1973/2479/7
f 2016/2480/7 1973/2479/7 1974/2481/7
f 2541/2482/7 2542/2478/7 2514/2122/7
f 2015/2483/7 2016/2480/7 1974/2481/7
f 2015/2483/7 1974/2481/7 1975/2484/7
f 2015/2483/7 1975/2484/7 1976/2485/7
f 2014/2486/7 2015/2483/7 1976/2485/7
f 2540/2487/7 2541/2482/7 2514/2122/7
f 2014/2486/7 1976/2485/7 1977/2488/7
f 2013/2489/7 2014/2486/7 1977/2488/7
f 2013/2489/7 1977/2488/7 1978/2490/7
f 2013/2489/7 1978/2490/7 1979/2491/7
f 2539/2492/7 2540/2487/7 2514/2122/7
f 2013/2489/7 1979/2491/7 1980/2493/7
f 2012/2494/7 2013/2489/7 1980/2493/7
f 2012/2494/7 1980/2493/7 1981/2495/7
f 2012/2494/7 1981/2495/7 1982/2496/7
f 2011/2497/7 2012/2494/7 1982/2496/7
f 2538/2498/7 2539/2492/7 2514/2122/7
f 2011/2497/7 1982/2496/7 1983/2499/7
f 2011/2497/7 1983/2499/7 1984/2500/7
f 2011/2497/7 1984/2500/7 1985/2501/7
f 2010/2502/7 2011/2497/7 1985/2501/7
f 2010/2502/7 1985/2501/7 1986/2503/7
f 2010/2502/7 1986/2503/7 1987/2504/7
f 2538/2498/7 2514/2122/7 2515/2505/7
f 2537/2506/7 2538/2498/7 2515/2505/7
f 2010/2502/7 1987/2504/7 1988/2507/7
f 2537/2506/7 2515/2505/7 2516/2508/7
f 2009/2509/7 2010/2502/7 1988/2507/7
f 2536/2510/7 2537/2506/7 2516/2508/7
f 2009/2509/7 1988/2507/7 1989/2511/7
f 2008/2512/7 2009/2509/7 1989/2511/7
f 2536/2510/7 2516/2508/7 2517/2513/7
f 2008/2512/7 1989/2511/7 1990/2514/7
f 2535/2515/7 2536/2510/7 2517/2513/7
f 2007/2516/7 2008/2512/7 1990/2514/7
f 2535/2515/7 2517/2513/7 2518/2517/7
f 2007/2516/7 1990/2514/7 1991/2518/7
f 2006/2519/7 2007/2516/7 1991/2518/7
f 2534/2520/7 2535/2515/7 2518/2517/7
f 2005/2521/7 2006/2519/7 1991/2518/7
f 2534/2520/7 2518/2517/7 2519/2522/7
f 2005/2521/7 1991/2518/7 1992/2523/7
f 2533/2524/7 2534/2520/7 2519/2522/7
f 2004/2525/7 2005/2521/7 1992/2523/7
f 2004/2525/7 1992/2523/7 1993/2526/7
f 2533/2524/7 2519/2522/7 2520/2527/7
f 2003/2528/7 2004/2525/7 1993/2526/7
f 2532/2529/7 2533/2524/7 2520/2527/7
f 2003/2528/7 1993/2526/7 1994/2530/7
f 2002/2531/7 2003/2528/7 1994/2530/7
f 2532/2529/7 2520/2527/7 2521/2532/7
f 2002/2531/7 1994/2530/7 1995/2533/7
f 2531/2534/7 2532/2529/7 2521/2532/7
f 2001/2535/7 2002/2531/7 1995/2533/7
f 2001/2535/7 1995/2533/7 1996/2536/7
f 2000/2537/7 2001/2535/7 1996/2536/7
f 2531/2534/7 2521/2532/7 2522/2538/7
f 2000/2537/7 1996/2536/7 1997/2539/7
f 1999/2540/7 2000/2537/7 1997/2539/7
f 2530/2541/7 2531/2534/7 2522/2538/7
f 1999/2540/7 1997/2539/7 1998/2542/7
f 2530/2541/7 2522/2538/7 2523/2543/7
f 2529/2544/7 2530/2541/7 2523/2543/7
f 2529/2544/7 2523/2543/7 2524/2545/7
f 2528/2546/7 2529/2544/7 2524/2545/7
f 2528/2546/7 2524/2545/7 2525/2547/7
f 2527/2548/7 2528/2546/7 2525/2547/7
f 2527/2548/7 2525/2547/7 2526/2549/7
f 2675/2550/7 2676/2551/7 2677/2552/7
f 2675/2550/7 2677/2552/7 2678/2553/7
f 2674/2554/7 2675/2550/7 2678/2553/7
f 2674/2554/7 2678/2553/7 2679/2555/7
f 2673/2556/7 2674/2554/7 2679/2555/7
f 2673/2556/7 2679/2555/7 2680/2557/7
f 2672/2558/7 2673/2556/7 2680/2557/7
f 2672/2558/7 2680/2557/7 2681/2559/7
f 2671/2560/7 2672/2558/7 2681/2559/7
f 2671/2560/7 2681/2559/7 2682/2561/7
f 2671/2560/7 2682/2561/7 2683/2562/7
f 2670/2563/7 2671/2560/7 2683/2562/7
f 2670/2563/7 2683/2562/7 2684/2564/7
f 2669/2565/7 2670/2563/7 2684/2564/7
f 2669/2565/7 2684/2564/7 2685/2566/7
f 2668/2567/7 2669/2565/7 2685/2566/7
f 2668/2567/7 2685/2566/7 2686/2568/7
f 2667/2569/7 2668/2567/7 2686/2568/7
f 2667/2569/7 2686/2568/7 2687/2570/7
f 2666/2571/7 2667/2569/7 2687/2570/7
f 2666/2571/7 2687/2570/7 2688/2572/7
f 2666/2571/7 2688/2572/7 2689/2573/7
f 2665/2574/7 2666/2571/7 2689/2573/7
f 2665/2574/7 2689/2573/7 2690/2575/7
f 2665/2574/7 2690/2575/7 2691/2576/7
f 2664/2577/7 2665/2574/7 2691/2576/7
f 2664/2577/7 2691/2576/7 2692/2578/7
f 2650/2579/7 2651/2580/7 2652/2581/7
f 2664/2577/7 2692/2578/7 2693/2582/7
f 2650/2579/7 2652/2581/7 2653/2583/7
f 2650/2579/7 2653/2583/7 2654/2584/7
f 2650/2579/7 2654/2584/7 2655/2585/7
f 2664/2577/7 2693/2582/7 2694/2586/7
f 2650/2579/7 2655/2585/7 2656/2587/7
f 2650/2579/7 2656/2587/7 2657/2588/7
f 2650/2579/7 2657/2588/7 2658/2589/7
f 2650/2579/7 2658/2589/7 2659/2590/7
f 2650/2579/7 2659/2590/7 2660/2591/7
f 2664/2577/7 2694/2586/7 2695/2592/7
f 2650/2579/7 2660/2591/7 2661/2593/7
f 2650/2579/7 2661/2593/7 2662/2594/7
f 2650/2579/7 2662/2594/7 2663/2595/7
f 2650/2579/7 2663/2595/7 2649/2596/7
f 2649/2596/7 2663/2595/7 2648/2597/7
f 2648/2597/7 2663/2595/7 2647/2598/7
f 2647/2598/7 2663/2595/7 2646/2599/7
f 2646/2599/7 2663/2595/7 2645/2600/7
f 2645/2600/7 2663/2595/7 2644/2601/7
f 2644/2601/7 2663/2595/7 2643/2602/7
f 2643/2602/7 2663/2595/7 2642/2603/7
f 2642/2603/7 2663/2595/7 2641/2604/7
f 2641/2604/7 2663/2595/7 2664/2577/7
f 2641/2604/7 2664/2577/7 2640/2605/7
f 2640/2605/7 2664/2577/7 2695/2592/7
f 2640/2605/7 2695/2592/7 2696/2606/7
f 2640/2605/7 2696/2606/7 2697/2607/7
f 2640/2605/7 2697/2607/7 2639/2608/7
f 2639/2608/7 2697/2607/7 2698/2609/7
f 2639/2608/7 2698/2609/7 2699/2610/7
f 2639/2608/7 2699/2610/7 2700/2611/7
f 2639/2608/7 2700/2611/7 2701/2612/7
f 2639/2608/7 2701/2612/7 2702/2613/7
f 2639/2608/7 2702/2613/7 2703/2614/7
f 2639/2608/7 2703/2614/7 2638/2615/7
f 2638/2615/7 2703/2614/7 2704/2616/7
f 2638/2615/7 2704/2616/7 2705/2617/7
f 2638/2615/7 2705/2617/7 2706/2618/7
f 2638/2615/7 2706/2618/7 2707/2619/7
f 2638/2615/7 2707/2619/7 2708/2620/7
f 2638/2615/7 2708/2620/7 2709/2621/7
f 2638/2615/7 2709/2621/7 2710/2622/7
f 2638/2615/7 2710/2622/7 2711/2623/7
f 2638/2615/7 2711/2623/7 2712/2624/7
f 2637/2625/1 2638/2615/1 2712/2624/1
f 2636/2626/7 2637/2625/7 2713/2627/7
f 2713/2627/1 2637/2625/1 2712/2624/1
f 2636/2626/7 2713/2627/7 2714/2628/7
f 2636/2626/7 2714/2628/7 2715/2629/7
f 2635/2630/7 2636/2626/7 2715/2629/7
f 2635/2630/7 2715/2629/7 2716/2631/7
f 2634/2632/7 2635/2630/7 2716/2631/7
f 2634/2632/7 2716/2631/7 2717/2633/7
f 2633/2634/7 2634/2632/7 2717/2633/7
f 2633/2634/7 2717/2633/7 2718/2635/7
f 2632/2636/7 2633/2634/7 2718/2635/7
f 2632/2636/7 2718/2635/7 2719/2637/7
f 2631/2638/7 2632/2636/7 2719/2637/7
f 2631/2638/7 2719/2637/7 2720/2639/7
f 2630/2640/7 2631/2638/7 2720/2639/7
f 2630/2640/7 2720/2639/7 2721/2641/7
f 2629/2642/7 2630/2640/7 2721/2641/7
f 2629/2642/7 2721/2641/7 2722/2643/7
f 2611/2644/7 2612/2645/7 2613/2646/7
f 2628/2647/7 2629/2642/7 2722/2643/7
f 2611/2644/7 2613/2646/7 2614/2648/7
f 2737/2649/7 2738/2650/7 2739/2651/7
f 2737/2649/7 2739/2651/7 2740/2652/7
f 2736/2653/7 2737/2649/7 2740/2652/7
f 2736/2653/7 2740/2652/7 2741/2654/7
f 2735/2655/7 2736/2653/7 2741/2654/7
f 2611/2644/7 2614/2648/7 2615/2656/7
f 2735/2655/7 2741/2654/7 2742/2657/7
f 2734/2658/7 2735/2655/7 2742/2657/7
f 2734/2658/7 2742/2657/7 2743/2659/7
f 2733/2660/7 2734/2658/7 2743/2659/7
f 2611/2644/7 2615/2656/7 2616/2661/7
f 2733/2660/7 2743/2659/7 2744/2662/7
f 2628/2647/7 2722/2643/7 2723/2663/7
f 2732/2664/7 2733/2660/7 2744/2662/7
f 2732/2664/7 2744/2662/7 2745/2665/7
f 2627/2666/7 2628/2647/7 2723/2663/7
f 2611/2644/7 2616/2661/7 2617/2667/7
f 2731/2668/7 2732/2664/7 2745/2665/7
f 2610/2669/7 2611/2644/7 2617/2667/7
f 2731/2668/7 2745/2665/7 2746/2670/7
f 2610/2669/7 2617/2667/7 2618/2671/7
f 2730/2672/7 2731/2668/7 2746/2670/7
f 2730/2672/7 2746/2670/7 2747/2673/7
f 2610/2669/7 2618/2671/7 2619/2674/7
f 2729/2675/7 2730/2672/7 2747/2673/7
f 2627/2666/7 2723/2663/7 2724/2676/7
f 2729/2675/7 2747/2673/7 2748/2677/7
f 2626/2678/7 2627/2666/7 2724/2676/7
f 2610/2669/7 2619/2674/7 2620/2679/7
f 2729/2675/7 2748/2677/7 2749/2680/7
f 2728/2681/7 2729/2675/7 2749/2680/7
f 2610/2669/7 2620/2679/7 2621/2682/7
f 2609/2683/7 2610/2669/7 2621/2682/7
f 2728/2681/7 2749/2680/7 2750/2684/7
f 2727/2685/7 2728/2681/7 2750/2684/7
f 2609/2683/7 2621/2682/7 2622/2686/7
f 2626/2678/7 2724/2676/7 2725/2687/7
f 2625/2688/7 2626/2678/7 2725/2687/7
f 2609/2683/7 2622/2686/7 2623/2689/7
f 2727/2685/7 2750/2684/7 2751/2690/7
f 2726/2691/7 2727/2685/7 2751/2690/7
f 2726/2691/7 2751/2690/7 2752/2692/7
f 2609/2683/7 2623/2689/7 2624/2693/7
f 2726/2691/7 2752/2692/7 2753/2694/7
f 2609/2683/7 2624/2693/7 2625/2688/7
f 2609/2683/7 2625/2688/7 2725/2687/7
f 2609/2683/7 2725/2687/7 2726/2691/7
f 2609/2683/7 2726/2691/7 2753/2694/7
f 2609/2683/7 2753/2694/7 2754/2695/7
f 2608/2696/7 2609/2683/7 2754/2695/7
f 2608/2696/7 2754/2695/7 2755/2697/7
f 2608/2696/7 2755/2697/7 2756/2698/7
f 2608/2696/7 2756/2698/7 2757/2699/7
f 2608/2696/7 2757/2699/7 2758/2700/7
f 2608/2696/7 2758/2700/7 2759/2701/7
f 2608/2696/7 2759/2701/7 2760/2702/7
f 2608/2696/7 2760/2702/7 2761/2703/7
f 2608/2696/7 2761/2703/7 2762/2704/7
f 2608/2696/7 2762/2704/7 2763/2705/7
f 2607/2706/7 2608/2696/7 2830/2707/7
f 2830/2707/7 2608/2696/7 2829/2708/7
f 2829/2708/7 2608/2696/7 2825/2709/7
f 2825/2709/7 2608/2696/7 2824/2710/7
f 2824/2710/7 2608/2696/7 2835/2711/7
f 2835/2711/7 2608/2696/7 2834/2712/7
f 2834/2712/7 2608/2696/7 2763/2705/7
f 2607/2706/7 2830/2707/7 2831/2713/7
f 2828/2714/7 2829/2708/7 2825/2709/7
f 2828/2714/7 2825/2709/7 2826/2715/7
f 2827/2716/7 2824/2710/7 2835/2711/7
f 2827/2716/7 2835/2711/7 2832/2717/7
f 2833/2718/7 2834/2712/7 2774/2719/7
f 2774/2719/7 2834/2712/7 2763/2705/7
f 2774/2719/7 2763/2705/7 2764/2720/7
f 2774/2719/7 2764/2720/7 2765/2721/7
f 2774/2719/7 2765/2721/7 2766/2722/7
f 2774/2719/7 2766/2722/7 2767/2723/7
f 2774/2719/7 2767/2723/7 2768/2724/7
f 2774/2719/7 2768/2724/7 2769/2725/7
f 2774/2719/7 2769/2725/7 2770/2726/7
f 2606/2727/7 2607/2706/7 2831/2713/7
f 2774/2719/7 2770/2726/7 2771/2728/7
f 2774/2719/11 2771/2728/11 2772/2729/11
f 2774/2719/10 2772/2729/10 2773/2730/10
f 2833/2718/7 2774/2719/7 2775/2731/7
f 2605/2732/7 2606/2727/7 2831/2713/7
f 2604/2733/7 2605/2732/7 2831/2713/7
f 2603/2734/7 2604/2733/7 2831/2713/7
f 2602/2735/7 2603/2734/7 2831/2713/7
f 2601/2736/7 2602/2735/7 2831/2713/7
f 2833/2718/7 2775/2731/7 2776/2737/7
f 2600/2738/7 2601/2736/7 2831/2713/7
f 2599/2739/7 2600/2738/7 2831/2713/7
f 2828/2714/7 2826/2715/7 2843/2740/7
f 2843/2740/7 2826/2715/7 2827/2716/7
f 2843/2740/7 2827/2716/7 2842/2741/7
f 2842/2741/7 2827/2716/7 2832/2717/7
f 2833/2718/7 2776/2737/7 2777/2742/7
f 2828/2714/7 2843/2740/7 2840/2743/7
f 2841/2744/7 2842/2741/7 2832/2717/7
f 2598/2745/7 2599/2739/7 2831/2713/7
f 2833/2718/7 2777/2742/7 2778/2746/7
f 2597/2747/7 2598/2745/7 2831/2713/7
f 2833/2718/7 2778/2746/7 2779/2748/7
f 2596/2749/7 2597/2747/7 2831/2713/7
f 2833/2718/7 2779/2748/7 2780/2750/7
f 2833/2718/7 2780/2750/7 2781/2751/7
f 2595/2752/7 2596/2749/7 2831/2713/7
f 2828/2714/7 2840/2743/7 2839/2753/7
f 2839/2753/7 2840/2743/7 2841/2744/7
f 2839/2753/7 2841/2744/7 2838/2754/7
f 2838/2754/7 2841/2744/7 2832/2717/7
f 2833/2718/7 2781/2751/7 2782/2755/7
f 2594/2756/7 2595/2752/7 2831/2713/7
f 2828/2714/7 2839/2753/7 2836/2757/7
f 2837/2758/7 2838/2754/7 2832/2717/7
f 2833/2718/7 2782/2755/7 2783/2759/7
f 2593/2760/7 2594/2756/7 2831/2713/7
f 2833/2718/7 2783/2759/7 2784/2761/7
f 2592/2762/7 2593/2760/7 2831/2713/7
f 2591/2763/7 2592/2762/7 2831/2713/7
f 2833/2718/7 2784/2761/7 2785/2764/7
f 2590/2765/7 2591/2763/7 2831/2713/7
f 2833/2718/7 2785/2764/7 2786/2766/7
f 2589/2767/7 2590/2765/7 2831/2713/7
f 2589/2767/7 2831/2713/7 2828/2714/7
f 2589/2767/7 2828/2714/7 2836/2757/7
f 2589/2767/7 2836/2757/7 2837/2758/7
f 2589/2767/7 2837/2758/7 2832/2717/7
f 2589/2767/7 2832/2717/7 2551/2768/7
f 2551/2768/7 2832/2717/7 2833/2718/7
f 2551/2768/7 2833/2718/7 2786/2766/7
f 2551/2768/7 2786/2766/7 2550/2769/7
f 2550/2769/7 2786/2766/7 2787/2770/7
f 2589/2767/7 2551/2768/7 2552/2771/7
f 2823/2772/7 2550/2769/7 2787/2770/7
f 2588/2773/7 2589/2767/7 2552/2771/7
f 2823/2772/7 2787/2770/7 2788/2774/7
f 2588/2773/7 2552/2771/7 2553/2775/7
f 2823/2772/7 2788/2774/7 2789/2776/7
f 2588/2773/7 2553/2775/7 2554/2777/7
f 2587/2778/7 2588/2773/7 2554/2777/7
f 2822/2779/7 2823/2772/7 2789/2776/7
f 2586/2780/7 2587/2778/7 2554/2777/7
f 2821/2781/7 2822/2779/7 2789/2776/7
f 2821/2781/7 2789/2776/7 2790/2782/7
f 2820/2783/7 2821/2781/7 2790/2782/7
f 2586/2780/7 2554/2777/7 2555/2784/7
f 2585/2785/7 2586/2780/7 2555/2784/7
f 2819/2786/7 2820/2783/7 2790/2782/7
f 2584/2787/7 2585/2785/7 2555/2784/7
f 2819/2786/7 2790/2782/7 2791/2788/7
f 2818/2789/7 2819/2786/7 2791/2788/7
f 2583/2790/7 2584/2787/7 2555/2784/7
f 2583/2790/7 2555/2784/7 2556/2791/7
f 2817/2792/7 2818/2789/7 2791/2788/7
f 2582/2793/7 2583/2790/7 2556/2791/7
f 2817/2792/7 2791/2788/7 2792/2794/7
f 2816/2795/7 2817/2792/7 2792/2794/7
f 2581/2796/7 2582/2793/7 2556/2791/7
f 2581/2796/7 2556/2791/7 2557/2797/7
f 2815/2798/7 2816/2795/7 2792/2794/7
f 2580/2799/7 2581/2796/7 2557/2797/7
f 2815/2798/7 2792/2794/7 2793/2800/7
f 2814/2801/7 2815/2798/7 2793/2800/7
f 2579/2802/7 2580/2799/7 2557/2797/7
f 2813/2803/7 2814/2801/7 2793/2800/7
f 2579/2802/7 2557/2797/7 2558/2804/7
f 2812/2805/7 2813/2803/7 2793/2800/7
f 2578/2806/7 2579/2802/7 2558/2804/7
f 2812/2805/7 2793/2800/7 2794/2807/7
f 2811/2808/7 2812/2805/7 2794/2807/7
f 2577/2809/7 2578/2806/7 2558/2804/7
f 2577/2809/7 2558/2804/7 2559/2810/7
f 2810/2811/7 2811/2808/7 2794/2807/7
f 2576/2812/7 2577/2809/7 2559/2810/7
f 2810/2811/7 2794/2807/7 2795/2813/7
f 2809/2814/7 2810/2811/7 2795/2813/7
f 2575/2815/7 2576/2812/7 2559/2810/7
f 2808/2816/7 2809/2814/7 2795/2813/7
f 2575/2815/7 2559/2810/7 2560/2817/7
f 2574/2818/7 2575/2815/7 2560/2817/7
f 2807/2819/7 2808/2816/7 2795/2813/7
f 2807/2819/7 2795/2813/7 2796/2820/7
f 2573/2821/7 2574/2818/7 2560/2817/7
f 2806/2822/7 2807/2819/7 2796/2820/7
f 2805/2823/7 2806/2822/7 2796/2820/7
f 2572/2824/7 2573/2821/7 2560/2817/7
f 2572/2824/7 2560/2817/7 2561/2825/7
f 2805/2823/7 2796/2820/7 2797/2826/7
f 2804/2827/7 2805/2823/7 2797/2826/7
f 2571/2828/7 2572/2824/7 2561/2825/7
f 2803/2829/7 2804/2827/7 2797/2826/7
f 2803/2829/7 2797/2826/7 2798/2830/7
f 2802/2831/7 2803/2829/7 2798/2830/7
f 2570/2832/7 2571/2828/7 2561/2825/7
f 2570/2832/7 2561/2825/7 2562/2833/7
f 2801/2834/7 2802/2831/7 2798/2830/7
f 2801/2834/7 2798/2830/7 2799/2835/7
f 2800/2836/7 2801/2834/7 2799/2835/7
f 2569/2837/7 2570/2832/7 2562/2833/7
f 2568/2838/7 2569/2837/7 2562/2833/7
f 2568/2838/7 2562/2833/7 2563/2839/7
f 2567/2840/7 2568/2838/7 2563/2839/7
f 2566/2841/7 2567/2840/7 2563/2839/7
f 2566/2841/7 2563/2839/7 2564/2842/7
f 2565/2843/7 2566/2841/7 2564/2842/7
f 3003/2844/7 3004/2845/7 3005/2846/7
f 3003/2844/7 3005/2846/7 3006/2847/7
f 3003/2844/7 3006/2847/7 3007/2848/7
f 3003/2844/7 3007/2848/7 3008/2849/7
f 3003/2844/7 3008/2849/7 3009/2850/7
f 3002/2851/7 3003/2844/7 3009/2850/7
f 3002/2851/7 3009/2850/7 3010/2852/7
f 3002/2851/7 3010/2852/7 3011/2853/7
f 3002/2851/7 3011/2853/7 3012/2854/7
f 3002/2851/7 3012/2854/7 3013/2855/7
f 3002/2851/7 3013/2855/7 3014/2856/7
f 3002/2851/7 3014/2856/7 3015/2857/7
f 3001/2858/7 3002/2851/7 3015/2857/7
f 3001/2858/7 3015/2857/7 3016/2859/7
f 3001/2858/7 3016/2859/7 3017/2860/7
f 3001/2858/7 3017/2860/7 3018/2861/7
f 3001/2858/7 3018/2861/7 3019/2862/7
f 3001/2858/7 3019/2862/7 3020/2863/7
f 3001/2858/7 3020/2863/7 3021/2864/7
f 3000/2865/7 3001/2858/7 3021/2864/7
f 3000/2865/7 3021/2864/7 3022/2866/7
f 3000/2865/7 3022/2866/7 3023/2867/7
f 3000/2865/7 3023/2867/7 3024/2868/7
f 3000/2865/7 3024/2868/7 3025/2869/7
f 2999/2870/7 3000/2865/7 3025/2869/7
f 2999/2870/7 3025/2869/7 3026/2871/7
f 2999/2870/7 3026/2871/7 3027/2872/7
f 2999/2870/7 3027/2872/7 3028/2873/7
f 2999/2870/7 3028/2873/7 3029/2874/7
f 2998/2875/7 2999/2870/7 3029/2874/7
f 2998/2875/7 3029/2874/7 3030/2876/7
f 2998/2875/7 3030/2876/7 3031/2877/7
f 2998/2875/7 3031/2877/7 3032/2878/7
f 2997/2879/7 2998/2875/7 3032/2878/7
f 2997/2879/7 3032/2878/7 3033/2880/7
f 2997/2879/7 3033/2880/7 3034/2881/7
f 2997/2879/7 3034/2881/7 3035/2882/7
f 2996/2883/7 2997/2879/7 3035/2882/7
f 2996/2883/7 3035/2882/7 3036/2884/7
f 2996/2883/7 3036/2884/7 3037/2885/7
f 2996/2883/7 3037/2885/7 3038/2886/7
f 2995/2887/7 2996/2883/7 3038/2886/7
f 2995/2887/7 3038/2886/7 3039/2888/7
f 2995/2887/7 3039/2888/7 3040/2889/7
f 2995/2887/7 3040/2889/7 3041/2890/7
f 2994/2891/7 2995/2887/7 3041/2890/7
f 2993/2892/7 2994/2891/7 3041/2890/7
f 2992/2893/7 2993/2892/7 3041/2890/7
f 2991/2894/7 2992/2893/7 3041/2890/7
f 2990/2895/7 2991/2894/7 3041/2890/7
f 2989/2896/7 2990/2895/7 3041/2890/7
f 2988/2897/7 2989/2896/7 3041/2890/7
f 2988/2897/7 3041/2890/7 3042/2898/7
f 2987/2899/7 2988/2897/7 3042/2898/7
f 2987/2899/7 3042/2898/7 3043/2900/7
f 2987/2899/7 3043/2900/7 3044/2901/7
f 2986/2902/7 2987/2899/7 3044/2901/7
f 2986/2902/7 3044/2901/7 3045/2903/7
f 2985/2904/7 2986/2902/7 3045/2903/7
f 2985/2904/7 3045/2903/7 3046/2905/7
f 2985/2904/7 3046/2905/7 3047/2906/7
f 2984/2907/7 2985/2904/7 3047/2906/7
f 3065/2908/7 3066/2909/7 3067/2910/7
f 3065/2908/7 3067/2910/7 3068/2911/7
f 3064/2912/7 3065/2908/7 3068/2911/7
f 2984/2907/7 3047/2906/7 3048/2913/7
f 3064/2912/7 3068/2911/7 3069/2914/7
f 3063/2915/7 3064/2912/7 3069/2914/7
f 3063/2915/7 3069/2914/7 3070/2916/7
f 3062/2917/7 3063/2915/7 3070/2916/7
f 3062/2917/7 3070/2916/7 3071/2918/7
f 3061/2919/7 3062/2917/7 3071/2918/7
f 3061/2919/7 3071/2918/7 3072/2920/7
f 2984/2907/7 3048/2913/7 3049/2921/7
f 3060/2922/7 3061/2919/7 3072/2920/7
f 2983/2923/7 2984/2907/7 3049/2921/7
f 3060/2922/7 3072/2920/7 3073/2924/7
f 3059/2925/7 3060/2922/7 3073/2924/7
f 3059/2925/7 3073/2924/7 3074/2926/7
f 2983/2923/7 3049/2921/7 3050/2927/7
f 3058/2928/7 3059/2925/7 3074/2926/7
f 3058/2928/7 3074/2926/7 3075/2929/7
f 2982/2930/7 2983/2923/7 3050/2927/7
f 3058/2928/7 3075/2929/7 3076/2931/7
f 3057/2932/7 3058/2928/7 3076/2931/7
f 2982/2930/7 3050/2927/7 3051/2933/7
f 3057/2932/7 3076/2931/7 3077/2934/7
f 3056/2935/7 3057/2932/7 3077/2934/7
f 2981/2936/7 2982/2930/7 3051/2933/7
f 2981/2936/7 3051/2933/7 3052/2937/7
f 3056/2935/7 3077/2934/7 3078/2938/7
f 3055/2939/7 3056/2935/7 3078/2938/7
f 3055/2939/7 3078/2938/7 3079/2940/7
f 2980/2941/7 2981/2936/7 3052/2937/7
f 2980/2941/7 3052/2937/7 3053/2942/7
f 3054/2943/7 3055/2939/7 3079/2940/7
f 3054/2943/7 3079/2940/7 3080/2944/7
f 2966/2945/7 2967/2946/7 2968/2947/7
f 2966/2945/7 2968/2947/7 2969/2948/7
f 2966/2945/7 2969/2948/7 2970/2949/7
f 3054/2943/7 3080/2944/7 3081/2950/7
f 2966/2945/7 2970/2949/7 2971/2951/7
f 2966/2945/7 2971/2951/7 2972/2952/7
f 2966/2945/7 2972/2952/7 2973/2953/7
f 2966/2945/7 2973/2953/7 2974/2954/7
f 3054/2943/7 3081/2950/7 3082/2955/7
f 2966/2945/7 2974/2954/7 2975/2956/7
f 2966/2945/7 2975/2956/7 2976/2957/7
f 2966/2945/7 2976/2957/7 2977/2958/7
f 2966/2945/7 2977/2958/7 2978/2959/7
f 2966/2945/7 2978/2959/7 2979/2960/7
f 2966/2945/7 2979/2960/7 2965/2961/7
f 2965/2961/7 2979/2960/7 2964/2962/7
f 2964/2962/7 2979/2960/7 2963/2963/7
f 2963/2963/7 2979/2960/7 2962/2964/7
f 2962/2964/7 2979/2960/7 2961/2965/7
f 2961/2965/7 2979/2960/7 2960/2966/7
f 2960/2966/7 2979/2960/7 2959/2967/7
f 2959/2967/7 2979/2960/7 2980/2941/7
f 2959/2967/7 2980/2941/7 2958/2968/7
f 2958/2968/7 2980/2941/7 3053/2942/7
f 2958/2968/11 3053/2942/11 2957/2969/11
f 2957/2969/7 3053/2942/7 2956/2970/7
f 2956/2970/7 3053/2942/7 3054/2943/7
f 2956/2970/7 3054/2943/7 3082/2955/7
f 2956/2970/7 3082/2955/7 2955/2971/7
f 2955/2971/7 3082/2955/7 3083/2972/7
f 2955/2971/7 3083/2972/7 3084/2973/7
f 2955/2971/7 3084/2973/7 3085/2974/7
f 2955/2971/7 3085/2974/7 3086/2975/7
f 2955/2971/7 3086/2975/7 3087/2976/7
f 2955/2971/7 3087/2976/7 2954/2977/7
f 2954/2977/7 3087/2976/7 3088/2978/7
f 2954/2977/7 3088/2978/7 3089/2979/7
f 2954/2977/7 3089/2979/7 3090/2980/7
f 2954/2977/7 3090/2980/7 2953/2981/7
f 2953/2981/7 3090/2980/7 2844/2982/7
f 2844/2982/7 3090/2980/7 3091/2983/7
f 2952/2984/7 2953/2981/7 2845/2985/7
f 2845/2985/1 2953/2981/1 2844/2982/1
f 2952/2984/7 2845/2985/7 2846/2986/7
f 3257/2987/7 2844/2982/7 3091/2983/7
f 3257/2987/7 3091/2983/7 3092/2988/7
f 3257/2987/7 3092/2988/7 3093/2989/7
f 3257/2987/7 3093/2989/7 3094/2990/7
f 3257/2987/7 3094/2990/7 3095/2991/7
f 3257/2987/7 3095/2991/7 3096/2992/7
f 3257/2987/7 3096/2992/7 3097/2993/7
f 3257/2987/7 3097/2993/7 3098/2994/7
f 3257/2987/7 3098/2994/7 3099/2995/7
f 3257/2987/7 3099/2995/7 3100/2996/7
f 3257/2987/7 3100/2996/7 3101/2997/7
f 3256/2998/7 3257/2987/7 3101/2997/7
f 2951/2999/7 2952/2984/7 2846/2986/7
f 3256/2998/7 3101/2997/7 3102/3000/7
f 3256/2998/7 3102/3000/7 3103/3001/7
f 2951/2999/7 2846/2986/7 2847/3002/7
f 3255/3003/7 3256/2998/7 3103/3001/7
f 2950/3004/7 2951/2999/7 2847/3002/7
f 2950/3004/7 2847/3002/7 2848/3005/7
f 3254/3006/7 3255/3003/7 3103/3001/7
f 2949/3007/7 2950/3004/7 2848/3005/7
f 3254/3006/7 3103/3001/7 3104/3008/7
f 2949/3007/7 2848/3005/7 2849/3009/7
f 3253/3010/7 3254/3006/7 3104/3008/7
f 2948/3011/7 2949/3007/7 2849/3009/7
f 3252/3012/7 3253/3010/7 3104/3008/7
f 2947/3013/7 2948/3011/7 2849/3009/7
f 2947/3013/7 2849/3009/7 2850/3014/7
f 3252/3012/7 3104/3008/7 3105/3015/7
f 3251/3016/7 3252/3012/7 3105/3015/7
f 2946/3017/7 2947/3013/7 2850/3014/7
f 2946/3017/7 2850/3014/7 2851/3018/7
f 3250/3019/7 3251/3016/7 3105/3015/7
f 2945/3020/7 2946/3017/7 2851/3018/7
f 3250/3019/7 3105/3015/7 3106/3021/7
f 3249/3022/7 3250/3019/7 3106/3021/7
f 2945/3020/7 2851/3018/7 2852/3023/7
f 2944/3024/7 2945/3020/7 2852/3023/7
f 3248/3025/7 3249/3022/7 3106/3021/7
f 2943/3026/7 2944/3024/7 2852/3023/7
f 2943/3026/7 2852/3023/7 2853/3027/7
f 3248/3025/7 3106/3021/7 3107/3028/7
f 3247/3029/7 3248/3025/7 3107/3028/7
f 2942/3030/7 2943/3026/7 2853/3027/7
f 3246/3031/7 3247/3029/7 3107/3028/7
f 2942/3030/7 2853/3027/7 2854/3032/7
f 2941/3033/7 2942/3030/7 2854/3032/7
f 3245/3034/7 3246/3031/7 3107/3028/7
f 3245/3034/7 3107/3028/7 3108/3035/7
f 2940/3036/7 2941/3033/7 2854/3032/7
f 2940/3036/7 2854/3032/7 2855/3037/7
f 3244/3038/7 3245/3034/7 3108/3035/7
f 2939/3039/7 2940/3036/7 2855/3037/7
f 2939/3039/7 2855/3037/7 2856/3040/7
f 3243/3041/7 3244/3038/7 3108/3035/7
f 2938/3042/7 2939/3039/7 2856/3040/7
f 3243/3041/7 3108/3035/7 3109/3043/7
f 3242/3044/7 3243/3041/7 3109/3043/7
f 2938/3042/7 2856/3040/7 2857/3045/7
f 2937/3046/7 2938/3042/7 2857/3045/7
f 3241/3047/7 3242/3044/7 3109/3043/7
f 2936/3048/7 2937/3046/7 2857/3045/7
f 2936/3048/7 2857/3045/7 2858/3049/7
f 3240/3050/7 3241/3047/7 3109/3043/7
f 3240/3050/7 3109/3043/7 3110/3051/7
f 2935/3052/7 2936/3048/7 2858/3049/7
f 2935/3052/7 2858/3049/7 2859/3053/7
f 3239/3054/7 3240/3050/7 3110/3051/7
f 2934/3055/7 2935/3052/7 2859/3053/7
f 2934/3055/7 2859/3053/7 2860/3056/7
f 3238/3057/7 3239/3054/7 3110/3051/7
f 2933/3058/7 2934/3055/7 2860/3056/7
f 3238/3057/7 3110/3051/7 3111/3059/7
f 2933/3058/7 2860/3056/7 2861/3060/7
f 3237/3061/7 3238/3057/7 3111/3059/7
f 2932/3062/7 2933/3058/7 2861/3060/7
f 3236/3063/7 3237/3061/7 3111/3059/7
f 2932/3062/7 2861/3060/7 2862/3064/7
f 2931/3065/7 2932/3062/7 2862/3064/7
f 3236/3063/7 3111/3059/7 3112/3066/7
f 3235/3067/7 3236/3063/7 3112/3066/7
f 2930/3068/7 2931/3065/7 2862/3064/7
f 2930/3068/7 2862/3064/7 2863/3069/7
f 2929/3070/7 2930/3068/7 2863/3069/7
f 3234/3071/7 3235/3067/7 3112/3066/7
f 2929/3070/7 2863/3069/7 2864/3072/7
f 3234/3071/7 3112/3066/7 3113/3073/7
f 2928/3074/7 2929/3070/7 2864/3072/7
f 3233/3075/7 3234/3071/7 3113/3073/7
f 2928/3074/7 2864/3072/7 2865/3076/7
f 3232/3077/7 3233/3075/7 3113/3073/7
f 3231/3078/7 3232/3077/7 3113/3073/7
f 2927/3079/7 2928/3074/7 2865/3076/7
f 3230/3080/7 3231/3078/7 3113/3073/7
f 3229/3081/7 3230/3080/7 3113/3073/7
f 2927/3079/7 2865/3076/7 2866/3082/7
f 3228/3083/7 3229/3081/7 3113/3073/7
f 3228/3083/7 3113/3073/7 3114/3084/7
f 3227/3085/7 3228/3083/7 3114/3084/7
f 2926/3086/7 2927/3079/7 2866/3082/7
f 3226/3087/7 3227/3085/7 3114/3084/7
f 3225/3088/7 3226/3087/7 3114/3084/7
f 2926/3086/7 2866/3082/7 2867/3089/7
f 3224/3090/7 3225/3088/7 3114/3084/7
f 3223/3091/7 3224/3090/7 3114/3084/7
f 3222/3092/7 3223/3091/7 3114/3084/7
f 3196/3093/7 3197/3094/7 3198/3095/7
f 3195/3096/7 3196/3093/7 3198/3095/7
f 3195/3096/7 3198/3095/7 3199/3097/7
f 3194/3098/7 3195/3096/7 3199/3097/7
f 3193/3099/7 3194/3098/7 3199/3097/7
f 3192/3100/7 3193/3099/7 3199/3097/7
f 3191/3101/7 3192/3100/7 3199/3097/7
f 2925/3102/7 2926/3086/7 2867/3089/7
f 3221/3103/7 3222/3092/7 3114/3084/7
f 3190/3104/7 3191/3101/7 3199/3097/7
f 3190/3104/7 3199/3097/7 3200/3105/7
f 3189/3106/7 3190/3104/7 3200/3105/7
f 3188/3107/7 3189/3106/7 3200/3105/7
f 3220/3108/7 3221/3103/7 3114/3084/7
f 3188/3107/7 3200/3105/7 3201/3109/7
f 3187/3110/7 3188/3107/7 3201/3109/7
f 2925/3102/7 2867/3089/7 2868/3111/7
f 3219/3112/7 3220/3108/7 3114/3084/7
f 3186/3113/7 3187/3110/7 3201/3109/7
f 3186/3113/7 3201/3109/7 3202/3114/7
f 3185/3115/7 3186/3113/7 3202/3114/7
f 3218/3116/7 3219/3112/7 3114/3084/7
f 3184/3117/7 3185/3115/7 3202/3114/7
f 3184/3117/7 3202/3114/7 3203/3118/7
f 3183/3119/7 3184/3117/7 3203/3118/7
f 3217/3120/7 3218/3116/7 3114/3084/7
f 3217/3120/7 3114/3084/7 3115/3121/7
f 3182/3122/7 3183/3119/7 3203/3118/7
f 3181/3123/7 3182/3122/7 3203/3118/7
f 3181/3123/7 3203/3118/7 3204/3124/7
f 3180/3125/7 3181/3123/7 3204/3124/7
f 3216/3126/7 3217/3120/7 3115/3121/7
f 3179/3127/7 3180/3125/7 3204/3124/7
f 3179/3127/7 3204/3124/7 3205/3128/7
f 3178/3129/7 3179/3127/7 3205/3128/7
f 3215/3130/7 3216/3126/7 3115/3121/7
f 3177/3131/7 3178/3129/7 3205/3128/7
f 3176/3132/7 3177/3131/7 3205/3128/7
f 3176/3132/7 3205/3128/7 3206/3133/7
f 3175/3134/7 3176/3132/7 3206/3133/7
f 3214/3135/7 3215/3130/7 3115/3121/7
f 3174/3136/7 3175/3134/7 3206/3133/7
f 3173/3137/7 3174/3136/7 3206/3133/7
f 3173/3137/7 3206/3133/7 3207/3138/7
f 3213/3139/7 3214/3135/7 3115/3121/7
f 3173/3137/7 3207/3138/7 3208/3140/7
f 3212/3141/7 3213/3139/7 3115/3121/7
f 3173/3137/7 3208/3140/7 3209/3142/7
f 3211/3143/7 3212/3141/7 3115/3121/7
f 3173/3137/7 3209/3142/7 3210/3144/7
f 3210/3144/7 3211/3143/7 3115/3121/7
f 3173/3137/7 3210/3144/7 3115/3121/7
f 2924/3145/7 2925/3102/7 2868/3111/7
f 3172/3146/7 3173/3137/7 3115/3121/7
f 2924/3145/7 2868/3111/7 2869/3147/7
f 3171/3148/7 3172/3146/7 3115/3121/7
f 3171/3148/7 3115/3121/7 3116/3149/7
f 3170/3150/7 3171/3148/7 3116/3149/7
f 3169/3151/7 3170/3150/7 3116/3149/7
f 2923/3152/7 2924/3145/7 2869/3147/7
f 2923/3152/7 2869/3147/7 2870/3153/7
f 3168/3154/7 3169/3151/7 3116/3149/7
f 3168/3154/7 3116/3149/7 3117/3155/7
f 3167/3156/7 3168/3154/7 3117/3155/7
f 3166/3157/7 3167/3156/7 3117/3155/7
f 2923/3152/7 2870/3153/7 2871/3158/7
f 3165/3159/7 3166/3157/7 3117/3155/7
f 2922/3160/7 2923/3152/7 2871/3158/7
f 3165/3159/7 3117/3155/7 3118/3161/7
f 3164/3162/7 3165/3159/7 3118/3161/7
f 3163/3163/7 3164/3162/7 3118/3161/7
f 2922/3160/7 2871/3158/7 2872/3164/7
f 3162/3165/7 3163/3163/7 3118/3161/7
f 3162/3165/7 3118/3161/7 3119/3166/7
f 3161/3167/7 3162/3165/7 3119/3166/7
f 2921/3168/7 2922/3160/7 2872/3164/7
f 3160/3169/7 3161/3167/7 3119/3166/7
f 2921/3168/7 2872/3164/7 2873/3170/7
f 3159/3171/7 3160/3169/7 3119/3166/7
f 3159/3171/7 3119/3166/7 3120/3172/7
f 3158/3173/7 3159/3171/7 3120/3172/7
f 3157/3174/7 3158/3173/7 3120/3172/7
f 2921/3168/7 2873/3170/7 2874/3175/7
f 2920/3176/7 2921/3168/7 2874/3175/7
f 3157/3174/7 3120/3172/7 3121/3177/7
f 3156/3178/7 3157/3174/7 3121/3177/7
f 3155/3179/7 3156/3178/7 3121/3177/7
f 2920/3176/7 2874/3175/7 2875/3180/7
f 3155/3179/7 3121/3177/7 3122/3181/7
f 3154/3182/7 3155/3179/7 3122/3181/7
f 2919/3183/7 2920/3176/7 2875/3180/7
f 3153/3184/7 3154/3182/7 3122/3181/7
f 3153/3184/7 3122/3181/7 3123/3185/7
f 2919/3183/7 2875/3180/7 2876/3186/7
f 3152/3187/7 3153/3184/7 3123/3185/7
f 3152/3187/7 3123/3185/7 3124/3188/7
f 2919/3183/7 2876/3186/7 2877/3189/7
f 2918/3190/7 2919/3183/7 2877/3189/7
f 3151/3191/7 3152/3187/7 3124/3188/7
f 3151/3191/7 3124/3188/7 3125/3192/7
f 3150/3193/7 3151/3191/7 3125/3192/7
f 2918/3190/7 2877/3189/7 2878/3194/7
f 3150/3193/7 3125/3192/7 3126/3195/7
f 3149/3196/7 3150/3193/7 3126/3195/7
f 2917/3197/7 2918/3190/7 2878/3194/7
f 3149/3196/7 3126/3195/7 3127/3198/7
f 3148/3199/7 3149/3196/7 3127/3198/7
f 2917/3197/7 2878/3194/7 2879/3200/7
f 3148/3199/7 3127/3198/7 3128/3201/7
f 3147/3202/7 3148/3199/7 3128/3201/7
f 3147/3202/7 3128/3201/7 3129/3203/7
f 3146/3204/7 3147/3202/7 3129/3203/7
f 3146/3204/7 3129/3203/7 3130/3205/7
f 2917/3197/7 2879/3200/7 2880/3206/7
f 3145/3207/7 3146/3204/7 3130/3205/7
f 3145/3207/7 3130/3205/7 3131/3208/7
f 3144/3209/7 3145/3207/7 3131/3208/7
f 2916/3210/7 2917/3197/7 2880/3206/7
f 2915/3211/7 2916/3210/7 2880/3206/7
f 2914/3212/7 2915/3211/7 2880/3206/7
f 2913/3213/7 2914/3212/7 2880/3206/7
f 2912/3214/7 2913/3213/7 2880/3206/7
f 3144/3209/7 3131/3208/7 3132/3215/7
f 2911/3216/7 2912/3214/7 2880/3206/7
f 2910/3217/7 2911/3216/7 2880/3206/7
f 2909/3218/7 2910/3217/7 2880/3206/7
f 3143/3219/7 3144/3209/7 3132/3215/7
f 2908/3220/7 2909/3218/7 2880/3206/7
f 2907/3221/7 2908/3220/7 2880/3206/7
f 2906/3222/7 2907/3221/7 2880/3206/7
f 3143/3219/7 3132/3215/7 3133/3223/7
f 2905/3224/7 2906/3222/7 2880/3206/7
f 2904/3225/7 2905/3224/7 2880/3206/7
f 3142/3226/7 3143/3219/7 3133/3223/7
f 3142/3226/7 3133/3223/7 3134/3227/7
f 3141/3228/7 3142/3226/7 3134/3227/7
f 2903/3229/7 2904/3225/7 2880/3206/7
f 2903/3229/7 2880/3206/7 2881/3230/7
f 3141/3228/7 3134/3227/7 3135/3231/7
f 3140/3232/7 3141/3228/7 3135/3231/7
f 3140/3232/7 3135/3231/7 3136/3233/7
f 2902/3234/7 2903/3229/7 2881/3230/7
f 3139/3235/7 3140/3232/7 3136/3233/7
f 3139/3235/7 3136/3233/7 3137/3236/7
f 3138/3237/7 3139/3235/7 3137/3236/7
f 2901/3238/7 2902/3234/7 2881/3230/7
f 2900/3239/7 2901/3238/7 2881/3230/7
f 2899/3240/7 2900/3239/7 2881/3230/7
f 2898/3241/7 2899/3240/7 2881/3230/7
f 2897/3242/7 2898/3241/7 2881/3230/7
f 2896/3243/7 2897/3242/7 2881/3230/7
f 2895/3244/7 2896/3243/7 2881/3230/7
f 2895/3244/7 2881/3230/7 2882/3245/7
f 2895/3244/7 2882/3245/7 2883/3246/7
f 2895/3244/7 2883/3246/7 2884/3247/7
f 2895/3244/7 2884/3247/7 2885/3248/7
f 2894/3249/7 2895/3244/7 2885/3248/7
f 2894/3249/7 2885/3248/7 2886/3250/7
f 2894/3249/7 2886/3250/7 2887/3251/7
f 2894/3249/7 2887/3251/7 2888/3252/7
f 2894/3249/7 2888/3252/7 2889/3253/7
f 2893/3254/7 2894/3249/7 2889/3253/7
f 2893/3254/10 2889/3253/10 2890/3255/10
f 2893/3254/7 2890/3255/7 2891/3256/7
f 2893/3254/7 2891/3256/7 2892/3257/7
f 3569/3258/7 3570/3259/7 3571/3260/7
f 3568/3261/7 3569/3258/7 3571/3260/7
f 3567/3262/7 3568/3261/7 3571/3260/7
f 3567/3262/7 3571/3260/7 3572/3263/7
f 3566/3264/7 3567/3262/7 3572/3263/7
f 3565/3265/7 3566/3264/7 3572/3263/7
f 3565/3265/7 3572/3263/7 3573/3266/7
f 3564/3267/7 3565/3265/7 3573/3266/7
f 3563/3268/7 3564/3267/7 3573/3266/7
f 3563/3268/7 3573/3266/7 3574/3269/7
f 3562/3270/7 3563/3268/7 3574/3269/7
f 3561/3271/7 3562/3270/7 3574/3269/7
f 3561/3271/7 3574/3269/7 3575/3272/7
f 3560/3273/7 3561/3271/7 3575/3272/7
f 3560/3273/7 3575/3272/7 3576/3274/7
f 3559/3275/7 3560/3273/7 3576/3274/7
f 3558/3276/7 3559/3275/7 3576/3274/7
f 3558/3276/7 3576/3274/7 3577/3277/7
f 3557/3278/7 3558/3276/7 3577/3277/7
f 3557/3278/7 3577/3277/7 3578/3279/7
f 3557/3278/7 3578/3279/7 3579/3280/7
f 3556/3281/7 3557/3278/7 3579/3280/7
f 3556/3281/7 3579/3280/7 3580/3282/7
f 3556/3281/7 3580/3282/7 3581/3283/7
f 3555/3284/7 3556/3281/7 3581/3283/7
f 3555/3284/7 3581/3283/7 3582/3285/7
f 3555/3284/7 3582/3285/7 3583/3286/7
f 3555/3284/7 3583/3286/7 3584/3287/7
f 3555/3284/7 3584/3287/7 3585/3288/7
f 3554/3289/7 3555/3284/7 3585/3288/7
f 3554/3289/7 3585/3288/7 3586/3290/7
f 3554/3289/7 3586/3290/7 3587/3291/7
f 3554/3289/7 3587/3291/7 3588/3292/7
f 3553/3293/7 3554/3289/7 3588/3292/7
f 3553/3293/7 3588/3292/7 3589/3294/7
f 3553/3293/7 3589/3294/7 3590/3295/7
f 3553/3293/7 3590/3295/7 3591/3296/7
f 3553/3293/7 3591/3296/7 3592/3297/7
f 3552/3298/7 3553/3293/7 3592/3297/7
f 3552/3298/7 3592/3297/7 3593/3299/7
f 3552/3298/7 3593/3299/7 3594/3300/7
f 3552/3298/7 3594/3300/7 3595/3301/7
f 3552/3298/7 3595/3301/7 3596/3302/7
f 3551/3303/7 3552/3298/7 3596/3302/7
f 3551/3303/7 3596/3302/7 3597/3304/7
f 3551/3303/7 3597/3304/7 3618/3305/7
f 3618/3305/7 3597/3304/7 3598/3306/7
f 3618/3305/7 3598/3306/7 3599/3307/7
f 3551/3303/7 3618/3305/7 3619/3308/7
f 3617/3309/7 3618/3305/7 3599/3307/7
f 3616/3310/7 3617/3309/7 3599/3307/7
f 3616/3310/7 3599/3307/7 3600/3311/7
f 3615/3312/7 3616/3310/7 3600/3311/7
f 3550/3313/7 3551/3303/7 3619/3308/7
f 3615/3312/7 3600/3311/7 3601/3314/7
f 3614/3315/7 3615/3312/7 3601/3314/7
f 3613/3316/7 3614/3315/7 3601/3314/7
f 3550/3313/7 3619/3308/7 3620/3317/7
f 3613/3316/7 3601/3314/7 3602/3318/7
f 3612/3319/7 3613/3316/7 3602/3318/7
f 3611/3320/7 3612/3319/7 3602/3318/7
f 3611/3320/7 3602/3318/7 3603/3321/7
f 3610/3322/7 3611/3320/7 3603/3321/7
f 3610/3322/7 3603/3321/7 3604/3323/7
f 3609/3324/7 3610/3322/7 3604/3323/7
f 3608/3325/7 3609/3324/7 3604/3323/7
f 3608/3325/7 3604/3323/7 3605/3326/7
f 3607/3327/7 3608/3325/7 3605/3326/7
f 3607/3327/7 3605/3326/7 3606/3328/7
f 3550/3313/7 3620/3317/7 3621/3329/7
f 3549/3330/7 3550/3313/7 3621/3329/7
f 3549/3330/7 3621/3329/7 3622/3331/7
f 3549/3330/7 3622/3331/7 3623/3332/7
f 3548/3333/7 3549/3330/7 3623/3332/7
f 3548/3333/7 3623/3332/7 3624/3334/7
f 3548/3333/7 3624/3334/7 3625/3335/7
f 3547/3336/7 3548/3333/7 3625/3335/7
f 3547/3336/7 3625/3335/7 3626/3337/7
f 3547/3336/7 3626/3337/7 3627/3338/7
f 3547/3336/7 3627/3338/7 3628/3339/7
f 3546/3340/7 3547/3336/7 3628/3339/7
f 3546/3340/7 3628/3339/7 3629/3341/7
f 3546/3340/7 3629/3341/7 3630/3342/7
f 3545/3343/7 3546/3340/7 3630/3342/7
f 3544/3344/7 3545/3343/7 3630/3342/7
f 3543/3345/7 3544/3344/7 3630/3342/7
f 3542/3346/7 3543/3345/7 3630/3342/7
f 3541/3347/7 3542/3346/7 3630/3342/7
f 3540/3348/7 3541/3347/7 3630/3342/7
f 3540/3348/7 3630/3342/7 3498/3349/7
f 3498/3349/7 3630/3342/7 3631/3350/7
f 3539/3351/7 3540/3348/7 3498/3349/7
f 3538/3352/7 3539/3351/7 3498/3349/7
f 3537/3353/7 3538/3352/7 3498/3349/7
f 3536/3354/7 3537/3353/7 3498/3349/7
f 3535/3355/7 3536/3354/7 3498/3349/7
f 3534/3356/7 3535/3355/7 3498/3349/7
f 3533/3357/7 3534/3356/7 3498/3349/7
f 3532/3358/7 3533/3357/7 3498/3349/7
f 3531/3359/7 3532/3358/7 3498/3349/7
f 3531/3359/7 3498/3349/7 3499/3360/7
f 3497/3361/7 3498/3349/7 3631/3350/7
f 3530/3362/7 3531/3359/7 3499/3360/7
f 3530/3362/7 3499/3360/7 3500/3363/7
f 3529/3364/7 3530/3362/7 3500/3363/7
f 3528/3365/7 3529/3364/7 3500/3363/7
f 3528/3365/7 3500/3363/7 3501/3366/7
f 3527/3367/7 3528/3365/7 3501/3366/7
f 3527/3367/7 3501/3366/7 3502/3368/7
f 3526/3369/7 3527/3367/7 3502/3368/7
f 3526/3369/7 3502/3368/7 3503/3370/7
f 3525/3371/7 3526/3369/7 3503/3370/7
f 3524/3372/7 3525/3371/7 3503/3370/7
f 3524/3372/7 3503/3370/7 3504/3373/7
f 3523/3374/7 3524/3372/7 3504/3373/7
f 3522/3375/7 3523/3374/7 3504/3373/7
f 3521/3376/7 3522/3375/7 3504/3373/7
f 3521/3376/7 3504/3373/7 3505/3377/7
f 3520/3378/7 3521/3376/7 3505/3377/7
f 3519/3379/7 3520/3378/7 3505/3377/7
f 3519/3379/7 3505/3377/7 3506/3380/7
f 3518/3381/7 3519/3379/7 3506/3380/7
f 3517/3382/7 3518/3381/7 3506/3380/7
f 3517/3382/7 3506/3380/7 3507/3383/7
f 3516/3384/7 3517/3382/7 3507/3383/7
f 3515/3385/7 3516/3384/7 3507/3383/7
f 3515/3385/7 3507/3383/7 3508/3386/7
f 3514/3387/7 3515/3385/7 3508/3386/7
f 3513/3388/7 3514/3387/7 3508/3386/7
f 3513/3388/7 3508/3386/7 3509/3389/7
f 3512/3390/7 3513/3388/7 3509/3389/7
f 3511/3391/7 3512/3390/7 3509/3389/7
f 3511/3391/7 3509/3389/7 3510/3392/7
f 3643/3393/7 3644/3394/7 3645/3395/7
f 3643/3393/7 3645/3395/7 3646/3396/7
f 3642/3397/7 3643/3393/7 3646/3396/7
f 3642/3397/7 3646/3396/7 3647/3398/7
f 3641/3399/7 3642/3397/7 3647/3398/7
f 3641/3399/7 3647/3398/7 3648/3400/7
f 3640/3401/7 3641/3399/7 3648/3400/7
f 3640/3401/7 3648/3400/7 3649/3402/7
f 3639/3403/7 3640/3401/7 3649/3402/7
f 3639/3403/7 3649/3402/7 3650/3404/7
f 3638/3405/7 3639/3403/7 3650/3404/7
f 3638/3405/7 3650/3404/7 3651/3406/7
f 3638/3405/7 3651/3406/7 3652/3407/7
f 3637/3408/7 3638/3405/7 3652/3407/7
f 3637/3408/7 3652/3407/7 3653/3409/7
f 3636/3410/7 3637/3408/7 3653/3409/7
f 3636/3410/7 3653/3409/7 3654/3411/7
f 3635/3412/7 3636/3410/7 3654/3411/7
f 3635/3412/7 3654/3411/7 3655/3413/7
f 3634/3414/7 3635/3412/7 3655/3413/7
f 3634/3414/7 3655/3413/7 3656/3415/7
f 3633/3416/7 3634/3414/7 3656/3415/7
f 3633/3416/7 3656/3415/7 3657/3417/7
f 3633/3416/7 3657/3417/7 3658/3418/7
f 3633/3416/7 3658/3418/7 3659/3419/7
f 3632/3420/7 3633/3416/7 3659/3419/7
f 3483/3421/7 3484/3422/7 3485/3423/7
f 3632/3420/7 3659/3419/7 3660/3424/7
f 3483/3421/7 3485/3423/7 3486/3425/7
f 3483/3421/7 3486/3425/7 3487/3426/7
f 3632/3420/7 3660/3424/7 3661/3427/7
f 3483/3421/7 3487/3426/7 3488/3428/7
f 3483/3421/7 3488/3428/7 3489/3429/7
f 3483/3421/7 3489/3429/7 3490/3430/7
f 3483/3421/7 3490/3430/7 3491/3431/7
f 3632/3420/7 3661/3427/7 3662/3432/7
f 3483/3421/7 3491/3431/7 3492/3433/7
f 3483/3421/7 3492/3433/7 3493/3434/7
f 3483/3421/7 3493/3434/7 3494/3435/7
f 3483/3421/7 3494/3435/7 3495/3436/7
f 3483/3421/7 3495/3436/7 3496/3437/7
f 3483/3421/7 3496/3437/7 3482/3438/7
f 3482/3438/7 3496/3437/7 3481/3439/7
f 3481/3439/7 3496/3437/7 3480/3440/7
f 3480/3440/7 3496/3437/7 3479/3441/7
f 3479/3441/7 3496/3437/7 3478/3442/7
f 3478/3442/7 3496/3437/7 3477/3443/7
f 3477/3443/7 3496/3437/7 3476/3444/7
f 3476/3444/7 3496/3437/7 3475/3445/7
f 3475/3445/7 3496/3437/7 3474/3446/7
f 3474/3446/7 3496/3437/7 3497/3361/7
f 3474/3446/7 3497/3361/7 3473/3447/7
f 3473/3447/7 3497/3361/7 3631/3350/7
f 3473/3447/7 3631/3350/7 3472/3448/7
f 3472/3448/7 3631/3350/7 3632/3420/7
f 3472/3448/7 3632/3420/7 3662/3432/7
f 3472/3448/7 3662/3432/7 3663/3449/7
f 3472/3448/7 3663/3449/7 3664/3450/7
f 3472/3448/7 3664/3450/7 3665/3451/7
f 3472/3448/7 3665/3451/7 3666/3452/7
f 3472/3448/7 3666/3452/7 3667/3453/7
f 3472/3448/7 3667/3453/7 3471/3454/7
f 3471/3454/7 3667/3453/7 3668/3455/7
f 3471/3454/7 3668/3455/7 3669/3456/7
f 3471/3454/7 3669/3456/7 3670/3457/7
f 3471/3454/7 3670/3457/7 3671/3458/7
f 3471/3454/7 3671/3458/7 3672/3459/7
f 3471/3454/7 3672/3459/7 3673/3460/7
f 3471/3454/7 3673/3460/7 3674/3461/7
f 3471/3454/7 3674/3461/7 3675/3462/7
f 3471/3454/7 3675/3462/7 3676/3463/7
f 3471/3454/7 3676/3463/7 3677/3464/7
f 3471/3454/7 3677/3464/7 3678/3465/7
f 3471/3454/7 3678/3465/7 3679/3466/7
f 3471/3454/7 3679/3466/7 3680/3467/7
f 3470/3468/1 3471/3454/1 3680/3467/1
f 3469/3469/7 3470/3468/7 3681/3470/7
f 3681/3470/1 3470/3468/1 3680/3467/1
f 3469/3469/7 3681/3470/7 3682/3471/7
f 3455/3472/7 3456/3473/7 3457/3474/7
f 3694/3475/7 3695/3476/7 3696/3477/7
f 3694/3475/7 3696/3477/7 3697/3478/7
f 3693/3479/7 3694/3475/7 3697/3478/7
f 3693/3479/7 3697/3478/7 3698/3480/7
f 3692/3481/7 3693/3479/7 3698/3480/7
f 3455/3472/7 3457/3474/7 3458/3482/7
f 3692/3481/7 3698/3480/7 3699/3483/7
f 3691/3484/7 3692/3481/7 3699/3483/7
f 3691/3484/7 3699/3483/7 3700/3485/7
f 3690/3486/7 3691/3484/7 3700/3485/7
f 3455/3472/7 3458/3482/7 3459/3487/7
f 3454/3488/7 3455/3472/7 3459/3487/7
f 3690/3486/7 3700/3485/7 3701/3489/7
f 3689/3490/7 3690/3486/7 3701/3489/7
f 3689/3490/7 3701/3489/7 3702/3491/7
f 3454/3488/7 3459/3487/7 3460/3492/7
f 3688/3493/7 3689/3490/7 3702/3491/7
f 3688/3493/7 3702/3491/7 3703/3494/7
f 3454/3488/7 3460/3492/7 3461/3495/7
f 3453/3496/7 3454/3488/7 3461/3495/7
f 3687/3497/7 3688/3493/7 3703/3494/7
f 3687/3497/7 3703/3494/7 3704/3498/7
f 3453/3496/7 3461/3495/7 3462/3499/7
f 3686/3500/7 3687/3497/7 3704/3498/7
f 3686/3500/7 3704/3498/7 3705/3501/7
f 3453/3496/7 3462/3499/7 3463/3502/7
f 3452/3503/7 3453/3496/7 3463/3502/7
f 3685/3504/7 3686/3500/7 3705/3501/7
f 3452/3503/7 3463/3502/7 3464/3505/7
f 3685/3504/7 3705/3501/7 3706/3506/7
f 3452/3503/7 3464/3505/7 3465/3507/7
f 3685/3504/7 3706/3506/7 3707/3508/7
f 3684/3509/7 3685/3504/7 3707/3508/7
f 3451/3510/7 3452/3503/7 3465/3507/7
f 3451/3510/7 3465/3507/7 3466/3511/7
f 3684/3509/7 3707/3508/7 3708/3512/7
f 3451/3510/7 3466/3511/7 3467/3513/7
f 3683/3514/7 3684/3509/7 3708/3512/7
f 3683/3514/7 3708/3512/7 3709/3515/7
f 3451/3510/7 3467/3513/7 3468/3516/7
f 3450/3517/7 3451/3510/7 3468/3516/7
f 3683/3514/7 3709/3515/7 3710/3518/7
f 3450/3517/7 3468/3516/7 3469/3469/7
f 3450/3517/7 3469/3469/7 3682/3471/7
f 3450/3517/7 3682/3471/7 3683/3514/7
f 3450/3517/7 3683/3514/7 3710/3518/7
f 3450/3517/7 3710/3518/7 3711/3519/7
f 3450/3517/7 3711/3519/7 3712/3520/7
f 3449/3521/7 3450/3517/7 3712/3520/7
f 3449/3521/7 3712/3520/7 3713/3522/7
f 3449/3521/7 3713/3522/7 3714/3523/7
f 3449/3521/7 3714/3523/7 3715/3524/7
f 3449/3521/7 3715/3524/7 3716/3525/7
f 3449/3521/7 3716/3525/7 3717/3526/7
f 3448/3527/7 3449/3521/7 3767/3528/7
f 3767/3528/7 3449/3521/7 3717/3526/7
f 3767/3528/7 3717/3526/7 3718/3529/7
f 3767/3528/7 3718/3529/7 3719/3530/7
f 3767/3528/7 3719/3530/7 3764/3531/7
f 3764/3531/7 3719/3530/7 3763/3532/7
f 3763/3532/7 3719/3530/7 3720/3533/7
f 3448/3527/7 3767/3528/7 3768/3534/7
f 3766/3535/1 3767/3528/1 3764/3531/1
f 3765/3536/7 3766/3535/7 3764/3531/7
f 3765/3536/7 3764/3531/7 3761/3537/7
f 3762/3538/7 3763/3532/7 3720/3533/7
f 3762/3538/7 3720/3533/7 3721/3539/7
f 3762/3538/7 3721/3539/7 3722/3540/7
f 3447/3541/7 3448/3527/7 3768/3534/7
f 3762/3538/7 3722/3540/7 3723/3542/7
f 3762/3538/7 3723/3542/7 3724/3543/7
f 3762/3538/7 3724/3543/7 3725/3544/7
f 3762/3538/7 3725/3544/7 3731/3545/7
f 3731/3545/7 3725/3544/7 3726/3546/7
f 3446/3547/7 3447/3541/7 3768/3534/7
f 3731/3545/7 3726/3546/7 3727/3548/7
f 3731/3545/7 3727/3548/7 3728/3549/7
f 3731/3545/7 3728/3549/7 3729/3550/7
f 3445/3551/7 3446/3547/7 3768/3534/7
f 3731/3545/7 3729/3550/7 3730/3552/7
f 3762/3538/7 3731/3545/7 3732/3553/7
f 3444/3554/7 3445/3551/7 3768/3534/7
f 3443/3555/7 3444/3554/7 3768/3534/7
f 3762/3538/7 3732/3553/7 3733/3556/7
f 3443/3555/7 3768/3534/7 3770/3557/7
f 3770/3557/7 3768/3534/7 3765/3536/7
f 3770/3557/7 3765/3536/7 3761/3537/7
f 3770/3557/7 3761/3537/7 3762/3538/7
f 3770/3557/7 3762/3538/7 3760/3558/7
f 3760/3558/7 3762/3538/7 3759/3559/7
f 3759/3559/7 3762/3538/7 3733/3556/7
f 3443/3555/7 3770/3557/7 3771/3560/7
f 3769/3561/1 3770/3557/1 3760/3558/1
f 3772/3562/7 3769/3561/7 3760/3558/7
f 3772/3562/7 3760/3558/7 3757/3563/7
f 3758/3564/7 3759/3559/7 3733/3556/7
f 3443/3555/7 3771/3560/7 3418/3565/7
f 3418/3565/7 3771/3560/7 3772/3562/7
f 3418/3565/7 3772/3562/7 3757/3563/7
f 3418/3565/7 3757/3563/7 3758/3564/7
f 3418/3565/7 3758/3564/7 3733/3556/7
f 3443/3555/7 3418/3565/7 3419/3566/7
f 3417/3567/7 3418/3565/7 3733/3556/7
f 3416/3568/7 3417/3567/7 3260/3569/7
f 3260/3569/1 3417/3567/1 3733/3556/1
f 3416/3568/7 3260/3569/7 3261/3570/7
f 3259/3571/1 3260/3569/1 3733/3556/1
f 3258/3572/7 3259/3571/7 3733/3556/7
f 3258/3572/7 3733/3556/7 3734/3573/7
f 3258/3572/7 3734/3573/7 3735/3574/7
f 3756/3575/7 3258/3572/7 3735/3574/7
f 3756/3575/7 3735/3574/7 3736/3576/7
f 3443/3555/7 3419/3566/7 3420/3577/7
f 3755/3578/7 3756/3575/7 3736/3576/7
f 3755/3578/7 3736/3576/7 3737/3579/7
f 3443/3555/7 3420/3577/7 3421/3580/7
f 3442/3581/7 3443/3555/7 3421/3580/7
f 3754/3582/7 3755/3578/7 3737/3579/7
f 3754/3582/7 3737/3579/7 3738/3583/7
f 3442/3581/7 3421/3580/7 3422/3584/7
f 3753/3585/7 3754/3582/7 3738/3583/7
f 3441/3586/7 3442/3581/7 3422/3584/7
f 3753/3585/7 3738/3583/7 3739/3587/7
f 3752/3588/7 3753/3585/7 3739/3587/7
f 3441/3586/7 3422/3584/7 3423/3589/7
f 3440/3590/7 3441/3586/7 3423/3589/7
f 3752/3588/7 3739/3587/7 3740/3591/7
f 3751/3592/7 3752/3588/7 3740/3591/7
f 3439/3593/7 3440/3590/7 3423/3589/7
f 3750/3594/7 3751/3592/7 3740/3591/7
f 3439/3593/7 3423/3589/7 3424/3595/7
f 3750/3594/7 3740/3591/7 3741/3596/7
f 3749/3597/7 3750/3594/7 3741/3596/7
f 3749/3597/7 3741/3596/7 3742/3598/7
f 3438/3599/7 3439/3593/7 3424/3595/7
f 3438/3599/7 3424/3595/7 3425/3600/7
f 3748/3601/7 3749/3597/7 3742/3598/7
f 3748/3601/7 3742/3598/7 3743/3602/7
f 3747/3603/7 3748/3601/7 3743/3602/7
f 3747/3603/7 3743/3602/7 3744/3604/7
f 3746/3605/7 3747/3603/7 3744/3604/7
f 3437/3606/7 3438/3599/7 3425/3600/7
f 3746/3605/7 3744/3604/7 3745/3607/7
f 3437/3606/7 3425/3600/7 3426/3608/7
f 3436/3609/7 3437/3606/7 3426/3608/7
f 3436/3609/7 3426/3608/7 3427/3610/7
f 3435/3611/7 3436/3609/7 3427/3610/7
f 3435/3611/7 3427/3610/7 3428/3612/7
f 3434/3613/7 3435/3611/7 3428/3612/7
f 3434/3613/7 3428/3612/7 3429/3614/7
f 3273/3615/7 3274/3616/7 3275/3617/7
f 3433/3618/7 3434/3613/7 3429/3614/7
f 3273/3615/7 3275/3617/7 3276/3619/7
f 3272/3620/7 3273/3615/7 3276/3619/7
f 3433/3618/7 3429/3614/7 3430/3621/7
f 3272/3620/7 3276/3619/7 3277/3622/7
f 3432/3623/7 3433/3618/7 3430/3621/7
f 3271/3624/7 3272/3620/7 3277/3622/7
f 3432/3623/7 3430/3621/7 3431/3625/7
f 3271/3624/7 3277/3622/7 3278/3626/7
f 3270/3627/7 3271/3624/7 3278/3626/7
f 3270/3627/7 3278/3626/7 3279/3628/7
f 3269/3629/7 3270/3627/7 3279/3628/7
f 3269/3629/7 3279/3628/7 3280/3630/7
f 3268/3631/7 3269/3629/7 3280/3630/7
f 3268/3631/7 3280/3630/7 3281/3632/7
f 3268/3631/7 3281/3632/7 3282/3633/7
f 3267/3634/7 3268/3631/7 3282/3633/7
f 3267/3634/7 3282/3633/7 3283/3635/7
f 3266/3636/7 3267/3634/7 3283/3635/7
f 3266/3636/7 3283/3635/7 3284/3637/7
f 3265/3638/7 3266/3636/7 3284/3637/7
f 3265/3638/7 3284/3637/7 3285/3639/7
f 3264/3640/7 3265/3638/7 3285/3639/7
f 3264/3640/7 3285/3639/7 3286/3641/7
f 3263/3642/7 3264/3640/7 3286/3641/7
f 3263/3642/7 3286/3641/7 3287/3643/7
f 3263/3642/7 3287/3643/7 3288/3644/7
f 3263/3642/7 3288/3644/7 3289/3645/7
f 3262/3646/7 3263/3642/7 3289/3645/7
f 3402/3647/7 3403/3648/7 3404/3649/7
f 3262/3646/7 3289/3645/7 3290/3650/7
f 3402/3647/7 3404/3649/7 3405/3651/7
f 3402/3647/7 3405/3651/7 3406/3652/7
f 3262/3646/7 3290/3650/7 3291/3653/7
f 3402/3647/7 3406/3652/7 3407/3654/7
f 3402/3647/7 3407/3654/7 3408/3655/7
f 3402/3647/7 3408/3655/7 3409/3656/7
f 3402/3647/7 3409/3656/7 3410/3657/7
f 3262/3646/7 3291/3653/7 3292/3658/7
f 3402/3647/7 3410/3657/7 3411/3659/7
f 3402/3647/7 3411/3659/7 3412/3660/7
f 3402/3647/7 3412/3660/7 3413/3661/7
f 3402/3647/7 3413/3661/7 3414/3662/7
f 3402/3647/7 3414/3662/7 3415/3663/7
f 3402/3647/7 3415/3663/7 3401/3664/7
f 3401/3664/7 3415/3663/7 3400/3665/7
f 3400/3665/7 3415/3663/7 3399/3666/7
f 3399/3666/7 3415/3663/7 3398/3667/7
f 3398/3667/7 3415/3663/7 3397/3668/7
f 3397/3668/7 3415/3663/7 3396/3669/7
f 3396/3669/7 3415/3663/7 3395/3670/7
f 3395/3670/7 3415/3663/7 3394/3671/7
f 3394/3671/7 3415/3663/7 3416/3568/7
f 3394/3671/7 3416/3568/7 3393/3672/7
f 3393/3672/7 3416/3568/7 3261/3570/7
f 3393/3672/7 3261/3570/7 3392/3673/7
f 3392/3673/7 3261/3570/7 3262/3646/7
f 3392/3673/7 3262/3646/7 3391/3674/7
f 3391/3674/7 3262/3646/7 3292/3658/7
f 3391/3674/7 3292/3658/7 3293/3675/7
f 3391/3674/7 3293/3675/7 3294/3676/7
f 3391/3674/7 3294/3676/7 3295/3677/7
f 3391/3674/7 3295/3677/7 3296/3678/7
f 3391/3674/7 3296/3678/7 3297/3679/7
f 3391/3674/7 3297/3679/7 3298/3680/7
f 3391/3674/7 3298/3680/7 3390/3681/7
f 3390/3681/7 3298/3680/7 3299/3682/7
f 3390/3681/7 3299/3682/7 3300/3683/7
f 3390/3681/7 3300/3683/7 3301/3684/7
f 3390/3681/7 3301/3684/7 3302/3685/7
f 3390/3681/7 3302/3685/7 3303/3686/7
f 3390/3681/7 3303/3686/7 3304/3687/7
f 3390/3681/7 3304/3687/7 3305/3688/7
f 3390/3681/7 3305/3688/7 3306/3689/7
f 3390/3681/7 3306/3689/7 3307/3690/7
f 3390/3681/7 3307/3690/7 3308/3691/7
f 3390/3681/7 3308/3691/7 3309/3692/7
f 3390/3681/7 3309/3692/7 3310/3693/7
f 3389/3694/7 3390/3681/7 3310/3693/7
f 3388/3695/7 3389/3694/7 3311/3696/7
f 3311/3696/1 3389/3694/1 3310/3693/1
f 3388/3695/7 3311/3696/7 3312/3697/7
f 3324/3698/7 3325/3699/7 3326/3700/7
f 3324/3698/7 3326/3700/7 3327/3701/7
f 3323/3702/7 3324/3698/7 3327/3701/7
f 3323/3702/7 3327/3701/7 3328/3703/7
f 3322/3704/7 3323/3702/7 3328/3703/7
f 3322/3704/7 3328/3703/7 3329/3705/7
f 3321/3706/7 3322/3704/7 3329/3705/7
f 3321/3706/7 3329/3705/7 3330/3707/7
f 3320/3708/7 3321/3706/7 3330/3707/7
f 3320/3708/7 3330/3707/7 3331/3709/7
f 3320/3708/7 3331/3709/7 3332/3710/7
f 3319/3711/7 3320/3708/7 3332/3710/7
f 3319/3711/7 3332/3710/7 3333/3712/7
f 3318/3713/7 3319/3711/7 3333/3712/7
f 3318/3713/7 3333/3712/7 3334/3714/7
f 3317/3715/7 3318/3713/7 3334/3714/7
f 3317/3715/7 3334/3714/7 3335/3716/7
f 3316/3717/7 3317/3715/7 3335/3716/7
f 3316/3717/7 3335/3716/7 3336/3718/7
f 3315/3719/7 3316/3717/7 3336/3718/7
f 3315/3719/7 3336/3718/7 3337/3720/7
f 3315/3719/7 3337/3720/7 3338/3721/7
f 3314/3722/7 3315/3719/7 3338/3721/7
f 3314/3722/7 3338/3721/7 3339/3723/7
f 3314/3722/7 3339/3723/7 3340/3724/7
f 3313/3725/7 3314/3722/7 3340/3724/7
f 3313/3725/7 3340/3724/7 3341/3726/7
f 3374/3727/7 3375/3728/7 3376/3729/7
f 3374/3727/7 3376/3729/7 3377/3730/7
f 3313/3725/7 3341/3726/7 3342/3731/7
f 3374/3727/7 3377/3730/7 3378/3732/7
f 3374/3727/7 3378/3732/7 3379/3733/7
f 3374/3727/7 3379/3733/7 3380/3734/7
f 3313/3725/7 3342/3731/7 3343/3735/7
f 3374/3727/7 3380/3734/7 3381/3736/7
f 3374/3727/7 3381/3736/7 3382/3737/7
f 3374/3727/7 3382/3737/7 3383/3738/7
f 3374/3727/7 3383/3738/7 3384/3739/7
f 3374/3727/7 3384/3739/7 3385/3740/7
f 3374/3727/7 3385/3740/7 3386/3741/7
f 3374/3727/7 3386/3741/7 3387/3742/7
f 3374/3727/7 3387/3742/7 3373/3743/7
f 3373/3743/7 3387/3742/7 3372/3744/7
f 3372/3744/7 3387/3742/7 3371/3745/7
f 3371/3745/7 3387/3742/7 3370/3746/7
f 3370/3746/7 3387/3742/7 3369/3747/7
f 3369/3747/7 3387/3742/7 3368/3748/7
f 3368/3748/7 3387/3742/7 3367/3749/7
f 3367/3749/7 3387/3742/7 3388/3695/7
f 3367/3749/7 3388/3695/7 3366/3750/7
f 3366/3750/7 3388/3695/7 3312/3697/7
f 3366/3750/7 3312/3697/7 3365/3751/7
f 3365/3751/7 3312/3697/7 3364/3752/7
f 3364/3752/7 3312/3697/7 3313/3725/7
f 3364/3752/7 3313/3725/7 3343/3735/7
f 3364/3752/7 3343/3735/7 3344/3753/7
f 3364/3752/7 3344/3753/7 3363/3754/7
f 3363/3754/7 3344/3753/7 3345/3755/7
f 3363/3754/7 3345/3755/7 3346/3756/7
f 3363/3754/7 3346/3756/7 3347/3757/7
f 3363/3754/7 3347/3757/7 3348/3758/7
f 3363/3754/7 3348/3758/7 3349/3759/7
f 3363/3754/7 3349/3759/7 3350/3760/7
f 3363/3754/7 3350/3760/7 3362/3761/7
f 3362/3761/7 3350/3760/7 3351/3762/7
f 3362/3761/7 3351/3762/7 3352/3763/7
f 3362/3761/7 3352/3763/7 3353/3764/7
f 3362/3761/7 3353/3764/7 3354/3765/7
f 3362/3761/7 3354/3765/7 3355/3766/7
f 3362/3761/7 3355/3766/7 3356/3767/7
f 3362/3761/7 3356/3767/7 3357/3768/7
f 3362/3761/7 3357/3768/7 3358/3769/7
f 3362/3761/7 3358/3769/7 3359/3770/7
f 3362/3761/7 3359/3770/7 3360/3771/7
f 3362/3761/7 3360/3771/7 3361/3772/7
s 1
f 3776/3773/13 3773/3774/14 3774/3775/14
f 3778/3776/15 3775/3777/13 3776/3773/13
f 3780/3778/16 3777/3779/15 3778/3776/15
f 3782/3780/17 3779/3781/16 3780/3778/16
f 3784/3782/18 3781/3783/17 3782/3780/17
f 3786/3784/19 3783/3785/18 3784/3782/18
f 3788/3786/20 3785/3787/19 3786/3784/19
f 3790/3788/21 3787/3789/20 3788/3786/20
f 3792/3790/22 3789/3791/21 3790/3788/21
f 3794/3792/23 3791/3793/22 3792/3790/22
f 3796/3794/24 3793/3795/23 3794/3792/23
f 3798/3796/25 3795/3797/24 3796/3794/24
f 3800/3798/26 3797/3799/25 3798/3796/25
f 3802/3800/27 3799/3801/26 3800/3798/26
f 3804/3802/28 3801/3803/29 3802/3800/27
f 3806/3804/30 3803/3805/28 3804/3802/28
f 3808/3806/31 3805/3807/30 3806/3804/30
f 3810/3808/32 3807/3809/31 3808/3806/31
f 3812/3810/33 3809/3811/34 3810/3808/32
f 3814/3812/35 3811/3813/33 3812/3810/33
f 3816/3814/36 3813/3815/35 3814/3812/35
f 3818/3816/37 3815/3817/36 3816/3814/36
f 3820/3818/38 3817/3819/39 3818/3816/37
f 3822/3820/40 3819/3821/41 3820/3818/38
f 3824/3822/42 3821/3823/40 3822/3820/40
f 3826/3824/43 3823/3825/42 3824/3822/42
f 3828/3826/44 3825/3827/43 3826/3824/43
f 3830/3828/45 3827/3829/44 3828/3826/44
f 3832/3830/46 3829/3831/45 3830/3828/45
f 3834/3832/47 3831/3833/48 3832/3830/46
f 3836/3834/49 3833/3835/47 3834/3832/47
f 3838/3836/50 3835/3837/49 3836/3834/49
f 3840/3838/51 3837/3839/50 3838/3836/50
f 3842/3840/52 3839/3841/53 3840/3838/51
f 3844/3842/54 3841/3843/52 3842/3840/52
f 3846/3844/55 3843/3845/56 3844/3842/54
f 3848/3846/57 3845/3847/58 3846/3844/55
f 3850/3848/59 3847/3849/60 3848/3846/57
f 3852/3850/61 3849/3851/62 3850/3848/59
f 3854/3852/63 3851/3853/61 3852/3850/61
f 3856/3854/64 3853/3855/63 3854/3852/63
f 3858/3856/65 3855/3857/66 3856/3854/64
f 3860/3858/67 3857/3859/68 3858/3856/65
f 3862/3860/69 3859/3861/70 3860/3858/67
f 3864/3862/71 3861/3863/69 3862/3860/69
f 3866/3864/72 3863/3865/71 3864/3862/71
f 3868/3866/73 3865/3867/72 3866/3864/72
f 3870/3868/74 3867/3869/73 3868/3866/73
f 3872/3870/75 3869/3871/74 3870/3868/74
f 3874/3872/76 3871/3873/77 3872/3870/75
f 3876/3874/78 3873/3875/76 3874/3872/76
f 3878/3876/79 3875/3877/78 3876/3874/78
f 3880/3878/15 3877/3879/79 3878/3876/79
f 3882/3880/16 3879/3881/15 3880/3878/15
f 3884/3882/80 3881/3883/16 3882/3880/16
f 3886/3884/81 3883/3885/82 3884/3882/80
f 3888/3886/83 3885/3887/81 3886/3884/81
f 3890/3888/84 3887/3889/83 3888/3886/83
f 3892/3890/85 3889/3891/84 3890/3888/84
f 3894/3892/86 3891/3893/87 3892/3890/85
f 3896/3894/88 3893/3895/86 3894/3892/86
f 3898/3896/89 3895/3897/88 3896/3894/88
f 3900/3898/90 3897/3899/89 3898/3896/89
f 3902/3900/91 3899/3901/90 3900/3898/90
f 3904/3902/92 3901/3903/91 3902/3900/91
f 3906/3904/93 3903/3905/92 3904/3902/92
f 3908/3906/94 3905/3907/93 3906/3904/93
f 3910/3908/95 3907/3909/94 3908/3906/94
f 3912/3910/96 3909/3911/95 3910/3908/95
f 3914/3912/97 3911/3913/96 3912/3910/96
f 3916/3914/98 3913/3915/97 3914/3912/97
f 3918/3916/99 3915/3917/98 3916/3914/98
f 3920/3918/100 3917/3919/101 3918/3916/99
f 3922/3920/102 3919/3921/100 3920/3918/100
f 3924/3922/103 3921/3923/102 3922/3920/102
f 3926/3924/104 3923/3925/105 3924/3922/103
f 3928/3926/106 3925/3927/104 3926/3924/104
f 3930/3928/107 3927/3929/108 3928/3926/106
f 3932/3930/109 3929/3931/107 3930/3928/107
f 3934/3932/110 3931/3933/109 3932/3930/109
f 3936/3934/111 3933/3935/110 3934/3932/110
f 3938/3936/112 3935/3937/111 3936/3934/111
f 3940/3938/113 3937/3939/112 3938/3936/112
f 3942/3940/114 3939/3941/113 3940/3938/113
f 3944/3942/115 3941/3943/114 3942/3940/114
f 3946/3944/116 3943/3945/115 3944/3942/115
f 3948/3946/117 3945/3947/118 3946/3944/116
f 3950/3948/119 3947/3949/117 3948/3946/117
f 3952/3950/120 3949/3951/121 3950/3948/119
f 3954/3952/122 3951/3953/123 3952/3950/120
f 3956/3954/124 3953/3955/122 3954/3952/122
f 3958/3956/125 3955/3957/124 3956/3954/124
f 3960/3958/126 3957/3959/127 3958/3956/125
f 3962/3960/128 3959/3961/129 3960/3958/126
f 3964/3962/130 3961/3963/128 3962/3960/128
f 3966/3964/131 3963/3965/130 3964/3962/130
f 3968/3966/132 3965/3967/131 3966/3964/131
f 3970/3968/133 3967/3969/132 3968/3966/132
f 3972/3970/134 3969/3971/135 3970/3968/133
f 3974/3972/136 3971/3973/134 3972/3970/134
f 3976/3974/137 3973/3975/136 3974/3972/136
f 3978/3976/138 3975/3977/137 3976/3974/137
f 3980/3978/139 3977/3979/138 3978/3976/138
f 3982/3980/140 3979/3981/139 3980/3978/139
f 3984/3982/141 3981/3983/140 3982/3980/140
f 3986/3984/142 3983/3985/141 3984/3982/141
f 3988/3986/143 3985/3987/144 3986/3984/142
f 3990/3988/145 3987/3989/143 3988/3986/143
f 3992/3990/146 3989/3991/145 3990/3988/145
f 3994/3992/147 3991/3993/146 3992/3990/146
f 3996/3994/148 3993/3995/147 3994/3992/147
f 3998/3996/149 3995/3997/148 3996/3994/148
f 4000/3998/150 3997/3999/149 3998/3996/149
f 4002/4000/151 3999/4001/150 4000/3998/150
f 4004/4002/152 4001/4003/151 4002/4000/151
f 4006/4004/153 4003/4005/152 4004/4002/152
f 4008/4006/154 4005/4007/153 4006/4004/153
f 4010/4008/155 4007/4009/154 4008/4006/154
f 4012/4010/156 4009/4011/155 4010/4008/155
f 4014/4012/157 4011/4013/156 4012/4010/156
f 4016/4014/158 4013/4015/157 4014/4012/157
f 4018/4016/159 4015/4017/158 4016/4014/158
f 4020/4018/160 4017/4019/159 4018/4016/159
f 4022/4020/161 4019/4021/160 4020/4018/160
f 4024/4022/162 4021/4023/161 4022/4020/161
f 4026/4024/163 4023/4025/162 4024/4022/162
f 4028/4026/164 4025/4027/163 4026/4024/163
f 4030/4028/165 4027/4029/164 4028/4026/164
f 4032/4030/166 4029/4031/165 4030/4028/165
f 4034/4032/167 4031/4033/166 4032/4030/166
f 4036/4034/13 4033/4035/167 4034/4032/167
f 4038/4036/168 4035/4037/13 4036/4034/13
f 4040/4038/169 4037/4039/168 4038/4036/168
f 4042/4040/143 4039/4041/169 4040/4038/169
f 4044/4042/170 4041/4043/143 4042/4040/143
f 4046/4044/171 4043/4045/170 4044/4042/170
f 4048/4046/172 4045/4047/171 4046/4044/171
f 4050/4048/173 4047/4049/172 4048/4046/172
f 4052/4050/174 4049/4051/173 4050/4048/173
f 4054/4052/175 4051/4053/174 4052/4050/174
f 4056/4054/176 4053/4055/175 4054/4052/175
f 4058/4056/177 4055/4057/176 4056/4054/176
f 4060/4058/178 4057/4059/177 4058/4056/177
f 4062/4060/179 4059/4061/178 4060/4058/178
f 4064/4062/180 4061/4063/179 4062/4060/179
f 4066/4064/181 4063/4065/180 4064/4062/180
f 4068/4066/182 4065/4067/181 4066/4064/181
f 4070/4068/183 4067/4069/182 4068/4066/182
f 4072/4070/184 4069/4071/183 4070/4068/183
f 4074/4072/185 4071/4073/184 4072/4070/184
f 4076/4074/186 4073/4075/185 4074/4072/185
f 4078/4076/187 4075/4077/186 4076/4074/186
f 4080/4078/188 4077/4079/187 4078/4076/187
f 4082/4080/189 4079/4081/188 4080/4078/188
f 4084/4082/190 4081/4083/189 4082/4080/189
f 4086/4084/191 4083/4085/190 4084/4082/190
f 4088/4086/192 4085/4087/191 4086/4084/191
f 4090/4088/167 4087/4089/192 4088/4086/192
f 4092/4090/13 4089/4091/167 4090/4088/167
f 4094/4092/15 4091/4093/13 4092/4090/13
f 4096/4094/193 4093/4095/15 4094/4092/15
f 4098/4096/194 4095/4097/193 4096/4094/193
f 4100/4098/195 4097/4099/194 4098/4096/194
f 4102/4100/196 4099/4101/195 4100/4098/195
f 4104/4102/197 4101/4103/198 4102/4100/196
f 4106/4104/199 4103/4105/197 4104/4102/197
f 4108/4106/200 4105/4107/199 4106/4104/199
f 4110/4108/201 4107/4109/200 4108/4106/200
f 4112/4110/202 4109/4111/201 4110/4108/201
f 4114/4112/203 4111/4113/202 4112/4110/202
f 4116/4114/204 4113/4115/203 4114/4112/203
f 4118/4116/205 4115/4117/204 4116/4114/204
f 4120/4118/206 4117/4119/205 4118/4116/205
f 4122/4120/207 4119/4121/206 4120/4118/206
f 4124/4122/208 4121/4123/207 4122/4120/207
f 4126/4124/209 4123/4125/208 4124/4122/208
f 4128/4126/210 4125/4127/209 4126/4124/209
f 4130/4128/211 4127/4129/212 4128/4126/210
f 4132/4130/213 4129/4131/211 4130/4128/211
f 4134/4132/214 4131/4133/213 4132/4130/213
f 4136/4134/215 4133/4135/216 4134/4132/214
f 4138/4136/217 4135/4137/215 4136/4134/215
f 4140/4138/218 4137/4139/217 4138/4136/217
f 4142/4140/219 4139/4141/220 4140/4138/218
f 4144/4142/221 4141/4143/222 4142/4140/219
f 4146/4144/223 4143/4145/221 4144/4142/221
f 4148/4146/224 4145/4147/225 4146/4144/223
f 4150/4148/226 4147/4149/224 4148/4146/224
f 4152/4150/227 4149/4151/226 4150/4148/226
f 4154/4152/228 4151/4153/227 4152/4150/227
f 4156/4154/229 4153/4155/228 4154/4152/228
f 4158/4156/230 4155/4157/231 4156/4154/229
f 4160/4158/232 4157/4159/230 4158/4156/230
f 4162/4160/233 4159/4161/232 4160/4158/232
f 4164/4162/234 4161/4163/233 4162/4160/233
f 4166/4164/235 4163/4165/234 4164/4162/234
f 4168/4166/236 4165/4167/235 4166/4164/235
f 4170/4168/237 4167/4169/236 4168/4166/236
f 4172/4170/238 4169/4171/237 4170/4168/237
f 4174/4172/239 4171/4173/238 4172/4170/238
f 4176/4174/240 4173/4175/239 4174/4172/239
f 4178/4176/241 4175/4177/240 4176/4174/240
f 4180/4178/242 4177/4179/243 4178/4176/241
f 4182/4180/244 4179/4181/242 4180/4178/242
f 4184/4182/245 4181/4183/244 4182/4180/244
f 4186/4184/246 4183/4185/245 4184/4182/245
f 4188/4186/247 4185/4187/246 4186/4184/246
f 4190/4188/248 4187/4189/247 4188/4186/247
f 4192/4190/249 4189/4191/248 4190/4188/248
f 4194/4192/250 4191/4193/251 4192/4190/249
f 4196/4194/167 4193/4195/250 4194/4192/250
f 4198/4196/13 4195/4197/167 4196/4194/167
f 4200/4198/252 4197/4199/13 4198/4196/13
f 4202/4200/253 4199/4201/252 4200/4198/252
f 4204/4202/254 4201/4203/255 4202/4200/253
f 4206/4204/256 4203/4205/254 4204/4202/254
f 4208/4206/257 4205/4207/256 4206/4204/256
f 4210/4208/258 4207/4209/257 4208/4206/257
f 4212/4210/259 4209/4211/260 4210/4208/258
f 4214/4212/152 4211/4213/259 4212/4210/259
f 4216/4214/261 4213/4215/152 4214/4212/152
f 4218/4216/262 4215/4217/261 4216/4214/261
f 4220/4218/263 4217/4219/262 4218/4216/262
f 4222/4220/264 4219/4221/263 4220/4218/263
f 4224/4222/265 4221/4223/264 4222/4220/264
f 4226/4224/180 4223/4225/265 4224/4222/265
f 4228/4226/181 4225/4227/180 4226/4224/180
f 4230/4228/182 4227/4229/181 4228/4226/181
f 4232/4230/183 4229/4231/182 4230/4228/182
f 4234/4232/184 4231/4233/183 4232/4230/183
f 4236/4234/185 4233/4235/184 4234/4232/184
f 4238/4236/186 4235/4237/185 4236/4234/185
f 4240/4238/187 4237/4239/186 4238/4236/186
f 4242/4240/188 4239/4241/187 4240/4238/187
f 4244/4242/189 4241/4243/188 4242/4240/188
f 4246/4244/190 4243/4245/189 4244/4242/189
f 4248/4246/191 4245/4247/190 4246/4244/190
f 4250/4248/192 4247/4249/191 4248/4246/191
f 4252/4250/167 4249/4251/192 4250/4248/192
f 4254/4252/266 4251/4253/167 4252/4250/167
f 4256/4254/267 4253/4255/268 4254/4252/266
f 4258/4256/269 4255/4257/267 4256/4254/267
f 4260/4258/270 4257/4259/269 4258/4256/269
f 4262/4260/271 4259/4261/270 4260/4258/270
f 4264/4262/272 4261/4263/271 4262/4260/271
f 4266/4264/273 4263/4265/272 4264/4262/272
f 4268/4266/274 4265/4267/273 4266/4264/273
f 4270/4268/169 4267/4269/274 4268/4266/274
f 4272/4270/275 4269/4271/169 4270/4268/169
f 4274/4272/276 4271/4273/275 4272/4270/275
f 4276/4274/277 4273/4275/276 4274/4272/276
f 4278/4276/278 4275/4277/277 4276/4274/277
f 4280/4278/279 4277/4279/278 4278/4276/278
f 4282/4280/280 4279/4281/279 4280/4278/279
f 4284/4282/281 4281/4283/280 4282/4280/280
f 4286/4284/282 4283/4285/281 4284/4282/281
f 4288/4286/283 4285/4287/282 4286/4284/282
f 4290/4288/284 4287/4289/283 4288/4286/283
f 4292/4290/285 4289/4291/284 4290/4288/284
f 4294/4292/286 4291/4293/285 4292/4290/285
f 4296/4294/287 4293/4295/286 4294/4292/286
f 4298/4296/288 4295/4297/287 4296/4294/287
f 4300/4298/289 4297/4299/288 4298/4296/288
f 4302/4300/290 4299/4301/289 4300/4298/289
f 4304/4302/291 4301/4303/290 4302/4300/290
f 4306/4304/292 4303/4305/291 4304/4302/291
f 4308/4306/293 4305/4307/294 4306/4304/292
f 4310/4308/295 4307/4309/293 4308/4306/293
f 4312/4310/296 4309/4311/297 4310/4308/295
f 4314/4312/298 4311/4313/299 4312/4310/296
f 4316/4314/300 4313/4315/301 4314/4312/298
f 4318/4316/302 4315/4317/303 4316/4314/300
f 4320/4318/304 4317/4319/305 4318/4316/302
f 4322/4320/306 4319/4321/307 4320/4318/304
f 4324/4322/308 4321/4323/309 4322/4320/306
f 4326/4324/310 4323/4325/311 4324/4322/308
f 4328/4326/312 4325/4327/310 4326/4324/310
f 4330/4328/313 4327/4329/314 4328/4326/312
f 4332/4330/315 4329/4331/316 4330/4328/313
f 4334/4332/317 4331/4333/318 4332/4330/315
f 4336/4334/319 4333/4335/320 4334/4332/317
f 4338/4336/321 4335/4337/322 4336/4334/319
f 4340/4338/323 4337/4339/324 4338/4336/321
f 4342/4340/325 4339/4341/326 4340/4338/323
f 4344/4342/327 4341/4343/328 4342/4340/325
f 4346/4344/329 4343/4345/330 4344/4342/327
f 4348/4346/331 4345/4347/329 4346/4344/329
f 4350/4348/332 4347/4349/331 4348/4346/331
f 4352/4350/333 4349/4351/334 4350/4348/332
f 4354/4352/335 4351/4353/333 4352/4350/333
f 4356/4354/336 4353/4355/335 4354/4352/335
f 4358/4356/337 4355/4357/336 4356/4354/336
f 4360/4358/338 4357/4359/337 4358/4356/337
f 4362/4360/339 4359/4361/338 4360/4358/338
f 4364/4362/340 4361/4363/339 4362/4360/339
f 4366/4364/341 4363/4365/340 4364/4362/340
f 4368/4366/342 4365/4367/341 4366/4364/341
f 4370/4368/343 4367/4369/342 4368/4366/342
f 4372/4370/344 4369/4371/343 4370/4368/343
f 4374/4372/345 4371/4373/344 4372/4370/344
f 4376/4374/346 4373/4375/345 4374/4372/345
f 4378/4376/347 4375/4377/346 4376/4374/346
f 4380/4378/348 4377/4379/347 4378/4376/347
f 4382/4380/349 4379/4381/348 4380/4378/348
f 4384/4382/350 4381/4383/349 4382/4380/349
f 4386/4384/351 4383/4385/350 4384/4382/350
f 4388/4386/352 4385/4387/351 4386/4384/351
f 4390/4388/353 4387/4389/352 4388/4386/352
f 4392/4390/354 4389/4391/353 4390/4388/353
f 4394/4392/355 4391/4393/354 4392/4390/354
f 4396/4394/356 4393/4395/355 4394/4392/355
f 4398/4396/357 4395/4397/356 4396/4394/356
f 4400/4398/358 4397/4399/357 4398/4396/357
f 4402/4400/359 4399/4401/358 4400/4398/358
f 4404/4402/360 4401/4403/359 4402/4400/359
f 4406/4404/361 4403/4405/360 4404/4402/360
f 4408/4406/362 4405/4407/361 4406/4404/361
f 4410/4408/363 4407/4409/362 4408/4406/362
f 4412/4410/364 4409/4411/363 4410/4408/363
f 4414/4412/365 4411/4413/366 4412/4410/364
f 4416/4414/367 4413/4415/365 4414/4412/365
f 4418/4416/368 4415/4417/367 4416/4414/367
f 4420/4418/369 4417/4419/368 4418/4416/368
f 4422/4420/370 4419/4421/369 4420/4418/369
f 4424/4422/371 4421/4423/370 4422/4420/370
f 4426/4424/372 4423/4425/371 4424/4422/371
f 4428/4426/373 4425/4427/374 4426/4424/372
f 4430/4428/375 4427/4429/376 4428/4426/373
f 4432/4430/377 4429/4431/378 4430/4428/375
f 4434/4432/379 4431/4433/377 4432/4430/377
f 4436/4434/380 4433/4435/379 4434/4432/379
f 4438/4436/381 4435/4437/380 4436/4434/380
f 4440/4438/382 4437/4439/383 4438/4436/381
f 4442/4440/384 4439/4441/385 4440/4438/382
f 4444/4442/386 4441/4443/387 4442/4440/384
f 4446/4444/388 4443/4445/386 4444/4442/386
f 4448/4446/389 4445/4447/390 4446/4444/388
f 4450/4448/391 4447/4449/389 4448/4446/389
f 4452/4450/392 4449/4451/393 4450/4448/391
f 4454/4452/394 4451/4453/392 4452/4450/392
f 4456/4454/395 4453/4455/396 4454/4452/394
f 4458/4456/397 4455/4457/398 4456/4454/395
f 4460/4458/399 4457/4459/400 4458/4456/397
f 4462/4460/401 4459/4461/402 4460/4458/399
f 4464/4462/403 4461/4463/401 4462/4460/401
f 4466/4464/404 4463/4465/403 4464/4462/403
f 4468/4466/405 4465/4467/404 4466/4464/404
f 4470/4468/406 4467/4469/405 4468/4466/405
f 4472/4470/407 4469/4471/406 4470/4468/406
f 4474/4472/408 4471/4473/407 4472/4470/407
f 4476/4474/409 4473/4475/408 4474/4472/408
f 4478/4476/410 4475/4477/409 4476/4474/409
f 4480/4478/411 4477/4479/410 4478/4476/410
f 4482/4480/412 4479/4481/411 4480/4478/411
f 4484/4482/413 4481/4483/412 4482/4480/412
f 4486/4484/414 4483/4485/413 4484/4482/413
f 4488/4486/415 4485/4487/414 4486/4484/414
f 4490/4488/416 4487/4489/415 4488/4486/415
f 4492/4490/417 4489/4491/416 4490/4488/416
f 4494/4492/418 4491/4493/417 4492/4490/417
f 4496/4494/419 4493/4495/418 4494/4492/418
f 4498/4496/420 4495/4497/419 4496/4494/419
f 4500/4498/421 4497/4499/420 4498/4496/420
f 4502/4500/422 4499/4501/421 4500/4498/421
f 4504/4502/423 4501/4503/422 4502/4500/422
f 4506/4504/424 4503/4505/423 4504/4502/423
f 4508/4506/425 4505/4507/424 4506/4504/424
f 4510/4508/426 4507/4509/425 4508/4506/425
f 4512/4510/427 4509/4511/426 4510/4508/426
f 4514/4512/428 4511/4513/427 4512/4510/427
f 4516/4514/429 4513/4515/428 4514/4512/428
f 4518/4516/430 4515/4517/429 4516/4514/429
f 4520/4518/16 4517/4519/430 4518/4516/430
f 4522/4520/431 4519/4521/16 4520/4518/16
f 4524/4522/432 4521/4523/431 4522/4520/431
f 4526/4524/433 4523/4525/432 4524/4522/432
f 4528/4526/434 4525/4527/433 4526/4524/433
f 4530/4528/435 4527/4529/434 4528/4526/434
f 4532/4530/436 4529/4531/435 4530/4528/435
f 4534/4532/437 4531/4533/436 4532/4530/436
f 4536/4534/438 4533/4535/437 4534/4532/437
f 4538/4536/439 4535/4537/438 4536/4534/438
f 4540/4538/440 4537/4539/439 4538/4536/439
f 4542/4540/441 4539/4541/440 4540/4538/440
f 4544/4542/442 4541/4543/441 4542/4540/441
f 4546/4544/443 4543/4545/442 4544/4542/442
f 4548/4546/444 4545/4547/443 4546/4544/443
f 4550/4548/445 4547/4549/444 4548/4546/444
f 4552/4550/446 4549/4551/445 4550/4548/445
f 4554/4552/447 4551/4553/446 4552/4550/446
f 4556/4554/448 4553/4555/447 4554/4552/447
f 4558/4556/449 4555/4557/448 4556/4554/448
f 4560/4558/450 4557/4559/449 4558/4556/449
f 4562/4560/451 4559/4561/450 4560/4558/450
f 4564/4562/452 4561/4563/451 4562/4560/451
f 4566/4564/363 4563/4565/452 4564/4562/452
f 4568/4566/453 4565/4567/454 4566/4564/363
f 4570/4568/455 4567/4569/456 4568/4566/453
f 4572/4570/457 4569/4571/455 4570/4568/455
f 4574/4572/458 4571/4573/457 4572/4570/457
f 4576/4574/459 4573/4575/458 4574/4572/458
f 4578/4576/460 4575/4577/459 4576/4574/459
f 4580/4578/461 4577/4579/460 4578/4576/460
f 4582/4580/462 4579/4581/461 4580/4578/461
f 4584/4582/463 4581/4583/462 4582/4580/462
f 4586/4584/464 4583/4585/463 4584/4582/463
f 4588/4586/465 4585/4587/466 4586/4584/464
f 4590/4588/467 4587/4589/465 4588/4586/465
f 4592/4590/468 4589/4591/467 4590/4588/467
f 4594/4592/63 4591/4593/469 4592/4590/468
f 4596/4594/127 4593/4595/63 4594/4592/63
f 4598/4596/129 4595/4597/125 4596/4594/127
f 4600/4598/128 4597/4599/126 4598/4596/129
f 4602/4600/470 4599/4601/128 4600/4598/128
f 4604/4602/471 4601/4603/130 4602/4600/470
f 4606/4604/132 4603/4605/472 4604/4602/471
f 4608/4606/135 4605/4607/473 4606/4604/132
f 4610/4608/134 4607/4609/133 4608/4606/135
f 4612/4610/136 4609/4611/134 4610/4608/134
f 4614/4612/137 4611/4613/136 4612/4610/136
f 4616/4614/138 4613/4615/137 4614/4612/137
f 4618/4616/139 4615/4617/138 4616/4614/138
f 4620/4618/15 4617/4619/139 4618/4616/139
f 4622/4620/16 4619/4621/15 4620/4618/15
f 4624/4622/474 4621/4623/16 4622/4620/16
f 4626/4624/475 4623/4625/474 4624/4622/474
f 4628/4626/476 4625/4627/475 4626/4624/475
f 4630/4628/477 4627/4629/476 4628/4626/476
f 4632/4630/478 4629/4631/479 4630/4628/477
f 4634/4632/480 4631/4633/478 4632/4630/478
f 4636/4634/481 4633/4635/480 4634/4632/480
f 4638/4636/482 4635/4637/483 4636/4634/481
f 4640/4638/484 4637/4639/482 4638/4636/482
f 4642/4640/485 4639/4641/484 4640/4638/484
f 4644/4642/486 4641/4643/485 4642/4640/485
f 4646/4644/487 4643/4645/488 4644/4642/486
f 4648/4646/489 4645/4647/487 4646/4644/487
f 4650/4648/490 4647/4649/489 4648/4646/489
f 4652/4650/491 4649/4651/492 4650/4648/490
f 4654/4652/493 4651/4653/491 4652/4650/491
f 4656/4654/494 4653/4655/493 4654/4652/493
f 4658/4656/495 4655/4657/494 4656/4654/494
f 4660/4658/496 4657/4659/497 4658/4656/495
f 4662/4660/498 4659/4661/496 4660/4658/496
f 4664/4662/499 4661/4663/498 4662/4660/498
f 4666/4664/500 4663/4665/499 4664/4662/499
f 4668/4666/501 4665/4667/500 4666/4664/500
f 4670/4668/502 4667/4669/501 4668/4666/501
f 4672/4670/503 4669/4671/502 4670/4668/502
f 4674/4672/504 4671/4673/503 4672/4670/503
f 4676/4674/505 4673/4675/504 4674/4672/504
f 4678/4676/506 4675/4677/507 4676/4674/505
f 4680/4678/508 4677/4679/509 4678/4676/506
f 4682/4680/510 4679/4681/511 4680/4678/508
f 4684/4682/512 4681/4683/513 4682/4680/510
f 4686/4684/514 4683/4685/515 4684/4682/512
f 4688/4686/516 4685/4687/514 4686/4684/514
f 4690/4688/517 4687/4689/516 4688/4686/516
f 4692/4690/518 4689/4691/517 4690/4688/517
f 4694/4692/519 4691/4693/518 4692/4690/518
f 4696/4694/520 4693/4695/519 4694/4692/519
f 4698/4696/521 4695/4697/520 4696/4694/520
f 4700/4698/522 4697/4699/521 4698/4696/521
f 4702/4700/523 4699/4701/522 4700/4698/522
f 4704/4702/524 4701/4703/523 4702/4700/523
f 4706/4704/525 4703/4705/524 4704/4702/524
f 4708/4706/526 4705/4707/525 4706/4704/525
f 4710/4708/527 4707/4709/528 4708/4706/526
f 4712/4710/529 4709/4711/527 4710/4708/527
f 4714/4712/530 4711/4713/529 4712/4710/529
f 4716/4714/531 4713/4715/532 4714/4712/530
f 4718/4716/533 4715/4717/531 4716/4714/531
f 4720/4718/534 4717/4719/533 4718/4716/533
f 4722/4720/535 4719/4721/534 4720/4718/534
f 4724/4722/536 4721/4723/535 4722/4720/535
f 4726/4724/537 4723/4725/536 4724/4722/536
f 4728/4726/538 4725/4727/539 4726/4724/537
f 4730/4728/540 4727/4729/538 4728/4726/538
f 4732/4730/541 4729/4731/540 4730/4728/540
f 4734/4732/542 4731/4733/543 4732/4730/541
f 4736/4734/544 4733/4735/542 4734/4732/542
f 4738/4736/545 4735/4737/544 4736/4734/544
f 4740/4738/546 4737/4739/545 4738/4736/545
f 4742/4740/547 4739/4741/546 4740/4738/546
f 4744/4742/548 4741/4743/547 4742/4740/547
f 4746/4744/549 4743/4745/548 4744/4742/548
f 4748/4746/550 4745/4747/549 4746/4744/549
f 4750/4748/551 4747/4749/550 4748/4746/550
f 4752/4750/552 4749/4751/551 4750/4748/551
f 4754/4752/553 4751/4753/552 4752/4750/552
f 4756/4754/554 4753/4755/553 4754/4752/553
f 4758/4756/555 4755/4757/554 4756/4754/554
f 4760/4758/556 4757/4759/555 4758/4756/555
f 4762/4760/557 4759/4761/556 4760/4758/556
f 4764/4762/558 4761/4763/557 4762/4760/557
f 4766/4764/559 4763/4765/558 4764/4762/558
f 4768/4766/560 4765/4767/561 4766/4764/559
f 4770/4768/562 4767/4769/563 4768/4766/560
f 3774/3775/14 4769/4770/562 4770/4768/562
f 4774/4771/167 4771/4772/16 4772/4773/16
f 4776/4774/13 4773/4775/167 4774/4771/167
f 4778/4776/15 4775/4777/13 4776/4774/13
f 4772/4773/16 4777/4778/15 4778/4776/15
f 4782/4779/167 4779/4780/16 4780/4781/16
f 4784/4782/13 4781/4783/167 4782/4779/167
f 4786/4784/15 4783/4785/13 4784/4782/13
f 4780/4781/16 4785/4786/15 4786/4784/15
f 4790/4787/13 4787/4788/167 4788/4789/167
f 4792/4790/15 4789/4791/13 4790/4787/13
f 4794/4792/16 4791/4793/15 4792/4790/15
f 4788/4789/167 4793/4794/16 4794/4792/16
f 4798/4795/15 4795/4796/13 4796/4797/13
f 4800/4798/16 4797/4799/15 4798/4795/15
f 4802/4800/167 4799/4801/16 4800/4798/16
f 4796/4797/13 4801/4802/167 4802/4800/167
f 4806/4803/564 4803/4804/565 4804/4805/566
f 4808/4806/567 4805/4807/564 4806/4803/564
f 4810/4808/568 4807/4809/567 4808/4806/567
f 4812/4810/569 4809/4811/568 4810/4808/568
f 4814/4812/570 4811/4813/569 4812/4810/569
f 4816/4814/571 4813/4815/570 4814/4812/570
f 4818/4816/572 4815/4817/571 4816/4814/571
f 4820/4818/573 4817/4819/572 4818/4816/572
f 4822/4820/574 4819/4821/573 4820/4818/573
f 4824/4822/575 4821/4823/574 4822/4820/574
f 4826/4824/576 4823/4825/575 4824/4822/575
f 4828/4826/577 4825/4827/576 4826/4824/576
f 4830/4828/578 4827/4829/577 4828/4826/577
f 4832/4830/579 4829/4831/578 4830/4828/578
f 4834/4832/580 4831/4833/579 4832/4830/579
f 4836/4834/581 4833/4835/580 4834/4832/580
f 4838/4836/582 4835/4837/581 4836/4834/581
f 4840/4838/583 4837/4839/582 4838/4836/582
f 4842/4840/584 4839/4841/583 4840/4838/583
f 4844/4842/585 4841/4843/584 4842/4840/584
f 4846/4844/586 4843/4845/585 4844/4842/585
f 4848/4846/587 4845/4847/586 4846/4844/586
f 4850/4848/588 4847/4849/587 4848/4846/587
f 4852/4850/589 4849/4851/588 4850/4848/588
f 4854/4852/590 4851/4853/589 4852/4850/589
f 4856/4854/591 4853/4855/590 4854/4852/590
f 4858/4856/592 4855/4857/591 4856/4854/591
f 4860/4858/593 4857/4859/592 4858/4856/592
f 4862/4860/594 4859/4861/593 4860/4858/593
f 4864/4862/595 4861/4863/594 4862/4860/594
f 4866/4864/596 4863/4865/595 4864/4862/595
f 4868/4866/597 4865/4867/596 4866/4864/596
f 4870/4868/598 4867/4869/597 4868/4866/597
f 4872/4870/599 4869/4871/598 4870/4868/598
f 4874/4872/600 4871/4873/599 4872/4870/599
f 4876/4874/601 4873/4875/600 4874/4872/600
f 4878/4876/602 4875/4877/601 4876/4874/601
f 4880/4878/603 4877/4879/604 4878/4876/602
f 4882/4880/605 4879/4881/606 4880/4878/603
f 4884/4882/607 4881/4883/608 4882/4880/605
f 4886/4884/609 4883/4885/607 4884/4882/607
f 4888/4886/610 4885/4887/611 4886/4884/609
f 4890/4888/612 4887/4889/613 4888/4886/610
f 4892/4890/614 4889/4891/615 4890/4888/612
f 4894/4892/616 4891/4893/617 4892/4890/614
f 4896/4894/618 4893/4895/619 4894/4892/616
f 4898/4896/620 4895/4897/621 4896/4894/618
f 4900/4898/622 4897/4899/623 4898/4896/620
f 4902/4900/624 4899/4901/625 4900/4898/622
f 4904/4902/626 4901/4903/624 4902/4900/624
f 4906/4904/627 4903/4905/626 4904/4902/626
f 4908/4906/628 4905/4907/627 4906/4904/627
f 4910/4908/629 4907/4909/630 4908/4906/628
f 4912/4910/631 4909/4911/632 4910/4908/629
f 4914/4912/633 4911/4913/631 4912/4910/631
f 4916/4914/634 4913/4915/635 4914/4912/633
f 4918/4916/636 4915/4917/637 4916/4914/634
f 4920/4918/638 4917/4919/639 4918/4916/636
f 4922/4920/640 4919/4921/641 4920/4918/638
f 4924/4922/642 4921/4923/640 4922/4920/640
f 4926/4924/643 4923/4925/644 4924/4922/642
f 4928/4926/645 4925/4927/646 4926/4924/643
f 4930/4928/647 4927/4929/648 4928/4926/645
f 4932/4930/649 4929/4931/650 4930/4928/647
f 4934/4932/651 4931/4933/652 4932/4930/649
f 4936/4934/653 4933/4935/654 4934/4932/651
f 4938/4936/655 4935/4937/656 4936/4934/653
f 4940/4938/657 4937/4939/658 4938/4936/655
f 4942/4940/659 4939/4941/657 4940/4938/657
f 4944/4942/660 4941/4943/661 4942/4940/659
f 4946/4944/662 4943/4945/663 4944/4942/660
f 4948/4946/664 4945/4947/665 4946/4944/662
f 4950/4948/666 4947/4949/664 4948/4946/664
f 4952/4950/330 4949/4951/667 4950/4948/666
f 4954/4952/668 4951/4953/330 4952/4950/330
f 4956/4954/669 4953/4955/668 4954/4952/668
f 4958/4956/670 4955/4957/669 4956/4954/669
f 4960/4958/671 4957/4959/670 4958/4956/670
f 4962/4960/672 4959/4961/671 4960/4958/671
f 4964/4962/673 4961/4963/672 4962/4960/672
f 4966/4964/674 4963/4965/673 4964/4962/673
f 4968/4966/675 4965/4967/674 4966/4964/674
f 4970/4968/676 4967/4969/675 4968/4966/675
f 4972/4970/677 4969/4971/676 4970/4968/676
f 4974/4972/678 4971/4973/677 4972/4970/677
f 4976/4974/679 4973/4975/678 4974/4972/678
f 4978/4976/680 4975/4977/679 4976/4974/679
f 4980/4978/681 4977/4979/680 4978/4976/680
f 4982/4980/682 4979/4981/683 4980/4978/681
f 4984/4982/684 4981/4983/682 4982/4980/682
f 4986/4984/685 4983/4985/684 4984/4982/684
f 4988/4986/686 4985/4987/685 4986/4984/685
f 4990/4988/687 4987/4989/686 4988/4986/686
f 4992/4990/688 4989/4991/687 4990/4988/687
f 4994/4992/689 4991/4993/688 4992/4990/688
f 4996/4994/690 4993/4995/689 4994/4992/689
f 4998/4996/691 4995/4997/690 4996/4994/690
f 5000/4998/692 4997/4999/691 4998/4996/691
f 5002/5000/693 4999/5001/692 5000/4998/692
f 5004/5002/694 5001/5003/693 5002/5000/693
f 5006/5004/695 5003/5005/694 5004/5002/694
f 5008/5006/696 5005/5007/695 5006/5004/695
f 5010/5008/697 5007/5009/696 5008/5006/696
f 5012/5010/698 5009/5011/697 5010/5008/697
f 5014/5012/699 5011/5013/698 5012/5010/698
f 5016/5014/700 5013/5015/699 5014/5012/699
f 5018/5016/701 5015/5017/700 5016/5014/700
f 5020/5018/702 5017/5019/701 5018/5016/701
f 5022/5020/703 5019/5021/702 5020/5018/702
f 5024/5022/704 5021/5023/703 5022/5020/703
f 5026/5024/705 5023/5025/704 5024/5022/704
f 5028/5026/706 5025/5027/705 5026/5024/705
f 5030/5028/707 5027/5029/706 5028/5026/706
f 5032/5030/708 5029/5031/707 5030/5028/707
f 5034/5032/709 5031/5033/708 5032/5030/708
f 5036/5034/710 5033/5035/709 5034/5032/709
f 5038/5036/711 5035/5037/710 5036/5034/710
f 5040/5038/712 5037/5039/711 5038/5036/711
f 5042/5040/713 5039/5041/712 5040/5038/712
f 5044/5042/714 5041/5043/713 5042/5040/713
f 5046/5044/715 5043/5045/714 5044/5042/714
f 5048/5046/716 5045/5047/715 5046/5044/715
f 5050/5048/717 5047/5049/716 5048/5046/716
f 5052/5050/718 5049/5051/719 5050/5048/717
f 5054/5052/720 5051/5053/718 5052/5050/718
f 5056/5054/721 5053/5055/720 5054/5052/720
f 5058/5056/722 5055/5057/721 5056/5054/721
f 5060/5058/723 5057/5059/722 5058/5056/722
f 5062/5060/724 5059/5061/723 5060/5058/723
f 5064/5062/725 5061/5063/724 5062/5060/724
f 5066/5064/726 5063/5065/725 5064/5062/725
f 5068/5066/727 5065/5067/726 5066/5064/726
f 5070/5068/728 5067/5069/727 5068/5066/727
f 5072/5070/729 5069/5071/728 5070/5068/728
f 5074/5072/730 5071/5073/729 5072/5070/729
f 5076/5074/731 5073/5075/730 5074/5072/730
f 5078/5076/732 5075/5077/731 5076/5074/731
f 5080/5078/733 5077/5079/732 5078/5076/732
f 5082/5080/734 5079/5081/735 5080/5078/733
f 5084/5082/736 5081/5083/734 5082/5080/734
f 5086/5084/737 5083/5085/736 5084/5082/736
f 5088/5086/738 5085/5087/737 5086/5084/737
f 5090/5088/739 5087/5089/738 5088/5086/738
f 5092/5090/740 5089/5091/739 5090/5088/739
f 5094/5092/741 5091/5093/740 5092/5090/740
f 5096/5094/742 5093/5095/741 5094/5092/741
f 5098/5096/743 5095/5097/744 5096/5094/742
f 5100/5098/745 5097/5099/743 5098/5096/743
f 5102/5100/746 5099/5101/745 5100/5098/745
f 5104/5102/747 5101/5103/746 5102/5100/746
f 5106/5104/748 5103/5105/747 5104/5102/747
f 5108/5106/749 5105/5107/748 5106/5104/748
f 5110/5108/750 5107/5109/749 5108/5106/749
f 5112/5110/751 5109/5111/750 5110/5108/750
f 5114/5112/752 5111/5113/751 5112/5110/751
f 5116/5114/753 5113/5115/752 5114/5112/752
f 5118/5116/754 5115/5117/753 5116/5114/753
f 5120/5118/755 5117/5119/754 5118/5116/754
f 5122/5120/756 5119/5121/755 5120/5118/755
f 5124/5122/757 5121/5123/756 5122/5120/756
f 5126/5124/758 5123/5125/759 5124/5122/757
f 5128/5126/760 5125/5127/758 5126/5124/758
f 5130/5128/761 5127/5129/760 5128/5126/760
f 5132/5130/762 5129/5131/761 5130/5128/761
f 5134/5132/763 5131/5133/762 5132/5130/762
f 5136/5134/764 5133/5135/763 5134/5132/763
f 5138/5136/765 5135/5137/764 5136/5134/764
f 5140/5138/766 5137/5139/765 5138/5136/765
f 5142/5140/767 5139/5141/766 5140/5138/766
f 5144/5142/768 5141/5143/767 5142/5140/767
f 5146/5144/769 5143/5145/768 5144/5142/768
f 5148/5146/770 5145/5147/769 5146/5144/769
f 5150/5148/771 5147/5149/770 5148/5146/770
f 5152/5150/772 5149/5151/771 5150/5148/771
f 5154/5152/773 5151/5153/772 5152/5150/772
f 5156/5154/774 5153/5155/773 5154/5152/773
f 5158/5156/775 5155/5157/776 5156/5154/774
f 5160/5158/777 5157/5159/775 5158/5156/775
f 5162/5160/778 5159/5161/777 5160/5158/777
f 5164/5162/779 5161/5163/778 5162/5160/778
f 5166/5164/780 5163/5165/779 5164/5162/779
f 5168/5166/781 5165/5167/780 5166/5164/780
f 5170/5168/782 5167/5169/781 5168/5166/781
f 5172/5170/783 5169/5171/782 5170/5168/782
f 5174/5172/784 5171/5173/785 5172/5170/783
f 5176/5174/786 5173/5175/784 5174/5172/784
f 5178/5176/787 5175/5177/786 5176/5174/786
f 5180/5178/788 5177/5179/787 5178/5176/787
f 5182/5180/789 5179/5181/788 5180/5178/788
f 5184/5182/790 5181/5183/789 5182/5180/789
f 5186/5184/791 5183/5185/790 5184/5182/790
f 5188/5186/792 5185/5187/791 5186/5184/791
f 5190/5188/793 5187/5189/792 5188/5186/792
f 5192/5190/794 5189/5191/793 5190/5188/793
f 5194/5192/795 5191/5193/794 5192/5190/794
f 5196/5194/796 5193/5195/795 5194/5192/795
f 5198/5196/797 5195/5197/796 5196/5194/796
f 5200/5198/798 5197/5199/797 5198/5196/797
f 5202/5200/799 5199/5201/798 5200/5198/798
f 5204/5202/800 5201/5203/799 5202/5200/799
f 5206/5204/801 5203/5205/800 5204/5202/800
f 5208/5206/802 5205/5207/801 5206/5204/801
f 5210/5208/803 5207/5209/802 5208/5206/802
f 5212/5210/804 5209/5211/803 5210/5208/803
f 5214/5212/805 5211/5213/804 5212/5210/804
f 5216/5214/806 5213/5215/805 5214/5212/805
f 5218/5216/807 5215/5217/808 5216/5214/806
f 5220/5218/809 5217/5219/807 5218/5216/807
f 5222/5220/810 5219/5221/809 5220/5218/809
f 5224/5222/811 5221/5223/812 5222/5220/810
f 5226/5224/813 5223/5225/811 5224/5222/811
f 5228/5226/814 5225/5227/813 5226/5224/813
f 5230/5228/815 5227/5229/814 5228/5226/814
f 5232/5230/816 5229/5231/815 5230/5228/815
f 5234/5232/817 5231/5233/818 5232/5230/816
f 5236/5234/819 5233/5235/817 5234/5232/817
f 5238/5236/820 5235/5237/819 5236/5234/819
f 5240/5238/821 5237/5239/820 5238/5236/820
f 5242/5240/822 5239/5241/821 5240/5238/821
f 5244/5242/823 5241/5243/822 5242/5240/822
f 5246/5244/824 5243/5245/823 5244/5242/823
f 5248/5246/825 5245/5247/824 5246/5244/824
f 5250/5248/826 5247/5249/825 5248/5246/825
f 5252/5250/827 5249/5251/826 5250/5248/826
f 5254/5252/828 5251/5253/827 5252/5250/827
f 5256/5254/829 5253/5255/828 5254/5252/828
f 5258/5256/830 5255/5257/829 5256/5254/829
f 5260/5258/831 5257/5259/830 5258/5256/830
f 5262/5260/498 5259/5261/831 5260/5258/831
f 5264/5262/832 5261/5263/498 5262/5260/498
f 5266/5264/833 5263/5265/832 5264/5262/832
f 5268/5266/834 5265/5267/833 5266/5264/833
f 5270/5268/835 5267/5269/834 5268/5266/834
f 5272/5270/836 5269/5271/835 5270/5268/835
f 5274/5272/837 5271/5273/836 5272/5270/836
f 5276/5274/838 5273/5275/837 5274/5272/837
f 5278/5276/839 5275/5277/838 5276/5274/838
f 5280/5278/840 5277/5279/839 5278/5276/839
f 5282/5280/841 5279/5281/840 5280/5278/840
f 5284/5282/842 5281/5283/841 5282/5280/841
f 5286/5284/843 5283/5285/844 5284/5282/842
f 5288/5286/845 5285/5287/843 5286/5284/843
f 5290/5288/846 5287/5289/845 5288/5286/845
f 5292/5290/847 5289/5291/846 5290/5288/846
f 5294/5292/848 5291/5293/847 5292/5290/847
f 5296/5294/849 5293/5295/848 5294/5292/848
f 5298/5296/850 5295/5297/849 5296/5294/849
f 5300/5298/851 5297/5299/850 5298/5296/850
f 5302/5300/852 5299/5301/853 5300/5298/851
f 5304/5302/854 5301/5303/852 5302/5300/852
f 5306/5304/855 5303/5305/854 5304/5302/854
f 5308/5306/856 5305/5307/855 5306/5304/855
f 5310/5308/857 5307/5309/856 5308/5306/856
f 5312/5310/858 5309/5311/857 5310/5308/857
f 5314/5312/859 5311/5313/858 5312/5310/858
f 5316/5314/860 5313/5315/859 5314/5312/859
f 5318/5316/861 5315/5317/860 5316/5314/860
f 5320/5318/862 5317/5319/861 5318/5316/861
f 5322/5320/863 5319/5321/862 5320/5318/862
f 5324/5322/864 5321/5323/863 5322/5320/863
f 5326/5324/865 5323/5325/864 5324/5322/864
f 5328/5326/866 5325/5327/865 5326/5324/865
f 5330/5328/867 5327/5329/866 5328/5326/866
f 5332/5330/868 5329/5331/867 5330/5328/867
f 5334/5332/869 5331/5333/868 5332/5330/868
f 5336/5334/870 5333/5335/869 5334/5332/869
f 5338/5336/871 5335/5337/870 5336/5334/870
f 5340/5338/872 5337/5339/871 5338/5336/871
f 5342/5340/873 5339/5341/872 5340/5338/872
f 5344/5342/874 5341/5343/873 5342/5340/873
f 5346/5344/875 5343/5345/874 5344/5342/874
f 5348/5346/876 5345/5347/875 5346/5344/875
f 5350/5348/877 5347/5349/876 5348/5346/876
f 5352/5350/878 5349/5351/877 5350/5348/877
f 5354/5352/879 5351/5353/878 5352/5350/878
f 5356/5354/880 5353/5355/879 5354/5352/879
f 5358/5356/881 5355/5357/880 5356/5354/880
f 5360/5358/882 5357/5359/881 5358/5356/881
f 5362/5360/883 5359/5361/882 5360/5358/882
f 5364/5362/884 5361/5363/883 5362/5360/883
f 5366/5364/885 5363/5365/884 5364/5362/884
f 5368/5366/886 5365/5367/885 5366/5364/885
f 5370/5368/887 5367/5369/886 5368/5366/886
f 5372/5370/888 5369/5371/887 5370/5368/887
f 5374/5372/889 5371/5373/888 5372/5370/888
f 5376/5374/890 5373/5375/889 5374/5372/889
f 5378/5376/891 5375/5377/890 5376/5374/890
f 5380/5378/892 5377/5379/891 5378/5376/891
f 5382/5380/893 5379/5381/892 5380/5378/892
f 5384/5382/894 5381/5383/893 5382/5380/893
f 5386/5384/895 5383/5385/894 5384/5382/894
f 5388/5386/896 5385/5387/895 5386/5384/895
f 5390/5388/897 5387/5389/896 5388/5386/896
f 5392/5390/898 5389/5391/897 5390/5388/897
f 5394/5392/899 5391/5393/898 5392/5390/898
f 5396/5394/900 5393/5395/899 5394/5392/899
f 5398/5396/901 5395/5397/900 5396/5394/900
f 5400/5398/902 5397/5399/901 5398/5396/901
f 5402/5400/903 5399/5401/902 5400/5398/902
f 5404/5402/904 5401/5403/903 5402/5400/903
f 5406/5404/905 5403/5405/904 5404/5402/904
f 5408/5406/906 5405/5407/905 5406/5404/905
f 5410/5408/907 5407/5409/906 5408/5406/906
f 5412/5410/908 5409/5411/907 5410/5408/907
f 5414/5412/909 5411/5413/908 5412/5410/908
f 5416/5414/910 5413/5415/909 5414/5412/909
f 5418/5416/911 5415/5417/910 5416/5414/910
f 5420/5418/912 5417/5419/911 5418/5416/911
f 5422/5420/913 5419/5421/912 5420/5418/912
f 5424/5422/914 5421/5423/913 5422/5420/913
f 5426/5424/915 5423/5425/914 5424/5422/914
f 5428/5426/916 5425/5427/915 5426/5424/915
f 5430/5428/917 5427/5429/916 5428/5426/916
f 5432/5430/918 5429/5431/917 5430/5428/917
f 5434/5432/919 5431/5433/918 5432/5430/918
f 5436/5434/920 5433/5435/919 5434/5432/919
f 5438/5436/921 5435/5437/920 5436/5434/920
f 5440/5438/922 5437/5439/921 5438/5436/921
f 5442/5440/923 5439/5441/922 5440/5438/922
f 5444/5442/924 5441/5443/923 5442/5440/923
f 5446/5444/925 5443/5445/924 5444/5442/924
f 5448/5446/926 5445/5447/925 5446/5444/925
f 5450/5448/927 5447/5449/926 5448/5446/926
f 5452/5450/928 5449/5451/927 5450/5448/927
f 5454/5452/929 5451/5453/928 5452/5450/928
f 5456/5454/930 5453/5455/929 5454/5452/929
f 5458/5456/931 5455/5457/930 5456/5454/930
f 5460/5458/932 5457/5459/931 5458/5456/931
f 5462/5460/933 5459/5461/932 5460/5458/932
f 5464/5462/934 5461/5463/933 5462/5460/933
f 5466/5464/935 5463/5465/934 5464/5462/934
f 5468/5466/936 5465/5467/937 5466/5464/935
f 5470/5468/938 5467/5469/939 5468/5466/936
f 5472/5470/940 5469/5471/941 5470/5468/938
f 5474/5472/942 5471/5473/943 5472/5470/940
f 5476/5474/944 5473/5475/942 5474/5472/942
f 5478/5476/945 5475/5477/946 5476/5474/944
f 5480/5478/947 5477/5479/948 5478/5476/945
f 5482/5480/949 5479/5481/950 5480/5478/947
f 5484/5482/951 5481/5483/952 5482/5480/949
f 5486/5484/953 5483/5485/954 5484/5482/951
f 5488/5486/955 5485/5487/953 5486/5484/953
f 5490/5488/956 5487/5489/955 5488/5486/955
f 5492/5490/957 5489/5491/958 5490/5488/956
f 5494/5492/959 5491/5493/960 5492/5490/957
f 5496/5494/961 5493/5495/959 5494/5492/959
f 5498/5496/962 5495/5497/963 5496/5494/961
f 5500/5498/964 5497/5499/965 5498/5496/962
f 5502/5500/966 5499/5501/967 5500/5498/964
f 5504/5502/968 5501/5503/966 5502/5500/966
f 5506/5504/969 5503/5505/970 5504/5502/968
f 5508/5506/971 5505/5507/969 5506/5504/969
f 5510/5508/972 5507/5509/971 5508/5506/971
f 5512/5510/973 5509/5511/972 5510/5508/972
f 5514/5512/974 5511/5513/973 5512/5510/973
f 5516/5514/975 5513/5515/974 5514/5512/974
f 5518/5516/976 5515/5517/975 5516/5514/975
f 5520/5518/977 5517/5519/976 5518/5516/976
f 5522/5520/978 5519/5521/977 5520/5518/977
f 5524/5522/979 5521/5523/978 5522/5520/978
f 5526/5524/980 5523/5525/979 5524/5522/979
f 5528/5526/981 5525/5527/980 5526/5524/980
f 5530/5528/162 5527/5529/981 5528/5526/981
f 5532/5530/982 5529/5531/162 5530/5528/162
f 5534/5532/983 5531/5533/982 5532/5530/982
f 5536/5534/984 5533/5535/983 5534/5532/983
f 5538/5536/985 5535/5537/984 5536/5534/984
f 5540/5538/986 5537/5539/985 5538/5536/985
f 5542/5540/987 5539/5541/986 5540/5538/986
f 5544/5542/988 5541/5543/987 5542/5540/987
f 5546/5544/989 5543/5545/988 5544/5542/988
f 5548/5546/990 5545/5547/989 5546/5544/989
f 5550/5548/991 5547/5549/990 5548/5546/990
f 5552/5550/992 5549/5551/991 5550/5548/991
f 5554/5552/993 5551/5553/992 5552/5550/992
f 5556/5554/994 5553/5555/995 5554/5552/993
f 5558/5556/996 5555/5557/994 5556/5554/994
f 5560/5558/997 5557/5559/996 5558/5556/996
f 5562/5560/998 5559/5561/997 5560/5558/997
f 5564/5562/999 5561/5563/998 5562/5560/998
f 5566/5564/1000 5563/5565/999 5564/5562/999
f 5568/5566/1001 5565/5567/1000 5566/5564/1000
f 5570/5568/1002 5567/5569/1001 5568/5566/1001
f 5572/5570/1003 5569/5571/1002 5570/5568/1002
f 5574/5572/1004 5571/5573/1003 5572/5570/1003
f 5576/5574/1005 5573/5575/1006 5574/5572/1004
f 5578/5576/1007 5575/5577/1005 5576/5574/1005
f 5580/5578/1008 5577/5579/1007 5578/5576/1007
f 5582/5580/1009 5579/5581/1008 5580/5578/1008
f 5584/5582/1010 5581/5583/1009 5582/5580/1009
f 5586/5584/1011 5583/5585/1010 5584/5582/1010
f 5588/5586/1012 5585/5587/1011 5586/5584/1011
f 5590/5588/1013 5587/5589/1012 5588/5586/1012
f 5592/5590/1014 5589/5591/1013 5590/5588/1013
f 5594/5592/1015 5591/5593/1014 5592/5590/1014
f 5596/5594/1016 5593/5595/1015 5594/5592/1015
f 5598/5596/1017 5595/5597/1016 5596/5594/1016
f 5600/5598/1018 5597/5599/1017 5598/5596/1017
f 5602/5600/1019 5599/5601/1018 5600/5598/1018
f 5604/5602/1020 5601/5603/1019 5602/5600/1019
f 5606/5604/1021 5603/5605/1020 5604/5602/1020
f 5608/5606/1022 5605/5607/1021 5606/5604/1021
f 5610/5608/1023 5607/5609/1022 5608/5606/1022
f 5612/5610/1024 5609/5611/1023 5610/5608/1023
f 5614/5612/1025 5611/5613/1024 5612/5610/1024
f 5616/5614/1026 5613/5615/1025 5614/5612/1025
f 5618/5616/1027 5615/5617/1026 5616/5614/1026
f 5620/5618/1028 5617/5619/1027 5618/5616/1027
f 5622/5620/1029 5619/5621/1028 5620/5618/1028
f 5624/5622/1030 5621/5623/1029 5622/5620/1029
f 5626/5624/1031 5623/5625/1030 5624/5622/1030
f 5628/5626/1032 5625/5627/1031 5626/5624/1031
f 5630/5628/1033 5627/5629/1032 5628/5626/1032
f 4804/4805/566 5629/5630/1033 5630/5628/1033
f 5634/5631/15 5631/5632/13 5632/5633/13
f 5636/5634/1034 5633/5635/15 5634/5631/15
f 5638/5636/1035 5635/5637/1034 5636/5634/1034
f 5640/5638/1036 5637/5639/1035 5638/5636/1035
f 5642/5640/1037 5639/5641/1036 5640/5638/1036
f 5644/5642/1038 5641/5643/1037 5642/5640/1037
f 5646/5644/1039 5643/5645/1038 5644/5642/1038
f 5648/5646/1040 5645/5647/1039 5646/5644/1039
f 5650/5648/1041 5647/5649/1040 5648/5646/1040
f 5652/5650/1042 5649/5651/1041 5650/5648/1041
f 5654/5652/1043 5651/5653/1042 5652/5650/1042
f 5656/5654/1044 5653/5655/1043 5654/5652/1043
f 5658/5656/1045 5655/5657/1044 5656/5654/1044
f 5660/5658/1046 5657/5659/1045 5658/5656/1045
f 5662/5660/1047 5659/5661/1046 5660/5658/1046
f 5664/5662/1048 5661/5663/1047 5662/5660/1047
f 5666/5664/1049 5663/5665/1048 5664/5662/1048
f 5668/5666/1050 5665/5667/1049 5666/5664/1049
f 5670/5668/1051 5667/5669/1050 5668/5666/1050
f 5672/5670/1052 5669/5671/1051 5670/5668/1051
f 5674/5672/1053 5671/5673/1052 5672/5670/1052
f 5676/5674/1054 5673/5675/1053 5674/5672/1053
f 5678/5676/1055 5675/5677/1054 5676/5674/1054
f 5680/5678/1056 5677/5679/1055 5678/5676/1055
f 5682/5680/1057 5679/5681/1056 5680/5678/1056
f 5684/5682/1058 5681/5683/1057 5682/5680/1057
f 5686/5684/1059 5683/5685/1058 5684/5682/1058
f 5688/5686/1060 5685/5687/1059 5686/5684/1059
f 5690/5688/1061 5687/5689/1060 5688/5686/1060
f 5692/5690/1062 5689/5691/1061 5690/5688/1061
f 5694/5692/1063 5691/5693/1062 5692/5690/1062
f 5696/5694/1064 5693/5695/1063 5694/5692/1063
f 5698/5696/1065 5695/5697/1064 5696/5694/1064
f 5700/5698/1066 5697/5699/1065 5698/5696/1065
f 5702/5700/1067 5699/5701/1066 5700/5698/1066
f 5704/5702/1068 5701/5703/1067 5702/5700/1067
f 5706/5704/1069 5703/5705/1068 5704/5702/1068
f 5708/5706/1070 5705/5707/1069 5706/5704/1069
f 5710/5708/1071 5707/5709/1070 5708/5706/1070
f 5712/5710/1072 5709/5711/1071 5710/5708/1071
f 5714/5712/1073 5711/5713/1072 5712/5710/1072
f 5716/5714/1074 5713/5715/1073 5714/5712/1073
f 5718/5716/1075 5715/5717/1074 5716/5714/1074
f 5720/5718/1076 5717/5719/1075 5718/5716/1075
f 5722/5720/1077 5719/5721/1076 5720/5718/1076
f 5724/5722/1078 5721/5723/1077 5722/5720/1077
f 5726/5724/1079 5723/5725/1078 5724/5722/1078
f 5728/5726/1080 5725/5727/1079 5726/5724/1079
f 5730/5728/1081 5727/5729/1080 5728/5726/1080
f 5732/5730/1082 5729/5731/1081 5730/5728/1081
f 5734/5732/1083 5731/5733/1082 5732/5730/1082
f 5736/5734/1084 5733/5735/1083 5734/5732/1083
f 5738/5736/1085 5735/5737/1084 5736/5734/1084
f 5740/5738/1086 5737/5739/1085 5738/5736/1085
f 5742/5740/1087 5739/5741/1086 5740/5738/1086
f 5744/5742/1088 5741/5743/1087 5742/5740/1087
f 5746/5744/14 5743/5745/1088 5744/5742/1088
f 5748/5746/1089 5745/5747/14 5746/5744/14
f 5750/5748/1090 5747/5749/1089 5748/5746/1089
f 5752/5750/1091 5749/5751/1090 5750/5748/1090
f 5754/5752/1092 5751/5753/1091 5752/5750/1091
f 5756/5754/1093 5753/5755/1092 5754/5752/1092
f 5758/5756/1094 5755/5757/1093 5756/5754/1093
f 5760/5758/1095 5757/5759/1094 5758/5756/1094
f 5762/5760/1096 5759/5761/1095 5760/5758/1095
f 5764/5762/1097 5761/5763/1096 5762/5760/1096
f 5766/5764/1098 5763/5765/1097 5764/5762/1097
f 5768/5766/1099 5765/5767/1098 5766/5764/1098
f 5770/5768/1100 5767/5769/1099 5768/5766/1099
f 5772/5770/1101 5769/5771/1100 5770/5768/1100
f 5774/5772/1102 5771/5773/1101 5772/5770/1101
f 5776/5774/1103 5773/5775/1102 5774/5772/1102
f 5778/5776/1104 5775/5777/1103 5776/5774/1103
f 5780/5778/1105 5777/5779/1104 5778/5776/1104
f 5782/5780/1106 5779/5781/1105 5780/5778/1105
f 5784/5782/1107 5781/5783/1106 5782/5780/1106
f 5786/5784/1108 5783/5785/1107 5784/5782/1107
f 5788/5786/1109 5785/5787/1108 5786/5784/1108
f 5790/5788/1110 5787/5789/1109 5788/5786/1109
f 5792/5790/1111 5789/5791/1110 5790/5788/1110
f 5794/5792/1112 5791/5793/1111 5792/5790/1111
f 5796/5794/1113 5793/5795/1112 5794/5792/1112
f 5798/5796/1114 5795/5797/1113 5796/5794/1113
f 5800/5798/1115 5797/5799/1114 5798/5796/1114
f 5802/5800/1116 5799/5801/1115 5800/5798/1115
f 5804/5802/1117 5801/5803/1116 5802/5800/1116
f 5806/5804/1118 5803/5805/1117 5804/5802/1117
f 5808/5806/1119 5805/5807/1120 5806/5804/1118
f 5810/5808/1121 5807/5809/1119 5808/5806/1119
f 5812/5810/1122 5809/5811/1121 5810/5808/1121
f 5814/5812/1123 5811/5813/1122 5812/5810/1122
f 5816/5814/1124 5813/5815/1123 5814/5812/1123
f 5818/5816/1125 5815/5817/1124 5816/5814/1124
f 5820/5818/1126 5817/5819/1125 5818/5816/1125
f 5822/5820/1127 5819/5821/1126 5820/5818/1126
f 5824/5822/1128 5821/5823/1127 5822/5820/1127
f 5826/5824/1129 5823/5825/1128 5824/5822/1128
f 5828/5826/1130 5825/5827/1129 5826/5824/1129
f 5830/5828/1131 5827/5829/1130 5828/5826/1130
f 5832/5830/1132 5829/5831/1131 5830/5828/1131
f 5834/5832/1133 5831/5833/1132 5832/5830/1132
f 5836/5834/1134 5833/5835/1135 5834/5832/1133
f 5838/5836/1136 5835/5837/1134 5836/5834/1134
f 5840/5838/1137 5837/5839/1136 5838/5836/1136
f 5842/5840/1138 5839/5841/1137 5840/5838/1137
f 5844/5842/1139 5841/5843/1138 5842/5840/1138
f 5846/5844/1140 5843/5845/1139 5844/5842/1139
f 5848/5846/1141 5845/5847/1140 5846/5844/1140
f 5850/5848/1142 5847/5849/1141 5848/5846/1141
f 5852/5850/1143 5849/5851/1142 5850/5848/1142
f 5854/5852/1144 5851/5853/1143 5852/5850/1143
f 5856/5854/1145 5853/5855/1144 5854/5852/1144
f 5858/5856/1146 5855/5857/1145 5856/5854/1145
f 5860/5858/1147 5857/5859/1146 5858/5856/1146
f 5862/5860/1148 5859/5861/1147 5860/5858/1147
f 5864/5862/1149 5861/5863/1148 5862/5860/1148
f 5866/5864/1150 5863/5865/1149 5864/5862/1149
f 5868/5866/1151 5865/5867/1150 5866/5864/1150
f 5870/5868/1152 5867/5869/1151 5868/5866/1151
f 5872/5870/1153 5869/5871/1152 5870/5868/1152
f 5874/5872/1154 5871/5873/1153 5872/5870/1153
f 5876/5874/1155 5873/5875/1154 5874/5872/1154
f 5878/5876/1156 5875/5877/1155 5876/5874/1155
f 5880/5878/1157 5877/5879/1156 5878/5876/1156
f 5882/5880/1158 5879/5881/1157 5880/5878/1157
f 5884/5882/1159 5881/5883/1158 5882/5880/1158
f 5886/5884/1160 5883/5885/1159 5884/5882/1159
f 5888/5886/1161 5885/5887/1162 5886/5884/1160
f 5890/5888/1163 5887/5889/1161 5888/5886/1161
f 5892/5890/1164 5889/5891/1163 5890/5888/1163
f 5894/5892/1165 5891/5893/1164 5892/5890/1164
f 5896/5894/1166 5893/5895/1165 5894/5892/1165
f 5898/5896/1167 5895/5897/1166 5896/5894/1166
f 5900/5898/1168 5897/5899/1167 5898/5896/1167
f 5902/5900/1169 5899/5901/1168 5900/5898/1168
f 5904/5902/1170 5901/5903/1169 5902/5900/1169
f 5906/5904/1171 5903/5905/1170 5904/5902/1170
f 5908/5906/1172 5905/5907/1171 5906/5904/1171
f 5910/5908/1173 5907/5909/1172 5908/5906/1172
f 5912/5910/1174 5909/5911/1173 5910/5908/1173
f 5914/5912/1175 5911/5913/1174 5912/5910/1174
f 5916/5914/1176 5913/5915/1175 5914/5912/1175
f 5918/5916/1177 5915/5917/1178 5916/5914/1176
f 5920/5918/1179 5917/5919/1177 5918/5916/1177
f 5922/5920/1180 5919/5921/1179 5920/5918/1179
f 5924/5922/1181 5921/5923/1180 5922/5920/1180
f 5926/5924/1182 5923/5925/1183 5924/5922/1181
f 5928/5926/1184 5925/5927/1185 5926/5924/1182
f 5930/5928/1186 5927/5929/1184 5928/5926/1184
f 5932/5930/1187 5929/5931/1186 5930/5928/1186
f 5934/5932/66 5931/5933/1188 5932/5930/1187
f 5936/5934/65 5933/5935/64 5934/5932/66
f 5938/5936/67 5935/5937/1189 5936/5934/65
f 5940/5938/1190 5937/5939/67 5938/5936/67
f 5942/5940/71 5939/5941/69 5940/5938/1190
f 5944/5942/1191 5941/5943/1192 5942/5940/71
f 5946/5944/73 5943/5945/1191 5944/5942/1191
f 5948/5946/74 5945/5947/73 5946/5944/73
f 5950/5948/75 5947/5949/74 5948/5946/74
f 5952/5950/76 5949/5951/77 5950/5948/75
f 5954/5952/78 5951/5953/76 5952/5950/76
f 5956/5954/79 5953/5955/78 5954/5952/78
f 5958/5956/1193 5955/5957/79 5956/5954/79
f 5960/5958/1194 5957/5959/1193 5958/5956/1193
f 5962/5960/1195 5959/5961/1194 5960/5958/1194
f 5964/5962/1196 5961/5963/1195 5962/5960/1195
f 5966/5964/1197 5963/5965/1196 5964/5962/1196
f 5968/5966/1198 5965/5967/1197 5966/5964/1197
f 5970/5968/1199 5967/5969/1198 5968/5966/1198
f 5972/5970/1200 5969/5971/1199 5970/5968/1199
f 5974/5972/1201 5971/5973/1200 5972/5970/1200
f 5976/5974/1202 5973/5975/1201 5974/5972/1201
f 5978/5976/1203 5975/5977/1202 5976/5974/1202
f 5980/5978/1204 5977/5979/1203 5978/5976/1203
f 5982/5980/1205 5979/5981/1204 5980/5978/1204
f 5984/5982/1206 5981/5983/1207 5982/5980/1205
f 5986/5984/1208 5983/5985/1209 5984/5982/1206
f 5988/5986/1210 5985/5987/1208 5986/5984/1208
f 5990/5988/1211 5987/5989/1210 5988/5986/1210
f 5992/5990/1212 5989/5991/1211 5990/5988/1211
f 5994/5992/1213 5991/5993/1212 5992/5990/1212
f 5996/5994/1214 5993/5995/1213 5994/5992/1213
f 5998/5996/1215 5995/5997/1214 5996/5994/1214
f 6000/5998/1216 5997/5999/1215 5998/5996/1215
f 6002/6000/1217 5999/6001/1216 6000/5998/1216
f 6004/6002/1218 6001/6003/1217 6002/6000/1217
f 6006/6004/1219 6003/6005/1218 6004/6002/1218
f 6008/6006/1220 6005/6007/1219 6006/6004/1219
f 6010/6008/1221 6007/6009/1220 6008/6006/1220
f 6012/6010/1222 6009/6011/1221 6010/6008/1221
f 6014/6012/1223 6011/6013/1222 6012/6010/1222
f 6016/6014/1224 6013/6015/1223 6014/6012/1223
f 6018/6016/1225 6015/6017/1224 6016/6014/1224
f 6020/6018/1226 6017/6019/1225 6018/6016/1225
f 6022/6020/1227 6019/6021/1226 6020/6018/1226
f 6024/6022/1228 6021/6023/1227 6022/6020/1227
f 6026/6024/46 6023/6025/1228 6024/6022/1228
f 6028/6026/1229 6025/6027/1230 6026/6024/46
f 6030/6028/1231 6027/6029/1229 6028/6026/1229
f 6032/6030/1232 6029/6031/1231 6030/6028/1231
f 6034/6032/1233 6031/6033/1232 6032/6030/1232
f 6036/6034/1234 6033/6035/1233 6034/6032/1233
f 6038/6036/1235 6035/6037/1234 6036/6034/1234
f 6040/6038/1236 6037/6039/1235 6038/6036/1235
f 6042/6040/1237 6039/6041/1238 6040/6038/1236
f 6044/6042/1239 6041/6043/1237 6042/6040/1237
f 6046/6044/1240 6043/6045/1241 6044/6042/1239
f 6048/6046/1242 6045/6047/1240 6046/6044/1240
f 6050/6048/1243 6047/6049/1244 6048/6046/1242
f 6052/6050/1245 6049/6051/1243 6050/6048/1243
f 6054/6052/1246 6051/6053/1245 6052/6050/1245
f 6056/6054/1247 6053/6055/1248 6054/6052/1246
f 6058/6056/1249 6055/6057/1247 6056/6054/1247
f 6060/6058/1250 6057/6059/1251 6058/6056/1249
f 6062/6060/1252 6059/6061/1253 6060/6058/1250
f 6064/6062/1254 6061/6063/1252 6062/6060/1252
f 6066/6064/1255 6063/6065/1256 6064/6062/1254
f 6068/6066/1257 6065/6067/1258 6066/6064/1255
f 6070/6068/1259 6067/6069/1257 6068/6066/1257
f 6072/6070/1260 6069/6071/1259 6070/6068/1259
f 6074/6072/1261 6071/6073/1260 6072/6070/1260
f 6076/6074/590 6073/6075/1261 6074/6072/1261
f 6078/6076/1262 6075/6077/590 6076/6074/590
f 6080/6078/1263 6077/6079/1262 6078/6076/1262
f 6082/6080/1264 6079/6081/1263 6080/6078/1263
f 6084/6082/1265 6081/6083/1264 6082/6080/1264
f 6086/6084/1266 6083/6085/1265 6084/6082/1265
f 6088/6086/1267 6085/6087/1266 6086/6084/1266
f 6090/6088/1268 6087/6089/1267 6088/6086/1267
f 6092/6090/1269 6089/6091/1268 6090/6088/1268
f 6094/6092/1270 6091/6093/1269 6092/6090/1269
f 6096/6094/1271 6093/6095/1270 6094/6092/1270
f 6098/6096/1272 6095/6097/1271 6096/6094/1271
f 6100/6098/1273 6097/6099/1272 6098/6096/1272
f 6102/6100/1274 6099/6101/1273 6100/6098/1273
f 6104/6102/1275 6101/6103/1274 6102/6100/1274
f 6106/6104/1276 6103/6105/1275 6104/6102/1275
f 6108/6106/1035 6105/6107/1276 6106/6104/1276
f 6110/6108/1036 6107/6109/1035 6108/6106/1035
f 6112/6110/1277 6109/6111/1036 6110/6108/1036
f 6114/6112/1038 6111/6113/1037 6112/6110/1277
f 6116/6114/1278 6113/6115/1038 6114/6112/1038
f 6118/6116/1040 6115/6117/1039 6116/6114/1278
f 6120/6118/1041 6117/6119/1040 6118/6116/1040
f 6122/6120/1042 6119/6121/1041 6120/6118/1041
f 6124/6122/1043 6121/6123/1042 6122/6120/1042
f 6126/6124/1044 6123/6125/1043 6124/6122/1043
f 6128/6126/1045 6125/6127/1044 6126/6124/1044
f 6130/6128/1279 6127/6129/1045 6128/6126/1045
f 6132/6130/1280 6129/6131/1279 6130/6128/1279
f 6134/6132/1281 6131/6133/1280 6132/6130/1280
f 6136/6134/1282 6133/6135/1281 6134/6132/1281
f 6138/6136/1283 6135/6137/1282 6136/6134/1282
f 6140/6138/1284 6137/6139/1283 6138/6136/1283
f 6142/6140/1285 6139/6141/1284 6140/6138/1284
f 6144/6142/1286 6141/6143/1285 6142/6140/1285
f 6146/6144/1287 6143/6145/1286 6144/6142/1286
f 6148/6146/1288 6145/6147/1287 6146/6144/1287
f 6150/6148/1289 6147/6149/1288 6148/6146/1288
f 6152/6150/1290 6149/6151/1289 6150/6148/1289
f 6154/6152/1291 6151/6153/1290 6152/6150/1290
f 6156/6154/1292 6153/6155/1291 6154/6152/1291
f 6158/6156/1293 6155/6157/1292 6156/6154/1292
f 6160/6158/1294 6157/6159/1293 6158/6156/1293
f 6162/6160/1295 6159/6161/1294 6160/6158/1294
f 6164/6162/1296 6161/6163/1295 6162/6160/1295
f 6166/6164/1297 6163/6165/1296 6164/6162/1296
f 6168/6166/1298 6165/6167/1297 6166/6164/1297
f 6170/6168/1299 6167/6169/1300 6168/6166/1298
f 6172/6170/1301 6169/6171/1302 6170/6168/1299
f 6174/6172/1303 6171/6173/1301 6172/6170/1301
f 6176/6174/1304 6173/6175/1303 6174/6172/1303
f 6178/6176/1305 6175/6177/1304 6176/6174/1304
f 5632/5633/13 6177/6178/1305 6178/6176/1305
f 6182/6179/15 6179/6180/13 6180/6181/13
f 6184/6182/16 6181/6183/15 6182/6179/15
f 6186/6184/167 6183/6185/16 6184/6182/16
f 6180/6181/13 6185/6186/167 6186/6184/167
f 6190/6187/13 6187/6188/167 6188/6189/167
f 6192/6190/15 6189/6191/13 6190/6187/13
f 6194/6192/16 6191/6193/15 6192/6190/15
f 6188/6189/167 6193/6194/16 6194/6192/16
f 6198/6195/167 6195/6196/16 6196/6197/16
f 6200/6198/13 6197/6199/167 6198/6195/167
f 6202/6200/15 6199/6201/13 6200/6198/13
f 6196/6197/16 6201/6202/15 6202/6200/15
f 6206/6203/167 6203/6204/16 6204/6205/16
f 6208/6206/13 6205/6207/167 6206/6203/167
f 6210/6208/15 6207/6209/13 6208/6206/13
f 6204/6205/16 6209/6210/15 6210/6208/15
f 6214/6211/167 6211/6212/16 6212/6213/16
f 6216/6214/13 6213/6215/167 6214/6211/167
f 6218/6216/15 6215/6217/13 6216/6214/13
f 6212/6213/16 6217/6218/15 6218/6216/15
f 6222/6219/1306 6219/6220/1307 6220/6221/1307
f 6224/6222/1308 6221/6223/1309 6222/6219/1306
f 6226/6224/1310 6223/6225/1308 6224/6222/1308
f 6228/6226/1311 6225/6227/1310 6226/6224/1310
f 6230/6228/1312 6227/6229/1311 6228/6226/1311
f 6232/6230/1313 6229/6231/1312 6230/6228/1312
f 6234/6232/1314 6231/6233/1313 6232/6230/1313
f 6236/6234/945 6233/6235/1314 6234/6232/1314
f 6238/6236/1315 6235/6237/945 6236/6234/945
f 6240/6238/1316 6237/6239/1315 6238/6236/1315
f 6242/6240/1317 6239/6241/1316 6240/6238/1316
f 6244/6242/1318 6241/6243/1317 6242/6240/1317
f 6246/6244/1319 6243/6245/1318 6244/6242/1318
f 6248/6246/1320 6245/6247/1321 6246/6244/1319
f 6250/6248/1322 6247/6249/1320 6248/6246/1320
f 6252/6250/1323 6249/6251/1322 6250/6248/1322
f 6254/6252/1324 6251/6253/1323 6252/6250/1323
f 6256/6254/1325 6253/6255/1324 6254/6252/1324
f 6258/6256/1326 6255/6257/1325 6256/6254/1325
f 6260/6258/1327 6257/6259/1326 6258/6256/1326
f 6262/6260/1328 6259/6261/1327 6260/6258/1327
f 6264/6262/1329 6261/6263/1328 6262/6260/1328
f 6266/6264/1330 6263/6265/1329 6264/6262/1329
f 6268/6266/1331 6265/6267/1330 6266/6264/1330
f 6270/6268/1332 6267/6269/1331 6268/6266/1331
f 6272/6270/1333 6269/6271/1332 6270/6268/1332
f 6274/6272/1334 6271/6273/1333 6272/6270/1333
f 6276/6274/1335 6273/6275/1334 6274/6272/1334
f 6278/6276/1336 6275/6277/1335 6276/6274/1335
f 6280/6278/1337 6277/6279/1336 6278/6276/1336
f 6282/6280/1338 6279/6281/1337 6280/6278/1337
f 6284/6282/1339 6281/6283/1338 6282/6280/1338
f 6286/6284/1340 6283/6285/1341 6284/6282/1339
f 6288/6286/1342 6285/6287/1340 6286/6284/1340
f 6290/6288/1343 6287/6289/1342 6288/6286/1342
f 6292/6290/1344 6289/6291/1343 6290/6288/1343
f 6294/6292/1345 6291/6293/1344 6292/6290/1344
f 6296/6294/1346 6293/6295/1345 6294/6292/1345
f 6298/6296/1347 6295/6297/1346 6296/6294/1346
f 6300/6298/1348 6297/6299/1349 6298/6296/1347
f 6302/6300/1350 6299/6301/1348 6300/6298/1348
f 6304/6302/1351 6301/6303/1350 6302/6300/1350
f 6306/6304/1352 6303/6305/1351 6304/6302/1351
f 6308/6306/1353 6305/6307/1352 6306/6304/1352
f 6310/6308/1354 6307/6309/1355 6308/6306/1353
f 6312/6310/1356 6309/6311/1354 6310/6308/1354
f 6314/6312/1357 6311/6313/1356 6312/6310/1356
f 6316/6314/1358 6313/6315/1357 6314/6312/1357
f 6318/6316/1359 6315/6317/1358 6316/6314/1358
f 6320/6318/1360 6317/6319/1359 6318/6316/1359
f 6322/6320/1361 6319/6321/1360 6320/6318/1360
f 6324/6322/1362 6321/6323/1363 6322/6320/1361
f 6326/6324/1364 6323/6325/1362 6324/6322/1362
f 6328/6326/1365 6325/6327/1364 6326/6324/1364
f 6330/6328/1366 6327/6329/1367 6328/6326/1365
f 6332/6330/1368 6329/6331/1369 6330/6328/1366
f 6334/6332/1370 6331/6333/1368 6332/6330/1368
f 6336/6334/1371 6333/6335/1372 6334/6332/1370
f 6338/6336/1373 6335/6337/1374 6336/6334/1371
f 6340/6338/1375 6337/6339/1376 6338/6336/1373
f 6342/6340/1377 6339/6341/1378 6340/6338/1375
f 6344/6342/1379 6341/6343/1380 6342/6340/1377
f 6346/6344/64 6343/6345/1381 6344/6342/1379
f 6348/6346/65 6345/6347/64 6346/6344/64
f 6350/6348/67 6347/6349/65 6348/6346/65
f 6352/6350/1190 6349/6351/67 6350/6348/67
f 6354/6352/1382 6351/6353/69 6352/6350/1190
f 6356/6354/1383 6353/6355/1192 6354/6352/1382
f 6358/6356/73 6355/6357/1191 6356/6354/1383
f 6360/6358/74 6357/6359/73 6358/6356/73
f 6362/6360/77 6359/6361/74 6360/6358/74
f 6364/6362/76 6361/6363/75 6362/6360/77
f 6366/6364/1384 6363/6365/76 6364/6362/76
f 6368/6366/79 6365/6367/78 6366/6364/1384
f 6370/6368/1385 6367/6369/79 6368/6366/79
f 6372/6370/1386 6369/6371/1385 6370/6368/1385
f 6374/6372/1387 6371/6373/1388 6372/6370/1386
f 6376/6374/1326 6373/6375/1387 6374/6372/1387
f 6378/6376/1269 6375/6377/1389 6376/6374/1326
f 6380/6378/1390 6377/6379/535 6378/6376/1269
f 6382/6380/1391 6379/6381/1390 6380/6378/1390
f 6384/6382/1392 6381/6383/1391 6382/6380/1391
f 6386/6384/1330 6383/6385/1393 6384/6382/1392
f 6388/6386/1394 6385/6387/1330 6386/6384/1330
f 6390/6388/1395 6387/6389/1331 6388/6386/1394
f 6392/6390/1396 6389/6391/1397 6390/6388/1395
f 6394/6392/1398 6391/6393/1396 6392/6390/1396
f 6396/6394/1395 6393/6395/1398 6394/6392/1398
f 6398/6396/1399 6395/6397/1395 6396/6394/1395
f 6400/6398/1400 6397/6399/1399 6398/6396/1399
f 6402/6400/1401 6399/6401/1400 6400/6398/1400
f 6404/6402/1393 6401/6403/1401 6402/6400/1401
f 6406/6404/1391 6403/6405/1393 6404/6402/1393
f 6408/6406/1402 6405/6407/1391 6406/6404/1391
f 6410/6408/1403 6407/6409/1402 6408/6406/1402
f 6412/6410/1404 6409/6411/1405 6410/6408/1403
f 6414/6412/1406 6411/6413/1404 6412/6410/1404
f 6416/6414/1407 6413/6415/1408 6414/6412/1406
f 6418/6416/1409 6415/6417/1410 6416/6414/1407
f 6420/6418/539 6417/6419/1409 6418/6416/1409
f 6422/6420/1411 6419/6421/1412 6420/6418/539
f 6424/6422/1413 6421/6423/1414 6422/6420/1411
f 6426/6424/1415 6423/6425/1413 6424/6422/1413
f 6428/6426/1416 6425/6427/1417 6426/6424/1415
f 6430/6428/1418 6427/6429/1416 6428/6426/1416
f 6432/6430/1419 6429/6431/1418 6430/6428/1418
f 6434/6432/1420 6431/6433/1419 6432/6430/1419
f 6436/6434/1421 6433/6435/1420 6434/6432/1420
f 6438/6436/1422 6435/6437/1421 6436/6434/1421
f 6440/6438/1423 6437/6439/1422 6438/6436/1422
f 6442/6440/1424 6439/6441/1423 6440/6438/1423
f 6444/6442/1425 6441/6443/1424 6442/6440/1424
f 6446/6444/1426 6443/6445/1425 6444/6442/1425
f 6448/6446/1427 6445/6447/1426 6446/6444/1426
f 6450/6448/1428 6447/6449/1427 6448/6446/1427
f 6452/6450/1429 6449/6451/1428 6450/6448/1428
f 6454/6452/1430 6451/6453/1429 6452/6450/1429
f 6456/6454/1431 6453/6455/1430 6454/6452/1430
f 6458/6456/1432 6455/6457/1431 6456/6454/1431
f 6460/6458/1433 6457/6459/1432 6458/6456/1432
f 6462/6460/1434 6459/6461/1435 6460/6458/1433
f 6464/6462/1436 6461/6463/1437 6462/6460/1434
f 6466/6464/1438 6463/6465/1439 6464/6462/1436
f 6468/6466/1440 6465/6467/1441 6466/6464/1438
f 6470/6468/1442 6467/6469/1440 6468/6466/1440
f 6472/6470/1443 6469/6471/1442 6470/6468/1442
f 6474/6472/1444 6471/6473/1443 6472/6470/1443
f 6476/6474/1445 6473/6475/1444 6474/6472/1444
f 6478/6476/1446 6475/6477/1445 6476/6474/1445
f 6480/6478/1447 6477/6479/1446 6478/6476/1446
f 6482/6480/1448 6479/6481/1447 6480/6478/1447
f 6484/6482/1449 6481/6483/1448 6482/6480/1448
f 6486/6484/1450 6483/6485/1449 6484/6482/1449
f 6488/6486/1451 6485/6487/1450 6486/6484/1450
f 6490/6488/1452 6487/6489/1451 6488/6486/1451
f 6492/6490/704 6489/6491/1453 6490/6488/1452
f 6494/6492/1454 6491/6493/704 6492/6490/704
f 6496/6494/1455 6493/6495/1454 6494/6492/1454
f 6498/6496/1456 6495/6497/1455 6496/6494/1455
f 6500/6498/1457 6497/6499/1456 6498/6496/1456
f 6502/6500/1458 6499/6501/1457 6500/6498/1457
f 6504/6502/1459 6501/6503/1458 6502/6500/1458
f 6506/6504/1460 6503/6505/1459 6504/6502/1459
f 6508/6506/259 6505/6507/1460 6506/6504/1460
f 6510/6508/1461 6507/6509/259 6508/6506/259
f 6512/6510/1462 6509/6511/1461 6510/6508/1461
f 6514/6512/1463 6511/6513/1464 6512/6510/1462
f 6516/6514/1465 6513/6515/1463 6514/6512/1463
f 6518/6516/1466 6515/6517/1465 6516/6514/1465
f 6520/6518/1467 6517/6519/1466 6518/6516/1466
f 6522/6520/1468 6519/6521/1467 6520/6518/1467
f 6524/6522/1469 6521/6523/1468 6522/6520/1468
f 6526/6524/1470 6523/6525/1469 6524/6522/1469
f 6528/6526/1471 6525/6527/1470 6526/6524/1470
f 6530/6528/1472 6527/6529/1471 6528/6526/1471
f 6532/6530/1473 6529/6531/1472 6530/6528/1472
f 6534/6532/1474 6531/6533/1473 6532/6530/1473
f 6536/6534/1475 6533/6535/1474 6534/6532/1474
f 6538/6536/1476 6535/6537/1475 6536/6534/1475
f 6540/6538/1477 6537/6539/1476 6538/6536/1476
f 6542/6540/1478 6539/6541/1477 6540/6538/1477
f 6544/6542/1479 6541/6543/1478 6542/6540/1478
f 6546/6544/1480 6543/6545/1479 6544/6542/1479
f 6548/6546/1481 6545/6547/1480 6546/6544/1480
f 6550/6548/1482 6547/6549/1481 6548/6546/1481
f 6552/6550/1483 6549/6551/1482 6550/6548/1482
f 6554/6552/1484 6551/6553/1483 6552/6550/1483
f 6556/6554/1077 6553/6555/1484 6554/6552/1484
f 6558/6556/225 6555/6557/1077 6556/6554/1077
f 6560/6558/1485 6557/6559/225 6558/6556/225
f 6562/6560/1486 6559/6561/1487 6560/6558/1485
f 6564/6562/1488 6561/6563/1486 6562/6560/1486
f 6566/6564/1489 6563/6565/1488 6564/6562/1488
f 6568/6566/1490 6565/6567/1489 6566/6564/1489
f 6570/6568/1491 6567/6569/1492 6568/6566/1490
f 6572/6570/1493 6569/6571/1491 6570/6568/1491
f 6574/6572/1254 6571/6573/1493 6572/6570/1493
f 6576/6574/1494 6573/6575/1254 6574/6572/1254
f 6578/6576/1495 6575/6577/1494 6576/6574/1494
f 6580/6578/1496 6577/6579/1495 6578/6576/1495
f 6582/6580/1497 6579/6581/1496 6580/6578/1496
f 6584/6582/1498 6581/6583/1497 6582/6580/1497
f 6586/6584/1499 6583/6585/1498 6584/6582/1498
f 6588/6586/1500 6585/6587/1501 6586/6584/1499
f 6590/6588/1502 6587/6589/1500 6588/6586/1500
f 6592/6590/1503 6589/6591/1502 6590/6588/1502
f 6594/6592/1504 6591/6593/1503 6592/6590/1503
f 6596/6594/1505 6593/6595/1504 6594/6592/1504
f 6598/6596/1506 6595/6597/1505 6596/6594/1505
f 6600/6598/588 6597/6599/1506 6598/6596/1506
f 6602/6600/1507 6599/6601/588 6600/6598/588
f 6604/6602/1508 6601/6603/1507 6602/6600/1507
f 6606/6604/1509 6603/6605/1508 6604/6602/1508
f 6608/6606/1510 6605/6607/1509 6606/6604/1509
f 6610/6608/1511 6607/6609/1510 6608/6606/1510
f 6612/6610/1512 6609/6611/1511 6610/6608/1511
f 6614/6612/1513 6611/6613/1512 6612/6610/1512
f 6616/6614/1514 6613/6615/1513 6614/6612/1513
f 6618/6616/1515 6615/6617/1516 6616/6614/1514
f 6620/6618/1517 6617/6619/1518 6618/6616/1515
f 6622/6620/1519 6619/6621/1520 6620/6618/1517
f 6624/6622/1521 6621/6623/1522 6622/6620/1519
f 6626/6624/1523 6623/6625/1524 6624/6622/1521
f 6628/6626/1525 6625/6627/1526 6626/6624/1523
f 6630/6628/1527 6627/6629/1528 6628/6626/1525
f 6632/6630/1529 6629/6631/1530 6630/6628/1527
f 6634/6632/1531 6631/6633/1532 6632/6630/1529
f 6636/6634/1533 6633/6635/1534 6634/6632/1531
f 6638/6636/1535 6635/6637/1533 6636/6634/1533
f 6640/6638/1536 6637/6639/1537 6638/6636/1535
f 6642/6640/1538 6639/6641/1536 6640/6638/1536
f 6644/6642/1539 6641/6643/1538 6642/6640/1538
f 6646/6644/1540 6643/6645/1541 6644/6642/1539
f 6648/6646/1542 6645/6647/1540 6646/6644/1540
f 6650/6648/1543 6647/6649/1544 6648/6646/1542
f 6652/6650/1545 6649/6651/1543 6650/6648/1543
f 6654/6652/1546 6651/6653/1545 6652/6650/1545
f 6656/6654/1547 6653/6655/1548 6654/6652/1546
f 6658/6656/1549 6655/6657/1547 6656/6654/1547
f 6660/6658/1550 6657/6659/1549 6658/6656/1549
f 6662/6660/1551 6659/6661/1552 6660/6658/1550
f 6664/6662/1553 6661/6663/1554 6662/6660/1551
f 6666/6664/1555 6663/6665/1556 6664/6662/1553
f 6668/6666/1557 6665/6667/1558 6666/6664/1555
f 6670/6668/1117 6667/6669/1559 6668/6666/1557
f 6672/6670/1560 6669/6671/1117 6670/6668/1117
f 6674/6672/1561 6671/6673/1560 6672/6670/1560
f 6676/6674/1562 6673/6675/1563 6674/6672/1561
f 6678/6676/1564 6675/6677/1565 6676/6674/1562
f 6680/6678/1566 6677/6679/1567 6678/6676/1564
f 6682/6680/1568 6679/6681/1569 6680/6678/1566
f 6684/6682/1570 6681/6683/1571 6682/6680/1568
f 6686/6684/81 6683/6685/1572 6684/6682/1570
f 6688/6686/1573 6685/6687/1574 6686/6684/81
f 6690/6688/1575 6687/6689/1576 6688/6686/1573
f 6692/6690/1577 6689/6691/1575 6690/6688/1575
f 6694/6692/1578 6691/6693/1577 6692/6690/1577
f 6696/6694/1579 6693/6695/1578 6694/6692/1578
f 6698/6696/1580 6695/6697/1579 6696/6694/1579
f 6700/6698/1581 6697/6699/1580 6698/6696/1580
f 6702/6700/1582 6699/6701/1581 6700/6698/1581
f 6704/6702/1583 6701/6703/1582 6702/6700/1582
f 6706/6704/1584 6703/6705/1583 6704/6702/1583
f 6708/6706/1585 6705/6707/1584 6706/6704/1584
f 6710/6708/1586 6707/6709/1585 6708/6706/1585
f 6712/6710/1587 6709/6711/1586 6710/6708/1586
f 6714/6712/1588 6711/6713/1589 6712/6710/1587
f 6716/6714/1590 6713/6715/1588 6714/6712/1588
f 6718/6716/706 6715/6717/1590 6716/6714/1590
f 6720/6718/1591 6717/6719/706 6718/6716/706
f 6722/6720/1592 6719/6721/1591 6720/6718/1591
f 6724/6722/1593 6721/6723/1592 6722/6720/1592
f 6726/6724/1594 6723/6725/1593 6724/6722/1593
f 6728/6726/1595 6725/6727/1594 6726/6724/1594
f 6730/6728/173 6727/6729/1595 6728/6726/1595
f 6732/6730/1596 6729/6731/173 6730/6728/173
f 6734/6732/1597 6731/6733/1596 6732/6730/1596
f 6736/6734/1598 6733/6735/1597 6734/6732/1597
f 6738/6736/1599 6735/6737/1598 6736/6734/1598
f 6740/6738/1600 6737/6739/1599 6738/6736/1599
f 6742/6740/1601 6739/6741/1600 6740/6738/1600
f 6744/6742/1602 6741/6743/1601 6742/6740/1601
f 6746/6744/1603 6743/6745/1602 6744/6742/1602
f 6748/6746/1470 6745/6747/1603 6746/6744/1603
f 6750/6748/1604 6747/6749/1470 6748/6746/1470
f 6752/6750/1605 6749/6751/1604 6750/6748/1604
f 6754/6752/1606 6751/6753/1605 6752/6750/1605
f 6756/6754/1607 6753/6755/1606 6754/6752/1606
f 6758/6756/1608 6755/6757/1607 6756/6754/1607
f 6760/6758/1609 6757/6759/1610 6758/6756/1608
f 6762/6760/1611 6759/6761/1609 6760/6758/1609
f 6764/6762/1612 6761/6763/1611 6762/6760/1611
f 6766/6764/167 6763/6765/1612 6764/6762/1612
f 6768/6766/643 6765/6767/167 6766/6764/167
f 6770/6768/1613 6767/6769/643 6768/6766/643
f 6772/6770/1614 6769/6771/1613 6770/6768/1613
f 6774/6772/1615 6771/6773/1614 6772/6770/1614
f 6776/6774/1616 6773/6775/1615 6774/6772/1615
f 6778/6776/229 6775/6777/1616 6776/6774/1616
f 6780/6778/1617 6777/6779/229 6778/6776/229
f 6782/6780/1618 6779/6781/1617 6780/6778/1617
f 6784/6782/1619 6781/6783/1618 6782/6780/1618
f 6786/6784/1620 6783/6785/1619 6784/6782/1619
f 6788/6786/1621 6785/6787/1620 6786/6784/1620
f 6790/6788/1622 6787/6789/1621 6788/6786/1621
f 6792/6790/1623 6789/6791/1622 6790/6788/1622
f 6794/6792/1624 6791/6793/1625 6792/6790/1623
f 6796/6794/1626 6793/6795/1624 6794/6792/1624
f 6798/6796/1627 6795/6797/1626 6796/6794/1626
f 6800/6798/1628 6797/6799/1627 6798/6796/1627
f 6802/6800/1629 6799/6801/1628 6800/6798/1628
f 6804/6802/1630 6801/6803/1629 6802/6800/1629
f 6806/6804/1631 6803/6805/1630 6804/6802/1630
f 6808/6806/1632 6805/6807/1631 6806/6804/1631
f 6810/6808/1633 6807/6809/1632 6808/6806/1632
f 6812/6810/1634 6809/6811/1633 6810/6808/1633
f 6814/6812/1635 6811/6813/1634 6812/6810/1634
f 6816/6814/1636 6813/6815/1635 6814/6812/1635
f 6818/6816/1637 6815/6817/1636 6816/6814/1636
f 6820/6818/1638 6817/6819/1637 6818/6816/1637
f 6822/6820/1639 6819/6821/1638 6820/6818/1638
f 6824/6822/1640 6821/6823/1641 6822/6820/1639
f 6826/6824/1642 6823/6825/1640 6824/6822/1640
f 6828/6826/1643 6825/6827/1642 6826/6824/1642
f 6830/6828/1644 6827/6829/1643 6828/6826/1643
f 6832/6830/1645 6829/6831/1644 6830/6828/1644
f 6834/6832/1646 6831/6833/1645 6832/6830/1645
f 6836/6834/1647 6833/6835/1646 6834/6832/1646
f 6838/6836/1648 6835/6837/1647 6836/6834/1647
f 6840/6838/1649 6837/6839/1648 6838/6836/1648
f 6842/6840/1650 6839/6841/1651 6840/6838/1649
f 6844/6842/1652 6841/6843/1653 6842/6840/1650
f 6846/6844/1654 6843/6845/1652 6844/6842/1652
f 6848/6846/1655 6845/6847/1654 6846/6844/1654
f 6850/6848/1656 6847/6849/1655 6848/6846/1655
f 6852/6850/1657 6849/6851/1656 6850/6848/1656
f 6854/6852/1658 6851/6853/1657 6852/6850/1657
f 6856/6854/1659 6853/6855/1658 6854/6852/1658
f 6858/6856/1660 6855/6857/1659 6856/6854/1659
f 6860/6858/1661 6857/6859/1660 6858/6856/1660
f 6862/6860/1662 6859/6861/1661 6860/6858/1661
f 6864/6862/1663 6861/6863/1662 6862/6860/1662
f 6866/6864/16 6863/6865/1663 6864/6862/1663
f 6868/6866/1664 6865/6867/16 6866/6864/16
f 6870/6868/1665 6867/6869/1664 6868/6866/1664
f 6872/6870/1666 6869/6871/1665 6870/6868/1665
f 6874/6872/1667 6871/6873/1666 6872/6870/1666
f 6876/6874/1668 6873/6875/1667 6874/6872/1667
f 6878/6876/1669 6875/6877/1670 6876/6874/1668
f 6880/6878/1671 6877/6879/1669 6878/6876/1669
f 6882/6880/1672 6879/6881/1671 6880/6878/1671
f 6884/6882/1673 6881/6883/1672 6882/6880/1672
f 6886/6884/1674 6883/6885/1673 6884/6882/1673
f 6888/6886/1675 6885/6887/1674 6886/6884/1674
f 6890/6888/1676 6887/6889/1675 6888/6886/1675
f 6892/6890/1677 6889/6891/1676 6890/6888/1676
f 6894/6892/1678 6891/6893/1677 6892/6890/1677
f 6896/6894/1679 6893/6895/1678 6894/6892/1678
f 6898/6896/1680 6895/6897/1679 6896/6894/1679
f 6900/6898/1681 6897/6899/1680 6898/6896/1680
f 6902/6900/1682 6899/6901/1683 6900/6898/1681
f 6904/6902/1684 6901/6903/1682 6902/6900/1682
f 6906/6904/1685 6903/6905/1686 6904/6902/1684
f 6908/6906/1687 6905/6907/1688 6906/6904/1685
f 6910/6908/1689 6907/6909/1687 6908/6906/1687
f 6912/6910/1690 6909/6911/1689 6910/6908/1689
f 6914/6912/1691 6911/6913/1690 6912/6910/1690
f 6916/6914/1692 6913/6915/1691 6914/6912/1691
f 6918/6916/1693 6915/6917/370 6916/6914/1692
f 6920/6918/1694 6917/6919/1693 6918/6916/1693
f 6922/6920/1695 6919/6921/1696 6920/6918/1694
f 6924/6922/51 6921/6923/1697 6922/6920/1695
f 6926/6924/1698 6923/6925/1699 6924/6922/51
f 6928/6926/1700 6925/6927/1701 6926/6924/1698
f 6930/6928/1702 6927/6929/1703 6928/6926/1700
f 6932/6930/1704 6929/6931/1705 6930/6928/1702
f 6934/6932/1706 6931/6933/1707 6932/6930/1704
f 6936/6934/1708 6933/6935/1709 6934/6932/1706
f 6938/6936/1710 6935/6937/1711 6936/6934/1708
f 6940/6938/1712 6937/6939/1710 6938/6936/1710
f 6942/6940/66 6939/6941/1713 6940/6938/1712
f 6944/6942/65 6941/6943/1714 6942/6940/66
f 6946/6944/67 6943/6945/68 6944/6942/65
f 6948/6946/69 6945/6947/70 6946/6944/67
f 6950/6948/71 6947/6949/1190 6948/6946/69
f 6952/6950/1191 6949/6951/1715 6950/6948/71
f 6954/6952/73 6951/6953/1191 6952/6950/1191
f 6956/6954/1716 6953/6955/73 6954/6952/73
f 6958/6956/77 6955/6957/1717 6956/6954/1716
f 6960/6958/76 6957/6959/75 6958/6956/77
f 6962/6960/78 6959/6961/76 6960/6958/76
f 6964/6962/79 6961/6963/78 6962/6960/78
f 6966/6964/1718 6963/6965/79 6964/6962/79
f 6968/6966/1719 6965/6967/1718 6966/6964/1718
f 6970/6968/1720 6967/6969/1719 6968/6966/1719
f 6972/6970/1721 6969/6971/1722 6970/6968/1720
f 6974/6972/1723 6971/6973/1721 6972/6970/1721
f 6976/6974/1724 6973/6975/1723 6974/6972/1723
f 6978/6976/1725 6975/6977/1724 6976/6974/1724
f 6980/6978/1726 6977/6979/1725 6978/6976/1725
f 6982/6980/1727 6979/6981/1726 6980/6978/1726
f 6984/6982/1728 6981/6983/1727 6982/6980/1727
f 6986/6984/1729 6983/6985/1728 6984/6982/1728
f 6988/6986/1730 6985/6987/1729 6986/6984/1729
f 6990/6988/1731 6987/6989/1730 6988/6986/1730
f 6992/6990/1732 6989/6991/1731 6990/6988/1731
f 6994/6992/1733 6991/6993/1732 6992/6990/1732
f 6996/6994/1734 6993/6995/1733 6994/6992/1733
f 6998/6996/1735 6995/6997/1734 6996/6994/1734
f 7000/6998/1736 6997/6999/1735 6998/6996/1735
f 7002/7000/1737 6999/7001/1736 7000/6998/1736
f 7004/7002/1738 7001/7003/1737 7002/7000/1737
f 7006/7004/1739 7003/7005/1738 7004/7002/1738
f 7008/7006/1740 7005/7007/1739 7006/7004/1739
f 7010/7008/1098 7007/7009/1740 7008/7006/1740
f 7012/7010/1741 7009/7011/1098 7010/7008/1098
f 7014/7012/1742 7011/7013/1741 7012/7010/1741
f 7016/7014/1743 7013/7015/1744 7014/7012/1742
f 7018/7016/1745 7015/7017/1743 7016/7014/1743
f 7020/7018/1746 7017/7019/1747 7018/7016/1745
f 7022/7020/1748 7019/7021/1749 7020/7018/1746
f 7024/7022/1750 7021/7023/1751 7022/7020/1748
f 7026/7024/1752 7023/7025/1753 7024/7022/1750
f 7028/7026/846 7025/7027/1754 7026/7024/1752
f 7030/7028/1755 7027/7029/1756 7028/7026/846
f 7032/7030/1757 7029/7031/1758 7030/7028/1755
f 7034/7032/1759 7031/7033/1760 7032/7030/1757
f 7036/7034/1761 7033/7035/1759 7034/7032/1759
f 7038/7036/1762 7035/7037/1761 7036/7034/1761
f 7040/7038/1763 7037/7039/1764 7038/7036/1762
f 7042/7040/1765 7039/7041/1766 7040/7038/1763
f 7044/7042/1767 7041/7043/1768 7042/7040/1765
f 7046/7044/1769 7043/7045/1767 7044/7042/1767
f 7048/7046/877 7045/7047/1770 7046/7044/1769
f 7050/7048/1771 7047/7049/1772 7048/7046/877
f 7052/7050/1773 7049/7051/1774 7050/7048/1771
f 7054/7052/1775 7051/7053/1776 7052/7050/1773
f 7056/7054/1777 7053/7055/1775 7054/7052/1775
f 7058/7056/1778 7055/7057/1779 7056/7054/1777
f 7060/7058/1780 7057/7059/1781 7058/7056/1778
f 7062/7060/1782 7059/7061/1783 7060/7058/1780
f 7064/7062/1784 7061/7063/614 7062/7060/1782
f 7066/7064/1785 7063/7065/1784 7064/7062/1784
f 7068/7066/1786 7065/7067/1785 7066/7064/1785
f 7070/7068/1787 7067/7069/1788 7068/7066/1786
f 7072/7070/1789 7069/7071/1787 7070/7068/1787
f 7074/7072/1790 7071/7073/1791 7072/7070/1789
f 7076/7074/1415 7073/7075/1790 7074/7072/1790
f 7078/7076/1792 7075/7077/1415 7076/7074/1415
f 7080/7078/1793 7077/7079/1792 7078/7076/1792
f 7082/7080/1794 7079/7081/1793 7080/7078/1793
f 7084/7082/128 7081/7083/1794 7082/7080/1794
f 7086/7084/1795 7083/7085/128 7084/7082/128
f 7088/7086/1796 7085/7087/1795 7086/7084/1795
f 7090/7088/1797 7087/7089/1796 7088/7086/1796
f 7092/7090/1798 7089/7091/1797 7090/7088/1797
f 7094/7092/1799 7091/7093/1798 7092/7090/1798
f 7096/7094/853 7093/7095/1800 7094/7092/1799
f 7098/7096/1801 7095/7097/853 7096/7094/853
f 7100/7098/1802 7097/7099/1803 7098/7096/1801
f 7102/7100/1804 7099/7101/1802 7100/7098/1802
f 7104/7102/1805 7101/7103/1806 7102/7100/1804
f 7106/7104/1807 7103/7105/1805 7104/7102/1805
f 7108/7106/1808 7105/7107/1809 7106/7104/1807
f 7110/7108/1810 7107/7109/1811 7108/7106/1808
f 7112/7110/1812 7109/7111/1813 7110/7108/1810
f 7114/7112/1814 7111/7113/1815 7112/7110/1812
f 7116/7114/1816 7113/7115/1814 7114/7112/1814
f 7118/7116/1817 7115/7117/1818 7116/7114/1816
f 7120/7118/887 7117/7119/1819 7118/7116/1817
f 7122/7120/1820 7119/7121/1821 7120/7118/887
f 7124/7122/1822 7121/7123/1820 7122/7120/1820
f 7126/7124/1823 7123/7125/1822 7124/7122/1822
f 7128/7126/1824 7125/7127/1825 7126/7124/1823
f 7130/7128/1826 7127/7129/1824 7128/7126/1824
f 7132/7130/1827 7129/7131/1826 7130/7128/1826
f 7134/7132/1828 7131/7133/1827 7132/7130/1827
f 7136/7134/1829 7133/7135/1828 7134/7132/1828
f 7138/7136/1830 7135/7137/1829 7136/7134/1829
f 7140/7138/1831 7137/7139/1830 7138/7136/1830
f 7142/7140/1832 7139/7141/1831 7140/7138/1831
f 7144/7142/1833 7141/7143/1832 7142/7140/1832
f 7146/7144/1834 7143/7145/1833 7144/7142/1833
f 7148/7146/1835 7145/7147/1836 7146/7144/1834
f 7150/7148/1837 7147/7149/1835 7148/7146/1835
f 7152/7150/1838 7149/7151/1837 7150/7148/1837
f 7154/7152/1839 7151/7153/1838 7152/7150/1838
f 7156/7154/1840 7153/7155/1841 7154/7152/1839
f 7158/7156/1842 7155/7157/1840 7156/7154/1840
f 7160/7158/1843 7157/7159/1844 7158/7156/1842
f 7162/7160/1845 7159/7161/1843 7160/7158/1843
f 7164/7162/1846 7161/7163/1845 7162/7160/1845
f 7166/7164/1847 7163/7165/1846 7164/7162/1846
f 7168/7166/1848 7165/7167/1847 7166/7164/1847
f 7170/7168/1849 7167/7169/1848 7168/7166/1848
f 7172/7170/1850 7169/7171/1851 7170/7168/1849
f 7174/7172/1852 7171/7173/1850 7172/7170/1850
f 7176/7174/299 7173/7175/1852 7174/7172/1852
f 7178/7176/1853 7175/7177/299 7176/7174/299
f 7180/7178/1854 7177/7179/1853 7178/7176/1853
f 6220/6221/1307 7179/7180/1854 7180/7178/1854
f 7184/7181/1855 7181/7182/1856 7182/7183/1856
f 7186/7184/1857 7183/7185/1855 7184/7181/1855
f 7188/7186/1858 7185/7187/1857 7186/7184/1857
f 7190/7188/1859 7187/7189/1858 7188/7186/1858
f 7192/7190/1860 7189/7191/1859 7190/7188/1859
f 7194/7192/1861 7191/7193/1860 7192/7190/1860
f 7196/7194/1862 7193/7195/1861 7194/7192/1861
f 7198/7196/1863 7195/7197/1864 7196/7194/1862
f 7200/7198/1865 7197/7199/1863 7198/7196/1863
f 7202/7200/1866 7199/7201/1865 7200/7198/1865
f 7204/7202/1867 7201/7203/1866 7202/7200/1866
f 7206/7204/1868 7203/7205/1867 7204/7202/1867
f 7208/7206/1869 7205/7207/1868 7206/7204/1868
f 7210/7208/1870 7207/7209/1871 7208/7206/1869
f 7212/7210/1872 7209/7211/1873 7210/7208/1870
f 7214/7212/1874 7211/7213/1875 7212/7210/1872
f 7216/7214/1876 7213/7215/1874 7214/7212/1874
f 7218/7216/1877 7215/7217/1878 7216/7214/1876
f 7220/7218/1879 7217/7219/1880 7218/7216/1877
f 7222/7220/1881 7219/7221/1882 7220/7218/1879
f 7224/7222/1883 7221/7223/1881 7222/7220/1881
f 7226/7224/1884 7223/7225/1885 7224/7222/1883
f 7228/7226/1886 7225/7227/1884 7226/7224/1884
f 7230/7228/1887 7227/7229/1888 7228/7226/1886
f 7232/7230/1536 7229/7231/1887 7230/7228/1887
f 7234/7232/1889 7231/7233/1536 7232/7230/1536
f 7236/7234/1890 7233/7235/1889 7234/7232/1889
f 7238/7236/1891 7235/7237/1890 7236/7234/1890
f 7240/7238/1892 7237/7239/1891 7238/7236/1891
f 7242/7240/1893 7239/7241/1894 7240/7238/1892
f 7244/7242/1895 7241/7243/1893 7242/7240/1893
f 7246/7244/1896 7243/7245/1895 7244/7242/1895
f 7248/7246/1897 7245/7247/1896 7246/7244/1896
f 7250/7248/1898 7247/7249/1897 7248/7246/1897
f 7252/7250/1899 7249/7251/1898 7250/7248/1898
f 7254/7252/1900 7251/7253/1899 7252/7250/1899
f 7256/7254/1901 7253/7255/1900 7254/7252/1900
f 7258/7256/1902 7255/7257/1903 7256/7254/1901
f 7260/7258/1904 7257/7259/1905 7258/7256/1902
f 7262/7260/1906 7259/7261/1904 7260/7258/1904
f 7264/7262/1907 7261/7263/1908 7262/7260/1906
f 7266/7264/1909 7263/7265/1910 7264/7262/1907
f 7268/7266/1911 7265/7267/1912 7266/7264/1909
f 7270/7268/1913 7267/7269/1914 7268/7266/1911
f 7272/7270/1915 7269/7271/1916 7270/7268/1913
f 7274/7272/1917 7271/7273/1918 7272/7270/1915
f 7276/7274/1919 7273/7275/1920 7274/7272/1917
f 7278/7276/1921 7275/7277/1919 7276/7274/1919
f 7280/7278/1922 7277/7279/1921 7278/7276/1921
f 7282/7280/1923 7279/7281/1924 7280/7278/1922
f 7284/7282/1925 7281/7283/1923 7282/7280/1923
f 7286/7284/1926 7283/7285/1927 7284/7282/1925
f 7288/7286/1928 7285/7287/1926 7286/7284/1926
f 7290/7288/1929 7287/7289/1928 7288/7286/1928
f 7292/7290/1930 7289/7291/1929 7290/7288/1929
f 7294/7292/1931 7291/7293/1930 7292/7290/1930
f 7296/7294/1932 7293/7295/1931 7294/7292/1931
f 7298/7296/1933 7295/7297/1932 7296/7294/1932
f 7300/7298/1934 7297/7299/1933 7298/7296/1933
f 7302/7300/1935 7299/7301/1936 7300/7298/1934
f 7304/7302/1937 7301/7303/1935 7302/7300/1935
f 7306/7304/1938 7303/7305/1937 7304/7302/1937
f 7308/7306/1939 7305/7307/1938 7306/7304/1938
f 7310/7308/1940 7307/7309/1939 7308/7306/1939
f 7312/7310/1941 7309/7311/1940 7310/7308/1940
f 7314/7312/1942 7311/7313/1941 7312/7310/1941
f 7316/7314/1943 7313/7315/1942 7314/7312/1942
f 7318/7316/1944 7315/7317/1943 7316/7314/1943
f 7320/7318/1945 7317/7319/1944 7318/7316/1944
f 7322/7320/1946 7319/7321/1945 7320/7318/1945
f 7324/7322/1947 7321/7323/1946 7322/7320/1946
f 7326/7324/1948 7323/7325/1947 7324/7322/1947
f 7328/7326/1949 7325/7327/1948 7326/7324/1948
f 7330/7328/1950 7327/7329/1949 7328/7326/1949
f 7332/7330/1951 7329/7331/1950 7330/7328/1950
f 7334/7332/1952 7331/7333/1951 7332/7330/1951
f 7336/7334/1953 7333/7335/1952 7334/7332/1952
f 7338/7336/1954 7335/7337/1953 7336/7334/1953
f 7340/7338/1955 7337/7339/1954 7338/7336/1954
f 7342/7340/1956 7339/7341/1955 7340/7338/1955
f 7344/7342/1957 7341/7343/1956 7342/7340/1956
f 7346/7344/1958 7343/7345/1957 7344/7342/1957
f 7348/7346/1959 7345/7347/1958 7346/7344/1958
f 7350/7348/1960 7347/7349/1959 7348/7346/1959
f 7352/7350/1961 7349/7351/1960 7350/7348/1960
f 7354/7352/1962 7351/7353/1961 7352/7350/1961
f 7356/7354/1963 7353/7355/1964 7354/7352/1962
f 7358/7356/1965 7355/7357/1963 7356/7354/1963
f 7360/7358/1966 7357/7359/1967 7358/7356/1965
f 7362/7360/1968 7359/7361/1966 7360/7358/1966
f 7364/7362/1969 7361/7363/1970 7362/7360/1968
f 7366/7364/1971 7363/7365/1969 7364/7362/1969
f 7368/7366/1972 7365/7367/1971 7366/7364/1971
f 7370/7368/1973 7367/7369/1974 7368/7366/1972
f 7372/7370/1975 7369/7371/1976 7370/7368/1973
f 7374/7372/1977 7371/7373/1975 7372/7370/1975
f 7376/7374/1978 7373/7375/1977 7374/7372/1977
f 7378/7376/1979 7375/7377/1980 7376/7374/1978
f 7380/7378/1981 7377/7379/1979 7378/7376/1979
f 7382/7380/1982 7379/7381/1981 7380/7378/1981
f 7384/7382/1983 7381/7383/1982 7382/7380/1982
f 7386/7384/1984 7383/7385/1983 7384/7382/1983
f 7388/7386/1985 7385/7387/1986 7386/7384/1984
f 7390/7388/1987 7387/7389/1985 7388/7386/1985
f 7392/7390/1988 7389/7391/1987 7390/7388/1987
f 7394/7392/1989 7391/7393/1988 7392/7390/1988
f 7396/7394/1990 7393/7395/1989 7394/7392/1989
f 7398/7396/1991 7395/7397/1990 7396/7394/1990
f 7400/7398/1992 7397/7399/1991 7398/7396/1991
f 7402/7400/1993 7399/7401/1994 7400/7398/1992
f 7404/7402/1995 7401/7403/1993 7402/7400/1993
f 7406/7404/1996 7403/7405/1995 7404/7402/1995
f 7408/7406/1997 7405/7407/1996 7406/7404/1996
f 7410/7408/1998 7407/7409/1997 7408/7406/1997
f 7412/7410/1999 7409/7411/1998 7410/7408/1998
f 7414/7412/2000 7411/7413/2001 7412/7410/1999
f 7416/7414/2002 7413/7415/2000 7414/7412/2000
f 7418/7416/2003 7415/7417/2002 7416/7414/2002
f 7420/7418/2004 7417/7419/2003 7418/7416/2003
f 7422/7420/2005 7419/7421/2004 7420/7418/2004
f 7424/7422/2006 7421/7423/2007 7422/7420/2005
f 7426/7424/2008 7423/7425/2009 7424/7422/2006
f 7428/7426/2010 7425/7427/2008 7426/7424/2008
f 7430/7428/2011 7427/7429/2012 7428/7426/2010
f 7432/7430/2013 7429/7431/2014 7430/7428/2011
f 7434/7432/2015 7431/7433/2013 7432/7430/2013
f 7436/7434/2016 7433/7435/2017 7434/7432/2015
f 7438/7436/2018 7435/7437/2016 7436/7434/2016
f 7440/7438/2019 7437/7439/2020 7438/7436/2018
f 7442/7440/2021 7439/7441/2019 7440/7438/2019
f 7444/7442/2022 7441/7443/2021 7442/7440/2021
f 7446/7444/2023 7443/7445/2022 7444/7442/2022
f 7448/7446/2024 7445/7447/2023 7446/7444/2023
f 7450/7448/2025 7447/7449/2026 7448/7446/2024
f 7452/7450/2027 7449/7451/2028 7450/7448/2025
f 7454/7452/2029 7451/7453/2030 7452/7450/2027
f 7456/7454/2031 7453/7455/2029 7454/7452/2029
f 7458/7456/2032 7455/7457/2033 7456/7454/2031
f 7460/7458/2034 7457/7459/2032 7458/7456/2032
f 7462/7460/2035 7459/7461/2034 7460/7458/2034
f 7464/7462/2036 7461/7463/2035 7462/7460/2035
f 7466/7464/2037 7463/7465/2036 7464/7462/2036
f 7468/7466/2038 7465/7467/2039 7466/7464/2037
f 7470/7468/794 7467/7469/2040 7468/7466/2038
f 7472/7470/2041 7469/7471/794 7470/7468/794
f 7474/7472/2042 7471/7473/2041 7472/7470/2041
f 7476/7474/2043 7473/7475/2042 7474/7472/2042
f 7478/7476/2044 7475/7477/2043 7476/7474/2043
f 7480/7478/2045 7477/7479/2044 7478/7476/2044
f 7482/7480/2046 7479/7481/2045 7480/7478/2045
f 7484/7482/2047 7481/7483/2046 7482/7480/2046
f 7486/7484/2048 7483/7485/2049 7484/7482/2047
f 7488/7486/2050 7485/7487/2048 7486/7484/2048
f 7490/7488/2051 7487/7489/2050 7488/7486/2050
f 7492/7490/2052 7489/7491/2051 7490/7488/2051
f 7494/7492/2053 7491/7493/2054 7492/7490/2052
f 7496/7494/2055 7493/7495/2056 7494/7492/2053
f 7498/7496/2057 7495/7497/2058 7496/7494/2055
f 7500/7498/2059 7497/7499/2057 7498/7496/2057
f 7502/7500/2060 7499/7501/2059 7500/7498/2059
f 7504/7502/2061 7501/7503/2060 7502/7500/2060
f 7506/7504/2062 7503/7505/2061 7504/7502/2061
f 7508/7506/2063 7505/7507/2062 7506/7504/2062
f 7510/7508/2064 7507/7509/2063 7508/7506/2063
f 7512/7510/2065 7509/7511/2064 7510/7508/2064
f 7514/7512/2066 7511/7513/2065 7512/7510/2065
f 7516/7514/2067 7513/7515/2066 7514/7512/2066
f 7518/7516/2068 7515/7517/2067 7516/7514/2067
f 7520/7518/2069 7517/7519/2068 7518/7516/2068
f 7522/7520/1856 7519/7521/2069 7520/7518/2069
f 7524/7522/2070 7521/7523/1856 7522/7520/1856
f 7526/7524/2071 7523/7525/2070 7524/7522/2070
f 7528/7526/2072 7525/7527/2071 7526/7524/2071
f 7530/7528/2073 7527/7529/2072 7528/7526/2072
f 7532/7530/2074 7529/7531/2073 7530/7528/2073
f 7534/7532/2075 7531/7533/2074 7532/7530/2074
f 7536/7534/2076 7533/7535/2075 7534/7532/2075
f 7538/7536/2077 7535/7537/2076 7536/7534/2076
f 7540/7538/2078 7537/7539/2077 7538/7536/2077
f 7542/7540/2079 7539/7541/2078 7540/7538/2078
f 7544/7542/2080 7541/7543/2079 7542/7540/2079
f 7182/7183/1856 7543/7544/2080 7544/7542/2080
f 3776/3773/13 3775/3777/13 3773/3774/14
f 3778/3776/15 3777/3779/15 3775/3777/13
f 3780/3778/16 3779/3781/16 3777/3779/15
f 3782/3780/17 3781/3783/17 3779/3781/16
f 3784/3782/18 3783/3785/18 3781/3783/17
f 3786/3784/19 3785/3787/19 3783/3785/18
f 3788/3786/20 3787/3789/20 3785/3787/19
f 3790/3788/21 3789/3791/21 3787/3789/20
f 3792/3790/22 3791/3793/22 3789/3791/21
f 3794/3792/23 3793/3795/23 3791/3793/22
f 3796/3794/24 3795/3797/24 3793/3795/23
f 3798/3796/25 3797/3799/25 3795/3797/24
f 3800/3798/26 3799/3801/26 3797/3799/25
f 3802/3800/27 3801/3803/29 3799/3801/26
f 3804/3802/28 3803/3805/28 3801/3803/29
f 3806/3804/30 3805/3807/30 3803/3805/28
f 3808/3806/31 3807/3809/31 3805/3807/30
f 3810/3808/32 3809/3811/34 3807/3809/31
f 3812/3810/33 3811/3813/33 3809/3811/34
f 3814/3812/35 3813/3815/35 3811/3813/33
f 3816/3814/36 3815/3817/36 3813/3815/35
f 3818/3816/37 3817/3819/39 3815/3817/36
f 3820/3818/38 3819/3821/41 3817/3819/39
f 3822/3820/40 3821/3823/40 3819/3821/41
f 3824/3822/42 3823/3825/42 3821/3823/40
f 3826/3824/43 3825/3827/43 3823/3825/42
f 3828/3826/44 3827/3829/44 3825/3827/43
f 3830/3828/45 3829/3831/45 3827/3829/44
f 3832/3830/46 3831/3833/48 3829/3831/45
f 3834/3832/47 3833/3835/47 3831/3833/48
f 3836/3834/49 3835/3837/49 3833/3835/47
f 3838/3836/50 3837/3839/50 3835/3837/49
f 3840/3838/51 3839/3841/53 3837/3839/50
f 3842/3840/52 3841/3843/52 3839/3841/53
f 3844/3842/54 3843/3845/56 3841/3843/52
f 3846/3844/55 3845/3847/58 3843/3845/56
f 3848/3846/57 3847/3849/60 3845/3847/58
f 3850/3848/59 3849/3851/62 3847/3849/60
f 3852/3850/61 3851/3853/61 3849/3851/62
f 3854/3852/63 3853/3855/63 3851/3853/61
f 3856/3854/64 3855/3857/66 3853/3855/63
f 3858/3856/65 3857/3859/68 3855/3857/66
f 3860/3858/67 3859/3861/70 3857/3859/68
f 3862/3860/69 3861/3863/69 3859/3861/70
f 3864/3862/71 3863/3865/71 3861/3863/69
f 3866/3864/72 3865/3867/72 3863/3865/71
f 3868/3866/73 3867/3869/73 3865/3867/72
f 3870/3868/74 3869/3871/74 3867/3869/73
f 3872/3870/75 3871/3873/77 3869/3871/74
f 3874/3872/76 3873/3875/76 3871/3873/77
f 3876/3874/78 3875/3877/78 3873/3875/76
f 3878/3876/79 3877/3879/79 3875/3877/78
f 3880/3878/15 3879/3881/15 3877/3879/79
f 3882/3880/16 3881/3883/16 3879/3881/15
f 3884/3882/80 3883/3885/82 3881/3883/16
f 3886/3884/81 3885/3887/81 3883/3885/82
f 3888/3886/83 3887/3889/83 3885/3887/81
f 3890/3888/84 3889/3891/84 3887/3889/83
f 3892/3890/85 3891/3893/87 3889/3891/84
f 3894/3892/86 3893/3895/86 3891/3893/87
f 3896/3894/88 3895/3897/88 3893/3895/86
f 3898/3896/89 3897/3899/89 3895/3897/88
f 3900/3898/90 3899/3901/90 3897/3899/89
f 3902/3900/91 3901/3903/91 3899/3901/90
f 3904/3902/92 3903/3905/92 3901/3903/91
f 3906/3904/93 3905/3907/93 3903/3905/92
f 3908/3906/94 3907/3909/94 3905/3907/93
f 3910/3908/95 3909/3911/95 3907/3909/94
f 3912/3910/96 3911/3913/96 3909/3911/95
f 3914/3912/97 3913/3915/97 3911/3913/96
f 3916/3914/98 3915/3917/98 3913/3915/97
f 3918/3916/99 3917/3919/101 3915/3917/98
f 3920/3918/100 3919/3921/100 3917/3919/101
f 3922/3920/102 3921/3923/102 3919/3921/100
f 3924/3922/103 3923/3925/105 3921/3923/102
f 3926/3924/104 3925/3927/104 3923/3925/105
f 3928/3926/106 3927/3929/108 3925/3927/104
f 3930/3928/107 3929/3931/107 3927/3929/108
f 3932/3930/109 3931/3933/109 3929/3931/107
f 3934/3932/110 3933/3935/110 3931/3933/109
f 3936/3934/111 3935/3937/111 3933/3935/110
f 3938/3936/112 3937/3939/112 3935/3937/111
f 3940/3938/113 3939/3941/113 3937/3939/112
f 3942/3940/114 3941/3943/114 3939/3941/113
f 3944/3942/115 3943/3945/115 3941/3943/114
f 3946/3944/116 3945/3947/118 3943/3945/115
f 3948/3946/117 3947/3949/117 3945/3947/118
f 3950/3948/119 3949/3951/121 3947/3949/117
f 3952/3950/120 3951/3953/123 3949/3951/121
f 3954/3952/122 3953/3955/122 3951/3953/123
f 3956/3954/124 3955/3957/124 3953/3955/122
f 3958/3956/125 3957/3959/127 3955/3957/124
f 3960/3958/126 3959/3961/129 3957/3959/127
f 3962/3960/128 3961/3963/128 3959/3961/129
f 3964/3962/130 3963/3965/130 3961/3963/128
f 3966/3964/131 3965/3967/131 3963/3965/130
f 3968/3966/132 3967/3969/132 3965/3967/131
f 3970/3968/133 3969/3971/135 3967/3969/132
f 3972/3970/134 3971/3973/134 3969/3971/135
f 3974/3972/136 3973/3975/136 3971/3973/134
f 3976/3974/137 3975/3977/137 3973/3975/136
f 3978/3976/138 3977/3979/138 3975/3977/137
f 3980/3978/139 3979/3981/139 3977/3979/138
f 3982/3980/140 3981/3983/140 3979/3981/139
f 3984/3982/141 3983/3985/141 3981/3983/140
f 3986/3984/142 3985/3987/144 3983/3985/141
f 3988/3986/143 3987/3989/143 3985/3987/144
f 3990/3988/145 3989/3991/145 3987/3989/143
f 3992/3990/146 3991/3993/146 3989/3991/145
f 3994/3992/147 3993/3995/147 3991/3993/146
f 3996/3994/148 3995/3997/148 3993/3995/147
f 3998/3996/149 3997/3999/149 3995/3997/148
f 4000/3998/150 3999/4001/150 3997/3999/149
f 4002/4000/151 4001/4003/151 3999/4001/150
f 4004/4002/152 4003/4005/152 4001/4003/151
f 4006/4004/153 4005/4007/153 4003/4005/152
f 4008/4006/154 4007/4009/154 4005/4007/153
f 4010/4008/155 4009/4011/155 4007/4009/154
f 4012/4010/156 4011/4013/156 4009/4011/155
f 4014/4012/157 4013/4015/157 4011/4013/156
f 4016/4014/158 4015/4017/158 4013/4015/157
f 4018/4016/159 4017/4019/159 4015/4017/158
f 4020/4018/160 4019/4021/160 4017/4019/159
f 4022/4020/161 4021/4023/161 4019/4021/160
f 4024/4022/162 4023/4025/162 4021/4023/161
f 4026/4024/163 4025/4027/163 4023/4025/162
f 4028/4026/164 4027/4029/164 4025/4027/163
f 4030/4028/165 4029/4031/165 4027/4029/164
f 4032/4030/166 4031/4033/166 4029/4031/165
f 4034/4032/167 4033/4035/167 4031/4033/166
f 4036/4034/13 4035/4037/13 4033/4035/167
f 4038/4036/168 4037/4039/168 4035/4037/13
f 4040/4038/169 4039/4041/169 4037/4039/168
f 4042/4040/143 4041/4043/143 4039/4041/169
f 4044/4042/170 4043/4045/170 4041/4043/143
f 4046/4044/171 4045/4047/171 4043/4045/170
f 4048/4046/172 4047/4049/172 4045/4047/171
f 4050/4048/173 4049/4051/173 4047/4049/172
f 4052/4050/174 4051/4053/174 4049/4051/173
f 4054/4052/175 4053/4055/175 4051/4053/174
f 4056/4054/176 4055/4057/176 4053/4055/175
f 4058/4056/177 4057/4059/177 4055/4057/176
f 4060/4058/178 4059/4061/178 4057/4059/177
f 4062/4060/179 4061/4063/179 4059/4061/178
f 4064/4062/180 4063/4065/180 4061/4063/179
f 4066/4064/181 4065/4067/181 4063/4065/180
f 4068/4066/182 4067/4069/182 4065/4067/181
f 4070/4068/183 4069/4071/183 4067/4069/182
f 4072/4070/184 4071/4073/184 4069/4071/183
f 4074/4072/185 4073/4075/185 4071/4073/184
f 4076/4074/186 4075/4077/186 4073/4075/185
f 4078/4076/187 4077/4079/187 4075/4077/186
f 4080/4078/188 4079/4081/188 4077/4079/187
f 4082/4080/189 4081/4083/189 4079/4081/188
f 4084/4082/190 4083/4085/190 4081/4083/189
f 4086/4084/191 4085/4087/191 4083/4085/190
f 4088/4086/192 4087/4089/192 4085/4087/191
f 4090/4088/167 4089/4091/167 4087/4089/192
f 4092/4090/13 4091/4093/13 4089/4091/167
f 4094/4092/15 4093/4095/15 4091/4093/13
f 4096/4094/193 4095/4097/193 4093/4095/15
f 4098/4096/194 4097/4099/194 4095/4097/193
f 4100/4098/195 4099/4101/195 4097/4099/194
f 4102/4100/196 4101/4103/198 4099/4101/195
f 4104/4102/197 4103/4105/197 4101/4103/198
f 4106/4104/199 4105/4107/199 4103/4105/197
f 4108/4106/200 4107/4109/200 4105/4107/199
f 4110/4108/201 4109/4111/201 4107/4109/200
f 4112/4110/202 4111/4113/202 4109/4111/201
f 4114/4112/203 4113/4115/203 4111/4113/202
f 4116/4114/204 4115/4117/204 4113/4115/203
f 4118/4116/205 4117/4119/205 4115/4117/204
f 4120/4118/206 4119/4121/206 4117/4119/205
f 4122/4120/207 4121/4123/207 4119/4121/206
f 4124/4122/208 4123/4125/208 4121/4123/207
f 4126/4124/209 4125/4127/209 4123/4125/208
f 4128/4126/210 4127/4129/212 4125/4127/209
f 4130/4128/211 4129/4131/211 4127/4129/212
f 4132/4130/213 4131/4133/213 4129/4131/211
f 4134/4132/214 4133/4135/216 4131/4133/213
f 4136/4134/215 4135/4137/215 4133/4135/216
f 4138/4136/217 4137/4139/217 4135/4137/215
f 4140/4138/218 4139/4141/220 4137/4139/217
f 4142/4140/219 4141/4143/222 4139/4141/220
f 4144/4142/221 4143/4145/221 4141/4143/222
f 4146/4144/223 4145/4147/225 4143/4145/221
f 4148/4146/224 4147/4149/224 4145/4147/225
f 4150/4148/226 4149/4151/226 4147/4149/224
f 4152/4150/227 4151/4153/227 4149/4151/226
f 4154/4152/228 4153/4155/228 4151/4153/227
f 4156/4154/229 4155/4157/231 4153/4155/228
f 4158/4156/230 4157/4159/230 4155/4157/231
f 4160/4158/232 4159/4161/232 4157/4159/230
f 4162/4160/233 4161/4163/233 4159/4161/232
f 4164/4162/234 4163/4165/234 4161/4163/233
f 4166/4164/235 4165/4167/235 4163/4165/234
f 4168/4166/236 4167/4169/236 4165/4167/235
f 4170/4168/237 4169/4171/237 4167/4169/236
f 4172/4170/238 4171/4173/238 4169/4171/237
f 4174/4172/239 4173/4175/239 4171/4173/238
f 4176/4174/240 4175/4177/240 4173/4175/239
f 4178/4176/241 4177/4179/243 4175/4177/240
f 4180/4178/242 4179/4181/242 4177/4179/243
f 4182/4180/244 4181/4183/244 4179/4181/242
f 4184/4182/245 4183/4185/245 4181/4183/244
f 4186/4184/246 4185/4187/246 4183/4185/245
f 4188/4186/247 4187/4189/247 4185/4187/246
f 4190/4188/248 4189/4191/248 4187/4189/247
f 4192/4190/249 4191/4193/251 4189/4191/248
f 4194/4192/250 4193/4195/250 4191/4193/251
f 4196/4194/167 4195/4197/167 4193/4195/250
f 4198/4196/13 4197/4199/13 4195/4197/167
f 4200/4198/252 4199/4201/252 4197/4199/13
f 4202/4200/253 4201/4203/255 4199/4201/252
f 4204/4202/254 4203/4205/254 4201/4203/255
f 4206/4204/256 4205/4207/256 4203/4205/254
f 4208/4206/257 4207/4209/257 4205/4207/256
f 4210/4208/258 4209/4211/260 4207/4209/257
f 4212/4210/259 4211/4213/259 4209/4211/260
f 4214/4212/152 4213/4215/152 4211/4213/259
f 4216/4214/261 4215/4217/261 4213/4215/152
f 4218/4216/262 4217/4219/262 4215/4217/261
f 4220/4218/263 4219/4221/263 4217/4219/262
f 4222/4220/264 4221/4223/264 4219/4221/263
f 4224/4222/265 4223/4225/265 4221/4223/264
f 4226/4224/180 4225/4227/180 4223/4225/265
f 4228/4226/181 4227/4229/181 4225/4227/180
f 4230/4228/182 4229/4231/182 4227/4229/181
f 4232/4230/183 4231/4233/183 4229/4231/182
f 4234/4232/184 4233/4235/184 4231/4233/183
f 4236/4234/185 4235/4237/185 4233/4235/184
f 4238/4236/186 4237/4239/186 4235/4237/185
f 4240/4238/187 4239/4241/187 4237/4239/186
f 4242/4240/188 4241/4243/188 4239/4241/187
f 4244/4242/189 4243/4245/189 4241/4243/188
f 4246/4244/190 4245/4247/190 4243/4245/189
f 4248/4246/191 4247/4249/191 4245/4247/190
f 4250/4248/192 4249/4251/192 4247/4249/191
f 4252/4250/167 4251/4253/167 4249/4251/192
f 4254/4252/266 4253/4255/268 4251/4253/167
f 4256/4254/267 4255/4257/267 4253/4255/268
f 4258/4256/269 4257/4259/269 4255/4257/267
f 4260/4258/270 4259/4261/270 4257/4259/269
f 4262/4260/271 4261/4263/271 4259/4261/270
f 4264/4262/272 4263/4265/272 4261/4263/271
f 4266/4264/273 4265/4267/273 4263/4265/272
f 4268/4266/274 4267/4269/274 4265/4267/273
f 4270/4268/169 4269/4271/169 4267/4269/274
f 4272/4270/275 4271/4273/275 4269/4271/169
f 4274/4272/276 4273/4275/276 4271/4273/275
f 4276/4274/277 4275/4277/277 4273/4275/276
f 4278/4276/278 4277/4279/278 4275/4277/277
f 4280/4278/279 4279/4281/279 4277/4279/278
f 4282/4280/280 4281/4283/280 4279/4281/279
f 4284/4282/281 4283/4285/281 4281/4283/280
f 4286/4284/282 4285/4287/282 4283/4285/281
f 4288/4286/283 4287/4289/283 4285/4287/282
f 4290/4288/284 4289/4291/284 4287/4289/283
f 4292/4290/285 4291/4293/285 4289/4291/284
f 4294/4292/286 4293/4295/286 4291/4293/285
f 4296/4294/287 4295/4297/287 4293/4295/286
f 4298/4296/288 4297/4299/288 4295/4297/287
f 4300/4298/289 4299/4301/289 4297/4299/288
f 4302/4300/290 4301/4303/290 4299/4301/289
f 4304/4302/291 4303/4305/291 4301/4303/290
f 4306/4304/292 4305/4307/294 4303/4305/291
f 4308/4306/293 4307/4309/293 4305/4307/294
f 4310/4308/295 4309/4311/297 4307/4309/293
f 4312/4310/296 4311/4313/299 4309/4311/297
f 4314/4312/298 4313/4315/301 4311/4313/299
f 4316/4314/300 4315/4317/303 4313/4315/301
f 4318/4316/302 4317/4319/305 4315/4317/303
f 4320/4318/304 4319/4321/307 4317/4319/305
f 4322/4320/306 4321/4323/309 4319/4321/307
f 4324/4322/308 4323/4325/311 4321/4323/309
f 4326/4324/310 4325/4327/310 4323/4325/311
f 4328/4326/312 4327/4329/314 4325/4327/310
f 4330/4328/313 4329/4331/316 4327/4329/314
f 4332/4330/315 4331/4333/318 4329/4331/316
f 4334/4332/317 4333/4335/320 4331/4333/318
f 4336/4334/319 4335/4337/322 4333/4335/320
f 4338/4336/321 4337/4339/324 4335/4337/322
f 4340/4338/323 4339/4341/326 4337/4339/324
f 4342/4340/325 4341/4343/328 4339/4341/326
f 4344/4342/327 4343/4345/330 4341/4343/328
f 4346/4344/329 4345/4347/329 4343/4345/330
f 4348/4346/331 4347/4349/331 4345/4347/329
f 4350/4348/332 4349/4351/334 4347/4349/331
f 4352/4350/333 4351/4353/333 4349/4351/334
f 4354/4352/335 4353/4355/335 4351/4353/333
f 4356/4354/336 4355/4357/336 4353/4355/335
f 4358/4356/337 4357/4359/337 4355/4357/336
f 4360/4358/338 4359/4361/338 4357/4359/337
f 4362/4360/339 4361/4363/339 4359/4361/338
f 4364/4362/340 4363/4365/340 4361/4363/339
f 4366/4364/341 4365/4367/341 4363/4365/340
f 4368/4366/342 4367/4369/342 4365/4367/341
f 4370/4368/343 4369/4371/343 4367/4369/342
f 4372/4370/344 4371/4373/344 4369/4371/343
f 4374/4372/345 4373/4375/345 4371/4373/344
f 4376/4374/346 4375/4377/346 4373/4375/345
f 4378/4376/347 4377/4379/347 4375/4377/346
f 4380/4378/348 4379/4381/348 4377/4379/347
f 4382/4380/349 4381/4383/349 4379/4381/348
f 4384/4382/350 4383/4385/350 4381/4383/349
f 4386/4384/351 4385/4387/351 4383/4385/350
f 4388/4386/352 4387/4389/352 4385/4387/351
f 4390/4388/353 4389/4391/353 4387/4389/352
f 4392/4390/354 4391/4393/354 4389/4391/353
f 4394/4392/355 4393/4395/355 4391/4393/354
f 4396/4394/356 4395/4397/356 4393/4395/355
f 4398/4396/357 4397/4399/357 4395/4397/356
f 4400/4398/358 4399/4401/358 4397/4399/357
f 4402/4400/359 4401/4403/359 4399/4401/358
f 4404/4402/360 4403/4405/360 4401/4403/359
f 4406/4404/361 4405/4407/361 4403/4405/360
f 4408/4406/362 4407/4409/362 4405/4407/361
f 4410/4408/363 4409/4411/363 4407/4409/362
f 4412/4410/364 4411/4413/366 4409/4411/363
f 4414/4412/365 4413/4415/365 4411/4413/366
f 4416/4414/367 4415/4417/367 4413/4415/365
f 4418/4416/368 4417/4419/368 4415/4417/367
f 4420/4418/369 4419/4421/369 4417/4419/368
f 4422/4420/370 4421/4423/370 4419/4421/369
f 4424/4422/371 4423/4425/371 4421/4423/370
f 4426/4424/372 4425/4427/374 4423/4425/371
f 4428/4426/373 4427/4429/376 4425/4427/374
f 4430/4428/375 4429/4431/378 4427/4429/376
f 4432/4430/377 4431/4433/377 4429/4431/378
f 4434/4432/379 4433/4435/379 4431/4433/377
f 4436/4434/380 4435/4437/380 4433/4435/379
f 4438/4436/381 4437/4439/383 4435/4437/380
f 4440/4438/382 4439/4441/385 4437/4439/383
f 4442/4440/384 4441/4443/387 4439/4441/385
f 4444/4442/386 4443/4445/386 4441/4443/387
f 4446/4444/388 4445/4447/390 4443/4445/386
f 4448/4446/389 4447/4449/389 4445/4447/390
f 4450/4448/391 4449/4451/393 4447/4449/389
f 4452/4450/392 4451/4453/392 4449/4451/393
f 4454/4452/394 4453/4455/396 4451/4453/392
f 4456/4454/395 4455/4457/398 4453/4455/396
f 4458/4456/397 4457/4459/400 4455/4457/398
f 4460/4458/399 4459/4461/402 4457/4459/400
f 4462/4460/401 4461/4463/401 4459/4461/402
f 4464/4462/403 4463/4465/403 4461/4463/401
f 4466/4464/404 4465/4467/404 4463/4465/403
f 4468/4466/405 4467/4469/405 4465/4467/404
f 4470/4468/406 4469/4471/406 4467/4469/405
f 4472/4470/407 4471/4473/407 4469/4471/406
f 4474/4472/408 4473/4475/408 4471/4473/407
f 4476/4474/409 4475/4477/409 4473/4475/408
f 4478/4476/410 4477/4479/410 4475/4477/409
f 4480/4478/411 4479/4481/411 4477/4479/410
f 4482/4480/412 4481/4483/412 4479/4481/411
f 4484/4482/413 4483/4485/413 4481/4483/412
f 4486/4484/414 4485/4487/414 4483/4485/413
f 4488/4486/415 4487/4489/415 4485/4487/414
f 4490/4488/416 4489/4491/416 4487/4489/415
f 4492/4490/417 4491/4493/417 4489/4491/416
f 4494/4492/418 4493/4495/418 4491/4493/417
f 4496/4494/419 4495/4497/419 4493/4495/418
f 4498/4496/420 4497/4499/420 4495/4497/419
f 4500/4498/421 4499/4501/421 4497/4499/420
f 4502/4500/422 4501/4503/422 4499/4501/421
f 4504/4502/423 4503/4505/423 4501/4503/422
f 4506/4504/424 4505/4507/424 4503/4505/423
f 4508/4506/425 4507/4509/425 4505/4507/424
f 4510/4508/426 4509/4511/426 4507/4509/425
f 4512/4510/427 4511/4513/427 4509/4511/426
f 4514/4512/428 4513/4515/428 4511/4513/427
f 4516/4514/429 4515/4517/429 4513/4515/428
f 4518/4516/430 4517/4519/430 4515/4517/429
f 4520/4518/16 4519/4521/16 4517/4519/430
f 4522/4520/431 4521/4523/431 4519/4521/16
f 4524/4522/432 4523/4525/432 4521/4523/431
f 4526/4524/433 4525/4527/433 4523/4525/432
f 4528/4526/434 4527/4529/434 4525/4527/433
f 4530/4528/435 4529/4531/435 4527/4529/434
f 4532/4530/436 4531/4533/436 4529/4531/435
f 4534/4532/437 4533/4535/437 4531/4533/436
f 4536/4534/438 4535/4537/438 4533/4535/437
f 4538/4536/439 4537/4539/439 4535/4537/438
f 4540/4538/440 4539/4541/440 4537/4539/439
f 4542/4540/441 4541/4543/441 4539/4541/440
f 4544/4542/442 4543/4545/442 4541/4543/441
f 4546/4544/443 4545/4547/443 4543/4545/442
f 4548/4546/444 4547/4549/444 4545/4547/443
f 4550/4548/445 4549/4551/445 4547/4549/444
f 4552/4550/446 4551/4553/446 4549/4551/445
f 4554/4552/447 4553/4555/447 4551/4553/446
f 4556/4554/448 4555/4557/448 4553/4555/447
f 4558/4556/449 4557/4559/449 4555/4557/448
f 4560/4558/450 4559/4561/450 4557/4559/449
f 4562/4560/451 4561/4563/451 4559/4561/450
f 4564/4562/452 4563/4565/452 4561/4563/451
f 4566/4564/363 4565/4567/454 4563/4565/452
f 4568/4566/453 4567/4569/456 4565/4567/454
f 4570/4568/455 4569/4571/455 4567/4569/456
f 4572/4570/457 4571/4573/457 4569/4571/455
f 4574/4572/458 4573/4575/458 4571/4573/457
f 4576/4574/459 4575/4577/459 4573/4575/458
f 4578/4576/460 4577/4579/460 4575/4577/459
f 4580/4578/461 4579/4581/461 4577/4579/460
f 4582/4580/462 4581/4583/462 4579/4581/461
f 4584/4582/463 4583/4585/463 4581/4583/462
f 4586/4584/464 4585/4587/466 4583/4585/463
f 4588/4586/465 4587/4589/465 4585/4587/466
f 4590/4588/467 4589/4591/467 4587/4589/465
f 4592/4590/468 4591/4593/469 4589/4591/467
f 4594/4592/63 4593/4595/63 4591/4593/469
f 4596/4594/127 4595/4597/125 4593/4595/63
f 4598/4596/129 4597/4599/126 4595/4597/125
f 4600/4598/128 4599/4601/128 4597/4599/126
f 4602/4600/470 4601/4603/130 4599/4601/128
f 4604/4602/471 4603/4605/472 4601/4603/130
f 4606/4604/132 4605/4607/473 4603/4605/472
f 4608/4606/135 4607/4609/133 4605/4607/473
f 4610/4608/134 4609/4611/134 4607/4609/133
f 4612/4610/136 4611/4613/136 4609/4611/134
f 4614/4612/137 4613/4615/137 4611/4613/136
f 4616/4614/138 4615/4617/138 4613/4615/137
f 4618/4616/139 4617/4619/139 4615/4617/138
f 4620/4618/15 4619/4621/15 4617/4619/139
f 4622/4620/16 4621/4623/16 4619/4621/15
f 4624/4622/474 4623/4625/474 4621/4623/16
f 4626/4624/475 4625/4627/475 4623/4625/474
f 4628/4626/476 4627/4629/476 4625/4627/475
f 4630/4628/477 4629/4631/479 4627/4629/476
f 4632/4630/478 4631/4633/478 4629/4631/479
f 4634/4632/480 4633/4635/480 4631/4633/478
f 4636/4634/481 4635/4637/483 4633/4635/480
f 4638/4636/482 4637/4639/482 4635/4637/483
f 4640/4638/484 4639/4641/484 4637/4639/482
f 4642/4640/485 4641/4643/485 4639/4641/484
f 4644/4642/486 4643/4645/488 4641/4643/485
f 4646/4644/487 4645/4647/487 4643/4645/488
f 4648/4646/489 4647/4649/489 4645/4647/487
f 4650/4648/490 4649/4651/492 4647/4649/489
f 4652/4650/491 4651/4653/491 4649/4651/492
f 4654/4652/493 4653/4655/493 4651/4653/491
f 4656/4654/494 4655/4657/494 4653/4655/493
f 4658/4656/495 4657/4659/497 4655/4657/494
f 4660/4658/496 4659/4661/496 4657/4659/497
f 4662/4660/498 4661/4663/498 4659/4661/496
f 4664/4662/499 4663/4665/499 4661/4663/498
f 4666/4664/500 4665/4667/500 4663/4665/499
f 4668/4666/501 4667/4669/501 4665/4667/500
f 4670/4668/502 4669/4671/502 4667/4669/501
f 4672/4670/503 4671/4673/503 4669/4671/502
f 4674/4672/504 4673/4675/504 4671/4673/503
f 4676/4674/505 4675/4677/507 4673/4675/504
f 4678/4676/506 4677/4679/509 4675/4677/507
f 4680/4678/508 4679/4681/511 4677/4679/509
f 4682/4680/510 4681/4683/513 4679/4681/511
f 4684/4682/512 4683/4685/515 4681/4683/513
f 4686/4684/514 4685/4687/514 4683/4685/515
f 4688/4686/516 4687/4689/516 4685/4687/514
f 4690/4688/517 4689/4691/517 4687/4689/516
f 4692/4690/518 4691/4693/518 4689/4691/517
f 4694/4692/519 4693/4695/519 4691/4693/518
f 4696/4694/520 4695/4697/520 4693/4695/519
f 4698/4696/521 4697/4699/521 4695/4697/520
f 4700/4698/522 4699/4701/522 4697/4699/521
f 4702/4700/523 4701/4703/523 4699/4701/522
f 4704/4702/524 4703/4705/524 4701/4703/523
f 4706/4704/525 4705/4707/525 4703/4705/524
f 4708/4706/526 4707/4709/528 4705/4707/525
f 4710/4708/527 4709/4711/527 4707/4709/528
f 4712/4710/529 4711/4713/529 4709/4711/527
f 4714/4712/530 4713/4715/532 4711/4713/529
f 4716/4714/531 4715/4717/531 4713/4715/532
f 4718/4716/533 4717/4719/533 4715/4717/531
f 4720/4718/534 4719/4721/534 4717/4719/533
f 4722/4720/535 4721/4723/535 4719/4721/534
f 4724/4722/536 4723/4725/536 4721/4723/535
f 4726/4724/537 4725/4727/539 4723/4725/536
f 4728/4726/538 4727/4729/538 4725/4727/539
f 4730/4728/540 4729/4731/540 4727/4729/538
f 4732/4730/541 4731/4733/543 4729/4731/540
f 4734/4732/542 4733/4735/542 4731/4733/543
f 4736/4734/544 4735/4737/544 4733/4735/542
f 4738/4736/545 4737/4739/545 4735/4737/544
f 4740/4738/546 4739/4741/546 4737/4739/545
f 4742/4740/547 4741/4743/547 4739/4741/546
f 4744/4742/548 4743/4745/548 4741/4743/547
f 4746/4744/549 4745/4747/549 4743/4745/548
f 4748/4746/550 4747/4749/550 4745/4747/549
f 4750/4748/551 4749/4751/551 4747/4749/550
f 4752/4750/552 4751/4753/552 4749/4751/551
f 4754/4752/553 4753/4755/553 4751/4753/552
f 4756/4754/554 4755/4757/554 4753/4755/553
f 4758/4756/555 4757/4759/555 4755/4757/554
f 4760/4758/556 4759/4761/556 4757/4759/555
f 4762/4760/557 4761/4763/557 4759/4761/556
f 4764/4762/558 4763/4765/558 4761/4763/557
f 4766/4764/559 4765/4767/561 4763/4765/558
f 4768/4766/560 4767/4769/563 4765/4767/561
f 4770/4768/562 4769/4770/562 4767/4769/563
f 3774/3775/14 3773/3774/14 4769/4770/562
f 4774/4771/167 4773/4775/167 4771/4772/16
f 4776/4774/13 4775/4777/13 4773/4775/167
f 4778/4776/15 4777/4778/15 4775/4777/13
f 4772/4773/16 4771/4772/16 4777/4778/15
f 4782/4779/167 4781/4783/167 4779/4780/16
f 4784/4782/13 4783/4785/13 4781/4783/167
f 4786/4784/15 4785/4786/15 4783/4785/13
f 4780/4781/16 4779/4780/16 4785/4786/15
f 4790/4787/13 4789/4791/13 4787/4788/167
f 4792/4790/15 4791/4793/15 4789/4791/13
f 4794/4792/16 4793/4794/16 4791/4793/15
f 4788/4789/167 4787/4788/167 4793/4794/16
f 4798/4795/15 4797/4799/15 4795/4796/13
f 4800/4798/16 4799/4801/16 4797/4799/15
f 4802/4800/167 4801/4802/167 4799/4801/16
f 4796/4797/13 4795/4796/13 4801/4802/167
f 4806/4803/564 4805/4807/564 4803/4804/565
f 4808/4806/567 4807/4809/567 4805/4807/564
f 4810/4808/568 4809/4811/568 4807/4809/567
f 4812/4810/569 4811/4813/569 4809/4811/568
f 4814/4812/570 4813/4815/570 4811/4813/569
f 4816/4814/571 4815/4817/571 4813/4815/570
f 4818/4816/572 4817/4819/572 4815/4817/571
f 4820/4818/573 4819/4821/573 4817/4819/572
f 4822/4820/574 4821/4823/574 4819/4821/573
f 4824/4822/575 4823/4825/575 4821/4823/574
f 4826/4824/576 4825/4827/576 4823/4825/575
f 4828/4826/577 4827/4829/577 4825/4827/576
f 4830/4828/578 4829/4831/578 4827/4829/577
f 4832/4830/579 4831/4833/579 4829/4831/578
f 4834/4832/580 4833/4835/580 4831/4833/579
f 4836/4834/581 4835/4837/581 4833/4835/580
f 4838/4836/582 4837/4839/582 4835/4837/581
f 4840/4838/583 4839/4841/583 4837/4839/582
f 4842/4840/584 4841/4843/584 4839/4841/583
f 4844/4842/585 4843/4845/585 4841/4843/584
f 4846/4844/586 4845/4847/586 4843/4845/585
f 4848/4846/587 4847/4849/587 4845/4847/586
f 4850/4848/588 4849/4851/588 4847/4849/587
f 4852/4850/589 4851/4853/589 4849/4851/588
f 4854/4852/590 4853/4855/590 4851/4853/589
f 4856/4854/591 4855/4857/591 4853/4855/590
f 4858/4856/592 4857/4859/592 4855/4857/591
f 4860/4858/593 4859/4861/593 4857/4859/592
f 4862/4860/594 4861/4863/594 4859/4861/593
f 4864/4862/595 4863/4865/595 4861/4863/594
f 4866/4864/596 4865/4867/596 4863/4865/595
f 4868/4866/597 4867/4869/597 4865/4867/596
f 4870/4868/598 4869/4871/598 4867/4869/597
f 4872/4870/599 4871/4873/599 4869/4871/598
f 4874/4872/600 4873/4875/600 4871/4873/599
f 4876/4874/601 4875/4877/601 4873/4875/600
f 4878/4876/602 4877/4879/604 4875/4877/601
f 4880/4878/603 4879/4881/606 4877/4879/604
f 4882/4880/605 4881/4883/608 4879/4881/606
f 4884/4882/607 4883/4885/607 4881/4883/608
f 4886/4884/609 4885/4887/611 4883/4885/607
f 4888/4886/610 4887/4889/613 4885/4887/611
f 4890/4888/612 4889/4891/615 4887/4889/613
f 4892/4890/614 4891/4893/617 4889/4891/615
f 4894/4892/616 4893/4895/619 4891/4893/617
f 4896/4894/618 4895/4897/621 4893/4895/619
f 4898/4896/620 4897/4899/623 4895/4897/621
f 4900/4898/622 4899/4901/625 4897/4899/623
f 4902/4900/624 4901/4903/624 4899/4901/625
f 4904/4902/626 4903/4905/626 4901/4903/624
f 4906/4904/627 4905/4907/627 4903/4905/626
f 4908/4906/628 4907/4909/630 4905/4907/627
f 4910/4908/629 4909/4911/632 4907/4909/630
f 4912/4910/631 4911/4913/631 4909/4911/632
f 4914/4912/633 4913/4915/635 4911/4913/631
f 4916/4914/634 4915/4917/637 4913/4915/635
f 4918/4916/636 4917/4919/639 4915/4917/637
f 4920/4918/638 4919/4921/641 4917/4919/639
f 4922/4920/640 4921/4923/640 4919/4921/641
f 4924/4922/642 4923/4925/644 4921/4923/640
f 4926/4924/643 4925/4927/646 4923/4925/644
f 4928/4926/645 4927/4929/648 4925/4927/646
f 4930/4928/647 4929/4931/650 4927/4929/648
f 4932/4930/649 4931/4933/652 4929/4931/650
f 4934/4932/651 4933/4935/654 4931/4933/652
f 4936/4934/653 4935/4937/656 4933/4935/654
f 4938/4936/655 4937/4939/658 4935/4937/656
f 4940/4938/657 4939/4941/657 4937/4939/658
f 4942/4940/659 4941/4943/661 4939/4941/657
f 4944/4942/660 4943/4945/663 4941/4943/661
f 4946/4944/662 4945/4947/665 4943/4945/663
f 4948/4946/664 4947/4949/664 4945/4947/665
f 4950/4948/666 4949/4951/667 4947/4949/664
f 4952/4950/330 4951/4953/330 4949/4951/667
f 4954/4952/668 4953/4955/668 4951/4953/330
f 4956/4954/669 4955/4957/669 4953/4955/668
f 4958/4956/670 4957/4959/670 4955/4957/669
f 4960/4958/671 4959/4961/671 4957/4959/670
f 4962/4960/672 4961/4963/672 4959/4961/671
f 4964/4962/673 4963/4965/673 4961/4963/672
f 4966/4964/674 4965/4967/674 4963/4965/673
f 4968/4966/675 4967/4969/675 4965/4967/674
f 4970/4968/676 4969/4971/676 4967/4969/675
f 4972/4970/677 4971/4973/677 4969/4971/676
f 4974/4972/678 4973/4975/678 4971/4973/677
f 4976/4974/679 4975/4977/679 4973/4975/678
f 4978/4976/680 4977/4979/680 4975/4977/679
f 4980/4978/681 4979/4981/683 4977/4979/680
f 4982/4980/682 4981/4983/682 4979/4981/683
f 4984/4982/684 4983/4985/684 4981/4983/682
f 4986/4984/685 4985/4987/685 4983/4985/684
f 4988/4986/686 4987/4989/686 4985/4987/685
f 4990/4988/687 4989/4991/687 4987/4989/686
f 4992/4990/688 4991/4993/688 4989/4991/687
f 4994/4992/689 4993/4995/689 4991/4993/688
f 4996/4994/690 4995/4997/690 4993/4995/689
f 4998/4996/691 4997/4999/691 4995/4997/690
f 5000/4998/692 4999/5001/692 4997/4999/691
f 5002/5000/693 5001/5003/693 4999/5001/692
f 5004/5002/694 5003/5005/694 5001/5003/693
f 5006/5004/695 5005/5007/695 5003/5005/694
f 5008/5006/696 5007/5009/696 5005/5007/695
f 5010/5008/697 5009/5011/697 5007/5009/696
f 5012/5010/698 5011/5013/698 5009/5011/697
f 5014/5012/699 5013/5015/699 5011/5013/698
f 5016/5014/700 5015/5017/700 5013/5015/699
f 5018/5016/701 5017/5019/701 5015/5017/700
f 5020/5018/702 5019/5021/702 5017/5019/701
f 5022/5020/703 5021/5023/703 5019/5021/702
f 5024/5022/704 5023/5025/704 5021/5023/703
f 5026/5024/705 5025/5027/705 5023/5025/704
f 5028/5026/706 5027/5029/706 5025/5027/705
f 5030/5028/707 5029/5031/707 5027/5029/706
f 5032/5030/708 5031/5033/708 5029/5031/707
f 5034/5032/709 5033/5035/709 5031/5033/708
f 5036/5034/710 5035/5037/710 5033/5035/709
f 5038/5036/711 5037/5039/711 5035/5037/710
f 5040/5038/712 5039/5041/712 5037/5039/711
f 5042/5040/713 5041/5043/713 5039/5041/712
f 5044/5042/714 5043/5045/714 5041/5043/713
f 5046/5044/715 5045/5047/715 5043/5045/714
f 5048/5046/716 5047/5049/716 5045/5047/715
f 5050/5048/717 5049/5051/719 5047/5049/716
f 5052/5050/718 5051/5053/718 5049/5051/719
f 5054/5052/720 5053/5055/720 5051/5053/718
f 5056/5054/721 5055/5057/721 5053/5055/720
f 5058/5056/722 5057/5059/722 5055/5057/721
f 5060/5058/723 5059/5061/723 5057/5059/722
f 5062/5060/724 5061/5063/724 5059/5061/723
f 5064/5062/725 5063/5065/725 5061/5063/724
f 5066/5064/726 5065/5067/726 5063/5065/725
f 5068/5066/727 5067/5069/727 5065/5067/726
f 5070/5068/728 5069/5071/728 5067/5069/727
f 5072/5070/729 5071/5073/729 5069/5071/728
f 5074/5072/730 5073/5075/730 5071/5073/729
f 5076/5074/731 5075/5077/731 5073/5075/730
f 5078/5076/732 5077/5079/732 5075/5077/731
f 5080/5078/733 5079/5081/735 5077/5079/732
f 5082/5080/734 5081/5083/734 5079/5081/735
f 5084/5082/736 5083/5085/736 5081/5083/734
f 5086/5084/737 5085/5087/737 5083/5085/736
f 5088/5086/738 5087/5089/738 5085/5087/737
f 5090/5088/739 5089/5091/739 5087/5089/738
f 5092/5090/740 5091/5093/740 5089/5091/739
f 5094/5092/741 5093/5095/741 5091/5093/740
f 5096/5094/742 5095/5097/744 5093/5095/741
f 5098/5096/743 5097/5099/743 5095/5097/744
f 5100/5098/745 5099/5101/745 5097/5099/743
f 5102/5100/746 5101/5103/746 5099/5101/745
f 5104/5102/747 5103/5105/747 5101/5103/746
f 5106/5104/748 5105/5107/748 5103/5105/747
f 5108/5106/749 5107/5109/749 5105/5107/748
f 5110/5108/750 5109/5111/750 5107/5109/749
f 5112/5110/751 5111/5113/751 5109/5111/750
f 5114/5112/752 5113/5115/752 5111/5113/751
f 5116/5114/753 5115/5117/753 5113/5115/752
f 5118/5116/754 5117/5119/754 5115/5117/753
f 5120/5118/755 5119/5121/755 5117/5119/754
f 5122/5120/756 5121/5123/756 5119/5121/755
f 5124/5122/757 5123/5125/759 5121/5123/756
f 5126/5124/758 5125/5127/758 5123/5125/759
f 5128/5126/760 5127/5129/760 5125/5127/758
f 5130/5128/761 5129/5131/761 5127/5129/760
f 5132/5130/762 5131/5133/762 5129/5131/761
f 5134/5132/763 5133/5135/763 5131/5133/762
f 5136/5134/764 5135/5137/764 5133/5135/763
f 5138/5136/765 5137/5139/765 5135/5137/764
f 5140/5138/766 5139/5141/766 5137/5139/765
f 5142/5140/767 5141/5143/767 5139/5141/766
f 5144/5142/768 5143/5145/768 5141/5143/767
f 5146/5144/769 5145/5147/769 5143/5145/768
f 5148/5146/770 5147/5149/770 5145/5147/769
f 5150/5148/771 5149/5151/771 5147/5149/770
f 5152/5150/772 5151/5153/772 5149/5151/771
f 5154/5152/773 5153/5155/773 5151/5153/772
f 5156/5154/774 5155/5157/776 5153/5155/773
f 5158/5156/775 5157/5159/775 5155/5157/776
f 5160/5158/777 5159/5161/777 5157/5159/775
f 5162/5160/778 5161/5163/778 5159/5161/777
f 5164/5162/779 5163/5165/779 5161/5163/778
f 5166/5164/780 5165/5167/780 5163/5165/779
f 5168/5166/781 5167/5169/781 5165/5167/780
f 5170/5168/782 5169/5171/782 5167/5169/781
f 5172/5170/783 5171/5173/785 5169/5171/782
f 5174/5172/784 5173/5175/784 5171/5173/785
f 5176/5174/786 5175/5177/786 5173/5175/784
f 5178/5176/787 5177/5179/787 5175/5177/786
f 5180/5178/788 5179/5181/788 5177/5179/787
f 5182/5180/789 5181/5183/789 5179/5181/788
f 5184/5182/790 5183/5185/790 5181/5183/789
f 5186/5184/791 5185/5187/791 5183/5185/790
f 5188/5186/792 5187/5189/792 5185/5187/791
f 5190/5188/793 5189/5191/793 5187/5189/792
f 5192/5190/794 5191/5193/794 5189/5191/793
f 5194/5192/795 5193/5195/795 5191/5193/794
f 5196/5194/796 5195/5197/796 5193/5195/795
f 5198/5196/797 5197/5199/797 5195/5197/796
f 5200/5198/798 5199/5201/798 5197/5199/797
f 5202/5200/799 5201/5203/799 5199/5201/798
f 5204/5202/800 5203/5205/800 5201/5203/799
f 5206/5204/801 5205/5207/801 5203/5205/800
f 5208/5206/802 5207/5209/802 5205/5207/801
f 5210/5208/803 5209/5211/803 5207/5209/802
f 5212/5210/804 5211/5213/804 5209/5211/803
f 5214/5212/805 5213/5215/805 5211/5213/804
f 5216/5214/806 5215/5217/808 5213/5215/805
f 5218/5216/807 5217/5219/807 5215/5217/808
f 5220/5218/809 5219/5221/809 5217/5219/807
f 5222/5220/810 5221/5223/812 5219/5221/809
f 5224/5222/811 5223/5225/811 5221/5223/812
f 5226/5224/813 5225/5227/813 5223/5225/811
f 5228/5226/814 5227/5229/814 5225/5227/813
f 5230/5228/815 5229/5231/815 5227/5229/814
f 5232/5230/816 5231/5233/818 5229/5231/815
f 5234/5232/817 5233/5235/817 5231/5233/818
f 5236/5234/819 5235/5237/819 5233/5235/817
f 5238/5236/820 5237/5239/820 5235/5237/819
f 5240/5238/821 5239/5241/821 5237/5239/820
f 5242/5240/822 5241/5243/822 5239/5241/821
f 5244/5242/823 5243/5245/823 5241/5243/822
f 5246/5244/824 5245/5247/824 5243/5245/823
f 5248/5246/825 5247/5249/825 5245/5247/824
f 5250/5248/826 5249/5251/826 5247/5249/825
f 5252/5250/827 5251/5253/827 5249/5251/826
f 5254/5252/828 5253/5255/828 5251/5253/827
f 5256/5254/829 5255/5257/829 5253/5255/828
f 5258/5256/830 5257/5259/830 5255/5257/829
f 5260/5258/831 5259/5261/831 5257/5259/830
f 5262/5260/498 5261/5263/498 5259/5261/831
f 5264/5262/832 5263/5265/832 5261/5263/498
f 5266/5264/833 5265/5267/833 5263/5265/832
f 5268/5266/834 5267/5269/834 5265/5267/833
f 5270/5268/835 5269/5271/835 5267/5269/834
f 5272/5270/836 5271/5273/836 5269/5271/835
f 5274/5272/837 5273/5275/837 5271/5273/836
f 5276/5274/838 5275/5277/838 5273/5275/837
f 5278/5276/839 5277/5279/839 5275/5277/838
f 5280/5278/840 5279/5281/840 5277/5279/839
f 5282/5280/841 5281/5283/841 5279/5281/840
f 5284/5282/842 5283/5285/844 5281/5283/841
f 5286/5284/843 5285/5287/843 5283/5285/844
f 5288/5286/845 5287/5289/845 5285/5287/843
f 5290/5288/846 5289/5291/846 5287/5289/845
f 5292/5290/847 5291/5293/847 5289/5291/846
f 5294/5292/848 5293/5295/848 5291/5293/847
f 5296/5294/849 5295/5297/849 5293/5295/848
f 5298/5296/850 5297/5299/850 5295/5297/849
f 5300/5298/851 5299/5301/853 5297/5299/850
f 5302/5300/852 5301/5303/852 5299/5301/853
f 5304/5302/854 5303/5305/854 5301/5303/852
f 5306/5304/855 5305/5307/855 5303/5305/854
f 5308/5306/856 5307/5309/856 5305/5307/855
f 5310/5308/857 5309/5311/857 5307/5309/856
f 5312/5310/858 5311/5313/858 5309/5311/857
f 5314/5312/859 5313/5315/859 5311/5313/858
f 5316/5314/860 5315/5317/860 5313/5315/859
f 5318/5316/861 5317/5319/861 5315/5317/860
f 5320/5318/862 5319/5321/862 5317/5319/861
f 5322/5320/863 5321/5323/863 5319/5321/862
f 5324/5322/864 5323/5325/864 5321/5323/863
f 5326/5324/865 5325/5327/865 5323/5325/864
f 5328/5326/866 5327/5329/866 5325/5327/865
f 5330/5328/867 5329/5331/867 5327/5329/866
f 5332/5330/868 5331/5333/868 5329/5331/867
f 5334/5332/869 5333/5335/869 5331/5333/868
f 5336/5334/870 5335/5337/870 5333/5335/869
f 5338/5336/871 5337/5339/871 5335/5337/870
f 5340/5338/872 5339/5341/872 5337/5339/871
f 5342/5340/873 5341/5343/873 5339/5341/872
f 5344/5342/874 5343/5345/874 5341/5343/873
f 5346/5344/875 5345/5347/875 5343/5345/874
f 5348/5346/876 5347/5349/876 5345/5347/875
f 5350/5348/877 5349/5351/877 5347/5349/876
f 5352/5350/878 5351/5353/878 5349/5351/877
f 5354/5352/879 5353/5355/879 5351/5353/878
f 5356/5354/880 5355/5357/880 5353/5355/879
f 5358/5356/881 5357/5359/881 5355/5357/880
f 5360/5358/882 5359/5361/882 5357/5359/881
f 5362/5360/883 5361/5363/883 5359/5361/882
f 5364/5362/884 5363/5365/884 5361/5363/883
f 5366/5364/885 5365/5367/885 5363/5365/884
f 5368/5366/886 5367/5369/886 5365/5367/885
f 5370/5368/887 5369/5371/887 5367/5369/886
f 5372/5370/888 5371/5373/888 5369/5371/887
f 5374/5372/889 5373/5375/889 5371/5373/888
f 5376/5374/890 5375/5377/890 5373/5375/889
f 5378/5376/891 5377/5379/891 5375/5377/890
f 5380/5378/892 5379/5381/892 5377/5379/891
f 5382/5380/893 5381/5383/893 5379/5381/892
f 5384/5382/894 5383/5385/894 5381/5383/893
f 5386/5384/895 5385/5387/895 5383/5385/894
f 5388/5386/896 5387/5389/896 5385/5387/895
f 5390/5388/897 5389/5391/897 5387/5389/896
f 5392/5390/898 5391/5393/898 5389/5391/897
f 5394/5392/899 5393/5395/899 5391/5393/898
f 5396/5394/900 5395/5397/900 5393/5395/899
f 5398/5396/901 5397/5399/901 5395/5397/900
f 5400/5398/902 5399/5401/902 5397/5399/901
f 5402/5400/903 5401/5403/903 5399/5401/902
f 5404/5402/904 5403/5405/904 5401/5403/903
f 5406/5404/905 5405/5407/905 5403/5405/904
f 5408/5406/906 5407/5409/906 5405/5407/905
f 5410/5408/907 5409/5411/907 5407/5409/906
f 5412/5410/908 5411/5413/908 5409/5411/907
f 5414/5412/909 5413/5415/909 5411/5413/908
f 5416/5414/910 5415/5417/910 5413/5415/909
f 5418/5416/911 5417/5419/911 5415/5417/910
f 5420/5418/912 5419/5421/912 5417/5419/911
f 5422/5420/913 5421/5423/913 5419/5421/912
f 5424/5422/914 5423/5425/914 5421/5423/913
f 5426/5424/915 5425/5427/915 5423/5425/914
f 5428/5426/916 5427/5429/916 5425/5427/915
f 5430/5428/917 5429/5431/917 5427/5429/916
f 5432/5430/918 5431/5433/918 5429/5431/917
f 5434/5432/919 5433/5435/919 5431/5433/918
f 5436/5434/920 5435/5437/920 5433/5435/919
f 5438/5436/921 5437/5439/921 5435/5437/920
f 5440/5438/922 5439/5441/922 5437/5439/921
f 5442/5440/923 5441/5443/923 5439/5441/922
f 5444/5442/924 5443/5445/924 5441/5443/923
f 5446/5444/925 5445/5447/925 5443/5445/924
f 5448/5446/926 5447/5449/926 5445/5447/925
f 5450/5448/927 5449/5451/927 5447/5449/926
f 5452/5450/928 5451/5453/928 5449/5451/927
f 5454/5452/929 5453/5455/929 5451/5453/928
f 5456/5454/930 5455/5457/930 5453/5455/929
f 5458/5456/931 5457/5459/931 5455/5457/930
f 5460/5458/932 5459/5461/932 5457/5459/931
f 5462/5460/933 5461/5463/933 5459/5461/932
f 5464/5462/934 5463/5465/934 5461/5463/933
f 5466/5464/935 5465/5467/937 5463/5465/934
f 5468/5466/936 5467/5469/939 5465/5467/937
f 5470/5468/938 5469/5471/941 5467/5469/939
f 5472/5470/940 5471/5473/943 5469/5471/941
f 5474/5472/942 5473/5475/942 5471/5473/943
f 5476/5474/944 5475/5477/946 5473/5475/942
f 5478/5476/945 5477/5479/948 5475/5477/946
f 5480/5478/947 5479/5481/950 5477/5479/948
f 5482/5480/949 5481/5483/952 5479/5481/950
f 5484/5482/951 5483/5485/954 5481/5483/952
f 5486/5484/953 5485/5487/953 5483/5485/954
f 5488/5486/955 5487/5489/955 5485/5487/953
f 5490/5488/956 5489/5491/958 5487/5489/955
f 5492/5490/957 5491/5493/960 5489/5491/958
f 5494/5492/959 5493/5495/959 5491/5493/960
f 5496/5494/961 5495/5497/963 5493/5495/959
f 5498/5496/962 5497/5499/965 5495/5497/963
f 5500/5498/964 5499/5501/967 5497/5499/965
f 5502/5500/966 5501/5503/966 5499/5501/967
f 5504/5502/968 5503/5505/970 5501/5503/966
f 5506/5504/969 5505/5507/969 5503/5505/970
f 5508/5506/971 5507/5509/971 5505/5507/969
f 5510/5508/972 5509/5511/972 5507/5509/971
f 5512/5510/973 5511/5513/973 5509/5511/972
f 5514/5512/974 5513/5515/974 5511/5513/973
f 5516/5514/975 5515/5517/975 5513/5515/974
f 5518/5516/976 5517/5519/976 5515/5517/975
f 5520/5518/977 5519/5521/977 5517/5519/976
f 5522/5520/978 5521/5523/978 5519/5521/977
f 5524/5522/979 5523/5525/979 5521/5523/978
f 5526/5524/980 5525/5527/980 5523/5525/979
f 5528/5526/981 5527/5529/981 5525/5527/980
f 5530/5528/162 5529/5531/162 5527/5529/981
f 5532/5530/982 5531/5533/982 5529/5531/162
f 5534/5532/983 5533/5535/983 5531/5533/982
f 5536/5534/984 5535/5537/984 5533/5535/983
f 5538/5536/985 5537/5539/985 5535/5537/984
f 5540/5538/986 5539/5541/986 5537/5539/985
f 5542/5540/987 5541/5543/987 5539/5541/986
f 5544/5542/988 5543/5545/988 5541/5543/987
f 5546/5544/989 5545/5547/989 5543/5545/988
f 5548/5546/990 5547/5549/990 5545/5547/989
f 5550/5548/991 5549/5551/991 5547/5549/990
f 5552/5550/992 5551/5553/992 5549/5551/991
f 5554/5552/993 5553/5555/995 5551/5553/992
f 5556/5554/994 5555/5557/994 5553/5555/995
f 5558/5556/996 5557/5559/996 5555/5557/994
f 5560/5558/997 5559/5561/997 5557/5559/996
f 5562/5560/998 5561/5563/998 5559/5561/997
f 5564/5562/999 5563/5565/999 5561/5563/998
f 5566/5564/1000 5565/5567/1000 5563/5565/999
f 5568/5566/1001 5567/5569/1001 5565/5567/1000
f 5570/5568/1002 5569/5571/1002 5567/5569/1001
f 5572/5570/1003 5571/5573/1003 5569/5571/1002
f 5574/5572/1004 5573/5575/1006 5571/5573/1003
f 5576/5574/1005 5575/5577/1005 5573/5575/1006
f 5578/5576/1007 5577/5579/1007 5575/5577/1005
f 5580/5578/1008 5579/5581/1008 5577/5579/1007
f 5582/5580/1009 5581/5583/1009 5579/5581/1008
f 5584/5582/1010 5583/5585/1010 5581/5583/1009
f 5586/5584/1011 5585/5587/1011 5583/5585/1010
f 5588/5586/1012 5587/5589/1012 5585/5587/1011
f 5590/5588/1013 5589/5591/1013 5587/5589/1012
f 5592/5590/1014 5591/5593/1014 5589/5591/1013
f 5594/5592/1015 5593/5595/1015 5591/5593/1014
f 5596/5594/1016 5595/5597/1016 5593/5595/1015
f 5598/5596/1017 5597/5599/1017 5595/5597/1016
f 5600/5598/1018 5599/5601/1018 5597/5599/1017
f 5602/5600/1019 5601/5603/1019 5599/5601/1018
f 5604/5602/1020 5603/5605/1020 5601/5603/1019
f 5606/5604/1021 5605/5607/1021 5603/5605/1020
f 5608/5606/1022 5607/5609/1022 5605/5607/1021
f 5610/5608/1023 5609/5611/1023 5607/5609/1022
f 5612/5610/1024 5611/5613/1024 5609/5611/1023
f 5614/5612/1025 5613/5615/1025 5611/5613/1024
f 5616/5614/1026 5615/5617/1026 5613/5615/1025
f 5618/5616/1027 5617/5619/1027 5615/5617/1026
f 5620/5618/1028 5619/5621/1028 5617/5619/1027
f 5622/5620/1029 5621/5623/1029 5619/5621/1028
f 5624/5622/1030 5623/5625/1030 5621/5623/1029
f 5626/5624/1031 5625/5627/1031 5623/5625/1030
f 5628/5626/1032 5627/5629/1032 5625/5627/1031
f 5630/5628/1033 5629/5630/1033 5627/5629/1032
f 4804/4805/566 4803/4804/565 5629/5630/1033
f 5634/5631/15 5633/5635/15 5631/5632/13
f 5636/5634/1034 5635/5637/1034 5633/5635/15
f 5638/5636/1035 5637/5639/1035 5635/5637/1034
f 5640/5638/1036 5639/5641/1036 5637/5639/1035
f 5642/5640/1037 5641/5643/1037 5639/5641/1036
f 5644/5642/1038 5643/5645/1038 5641/5643/1037
f 5646/5644/1039 5645/5647/1039 5643/5645/1038
f 5648/5646/1040 5647/5649/1040 5645/5647/1039
f 5650/5648/1041 5649/5651/1041 5647/5649/1040
f 5652/5650/1042 5651/5653/1042 5649/5651/1041
f 5654/5652/1043 5653/5655/1043 5651/5653/1042
f 5656/5654/1044 5655/5657/1044 5653/5655/1043
f 5658/5656/1045 5657/5659/1045 5655/5657/1044
f 5660/5658/1046 5659/5661/1046 5657/5659/1045
f 5662/5660/1047 5661/5663/1047 5659/5661/1046
f 5664/5662/1048 5663/5665/1048 5661/5663/1047
f 5666/5664/1049 5665/5667/1049 5663/5665/1048
f 5668/5666/1050 5667/5669/1050 5665/5667/1049
f 5670/5668/1051 5669/5671/1051 5667/5669/1050
f 5672/5670/1052 5671/5673/1052 5669/5671/1051
f 5674/5672/1053 5673/5675/1053 5671/5673/1052
f 5676/5674/1054 5675/5677/1054 5673/5675/1053
f 5678/5676/1055 5677/5679/1055 5675/5677/1054
f 5680/5678/1056 5679/5681/1056 5677/5679/1055
f 5682/5680/1057 5681/5683/1057 5679/5681/1056
f 5684/5682/1058 5683/5685/1058 5681/5683/1057
f 5686/5684/1059 5685/5687/1059 5683/5685/1058
f 5688/5686/1060 5687/5689/1060 5685/5687/1059
f 5690/5688/1061 5689/5691/1061 5687/5689/1060
f 5692/5690/1062 5691/5693/1062 5689/5691/1061
f 5694/5692/1063 5693/5695/1063 5691/5693/1062
f 5696/5694/1064 5695/5697/1064 5693/5695/1063
f 5698/5696/1065 5697/5699/1065 5695/5697/1064
f 5700/5698/1066 5699/5701/1066 5697/5699/1065
f 5702/5700/1067 5701/5703/1067 5699/5701/1066
f 5704/5702/1068 5703/5705/1068 5701/5703/1067
f 5706/5704/1069 5705/5707/1069 5703/5705/1068
f 5708/5706/1070 5707/5709/1070 5705/5707/1069
f 5710/5708/1071 5709/5711/1071 5707/5709/1070
f 5712/5710/1072 5711/5713/1072 5709/5711/1071
f 5714/5712/1073 5713/5715/1073 5711/5713/1072
f 5716/5714/1074 5715/5717/1074 5713/5715/1073
f 5718/5716/1075 5717/5719/1075 5715/5717/1074
f 5720/5718/1076 5719/5721/1076 5717/5719/1075
f 5722/5720/1077 5721/5723/1077 5719/5721/1076
f 5724/5722/1078 5723/5725/1078 5721/5723/1077
f 5726/5724/1079 5725/5727/1079 5723/5725/1078
f 5728/5726/1080 5727/5729/1080 5725/5727/1079
f 5730/5728/1081 5729/5731/1081 5727/5729/1080
f 5732/5730/1082 5731/5733/1082 5729/5731/1081
f 5734/5732/1083 5733/5735/1083 5731/5733/1082
f 5736/5734/1084 5735/5737/1084 5733/5735/1083
f 5738/5736/1085 5737/5739/1085 5735/5737/1084
f 5740/5738/1086 5739/5741/1086 5737/5739/1085
f 5742/5740/1087 5741/5743/1087 5739/5741/1086
f 5744/5742/1088 5743/5745/1088 5741/5743/1087
f 5746/5744/14 5745/5747/14 5743/5745/1088
f 5748/5746/1089 5747/5749/1089 5745/5747/14
f 5750/5748/1090 5749/5751/1090 5747/5749/1089
f 5752/5750/1091 5751/5753/1091 5749/5751/1090
f 5754/5752/1092 5753/5755/1092 5751/5753/1091
f 5756/5754/1093 5755/5757/1093 5753/5755/1092
f 5758/5756/1094 5757/5759/1094 5755/5757/1093
f 5760/5758/1095 5759/5761/1095 5757/5759/1094
f 5762/5760/1096 5761/5763/1096 5759/5761/1095
f 5764/5762/1097 5763/5765/1097 5761/5763/1096
f 5766/5764/1098 5765/5767/1098 5763/5765/1097
f 5768/5766/1099 5767/5769/1099 5765/5767/1098
f 5770/5768/1100 5769/5771/1100 5767/5769/1099
f 5772/5770/1101 5771/5773/1101 5769/5771/1100
f 5774/5772/1102 5773/5775/1102 5771/5773/1101
f 5776/5774/1103 5775/5777/1103 5773/5775/1102
f 5778/5776/1104 5777/5779/1104 5775/5777/1103
f 5780/5778/1105 5779/5781/1105 5777/5779/1104
f 5782/5780/1106 5781/5783/1106 5779/5781/1105
f 5784/5782/1107 5783/5785/1107 5781/5783/1106
f 5786/5784/1108 5785/5787/1108 5783/5785/1107
f 5788/5786/1109 5787/5789/1109 5785/5787/1108
f 5790/5788/1110 5789/5791/1110 5787/5789/1109
f 5792/5790/1111 5791/5793/1111 5789/5791/1110
f 5794/5792/1112 5793/5795/1112 5791/5793/1111
f 5796/5794/1113 5795/5797/1113 5793/5795/1112
f 5798/5796/1114 5797/5799/1114 5795/5797/1113
f 5800/5798/1115 5799/5801/1115 5797/5799/1114
f 5802/5800/1116 5801/5803/1116 5799/5801/1115
f 5804/5802/1117 5803/5805/1117 5801/5803/1116
f 5806/5804/1118 5805/5807/1120 5803/5805/1117
f 5808/5806/1119 5807/5809/1119 5805/5807/1120
f 5810/5808/1121 5809/5811/1121 5807/5809/1119
f 5812/5810/1122 5811/5813/1122 5809/5811/1121
f 5814/5812/1123 5813/5815/1123 5811/5813/1122
f 5816/5814/1124 5815/5817/1124 5813/5815/1123
f 5818/5816/1125 5817/5819/1125 5815/5817/1124
f 5820/5818/1126 5819/5821/1126 5817/5819/1125
f 5822/5820/1127 5821/5823/1127 5819/5821/1126
f 5824/5822/1128 5823/5825/1128 5821/5823/1127
f 5826/5824/1129 5825/5827/1129 5823/5825/1128
f 5828/5826/1130 5827/5829/1130 5825/5827/1129
f 5830/5828/1131 5829/5831/1131 5827/5829/1130
f 5832/5830/1132 5831/5833/1132 5829/5831/1131
f 5834/5832/1133 5833/5835/1135 5831/5833/1132
f 5836/5834/1134 5835/5837/1134 5833/5835/1135
f 5838/5836/1136 5837/5839/1136 5835/5837/1134
f 5840/5838/1137 5839/5841/1137 5837/5839/1136
f 5842/5840/1138 5841/5843/1138 5839/5841/1137
f 5844/5842/1139 5843/5845/1139 5841/5843/1138
f 5846/5844/1140 5845/5847/1140 5843/5845/1139
f 5848/5846/1141 5847/5849/1141 5845/5847/1140
f 5850/5848/1142 5849/5851/1142 5847/5849/1141
f 5852/5850/1143 5851/5853/1143 5849/5851/1142
f 5854/5852/1144 5853/5855/1144 5851/5853/1143
f 5856/5854/1145 5855/5857/1145 5853/5855/1144
f 5858/5856/1146 5857/5859/1146 5855/5857/1145
f 5860/5858/1147 5859/5861/1147 5857/5859/1146
f 5862/5860/1148 5861/5863/1148 5859/5861/1147
f 5864/5862/1149 5863/5865/1149 5861/5863/1148
f 5866/5864/1150 5865/5867/1150 5863/5865/1149
f 5868/5866/1151 5867/5869/1151 5865/5867/1150
f 5870/5868/1152 5869/5871/1152 5867/5869/1151
f 5872/5870/1153 5871/5873/1153 5869/5871/1152
f 5874/5872/1154 5873/5875/1154 5871/5873/1153
f 5876/5874/1155 5875/5877/1155 5873/5875/1154
f 5878/5876/1156 5877/5879/1156 5875/5877/1155
f 5880/5878/1157 5879/5881/1157 5877/5879/1156
f 5882/5880/1158 5881/5883/1158 5879/5881/1157
f 5884/5882/1159 5883/5885/1159 5881/5883/1158
f 5886/5884/1160 5885/5887/1162 5883/5885/1159
f 5888/5886/1161 5887/5889/1161 5885/5887/1162
f 5890/5888/1163 5889/5891/1163 5887/5889/1161
f 5892/5890/1164 5891/5893/1164 5889/5891/1163
f 5894/5892/1165 5893/5895/1165 5891/5893/1164
f 5896/5894/1166 5895/5897/1166 5893/5895/1165
f 5898/5896/1167 5897/5899/1167 5895/5897/1166
f 5900/5898/1168 5899/5901/1168 5897/5899/1167
f 5902/5900/1169 5901/5903/1169 5899/5901/1168
f 5904/5902/1170 5903/5905/1170 5901/5903/1169
f 5906/5904/1171 5905/5907/1171 5903/5905/1170
f 5908/5906/1172 5907/5909/1172 5905/5907/1171
f 5910/5908/1173 5909/5911/1173 5907/5909/1172
f 5912/5910/1174 5911/5913/1174 5909/5911/1173
f 5914/5912/1175 5913/5915/1175 5911/5913/1174
f 5916/5914/1176 5915/5917/1178 5913/5915/1175
f 5918/5916/1177 5917/5919/1177 5915/5917/1178
f 5920/5918/1179 5919/5921/1179 5917/5919/1177
f 5922/5920/1180 5921/5923/1180 5919/5921/1179
f 5924/5922/1181 5923/5925/1183 5921/5923/1180
f 5926/5924/1182 5925/5927/1185 5923/5925/1183
f 5928/5926/1184 5927/5929/1184 5925/5927/1185
f 5930/5928/1186 5929/5931/1186 5927/5929/1184
f 5932/5930/1187 5931/5933/1188 5929/5931/1186
f 5934/5932/66 5933/5935/64 5931/5933/1188
f 5936/5934/65 5935/5937/1189 5933/5935/64
f 5938/5936/67 5937/5939/67 5935/5937/1189
f 5940/5938/1190 5939/5941/69 5937/5939/67
f 5942/5940/71 5941/5943/1192 5939/5941/69
f 5944/5942/1191 5943/5945/1191 5941/5943/1192
f 5946/5944/73 5945/5947/73 5943/5945/1191
f 5948/5946/74 5947/5949/74 5945/5947/73
f 5950/5948/75 5949/5951/77 5947/5949/74
f 5952/5950/76 5951/5953/76 5949/5951/77
f 5954/5952/78 5953/5955/78 5951/5953/76
f 5956/5954/79 5955/5957/79 5953/5955/78
f 5958/5956/1193 5957/5959/1193 5955/5957/79
f 5960/5958/1194 5959/5961/1194 5957/5959/1193
f 5962/5960/1195 5961/5963/1195 5959/5961/1194
f 5964/5962/1196 5963/5965/1196 5961/5963/1195
f 5966/5964/1197 5965/5967/1197 5963/5965/1196
f 5968/5966/1198 5967/5969/1198 5965/5967/1197
f 5970/5968/1199 5969/5971/1199 5967/5969/1198
f 5972/5970/1200 5971/5973/1200 5969/5971/1199
f 5974/5972/1201 5973/5975/1201 5971/5973/1200
f 5976/5974/1202 5975/5977/1202 5973/5975/1201
f 5978/5976/1203 5977/5979/1203 5975/5977/1202
f 5980/5978/1204 5979/5981/1204 5977/5979/1203
f 5982/5980/1205 5981/5983/1207 5979/5981/1204
f 5984/5982/1206 5983/5985/1209 5981/5983/1207
f 5986/5984/1208 5985/5987/1208 5983/5985/1209
f 5988/5986/1210 5987/5989/1210 5985/5987/1208
f 5990/5988/1211 5989/5991/1211 5987/5989/1210
f 5992/5990/1212 5991/5993/1212 5989/5991/1211
f 5994/5992/1213 5993/5995/1213 5991/5993/1212
f 5996/5994/1214 5995/5997/1214 5993/5995/1213
f 5998/5996/1215 5997/5999/1215 5995/5997/1214
f 6000/5998/1216 5999/6001/1216 5997/5999/1215
f 6002/6000/1217 6001/6003/1217 5999/6001/1216
f 6004/6002/1218 6003/6005/1218 6001/6003/1217
f 6006/6004/1219 6005/6007/1219 6003/6005/1218
f 6008/6006/1220 6007/6009/1220 6005/6007/1219
f 6010/6008/1221 6009/6011/1221 6007/6009/1220
f 6012/6010/1222 6011/6013/1222 6009/6011/1221
f 6014/6012/1223 6013/6015/1223 6011/6013/1222
f 6016/6014/1224 6015/6017/1224 6013/6015/1223
f 6018/6016/1225 6017/6019/1225 6015/6017/1224
f 6020/6018/1226 6019/6021/1226 6017/6019/1225
f 6022/6020/1227 6021/6023/1227 6019/6021/1226
f 6024/6022/1228 6023/6025/1228 6021/6023/1227
f 6026/6024/46 6025/6027/1230 6023/6025/1228
f 6028/6026/1229 6027/6029/1229 6025/6027/1230
f 6030/6028/1231 6029/6031/1231 6027/6029/1229
f 6032/6030/1232 6031/6033/1232 6029/6031/1231
f 6034/6032/1233 6033/6035/1233 6031/6033/1232
f 6036/6034/1234 6035/6037/1234 6033/6035/1233
f 6038/6036/1235 6037/6039/1235 6035/6037/1234
f 6040/6038/1236 6039/6041/1238 6037/6039/1235
f 6042/6040/1237 6041/6043/1237 6039/6041/1238
f 6044/6042/1239 6043/6045/1241 6041/6043/1237
f 6046/6044/1240 6045/6047/1240 6043/6045/1241
f 6048/6046/1242 6047/6049/1244 6045/6047/1240
f 6050/6048/1243 6049/6051/1243 6047/6049/1244
f 6052/6050/1245 6051/6053/1245 6049/6051/1243
f 6054/6052/1246 6053/6055/1248 6051/6053/1245
f 6056/6054/1247 6055/6057/1247 6053/6055/1248
f 6058/6056/1249 6057/6059/1251 6055/6057/1247
f 6060/6058/1250 6059/6061/1253 6057/6059/1251
f 6062/6060/1252 6061/6063/1252 6059/6061/1253
f 6064/6062/1254 6063/6065/1256 6061/6063/1252
f 6066/6064/1255 6065/6067/1258 6063/6065/1256
f 6068/6066/1257 6067/6069/1257 6065/6067/1258
f 6070/6068/1259 6069/6071/1259 6067/6069/1257
f 6072/6070/1260 6071/6073/1260 6069/6071/1259
f 6074/6072/1261 6073/6075/1261 6071/6073/1260
f 6076/6074/590 6075/6077/590 6073/6075/1261
f 6078/6076/1262 6077/6079/1262 6075/6077/590
f 6080/6078/1263 6079/6081/1263 6077/6079/1262
f 6082/6080/1264 6081/6083/1264 6079/6081/1263
f 6084/6082/1265 6083/6085/1265 6081/6083/1264
f 6086/6084/1266 6085/6087/1266 6083/6085/1265
f 6088/6086/1267 6087/6089/1267 6085/6087/1266
f 6090/6088/1268 6089/6091/1268 6087/6089/1267
f 6092/6090/1269 6091/6093/1269 6089/6091/1268
f 6094/6092/1270 6093/6095/1270 6091/6093/1269
f 6096/6094/1271 6095/6097/1271 6093/6095/1270
f 6098/6096/1272 6097/6099/1272 6095/6097/1271
f 6100/6098/1273 6099/6101/1273 6097/6099/1272
f 6102/6100/1274 6101/6103/1274 6099/6101/1273
f 6104/6102/1275 6103/6105/1275 6101/6103/1274
f 6106/6104/1276 6105/6107/1276 6103/6105/1275
f 6108/6106/1035 6107/6109/1035 6105/6107/1276
f 6110/6108/1036 6109/6111/1036 6107/6109/1035
f 6112/6110/1277 6111/6113/1037 6109/6111/1036
f 6114/6112/1038 6113/6115/1038 6111/6113/1037
f 6116/6114/1278 6115/6117/1039 6113/6115/1038
f 6118/6116/1040 6117/6119/1040 6115/6117/1039
f 6120/6118/1041 6119/6121/1041 6117/6119/1040
f 6122/6120/1042 6121/6123/1042 6119/6121/1041
f 6124/6122/1043 6123/6125/1043 6121/6123/1042
f 6126/6124/1044 6125/6127/1044 6123/6125/1043
f 6128/6126/1045 6127/6129/1045 6125/6127/1044
f 6130/6128/1279 6129/6131/1279 6127/6129/1045
f 6132/6130/1280 6131/6133/1280 6129/6131/1279
f 6134/6132/1281 6133/6135/1281 6131/6133/1280
f 6136/6134/1282 6135/6137/1282 6133/6135/1281
f 6138/6136/1283 6137/6139/1283 6135/6137/1282
f 6140/6138/1284 6139/6141/1284 6137/6139/1283
f 6142/6140/1285 6141/6143/1285 6139/6141/1284
f 6144/6142/1286 6143/6145/1286 6141/6143/1285
f 6146/6144/1287 6145/6147/1287 6143/6145/1286
f 6148/6146/1288 6147/6149/1288 6145/6147/1287
f 6150/6148/1289 6149/6151/1289 6147/6149/1288
f 6152/6150/1290 6151/6153/1290 6149/6151/1289
f 6154/6152/1291 6153/6155/1291 6151/6153/1290
f 6156/6154/1292 6155/6157/1292 6153/6155/1291
f 6158/6156/1293 6157/6159/1293 6155/6157/1292
f 6160/6158/1294 6159/6161/1294 6157/6159/1293
f 6162/6160/1295 6161/6163/1295 6159/6161/1294
f 6164/6162/1296 6163/6165/1296 6161/6163/1295
f 6166/6164/1297 6165/6167/1297 6163/6165/1296
f 6168/6166/1298 6167/6169/1300 6165/6167/1297
f 6170/6168/1299 6169/6171/1302 6167/6169/1300
f 6172/6170/1301 6171/6173/1301 6169/6171/1302
f 6174/6172/1303 6173/6175/1303 6171/6173/1301
f 6176/6174/1304 6175/6177/1304 6173/6175/1303
f 6178/6176/1305 6177/6178/1305 6175/6177/1304
f 5632/5633/13 5631/5632/13 6177/6178/1305
f 6182/6179/15 6181/6183/15 6179/6180/13
f 6184/6182/16 6183/6185/16 6181/6183/15
f 6186/6184/167 6185/6186/167 6183/6185/16
f 6180/6181/13 6179/6180/13 6185/6186/167
f 6190/6187/13 6189/6191/13 6187/6188/167
f 6192/6190/15 6191/6193/15 6189/6191/13
f 6194/6192/16 6193/6194/16 6191/6193/15
f 6188/6189/167 6187/6188/167 6193/6194/16
f 6198/6195/167 6197/6199/167 6195/6196/16
f 6200/6198/13 6199/6201/13 6197/6199/167
f 6202/6200/15 6201/6202/15 6199/6201/13
f 6196/6197/16 6195/6196/16 6201/6202/15
f 6206/6203/167 6205/6207/167 6203/6204/16
f 6208/6206/13 6207/6209/13 6205/6207/167
f 6210/6208/15 6209/6210/15 6207/6209/13
f 6204/6205/16 6203/6204/16 6209/6210/15
f 6214/6211/167 6213/6215/167 6211/6212/16
f 6216/6214/13 6215/6217/13 6213/6215/167
f 6218/6216/15 6217/6218/15 6215/6217/13
f 6212/6213/16 6211/6212/16 6217/6218/15
f 6222/6219/1306 6221/6223/1309 6219/6220/1307
f 6224/6222/1308 6223/6225/1308 6221/6223/1309
f 6226/6224/1310 6225/6227/1310 6223/6225/1308
f 6228/6226/1311 6227/6229/1311 6225/6227/1310
f 6230/6228/1312 6229/6231/1312 6227/6229/1311
f 6232/6230/1313 6231/6233/1313 6229/6231/1312
f 6234/6232/1314 6233/6235/1314 6231/6233/1313
f 6236/6234/945 6235/6237/945 6233/6235/1314
f 6238/6236/1315 6237/6239/1315 6235/6237/945
f 6240/6238/1316 6239/6241/1316 6237/6239/1315
f 6242/6240/1317 6241/6243/1317 6239/6241/1316
f 6244/6242/1318 6243/6245/1318 6241/6243/1317
f 6246/6244/1319 6245/6247/1321 6243/6245/1318
f 6248/6246/1320 6247/6249/1320 6245/6247/1321
f 6250/6248/1322 6249/6251/1322 6247/6249/1320
f 6252/6250/1323 6251/6253/1323 6249/6251/1322
f 6254/6252/1324 6253/6255/1324 6251/6253/1323
f 6256/6254/1325 6255/6257/1325 6253/6255/1324
f 6258/6256/1326 6257/6259/1326 6255/6257/1325
f 6260/6258/1327 6259/6261/1327 6257/6259/1326
f 6262/6260/1328 6261/6263/1328 6259/6261/1327
f 6264/6262/1329 6263/6265/1329 6261/6263/1328
f 6266/6264/1330 6265/6267/1330 6263/6265/1329
f 6268/6266/1331 6267/6269/1331 6265/6267/1330
f 6270/6268/1332 6269/6271/1332 6267/6269/1331
f 6272/6270/1333 6271/6273/1333 6269/6271/1332
f 6274/6272/1334 6273/6275/1334 6271/6273/1333
f 6276/6274/1335 6275/6277/1335 6273/6275/1334
f 6278/6276/1336 6277/6279/1336 6275/6277/1335
f 6280/6278/1337 6279/6281/1337 6277/6279/1336
f 6282/6280/1338 6281/6283/1338 6279/6281/1337
f 6284/6282/1339 6283/6285/1341 6281/6283/1338
f 6286/6284/1340 6285/6287/1340 6283/6285/1341
f 6288/6286/1342 6287/6289/1342 6285/6287/1340
f 6290/6288/1343 6289/6291/1343 6287/6289/1342
f 6292/6290/1344 6291/6293/1344 6289/6291/1343
f 6294/6292/1345 6293/6295/1345 6291/6293/1344
f 6296/6294/1346 6295/6297/1346 6293/6295/1345
f 6298/6296/1347 6297/6299/1349 6295/6297/1346
f 6300/6298/1348 6299/6301/1348 6297/6299/1349
f 6302/6300/1350 6301/6303/1350 6299/6301/1348
f 6304/6302/1351 6303/6305/1351 6301/6303/1350
f 6306/6304/1352 6305/6307/1352 6303/6305/1351
f 6308/6306/1353 6307/6309/1355 6305/6307/1352
f 6310/6308/1354 6309/6311/1354 6307/6309/1355
f 6312/6310/1356 6311/6313/1356 6309/6311/1354
f 6314/6312/1357 6313/6315/1357 6311/6313/1356
f 6316/6314/1358 6315/6317/1358 6313/6315/1357
f 6318/6316/1359 6317/6319/1359 6315/6317/1358
f 6320/6318/1360 6319/6321/1360 6317/6319/1359
f 6322/6320/1361 6321/6323/1363 6319/6321/1360
f 6324/6322/1362 6323/6325/1362 6321/6323/1363
f 6326/6324/1364 6325/6327/1364 6323/6325/1362
f 6328/6326/1365 6327/6329/1367 6325/6327/1364
f 6330/6328/1366 6329/6331/1369 6327/6329/1367
f 6332/6330/1368 6331/6333/1368 6329/6331/1369
f 6334/6332/1370 6333/6335/1372 6331/6333/1368
f 6336/6334/1371 6335/6337/1374 6333/6335/1372
f 6338/6336/1373 6337/6339/1376 6335/6337/1374
f 6340/6338/1375 6339/6341/1378 6337/6339/1376
f 6342/6340/1377 6341/6343/1380 6339/6341/1378
f 6344/6342/1379 6343/6345/1381 6341/6343/1380
f 6346/6344/64 6345/6347/64 6343/6345/1381
f 6348/6346/65 6347/6349/65 6345/6347/64
f 6350/6348/67 6349/6351/67 6347/6349/65
f 6352/6350/1190 6351/6353/69 6349/6351/67
f 6354/6352/1382 6353/6355/1192 6351/6353/69
f 6356/6354/1383 6355/6357/1191 6353/6355/1192
f 6358/6356/73 6357/6359/73 6355/6357/1191
f 6360/6358/74 6359/6361/74 6357/6359/73
f 6362/6360/77 6361/6363/75 6359/6361/74
f 6364/6362/76 6363/6365/76 6361/6363/75
f 6366/6364/1384 6365/6367/78 6363/6365/76
f 6368/6366/79 6367/6369/79 6365/6367/78
f 6370/6368/1385 6369/6371/1385 6367/6369/79
f 6372/6370/1386 6371/6373/1388 6369/6371/1385
f 6374/6372/1387 6373/6375/1387 6371/6373/1388
f 6376/6374/1326 6375/6377/1389 6373/6375/1387
f 6378/6376/1269 6377/6379/535 6375/6377/1389
f 6380/6378/1390 6379/6381/1390 6377/6379/535
f 6382/6380/1391 6381/6383/1391 6379/6381/1390
f 6384/6382/1392 6383/6385/1393 6381/6383/1391
f 6386/6384/1330 6385/6387/1330 6383/6385/1393
f 6388/6386/1394 6387/6389/1331 6385/6387/1330
f 6390/6388/1395 6389/6391/1397 6387/6389/1331
f 6392/6390/1396 6391/6393/1396 6389/6391/1397
f 6394/6392/1398 6393/6395/1398 6391/6393/1396
f 6396/6394/1395 6395/6397/1395 6393/6395/1398
f 6398/6396/1399 6397/6399/1399 6395/6397/1395
f 6400/6398/1400 6399/6401/1400 6397/6399/1399
f 6402/6400/1401 6401/6403/1401 6399/6401/1400
f 6404/6402/1393 6403/6405/1393 6401/6403/1401
f 6406/6404/1391 6405/6407/1391 6403/6405/1393
f 6408/6406/1402 6407/6409/1402 6405/6407/1391
f 6410/6408/1403 6409/6411/1405 6407/6409/1402
f 6412/6410/1404 6411/6413/1404 6409/6411/1405
f 6414/6412/1406 6413/6415/1408 6411/6413/1404
f 6416/6414/1407 6415/6417/1410 6413/6415/1408
f 6418/6416/1409 6417/6419/1409 6415/6417/1410
f 6420/6418/539 6419/6421/1412 6417/6419/1409
f 6422/6420/1411 6421/6423/1414 6419/6421/1412
f 6424/6422/1413 6423/6425/1413 6421/6423/1414
f 6426/6424/1415 6425/6427/1417 6423/6425/1413
f 6428/6426/1416 6427/6429/1416 6425/6427/1417
f 6430/6428/1418 6429/6431/1418 6427/6429/1416
f 6432/6430/1419 6431/6433/1419 6429/6431/1418
f 6434/6432/1420 6433/6435/1420 6431/6433/1419
f 6436/6434/1421 6435/6437/1421 6433/6435/1420
f 6438/6436/1422 6437/6439/1422 6435/6437/1421
f 6440/6438/1423 6439/6441/1423 6437/6439/1422
f 6442/6440/1424 6441/6443/1424 6439/6441/1423
f 6444/6442/1425 6443/6445/1425 6441/6443/1424
f 6446/6444/1426 6445/6447/1426 6443/6445/1425
f 6448/6446/1427 6447/6449/1427 6445/6447/1426
f 6450/6448/1428 6449/6451/1428 6447/6449/1427
f 6452/6450/1429 6451/6453/1429 6449/6451/1428
f 6454/6452/1430 6453/6455/1430 6451/6453/1429
f 6456/6454/1431 6455/6457/1431 6453/6455/1430
f 6458/6456/1432 6457/6459/1432 6455/6457/1431
f 6460/6458/1433 6459/6461/1435 6457/6459/1432
f 6462/6460/1434 6461/6463/1437 6459/6461/1435
f 6464/6462/1436 6463/6465/1439 6461/6463/1437
f 6466/6464/1438 6465/6467/1441 6463/6465/1439
f 6468/6466/1440 6467/6469/1440 6465/6467/1441
f 6470/6468/1442 6469/6471/1442 6467/6469/1440
f 6472/6470/1443 6471/6473/1443 6469/6471/1442
f 6474/6472/1444 6473/6475/1444 6471/6473/1443
f 6476/6474/1445 6475/6477/1445 6473/6475/1444
f 6478/6476/1446 6477/6479/1446 6475/6477/1445
f 6480/6478/1447 6479/6481/1447 6477/6479/1446
f 6482/6480/1448 6481/6483/1448 6479/6481/1447
f 6484/6482/1449 6483/6485/1449 6481/6483/1448
f 6486/6484/1450 6485/6487/1450 6483/6485/1449
f 6488/6486/1451 6487/6489/1451 6485/6487/1450
f 6490/6488/1452 6489/6491/1453 6487/6489/1451
f 6492/6490/704 6491/6493/704 6489/6491/1453
f 6494/6492/1454 6493/6495/1454 6491/6493/704
f 6496/6494/1455 6495/6497/1455 6493/6495/1454
f 6498/6496/1456 6497/6499/1456 6495/6497/1455
f 6500/6498/1457 6499/6501/1457 6497/6499/1456
f 6502/6500/1458 6501/6503/1458 6499/6501/1457
f 6504/6502/1459 6503/6505/1459 6501/6503/1458
f 6506/6504/1460 6505/6507/1460 6503/6505/1459
f 6508/6506/259 6507/6509/259 6505/6507/1460
f 6510/6508/1461 6509/6511/1461 6507/6509/259
f 6512/6510/1462 6511/6513/1464 6509/6511/1461
f 6514/6512/1463 6513/6515/1463 6511/6513/1464
f 6516/6514/1465 6515/6517/1465 6513/6515/1463
f 6518/6516/1466 6517/6519/1466 6515/6517/1465
f 6520/6518/1467 6519/6521/1467 6517/6519/1466
f 6522/6520/1468 6521/6523/1468 6519/6521/1467
f 6524/6522/1469 6523/6525/1469 6521/6523/1468
f 6526/6524/1470 6525/6527/1470 6523/6525/1469
f 6528/6526/1471 6527/6529/1471 6525/6527/1470
f 6530/6528/1472 6529/6531/1472 6527/6529/1471
f 6532/6530/1473 6531/6533/1473 6529/6531/1472
f 6534/6532/1474 6533/6535/1474 6531/6533/1473
f 6536/6534/1475 6535/6537/1475 6533/6535/1474
f 6538/6536/1476 6537/6539/1476 6535/6537/1475
f 6540/6538/1477 6539/6541/1477 6537/6539/1476
f 6542/6540/1478 6541/6543/1478 6539/6541/1477
f 6544/6542/1479 6543/6545/1479 6541/6543/1478
f 6546/6544/1480 6545/6547/1480 6543/6545/1479
f 6548/6546/1481 6547/6549/1481 6545/6547/1480
f 6550/6548/1482 6549/6551/1482 6547/6549/1481
f 6552/6550/1483 6551/6553/1483 6549/6551/1482
f 6554/6552/1484 6553/6555/1484 6551/6553/1483
f 6556/6554/1077 6555/6557/1077 6553/6555/1484
f 6558/6556/225 6557/6559/225 6555/6557/1077
f 6560/6558/1485 6559/6561/1487 6557/6559/225
f 6562/6560/1486 6561/6563/1486 6559/6561/1487
f 6564/6562/1488 6563/6565/1488 6561/6563/1486
f 6566/6564/1489 6565/6567/1489 6563/6565/1488
f 6568/6566/1490 6567/6569/1492 6565/6567/1489
f 6570/6568/1491 6569/6571/1491 6567/6569/1492
f 6572/6570/1493 6571/6573/1493 6569/6571/1491
f 6574/6572/1254 6573/6575/1254 6571/6573/1493
f 6576/6574/1494 6575/6577/1494 6573/6575/1254
f 6578/6576/1495 6577/6579/1495 6575/6577/1494
f 6580/6578/1496 6579/6581/1496 6577/6579/1495
f 6582/6580/1497 6581/6583/1497 6579/6581/1496
f 6584/6582/1498 6583/6585/1498 6581/6583/1497
f 6586/6584/1499 6585/6587/1501 6583/6585/1498
f 6588/6586/1500 6587/6589/1500 6585/6587/1501
f 6590/6588/1502 6589/6591/1502 6587/6589/1500
f 6592/6590/1503 6591/6593/1503 6589/6591/1502
f 6594/6592/1504 6593/6595/1504 6591/6593/1503
f 6596/6594/1505 6595/6597/1505 6593/6595/1504
f 6598/6596/1506 6597/6599/1506 6595/6597/1505
f 6600/6598/588 6599/6601/588 6597/6599/1506
f 6602/6600/1507 6601/6603/1507 6599/6601/588
f 6604/6602/1508 6603/6605/1508 6601/6603/1507
f 6606/6604/1509 6605/6607/1509 6603/6605/1508
f 6608/6606/1510 6607/6609/1510 6605/6607/1509
f 6610/6608/1511 6609/6611/1511 6607/6609/1510
f 6612/6610/1512 6611/6613/1512 6609/6611/1511
f 6614/6612/1513 6613/6615/1513 6611/6613/1512
f 6616/6614/1514 6615/6617/1516 6613/6615/1513
f 6618/6616/1515 6617/6619/1518 6615/6617/1516
f 6620/6618/1517 6619/6621/1520 6617/6619/1518
f 6622/6620/1519 6621/6623/1522 6619/6621/1520
f 6624/6622/1521 6623/6625/1524 6621/6623/1522
f 6626/6624/1523 6625/6627/1526 6623/6625/1524
f 6628/6626/1525 6627/6629/1528 6625/6627/1526
f 6630/6628/1527 6629/6631/1530 6627/6629/1528
f 6632/6630/1529 6631/6633/1532 6629/6631/1530
f 6634/6632/1531 6633/6635/1534 6631/6633/1532
f 6636/6634/1533 6635/6637/1533 6633/6635/1534
f 6638/6636/1535 6637/6639/1537 6635/6637/1533
f 6640/6638/1536 6639/6641/1536 6637/6639/1537
f 6642/6640/1538 6641/6643/1538 6639/6641/1536
f 6644/6642/1539 6643/6645/1541 6641/6643/1538
f 6646/6644/1540 6645/6647/1540 6643/6645/1541
f 6648/6646/1542 6647/6649/1544 6645/6647/1540
f 6650/6648/1543 6649/6651/1543 6647/6649/1544
f 6652/6650/1545 6651/6653/1545 6649/6651/1543
f 6654/6652/1546 6653/6655/1548 6651/6653/1545
f 6656/6654/1547 6655/6657/1547 6653/6655/1548
f 6658/6656/1549 6657/6659/1549 6655/6657/1547
f 6660/6658/1550 6659/6661/1552 6657/6659/1549
f 6662/6660/1551 6661/6663/1554 6659/6661/1552
f 6664/6662/1553 6663/6665/1556 6661/6663/1554
f 6666/6664/1555 6665/6667/1558 6663/6665/1556
f 6668/6666/1557 6667/6669/1559 6665/6667/1558
f 6670/6668/1117 6669/6671/1117 6667/6669/1559
f 6672/6670/1560 6671/6673/1560 6669/6671/1117
f 6674/6672/1561 6673/6675/1563 6671/6673/1560
f 6676/6674/1562 6675/6677/1565 6673/6675/1563
f 6678/6676/1564 6677/6679/1567 6675/6677/1565
f 6680/6678/1566 6679/6681/1569 6677/6679/1567
f 6682/6680/1568 6681/6683/1571 6679/6681/1569
f 6684/6682/1570 6683/6685/1572 6681/6683/1571
f 6686/6684/81 6685/6687/1574 6683/6685/1572
f 6688/6686/1573 6687/6689/1576 6685/6687/1574
f 6690/6688/1575 6689/6691/1575 6687/6689/1576
f 6692/6690/1577 6691/6693/1577 6689/6691/1575
f 6694/6692/1578 6693/6695/1578 6691/6693/1577
f 6696/6694/1579 6695/6697/1579 6693/6695/1578
f 6698/6696/1580 6697/6699/1580 6695/6697/1579
f 6700/6698/1581 6699/6701/1581 6697/6699/1580
f 6702/6700/1582 6701/6703/1582 6699/6701/1581
f 6704/6702/1583 6703/6705/1583 6701/6703/1582
f 6706/6704/1584 6705/6707/1584 6703/6705/1583
f 6708/6706/1585 6707/6709/1585 6705/6707/1584
f 6710/6708/1586 6709/6711/1586 6707/6709/1585
f 6712/6710/1587 6711/6713/1589 6709/6711/1586
f 6714/6712/1588 6713/6715/1588 6711/6713/1589
f 6716/6714/1590 6715/6717/1590 6713/6715/1588
f 6718/6716/706 6717/6719/706 6715/6717/1590
f 6720/6718/1591 6719/6721/1591 6717/6719/706
f 6722/6720/1592 6721/6723/1592 6719/6721/1591
f 6724/6722/1593 6723/6725/1593 6721/6723/1592
f 6726/6724/1594 6725/6727/1594 6723/6725/1593
f 6728/6726/1595 6727/6729/1595 6725/6727/1594
f 6730/6728/173 6729/6731/173 6727/6729/1595
f 6732/6730/1596 6731/6733/1596 6729/6731/173
f 6734/6732/1597 6733/6735/1597 6731/6733/1596
f 6736/6734/1598 6735/6737/1598 6733/6735/1597
f 6738/6736/1599 6737/6739/1599 6735/6737/1598
f 6740/6738/1600 6739/6741/1600 6737/6739/1599
f 6742/6740/1601 6741/6743/1601 6739/6741/1600
f 6744/6742/1602 6743/6745/1602 6741/6743/1601
f 6746/6744/1603 6745/6747/1603 6743/6745/1602
f 6748/6746/1470 6747/6749/1470 6745/6747/1603
f 6750/6748/1604 6749/6751/1604 6747/6749/1470
f 6752/6750/1605 6751/6753/1605 6749/6751/1604
f 6754/6752/1606 6753/6755/1606 6751/6753/1605
f 6756/6754/1607 6755/6757/1607 6753/6755/1606
f 6758/6756/1608 6757/6759/1610 6755/6757/1607
f 6760/6758/1609 6759/6761/1609 6757/6759/1610
f 6762/6760/1611 6761/6763/1611 6759/6761/1609
f 6764/6762/1612 6763/6765/1612 6761/6763/1611
f 6766/6764/167 6765/6767/167 6763/6765/1612
f 6768/6766/643 6767/6769/643 6765/6767/167
f 6770/6768/1613 6769/6771/1613 6767/6769/643
f 6772/6770/1614 6771/6773/1614 6769/6771/1613
f 6774/6772/1615 6773/6775/1615 6771/6773/1614
f 6776/6774/1616 6775/6777/1616 6773/6775/1615
f 6778/6776/229 6777/6779/229 6775/6777/1616
f 6780/6778/1617 6779/6781/1617 6777/6779/229
f 6782/6780/1618 6781/6783/1618 6779/6781/1617
f 6784/6782/1619 6783/6785/1619 6781/6783/1618
f 6786/6784/1620 6785/6787/1620 6783/6785/1619
f 6788/6786/1621 6787/6789/1621 6785/6787/1620
f 6790/6788/1622 6789/6791/1622 6787/6789/1621
f 6792/6790/1623 6791/6793/1625 6789/6791/1622
f 6794/6792/1624 6793/6795/1624 6791/6793/1625
f 6796/6794/1626 6795/6797/1626 6793/6795/1624
f 6798/6796/1627 6797/6799/1627 6795/6797/1626
f 6800/6798/1628 6799/6801/1628 6797/6799/1627
f 6802/6800/1629 6801/6803/1629 6799/6801/1628
f 6804/6802/1630 6803/6805/1630 6801/6803/1629
f 6806/6804/1631 6805/6807/1631 6803/6805/1630
f 6808/6806/1632 6807/6809/1632 6805/6807/1631
f 6810/6808/1633 6809/6811/1633 6807/6809/1632
f 6812/6810/1634 6811/6813/1634 6809/6811/1633
f 6814/6812/1635 6813/6815/1635 6811/6813/1634
f 6816/6814/1636 6815/6817/1636 6813/6815/1635
f 6818/6816/1637 6817/6819/1637 6815/6817/1636
f 6820/6818/1638 6819/6821/1638 6817/6819/1637
f 6822/6820/1639 6821/6823/1641 6819/6821/1638
f 6824/6822/1640 6823/6825/1640 6821/6823/1641
f 6826/6824/1642 6825/6827/1642 6823/6825/1640
f 6828/6826/1643 6827/6829/1643 6825/6827/1642
f 6830/6828/1644 6829/6831/1644 6827/6829/1643
f 6832/6830/1645 6831/6833/1645 6829/6831/1644
f 6834/6832/1646 6833/6835/1646 6831/6833/1645
f 6836/6834/1647 6835/6837/1647 6833/6835/1646
f 6838/6836/1648 6837/6839/1648 6835/6837/1647
f 6840/6838/1649 6839/6841/1651 6837/6839/1648
f 6842/6840/1650 6841/6843/1653 6839/6841/1651
f 6844/6842/1652 6843/6845/1652 6841/6843/1653
f 6846/6844/1654 6845/6847/1654 6843/6845/1652
f 6848/6846/1655 6847/6849/1655 6845/6847/1654
f 6850/6848/1656 6849/6851/1656 6847/6849/1655
f 6852/6850/1657 6851/6853/1657 6849/6851/1656
f 6854/6852/1658 6853/6855/1658 6851/6853/1657
f 6856/6854/1659 6855/6857/1659 6853/6855/1658
f 6858/6856/1660 6857/6859/1660 6855/6857/1659
f 6860/6858/1661 6859/6861/1661 6857/6859/1660
f 6862/6860/1662 6861/6863/1662 6859/6861/1661
f 6864/6862/1663 6863/6865/1663 6861/6863/1662
f 6866/6864/16 6865/6867/16 6863/6865/1663
f 6868/6866/1664 6867/6869/1664 6865/6867/16
f 6870/6868/1665 6869/6871/1665 6867/6869/1664
f 6872/6870/1666 6871/6873/1666 6869/6871/1665
f 6874/6872/1667 6873/6875/1667 6871/6873/1666
f 6876/6874/1668 6875/6877/1670 6873/6875/1667
f 6878/6876/1669 6877/6879/1669 6875/6877/1670
f 6880/6878/1671 6879/6881/1671 6877/6879/1669
f 6882/6880/1672 6881/6883/1672 6879/6881/1671
f 6884/6882/1673 6883/6885/1673 6881/6883/1672
f 6886/6884/1674 6885/6887/1674 6883/6885/1673
f 6888/6886/1675 6887/6889/1675 6885/6887/1674
f 6890/6888/1676 6889/6891/1676 6887/6889/1675
f 6892/6890/1677 6891/6893/1677 6889/6891/1676
f 6894/6892/1678 6893/6895/1678 6891/6893/1677
f 6896/6894/1679 6895/6897/1679 6893/6895/1678
f 6898/6896/1680 6897/6899/1680 6895/6897/1679
f 6900/6898/1681 6899/6901/1683 6897/6899/1680
f 6902/6900/1682 6901/6903/1682 6899/6901/1683
f 6904/6902/1684 6903/6905/1686 6901/6903/1682
f 6906/6904/1685 6905/6907/1688 6903/6905/1686
f 6908/6906/1687 6907/6909/1687 6905/6907/1688
f 6910/6908/1689 6909/6911/1689 6907/6909/1687
f 6912/6910/1690 6911/6913/1690 6909/6911/1689
f 6914/6912/1691 6913/6915/1691 6911/6913/1690
f 6916/6914/1692 6915/6917/370 6913/6915/1691
f 6918/6916/1693 6917/6919/1693 6915/6917/370
f 6920/6918/1694 6919/6921/1696 6917/6919/1693
f 6922/6920/1695 6921/6923/1697 6919/6921/1696
f 6924/6922/51 6923/6925/1699 6921/6923/1697
f 6926/6924/1698 6925/6927/1701 6923/6925/1699
f 6928/6926/1700 6927/6929/1703 6925/6927/1701
f 6930/6928/1702 6929/6931/1705 6927/6929/1703
f 6932/6930/1704 6931/6933/1707 6929/6931/1705
f 6934/6932/1706 6933/6935/1709 6931/6933/1707
f 6936/6934/1708 6935/6937/1711 6933/6935/1709
f 6938/6936/1710 6937/6939/1710 6935/6937/1711
f 6940/6938/1712 6939/6941/1713 6937/6939/1710
f 6942/6940/66 6941/6943/1714 6939/6941/1713
f 6944/6942/65 6943/6945/68 6941/6943/1714
f 6946/6944/67 6945/6947/70 6943/6945/68
f 6948/6946/69 6947/6949/1190 6945/6947/70
f 6950/6948/71 6949/6951/1715 6947/6949/1190
f 6952/6950/1191 6951/6953/1191 6949/6951/1715
f 6954/6952/73 6953/6955/73 6951/6953/1191
f 6956/6954/1716 6955/6957/1717 6953/6955/73
f 6958/6956/77 6957/6959/75 6955/6957/1717
f 6960/6958/76 6959/6961/76 6957/6959/75
f 6962/6960/78 6961/6963/78 6959/6961/76
f 6964/6962/79 6963/6965/79 6961/6963/78
f 6966/6964/1718 6965/6967/1718 6963/6965/79
f 6968/6966/1719 6967/6969/1719 6965/6967/1718
f 6970/6968/1720 6969/6971/1722 6967/6969/1719
f 6972/6970/1721 6971/6973/1721 6969/6971/1722
f 6974/6972/1723 6973/6975/1723 6971/6973/1721
f 6976/6974/1724 6975/6977/1724 6973/6975/1723
f 6978/6976/1725 6977/6979/1725 6975/6977/1724
f 6980/6978/1726 6979/6981/1726 6977/6979/1725
f 6982/6980/1727 6981/6983/1727 6979/6981/1726
f 6984/6982/1728 6983/6985/1728 6981/6983/1727
f 6986/6984/1729 6985/6987/1729 6983/6985/1728
f 6988/6986/1730 6987/6989/1730 6985/6987/1729
f 6990/6988/1731 6989/6991/1731 6987/6989/1730
f 6992/6990/1732 6991/6993/1732 6989/6991/1731
f 6994/6992/1733 6993/6995/1733 6991/6993/1732
f 6996/6994/1734 6995/6997/1734 6993/6995/1733
f 6998/6996/1735 6997/6999/1735 6995/6997/1734
f 7000/6998/1736 6999/7001/1736 6997/6999/1735
f 7002/7000/1737 7001/7003/1737 6999/7001/1736
f 7004/7002/1738 7003/7005/1738 7001/7003/1737
f 7006/7004/1739 7005/7007/1739 7003/7005/1738
f 7008/7006/1740 7007/7009/1740 7005/7007/1739
f 7010/7008/1098 7009/7011/1098 7007/7009/1740
f 7012/7010/1741 7011/7013/1741 7009/7011/1098
f 7014/7012/1742 7013/7015/1744 7011/7013/1741
f 7016/7014/1743 7015/7017/1743 7013/7015/1744
f 7018/7016/1745 7017/7019/1747 7015/7017/1743
f 7020/7018/1746 7019/7021/1749 7017/7019/1747
f 7022/7020/1748 7021/7023/1751 7019/7021/1749
f 7024/7022/1750 7023/7025/1753 7021/7023/1751
f 7026/7024/1752 7025/7027/1754 7023/7025/1753
f 7028/7026/846 7027/7029/1756 7025/7027/1754
f 7030/7028/1755 7029/7031/1758 7027/7029/1756
f 7032/7030/1757 7031/7033/1760 7029/7031/1758
f 7034/7032/1759 7033/7035/1759 7031/7033/1760
f 7036/7034/1761 7035/7037/1761 7033/7035/1759
f 7038/7036/1762 7037/7039/1764 7035/7037/1761
f 7040/7038/1763 7039/7041/1766 7037/7039/1764
f 7042/7040/1765 7041/7043/1768 7039/7041/1766
f 7044/7042/1767 7043/7045/1767 7041/7043/1768
f 7046/7044/1769 7045/7047/1770 7043/7045/1767
f 7048/7046/877 7047/7049/1772 7045/7047/1770
f 7050/7048/1771 7049/7051/1774 7047/7049/1772
f 7052/7050/1773 7051/7053/1776 7049/7051/1774
f 7054/7052/1775 7053/7055/1775 7051/7053/1776
f 7056/7054/1777 7055/7057/1779 7053/7055/1775
f 7058/7056/1778 7057/7059/1781 7055/7057/1779
f 7060/7058/1780 7059/7061/1783 7057/7059/1781
f 7062/7060/1782 7061/7063/614 7059/7061/1783
f 7064/7062/1784 7063/7065/1784 7061/7063/614
f 7066/7064/1785 7065/7067/1785 7063/7065/1784
f 7068/7066/1786 7067/7069/1788 7065/7067/1785
f 7070/7068/1787 7069/7071/1787 7067/7069/1788
f 7072/7070/1789 7071/7073/1791 7069/7071/1787
f 7074/7072/1790 7073/7075/1790 7071/7073/1791
f 7076/7074/1415 7075/7077/1415 7073/7075/1790
f 7078/7076/1792 7077/7079/1792 7075/7077/1415
f 7080/7078/1793 7079/7081/1793 7077/7079/1792
f 7082/7080/1794 7081/7083/1794 7079/7081/1793
f 7084/7082/128 7083/7085/128 7081/7083/1794
f 7086/7084/1795 7085/7087/1795 7083/7085/128
f 7088/7086/1796 7087/7089/1796 7085/7087/1795
f 7090/7088/1797 7089/7091/1797 7087/7089/1796
f 7092/7090/1798 7091/7093/1798 7089/7091/1797
f 7094/7092/1799 7093/7095/1800 7091/7093/1798
f 7096/7094/853 7095/7097/853 7093/7095/1800
f 7098/7096/1801 7097/7099/1803 7095/7097/853
f 7100/7098/1802 7099/7101/1802 7097/7099/1803
f 7102/7100/1804 7101/7103/1806 7099/7101/1802
f 7104/7102/1805 7103/7105/1805 7101/7103/1806
f 7106/7104/1807 7105/7107/1809 7103/7105/1805
f 7108/7106/1808 7107/7109/1811 7105/7107/1809
f 7110/7108/1810 7109/7111/1813 7107/7109/1811
f 7112/7110/1812 7111/7113/1815 7109/7111/1813
f 7114/7112/1814 7113/7115/1814 7111/7113/1815
f 7116/7114/1816 7115/7117/1818 7113/7115/1814
f 7118/7116/1817 7117/7119/1819 7115/7117/1818
f 7120/7118/887 7119/7121/1821 7117/7119/1819
f 7122/7120/1820 7121/7123/1820 7119/7121/1821
f 7124/7122/1822 7123/7125/1822 7121/7123/1820
f 7126/7124/1823 7125/7127/1825 7123/7125/1822
f 7128/7126/1824 7127/7129/1824 7125/7127/1825
f 7130/7128/1826 7129/7131/1826 7127/7129/1824
f 7132/7130/1827 7131/7133/1827 7129/7131/1826
f 7134/7132/1828 7133/7135/1828 7131/7133/1827
f 7136/7134/1829 7135/7137/1829 7133/7135/1828
f 7138/7136/1830 7137/7139/1830 7135/7137/1829
f 7140/7138/1831 7139/7141/1831 7137/7139/1830
f 7142/7140/1832 7141/7143/1832 7139/7141/1831
f 7144/7142/1833 7143/7145/1833 7141/7143/1832
f 7146/7144/1834 7145/7147/1836 7143/7145/1833
f 7148/7146/1835 7147/7149/1835 7145/7147/1836
f 7150/7148/1837 7149/7151/1837 7147/7149/1835
f 7152/7150/1838 7151/7153/1838 7149/7151/1837
f 7154/7152/1839 7153/7155/1841 7151/7153/1838
f 7156/7154/1840 7155/7157/1840 7153/7155/1841
f 7158/7156/1842 7157/7159/1844 7155/7157/1840
f 7160/7158/1843 7159/7161/1843 7157/7159/1844
f 7162/7160/1845 7161/7163/1845 7159/7161/1843
f 7164/7162/1846 7163/7165/1846 7161/7163/1845
f 7166/7164/1847 7165/7167/1847 7163/7165/1846
f 7168/7166/1848 7167/7169/1848 7165/7167/1847
f 7170/7168/1849 7169/7171/1851 7167/7169/1848
f 7172/7170/1850 7171/7173/1850 7169/7171/1851
f 7174/7172/1852 7173/7175/1852 7171/7173/1850
f 7176/7174/299 7175/7177/299 7173/7175/1852
f 7178/7176/1853 7177/7179/1853 7175/7177/299
f 7180/7178/1854 7179/7180/1854 7177/7179/1853
f 6220/6221/1307 6219/6220/1307 7179/7180/1854
f 7184/7181/1855 7183/7185/1855 7181/7182/1856
f 7186/7184/1857 7185/7187/1857 7183/7185/1855
f 7188/7186/1858 7187/7189/1858 7185/7187/1857
f 7190/7188/1859 7189/7191/1859 7187/7189/1858
f 7192/7190/1860 7191/7193/1860 7189/7191/1859
f 7194/7192/1861 7193/7195/1861 7191/7193/1860
f 7196/7194/1862 7195/7197/1864 7193/7195/1861
f 7198/7196/1863 7197/7199/1863 7195/7197/1864
f 7200/7198/1865 7199/7201/1865 7197/7199/1863
f 7202/7200/1866 7201/7203/1866 7199/7201/1865
f 7204/7202/1867 7203/7205/1867 7201/7203/1866
f 7206/7204/1868 7205/7207/1868 7203/7205/1867
f 7208/7206/1869 7207/7209/1871 7205/7207/1868
f 7210/7208/1870 7209/7211/1873 7207/7209/1871
f 7212/7210/1872 7211/7213/1875 7209/7211/1873
f 7214/7212/1874 7213/7215/1874 7211/7213/1875
f 7216/7214/1876 7215/7217/1878 7213/7215/1874
f 7218/7216/1877 7217/7219/1880 7215/7217/1878
f 7220/7218/1879 7219/7221/1882 7217/7219/1880
f 7222/7220/1881 7221/7223/1881 7219/7221/1882
f 7224/7222/1883 7223/7225/1885 7221/7223/1881
f 7226/7224/1884 7225/7227/1884 7223/7225/1885
f 7228/7226/1886 7227/7229/1888 7225/7227/1884
f 7230/7228/1887 7229/7231/1887 7227/7229/1888
f 7232/7230/1536 7231/7233/1536 7229/7231/1887
f 7234/7232/1889 7233/7235/1889 7231/7233/1536
f 7236/7234/1890 7235/7237/1890 7233/7235/1889
f 7238/7236/1891 7237/7239/1891 7235/7237/1890
f 7240/7238/1892 7239/7241/1894 7237/7239/1891
f 7242/7240/1893 7241/7243/1893 7239/7241/1894
f 7244/7242/1895 7243/7245/1895 7241/7243/1893
f 7246/7244/1896 7245/7247/1896 7243/7245/1895
f 7248/7246/1897 7247/7249/1897 7245/7247/1896
f 7250/7248/1898 7249/7251/1898 7247/7249/1897
f 7252/7250/1899 7251/7253/1899 7249/7251/1898
f 7254/7252/1900 7253/7255/1900 7251/7253/1899
f 7256/7254/1901 7255/7257/1903 7253/7255/1900
f 7258/7256/1902 7257/7259/1905 7255/7257/1903
f 7260/7258/1904 7259/7261/1904 7257/7259/1905
f 7262/7260/1906 7261/7263/1908 7259/7261/1904
f 7264/7262/1907 7263/7265/1910 7261/7263/1908
f 7266/7264/1909 7265/7267/1912 7263/7265/1910
f 7268/7266/1911 7267/7269/1914 7265/7267/1912
f 7270/7268/1913 7269/7271/1916 7267/7269/1914
f 7272/7270/1915 7271/7273/1918 7269/7271/1916
f 7274/7272/1917 7273/7275/1920 7271/7273/1918
f 7276/7274/1919 7275/7277/1919 7273/7275/1920
f 7278/7276/1921 7277/7279/1921 7275/7277/1919
f 7280/7278/1922 7279/7281/1924 7277/7279/1921
f 7282/7280/1923 7281/7283/1923 7279/7281/1924
f 7284/7282/1925 7283/7285/1927 7281/7283/1923
f 7286/7284/1926 7285/7287/1926 7283/7285/1927
f 7288/7286/1928 7287/7289/1928 7285/7287/1926
f 7290/7288/1929 7289/7291/1929 7287/7289/1928
f 7292/7290/1930 7291/7293/1930 7289/7291/1929
f 7294/7292/1931 7293/7295/1931 7291/7293/1930
f 7296/7294/1932 7295/7297/1932 7293/7295/1931
f 7298/7296/1933 7297/7299/1933 7295/7297/1932
f 7300/7298/1934 7299/7301/1936 7297/7299/1933
f 7302/7300/1935 7301/7303/1935 7299/7301/1936
f 7304/7302/1937 7303/7305/1937 7301/7303/1935
f 7306/7304/1938 7305/7307/1938 7303/7305/1937
f 7308/7306/1939 7307/7309/1939 7305/7307/1938
f 7310/7308/1940 7309/7311/1940 7307/7309/1939
f 7312/7310/1941 7311/7313/1941 7309/7311/1940
f 7314/7312/1942 7313/7315/1942 7311/7313/1941
f 7316/7314/1943 7315/7317/1943 7313/7315/1942
f 7318/7316/1944 7317/7319/1944 7315/7317/1943
f 7320/7318/1945 7319/7321/1945 7317/7319/1944
f 7322/7320/1946 7321/7323/1946 7319/7321/1945
f 7324/7322/1947 7323/7325/1947 7321/7323/1946
f 7326/7324/1948 7325/7327/1948 7323/7325/1947
f 7328/7326/1949 7327/7329/1949 7325/7327/1948
f 7330/7328/1950 7329/7331/1950 7327/7329/1949
f 7332/7330/1951 7331/7333/1951 7329/7331/1950
f 7334/7332/1952 7333/7335/1952 7331/7333/1951
f 7336/7334/1953 7335/7337/1953 7333/7335/1952
f 7338/7336/1954 7337/7339/1954 7335/7337/1953
f 7340/7338/1955 7339/7341/1955 7337/7339/1954
f 7342/7340/1956 7341/7343/1956 7339/7341/1955
f 7344/7342/1957 7343/7345/1957 7341/7343/1956
f 7346/7344/1958 7345/7347/1958 7343/7345/1957
f 7348/7346/1959 7347/7349/1959 7345/7347/1958
f 7350/7348/1960 7349/7351/1960 7347/7349/1959
f 7352/7350/1961 7351/7353/1961 7349/7351/1960
f 7354/7352/1962 7353/7355/1964 7351/7353/1961
f 7356/7354/1963 7355/7357/1963 7353/7355/1964
f 7358/7356/1965 7357/7359/1967 7355/7357/1963
f 7360/7358/1966 7359/7361/1966 7357/7359/1967
f 7362/7360/1968 7361/7363/1970 7359/7361/1966
f 7364/7362/1969 7363/7365/1969 7361/7363/1970
f 7366/7364/1971 7365/7367/1971 7363/7365/1969
f 7368/7366/1972 7367/7369/1974 7365/7367/1971
f 7370/7368/1973 7369/7371/1976 7367/7369/1974
f 7372/7370/1975 7371/7373/1975 7369/7371/1976
f 7374/7372/1977 7373/7375/1977 7371/7373/1975
f 7376/7374/1978 7375/7377/1980 7373/7375/1977
f 7378/7376/1979 7377/7379/1979 7375/7377/1980
f 7380/7378/1981 7379/7381/1981 7377/7379/1979
f 7382/7380/1982 7381/7383/1982 7379/7381/1981
f 7384/7382/1983 7383/7385/1983 7381/7383/1982
f 7386/7384/1984 7385/7387/1986 7383/7385/1983
f 7388/7386/1985 7387/7389/1985 7385/7387/1986
f 7390/7388/1987 7389/7391/1987 7387/7389/1985
f 7392/7390/1988 7391/7393/1988 7389/7391/1987
f 7394/7392/1989 7393/7395/1989 7391/7393/1988
f 7396/7394/1990 7395/7397/1990 7393/7395/1989
f 7398/7396/1991 7397/7399/1991 7395/7397/1990
f 7400/7398/1992 7399/7401/1994 7397/7399/1991
f 7402/7400/1993 7401/7403/1993 7399/7401/1994
f 7404/7402/1995 7403/7405/1995 7401/7403/1993
f 7406/7404/1996 7405/7407/1996 7403/7405/1995
f 7408/7406/1997 7407/7409/1997 7405/7407/1996
f 7410/7408/1998 7409/7411/1998 7407/7409/1997
f 7412/7410/1999 7411/7413/2001 7409/7411/1998
f 7414/7412/2000 7413/7415/2000 7411/7413/2001
f 7416/7414/2002 7415/7417/2002 7413/7415/2000
f 7418/7416/2003 7417/7419/2003 7415/7417/2002
f 7420/7418/2004 7419/7421/2004 7417/7419/2003
f 7422/7420/2005 7421/7423/2007 7419/7421/2004
f 7424/7422/2006 7423/7425/2009 7421/7423/2007
f 7426/7424/2008 7425/7427/2008 7423/7425/2009
f 7428/7426/2010 7427/7429/2012 7425/7427/2008
f 7430/7428/2011 7429/7431/2014 7427/7429/2012
f 7432/7430/2013 7431/7433/2013 7429/7431/2014
f 7434/7432/2015 7433/7435/2017 7431/7433/2013
f 7436/7434/2016 7435/7437/2016 7433/7435/2017
f 7438/7436/2018 7437/7439/2020 7435/7437/2016
f 7440/7438/2019 7439/7441/2019 7437/7439/2020
f 7442/7440/2021 7441/7443/2021 7439/7441/2019
f 7444/7442/2022 7443/7445/2022 7441/7443/2021
f 7446/7444/2023 7445/7447/2023 7443/7445/2022
f 7448/7446/2024 7447/7449/2026 7445/7447/2023
f 7450/7448/2025 7449/7451/2028 7447/7449/2026
f 7452/7450/2027 7451/7453/2030 7449/7451/2028
f 7454/7452/2029 7453/7455/2029 7451/7453/2030
f 7456/7454/2031 7455/7457/2033 7453/7455/2029
f 7458/7456/2032 7457/7459/2032 7455/7457/2033
f 7460/7458/2034 7459/7461/2034 7457/7459/2032
f 7462/7460/2035 7461/7463/2035 7459/7461/2034
f 7464/7462/2036 7463/7465/2036 7461/7463/2035
f 7466/7464/2037 7465/7467/2039 7463/7465/2036
f 7468/7466/2038 7467/7469/2040 7465/7467/2039
f 7470/7468/794 7469/7471/794 7467/7469/2040
f 7472/7470/2041 7471/7473/2041 7469/7471/794
f 7474/7472/2042 7473/7475/2042 7471/7473/2041
f 7476/7474/2043 7475/7477/2043 7473/7475/2042
f 7478/7476/2044 7477/7479/2044 7475/7477/2043
f 7480/7478/2045 7479/7481/2045 7477/7479/2044
f 7482/7480/2046 7481/7483/2046 7479/7481/2045
f 7484/7482/2047 7483/7485/2049 7481/7483/2046
f 7486/7484/2048 7485/7487/2048 7483/7485/2049
f 7488/7486/2050 7487/7489/2050 7485/7487/2048
f 7490/7488/2051 7489/7491/2051 7487/7489/2050
f 7492/7490/2052 7491/7493/2054 7489/7491/2051
f 7494/7492/2053 7493/7495/2056 7491/7493/2054
f 7496/7494/2055 7495/7497/2058 7493/7495/2056
f 7498/7496/2057 7497/7499/2057 7495/7497/2058
f 7500/7498/2059 7499/7501/2059 7497/7499/2057
f 7502/7500/2060 7501/7503/2060 7499/7501/2059
f 7504/7502/2061 7503/7505/2061 7501/7503/2060
f 7506/7504/2062 7505/7507/2062 7503/7505/2061
f 7508/7506/2063 7507/7509/2063 7505/7507/2062
f 7510/7508/2064 7509/7511/2064 7507/7509/2063
f 7512/7510/2065 7511/7513/2065 7509/7511/2064
f 7514/7512/2066 7513/7515/2066 7511/7513/2065
f 7516/7514/2067 7515/7517/2067 7513/7515/2066
f 7518/7516/2068 7517/7519/2068 7515/7517/2067
f 7520/7518/2069 7519/7521/2069 7517/7519/2068
f 7522/7520/1856 7521/7523/1856 7519/7521/2069
f 7524/7522/2070 7523/7525/2070 7521/7523/1856
f 7526/7524/2071 7525/7527/2071 7523/7525/2070
f 7528/7526/2072 7527/7529/2072 7525/7527/2071
f 7530/7528/2073 7529/7531/2073 7527/7529/2072
f 7532/7530/2074 7531/7533/2074 7529/7531/2073
f 7534/7532/2075 7533/7535/2075 7531/7533/2074
f 7536/7534/2076 7535/7537/2076 7533/7535/2075
f 7538/7536/2077 7537/7539/2077 7535/7537/2076
f 7540/7538/2078 7539/7541/2078 7537/7539/2077
f 7542/7540/2079 7541/7543/2079 7539/7541/2078
f 7544/7542/2080 7543/7544/2080 7541/7543/2079
f 7182/7183/1856 7181/7182/1856 7543/7544/2080
