# Blender 4.2.1 LTS
# www.blender.org
mtllib RYOKU.mtl
o ryoku
v -1.557330 1.396178 -1.000000
v -0.062750 1.396178 -1.000000
v -0.041952 1.176158 -1.000000
v -0.016638 0.964854 -1.000000
v 0.013192 0.762264 -1.000000
v 0.047538 0.568390 -1.000000
v 0.086400 0.383232 -1.000000
v 0.129778 0.206788 -1.000000
v 0.177672 0.039060 -1.000000
v 0.230082 -0.119954 -1.000000
v 0.287008 -0.270252 -1.000000
v 0.348450 -0.411834 -1.000000
v 0.414409 -0.544702 -1.000000
v 0.484883 -0.668854 -1.000000
v 0.552545 -0.776923 -1.000000
v 0.622425 -0.881505 -1.000000
v 0.694524 -0.982602 -1.000000
v 0.768841 -1.080212 -1.000000
v 0.845376 -1.174336 -1.000000
v 0.924130 -1.264975 -1.000000
v 1.005103 -1.352127 -1.000000
v 1.088293 -1.435793 -1.000000
v 1.173702 -1.515973 -1.000000
v 1.261330 -1.592667 -1.000000
v 1.351176 -1.665875 -1.000000
v 1.443240 -1.735597 -1.000000
v 1.526352 -1.794048 -1.000000
v 1.612157 -1.850558 -1.000000
v 1.700656 -1.905127 -1.000000
v 1.791849 -1.957755 -1.000000
v 1.885736 -2.008442 -1.000000
v 1.982316 -2.057188 -1.000000
v 2.081590 -2.103993 -1.000000
v 2.183558 -2.148856 -1.000000
v 2.288220 -2.191779 -1.000000
v 2.395576 -2.232760 -1.000000
v 2.505625 -2.271800 -1.000000
v 2.618369 -2.308899 -1.000000
v 2.618864 -2.309355 -1.000000
v 2.619399 -2.309771 -1.000000
v 2.619973 -2.310148 -1.000000
v 2.620587 -2.310484 -1.000000
v 2.621241 -2.310781 -1.000000
v 2.621934 -2.311039 -1.000000
v 2.622667 -2.311257 -1.000000
v 2.623439 -2.311435 -1.000000
v 2.624251 -2.311574 -1.000000
v 2.625103 -2.311672 -1.000000
v 2.625994 -2.311732 -1.000000
v 2.626925 -2.311752 -1.000000
v 2.633303 -2.311415 -1.000000
v 2.639127 -2.310405 -1.000000
v 2.644396 -2.308721 -1.000000
v 2.649110 -2.306364 -1.000000
v 2.653269 -2.303334 -1.000000
v 2.656874 -2.299630 -1.000000
v 2.659925 -2.295252 -1.000000
v 2.662420 -2.290201 -1.000000
v 2.664361 -2.284477 -1.000000
v 2.665748 -2.278080 -1.000000
v 2.666580 -2.271008 -1.000000
v 2.666857 -2.263263 -1.000000
v 2.666798 -2.261402 -1.000000
v 2.666619 -2.259619 -1.000000
v 2.666322 -2.257915 -1.000000
v 2.665906 -2.256291 -1.000000
v 2.665371 -2.254746 -1.000000
v 2.664718 -2.253281 -1.000000
v 2.663945 -2.251894 -1.000000
v 2.663054 -2.250587 -1.000000
v 2.662044 -2.249359 -1.000000
v 2.660915 -2.248210 -1.000000
v 2.659667 -2.247141 -1.000000
v 2.658300 -2.246150 -1.000000
v 2.542685 -2.176507 -1.000000
v 2.430674 -2.105439 -1.000000
v 2.322269 -2.032944 -1.000000
v 2.217469 -1.959023 -1.000000
v 2.116273 -1.883676 -1.000000
v 2.018682 -1.806903 -1.000000
v 1.924697 -1.728703 -1.000000
v 1.834316 -1.649078 -1.000000
v 1.747540 -1.568027 -1.000000
v 1.664369 -1.485549 -1.000000
v 1.584803 -1.401645 -1.000000
v 1.508842 -1.316315 -1.000000
v 1.445122 -1.240176 -1.000000
v 1.383264 -1.161977 -1.000000
v 1.323267 -1.081717 -1.000000
v 1.265133 -0.999398 -1.000000
v 1.208860 -0.915019 -1.000000
v 1.154450 -0.828580 -1.000000
v 1.101901 -0.740081 -1.000000
v 1.051214 -0.649522 -1.000000
v 1.002389 -0.556903 -1.000000
v 0.955426 -0.462224 -1.000000
v 0.910324 -0.365485 -1.000000
v 0.867085 -0.266686 -1.000000
v 0.826500 -0.162321 -1.000000
v 0.788410 -0.051737 -1.000000
v 0.752817 0.065067 -1.000000
v 0.719719 0.188090 -1.000000
v 0.689116 0.317333 -1.000000
v 0.661010 0.452795 -1.000000
v 0.635399 0.594477 -1.000000
v 0.612284 0.742378 -1.000000
v 0.591664 0.896499 -1.000000
v 0.573541 1.056839 -1.000000
v 0.557913 1.223398 -1.000000
v 0.544780 1.396178 -1.000000
v 1.859669 1.396178 -1.000000
v 1.893639 1.395861 -1.000000
v 1.928044 1.394910 -1.000000
v 1.962885 1.393326 -1.000000
v 1.998162 1.391107 -1.000000
v 2.033875 1.388255 -1.000000
v 2.070023 1.384769 -1.000000
v 2.106607 1.380649 -1.000000
v 2.143627 1.375896 -1.000000
v 2.181082 1.370508 -1.000000
v 2.218974 1.364487 -1.000000
v 2.257301 1.357831 -1.000000
v 2.296064 1.350542 -1.000000
v 2.361666 1.575870 -1.000000
v 2.316307 1.568580 -1.000000
v 2.271503 1.561925 -1.000000
v 2.227253 1.555904 -1.000000
v 2.183558 1.550516 -1.000000
v 2.140418 1.545762 -1.000000
v 2.097832 1.541643 -1.000000
v 2.055801 1.538157 -1.000000
v 2.014325 1.535304 -1.000000
v 1.973403 1.533086 -1.000000
v 1.933035 1.531501 -1.000000
v 1.893223 1.530551 -1.000000
v 1.853965 1.530234 -1.000000
v 0.533372 1.530234 -1.000000
v 0.529727 1.589279 -1.000000
v 0.526399 1.650424 -1.000000
v 0.523389 1.713669 -1.000000
v 0.520695 1.779013 -1.000000
v 0.518318 1.846457 -1.000000
v 0.516258 1.916001 -1.000000
v 0.514515 1.987644 -1.000000
v 0.513089 2.061386 -1.000000
v 0.511980 2.137228 -1.000000
v 0.511187 2.215170 -1.000000
v 0.510712 2.295212 -1.000000
v 0.510553 2.377353 -1.000000
v 0.510791 2.417007 -1.000000
v 0.511504 2.457057 -1.000000
v 0.512693 2.497504 -1.000000
v 0.514356 2.538347 -1.000000
v 0.516496 2.579586 -1.000000
v 0.519110 2.621221 -1.000000
v 0.522200 2.663252 -1.000000
v 0.525765 2.705679 -1.000000
v 0.529806 2.748502 -1.000000
v 0.534322 2.791722 -1.000000
v 0.539314 2.835337 -1.000000
v 0.544780 2.879349 -1.000000
v 0.446437 2.869069 -1.000000
v 0.354868 2.859146 -1.000000
v 0.270073 2.849579 -1.000000
v 0.192052 2.840369 -1.000000
v 0.120805 2.831515 -1.000000
v 0.056332 2.823017 -1.000000
v -0.001367 2.814877 -1.000000
v -0.052291 2.807092 -1.000000
v -0.096442 2.799664 -1.000000
v -0.133818 2.792593 -1.000000
v -0.164420 2.785879 -1.000000
v -0.188249 2.779521 -1.000000
v -0.205105 2.773955 -1.000000
v -0.220495 2.767715 -1.000000
v -0.234419 2.760803 -1.000000
v -0.246878 2.753217 -1.000000
v -0.257871 2.744957 -1.000000
v -0.267399 2.736024 -1.000000
v -0.275460 2.726417 -1.000000
v -0.282056 2.716137 -1.000000
v -0.287186 2.705184 -1.000000
v -0.290850 2.693557 -1.000000
v -0.293049 2.681256 -1.000000
v -0.293782 2.668283 -1.000000
v -0.292495 2.653645 -1.000000
v -0.288632 2.639206 -1.000000
v -0.282195 2.624964 -1.000000
v -0.273182 2.610921 -1.000000
v -0.261595 2.597076 -1.000000
v -0.247433 2.583428 -1.000000
v -0.230696 2.569979 -1.000000
v -0.211384 2.556728 -1.000000
v -0.189497 2.543675 -1.000000
v -0.165035 2.530820 -1.000000
v -0.137998 2.518163 -1.000000
v -0.108386 2.505704 -1.000000
v -0.102681 2.066457 -1.000000
v -0.101612 2.030923 -1.000000
v -0.100304 1.993725 -1.000000
v -0.098759 1.954863 -1.000000
v -0.096977 1.914337 -1.000000
v -0.094956 1.872147 -1.000000
v -0.092698 1.828294 -1.000000
v -0.090202 1.782777 -1.000000
v -0.087469 1.735596 -1.000000
v -0.084498 1.686751 -1.000000
v -0.081289 1.636242 -1.000000
v -0.077843 1.584070 -1.000000
v -0.074159 1.530234 -1.000000
v -1.500285 1.530234 -1.000000
v -1.540811 1.578524 -1.000000
v -1.578722 1.622615 -1.000000
v -1.614019 1.662507 -1.000000
v -1.646701 1.698200 -1.000000
v -1.676768 1.729693 -1.000000
v -1.704221 1.756988 -1.000000
v -1.729060 1.780083 -1.000000
v -1.751283 1.798980 -1.000000
v -1.770893 1.813677 -1.000000
v -1.787887 1.824175 -1.000000
v -1.802267 1.830473 -1.000000
v -1.814033 1.832572 -1.000000
v -1.828274 1.830948 -1.000000
v -1.845328 1.826076 -1.000000
v -1.865195 1.817955 -1.000000
v -1.887874 1.806585 -1.000000
v -1.913366 1.791968 -1.000000
v -1.941671 1.774101 -1.000000
v -1.972788 1.752987 -1.000000
v -2.006718 1.728624 -1.000000
v -2.043461 1.701012 -1.000000
v -2.083016 1.670152 -1.000000
v -2.125384 1.636044 -1.000000
v -2.170565 1.598688 -1.000000
v -2.194710 1.577712 -1.000000
v -2.216755 1.557568 -1.000000
v -2.236701 1.538256 -1.000000
v -2.254548 1.519775 -1.000000
v -2.270295 1.502127 -1.000000
v -2.283942 1.485311 -1.000000
v -2.295490 1.469326 -1.000000
v -2.304938 1.454173 -1.000000
v -2.312286 1.439853 -1.000000
v -2.317535 1.426364 -1.000000
v -2.320685 1.413707 -1.000000
v -2.321734 1.401882 -1.000000
v -2.320368 1.390869 -1.000000
v -2.316268 1.378747 -1.000000
v -2.309434 1.365516 -1.000000
v -2.299867 1.351176 -1.000000
v -2.287567 1.335726 -1.000000
v -2.272533 1.319167 -1.000000
v -2.254766 1.301499 -1.000000
v -2.234265 1.282722 -1.000000
v -2.211031 1.262835 -1.000000
v -2.185064 1.241839 -1.000000
v -2.156363 1.219734 -1.000000
v -2.124929 1.196520 -1.000000
v -2.110846 0.871541 -1.000000
v -2.094267 0.563082 -1.000000
v -2.075193 0.271142 -1.000000
v -2.053623 -0.004279 -1.000000
v -2.029557 -0.263180 -1.000000
v -2.002995 -0.505562 -1.000000
v -1.973938 -0.731425 -1.000000
v -1.942384 -0.940769 -1.000000
v -1.908336 -1.133593 -1.000000
v -1.871791 -1.309897 -1.000000
v -1.832751 -1.469683 -1.000000
v -1.791215 -1.612950 -1.000000
v -1.767090 -1.681443 -1.000000
v -1.740350 -1.746213 -1.000000
v -1.710996 -1.807259 -1.000000
v -1.679027 -1.864582 -1.000000
v -1.644443 -1.918180 -1.000000
v -1.607245 -1.968055 -1.000000
v -1.567432 -2.014206 -1.000000
v -1.525005 -2.056634 -1.000000
v -1.479963 -2.095337 -1.000000
v -1.432307 -2.130317 -1.000000
v -1.382036 -2.161573 -1.000000
v -1.329150 -2.189105 -1.000000
v -1.296349 -2.204139 -1.000000
v -1.262597 -2.217865 -1.000000
v -1.227895 -2.230284 -1.000000
v -1.192242 -2.241396 -1.000000
v -1.155638 -2.251201 -1.000000
v -1.118083 -2.259698 -1.000000
v -1.079578 -2.266888 -1.000000
v -1.040122 -2.272771 -1.000000
v -0.999715 -2.277347 -1.000000
v -0.958357 -2.280615 -1.000000
v -0.916049 -2.282576 -1.000000
v -0.872790 -2.283229 -1.000000
v -0.856686 -2.282457 -1.000000
v -0.841653 -2.280139 -1.000000
v -0.827688 -2.276277 -1.000000
v -0.814794 -2.270870 -1.000000
v -0.802969 -2.263917 -1.000000
v -0.792213 -2.255420 -1.000000
v -0.782528 -2.245378 -1.000000
v -0.773911 -2.233790 -1.000000
v -0.766365 -2.220658 -1.000000
v -0.759888 -2.205981 -1.000000
v -0.754480 -2.189759 -1.000000
v -0.750143 -2.171991 -1.000000
v -0.743091 -2.140696 -1.000000
v -0.734297 -2.110509 -1.000000
v -0.723759 -2.081432 -1.000000
v -0.711479 -2.053464 -1.000000
v -0.697455 -2.026606 -1.000000
v -0.681689 -2.000856 -1.000000
v -0.664179 -1.976216 -1.000000
v -0.644926 -1.952685 -1.000000
v -0.623930 -1.930263 -1.000000
v -0.601192 -1.908950 -1.000000
v -0.576710 -1.888747 -1.000000
v -0.550485 -1.869652 -1.000000
v -0.523230 -1.851905 -1.000000
v -0.492806 -1.833841 -1.000000
v -0.459213 -1.815460 -1.000000
v -0.422450 -1.796762 -1.000000
v -0.382519 -1.777747 -1.000000
v -0.339418 -1.758415 -1.000000
v -0.293148 -1.738766 -1.000000
v -0.243709 -1.718800 -1.000000
v -0.191101 -1.698517 -1.000000
v -0.135323 -1.677918 -1.000000
v -0.076377 -1.657001 -1.000000
v -0.014261 -1.635768 -1.000000
v -0.011528 -1.634223 -1.000000
v -0.009032 -1.632440 -1.000000
v -0.006774 -1.630420 -1.000000
v -0.004754 -1.628162 -1.000000
v -0.002971 -1.625666 -1.000000
v -0.001426 -1.622933 -1.000000
v -0.000119 -1.619962 -1.000000
v 0.000951 -1.616753 -1.000000
v 0.001783 -1.613306 -1.000000
v 0.002377 -1.609622 -1.000000
v 0.002734 -1.605700 -1.000000
v 0.002852 -1.601541 -1.000000
v 0.002654 -1.593836 -1.000000
v 0.002060 -1.586883 -1.000000
v 0.001070 -1.580684 -1.000000
v -0.000317 -1.575237 -1.000000
v -0.002099 -1.570542 -1.000000
v -0.004278 -1.566601 -1.000000
v -0.006853 -1.563412 -1.000000
v -0.009824 -1.560975 -1.000000
v -0.013192 -1.559292 -1.000000
v -0.016955 -1.558361 -1.000000
v -0.021114 -1.558182 -1.000000
v -0.025670 -1.558757 -1.000000
v -0.130768 -1.572879 -1.000000
v -0.230240 -1.585774 -1.000000
v -0.324087 -1.597440 -1.000000
v -0.412309 -1.607879 -1.000000
v -0.494906 -1.617089 -1.000000
v -0.571877 -1.625072 -1.000000
v -0.643223 -1.631826 -1.000000
v -0.708943 -1.637352 -1.000000
v -0.769039 -1.641651 -1.000000
v -0.823509 -1.644721 -1.000000
v -0.872354 -1.646563 -1.000000
v -0.915573 -1.647177 -1.000000
v -0.940748 -1.646642 -1.000000
v -0.964933 -1.645038 -1.000000
v -0.988127 -1.642364 -1.000000
v -1.010331 -1.638620 -1.000000
v -1.031545 -1.633807 -1.000000
v -1.051768 -1.627924 -1.000000
v -1.071001 -1.620972 -1.000000
v -1.089244 -1.612950 -1.000000
v -1.106496 -1.603858 -1.000000
v -1.122758 -1.593697 -1.000000
v -1.138029 -1.582466 -1.000000
v -1.152310 -1.570166 -1.000000
v -1.164947 -1.557133 -1.000000
v -1.177188 -1.542753 -1.000000
v -1.189033 -1.527025 -1.000000
v -1.200482 -1.509952 -1.000000
v -1.211534 -1.491531 -1.000000
v -1.222191 -1.471763 -1.000000
v -1.232451 -1.450648 -1.000000
v -1.242315 -1.428187 -1.000000
v -1.251783 -1.404379 -1.000000
v -1.260854 -1.379223 -1.000000
v -1.269530 -1.352721 -1.000000
v -1.277809 -1.324872 -1.000000
v -1.300093 -1.244375 -1.000000
v -1.321306 -1.161660 -1.000000
v -1.341450 -1.076726 -1.000000
v -1.360525 -0.989574 -1.000000
v -1.378530 -0.900203 -1.000000
v -1.395465 -0.808614 -1.000000
v -1.411331 -0.714807 -1.000000
v -1.426127 -0.618781 -1.000000
v -1.439853 -0.520537 -1.000000
v -1.452510 -0.420074 -1.000000
v -1.464097 -0.317393 -1.000000
v -1.474615 -0.212493 -1.000000
v -1.483469 -0.113734 -1.000000
v -1.491966 -0.008557 -1.000000
v -1.500107 0.103037 -1.000000
v -1.507891 0.221049 -1.000000
v -1.515319 0.345479 -1.000000
v -1.522390 0.476326 -1.000000
v -1.529105 0.613591 -1.000000
v -1.535463 0.757273 -1.000000
v -1.541465 0.907373 -1.000000
v -1.547110 1.063890 -1.000000
v -1.552398 1.226825 -1.000000
v -1.557331 1.396178 1.000000
v -0.062750 1.396178 1.000000
v -0.041952 1.176158 1.000000
v -0.016638 0.964854 1.000000
v 0.013191 0.762264 1.000000
v 0.047537 0.568390 1.000000
v 0.086399 0.383232 1.000000
v 0.129777 0.206788 1.000000
v 0.177671 0.039060 1.000000
v 0.230082 -0.119954 1.000000
v 0.287008 -0.270252 1.000000
v 0.348450 -0.411834 1.000000
v 0.414409 -0.544702 1.000000
v 0.484883 -0.668854 1.000000
v 0.552545 -0.776922 1.000000
v 0.622425 -0.881505 1.000000
v 0.694524 -0.982602 1.000000
v 0.768841 -1.080212 1.000000
v 0.845376 -1.174336 1.000000
v 0.924130 -1.264975 1.000000
v 1.005102 -1.352127 1.000000
v 1.088293 -1.435793 1.000000
v 1.173702 -1.515973 1.000000
v 1.261330 -1.592667 1.000000
v 1.351176 -1.665875 1.000000
v 1.443240 -1.735597 1.000000
v 1.526352 -1.794048 1.000000
v 1.612157 -1.850558 1.000000
v 1.700656 -1.905127 1.000000
v 1.791849 -1.957755 1.000000
v 1.885736 -2.008442 1.000000
v 1.982316 -2.057188 1.000000
v 2.081590 -2.103993 1.000000
v 2.183558 -2.148856 1.000000
v 2.288220 -2.191779 1.000000
v 2.395576 -2.232760 1.000000
v 2.505625 -2.271800 1.000000
v 2.618369 -2.308899 1.000000
v 2.618864 -2.309355 1.000000
v 2.619399 -2.309771 1.000000
v 2.619973 -2.310148 1.000000
v 2.620587 -2.310484 1.000000
v 2.621241 -2.310781 1.000000
v 2.621934 -2.311039 1.000000
v 2.622667 -2.311257 1.000000
v 2.623439 -2.311435 1.000000
v 2.624251 -2.311574 1.000000
v 2.625103 -2.311672 1.000000
v 2.625994 -2.311732 1.000000
v 2.626925 -2.311752 1.000000
v 2.633303 -2.311415 1.000000
v 2.639127 -2.310405 1.000000
v 2.644396 -2.308721 1.000000
v 2.649110 -2.306364 1.000000
v 2.653269 -2.303334 1.000000
v 2.656874 -2.299630 1.000000
v 2.659925 -2.295252 1.000000
v 2.662420 -2.290201 1.000000
v 2.664361 -2.284477 1.000000
v 2.665748 -2.278080 1.000000
v 2.666580 -2.271008 1.000000
v 2.666857 -2.263263 1.000000
v 2.666798 -2.261402 1.000000
v 2.666619 -2.259619 1.000000
v 2.666322 -2.257915 1.000000
v 2.665906 -2.256291 1.000000
v 2.665371 -2.254746 1.000000
v 2.664718 -2.253281 1.000000
v 2.663945 -2.251894 1.000000
v 2.663054 -2.250587 1.000000
v 2.662044 -2.249359 1.000000
v 2.660915 -2.248210 1.000000
v 2.659667 -2.247141 1.000000
v 2.658300 -2.246150 1.000000
v 2.542685 -2.176507 1.000000
v 2.430674 -2.105439 1.000000
v 2.322269 -2.032944 1.000000
v 2.217469 -1.959023 1.000000
v 2.116273 -1.883676 1.000000
v 2.018682 -1.806903 1.000000
v 1.924696 -1.728703 1.000000
v 1.834316 -1.649078 1.000000
v 1.747540 -1.568027 1.000000
v 1.664369 -1.485549 1.000000
v 1.584803 -1.401645 1.000000
v 1.508842 -1.316315 1.000000
v 1.445122 -1.240176 1.000000
v 1.383264 -1.161977 1.000000
v 1.323267 -1.081717 1.000000
v 1.265133 -0.999398 1.000000
v 1.208860 -0.915019 1.000000
v 1.154449 -0.828580 1.000000
v 1.101901 -0.740081 1.000000
v 1.051214 -0.649522 1.000000
v 1.002389 -0.556903 1.000000
v 0.955426 -0.462224 1.000000
v 0.910324 -0.365485 1.000000
v 0.867085 -0.266686 1.000000
v 0.826500 -0.162321 1.000000
v 0.788410 -0.051737 1.000000
v 0.752816 0.065067 1.000000
v 0.719719 0.188090 1.000000
v 0.689116 0.317333 1.000000
v 0.661010 0.452795 1.000000
v 0.635399 0.594477 1.000000
v 0.612284 0.742378 1.000000
v 0.591664 0.896499 1.000000
v 0.573541 1.056839 1.000000
v 0.557913 1.223398 1.000000
v 0.544780 1.396178 1.000000
v 1.859669 1.396178 1.000000
v 1.893639 1.395861 1.000000
v 1.928044 1.394910 1.000000
v 1.962885 1.393326 1.000000
v 1.998162 1.391107 1.000000
v 2.033875 1.388255 1.000000
v 2.070023 1.384769 1.000000
v 2.106607 1.380649 1.000000
v 2.143627 1.375896 1.000000
v 2.181082 1.370508 1.000000
v 2.218974 1.364487 1.000000
v 2.257301 1.357831 1.000000
v 2.296064 1.350542 1.000000
v 2.361666 1.575870 1.000000
v 2.316307 1.568580 1.000000
v 2.271503 1.561925 1.000000
v 2.227253 1.555904 1.000000
v 2.183558 1.550516 1.000000
v 2.140418 1.545762 1.000000
v 2.097832 1.541643 1.000000
v 2.055801 1.538157 1.000000
v 2.014325 1.535304 1.000000
v 1.973403 1.533086 1.000000
v 1.933035 1.531501 1.000000
v 1.893222 1.530551 1.000000
v 1.853964 1.530234 1.000000
v 0.533371 1.530234 1.000000
v 0.529727 1.589279 1.000000
v 0.526399 1.650424 1.000000
v 0.523388 1.713669 1.000000
v 0.520695 1.779013 1.000000
v 0.518318 1.846457 1.000000
v 0.516258 1.916001 1.000000
v 0.514515 1.987644 1.000000
v 0.513089 2.061386 1.000000
v 0.511979 2.137228 1.000000
v 0.511187 2.215170 1.000000
v 0.510712 2.295212 1.000000
v 0.510553 2.377353 1.000000
v 0.510791 2.417007 1.000000
v 0.511504 2.457057 1.000000
v 0.512693 2.497504 1.000000
v 0.514356 2.538347 1.000000
v 0.516496 2.579586 1.000000
v 0.519110 2.621221 1.000000
v 0.522200 2.663252 1.000000
v 0.525765 2.705679 1.000000
v 0.529806 2.748502 1.000000
v 0.534322 2.791722 1.000000
v 0.539314 2.835337 1.000000
v 0.544780 2.879349 1.000000
v 0.446437 2.869069 1.000000
v 0.354868 2.859146 1.000000
v 0.270073 2.849579 1.000000
v 0.192052 2.840369 1.000000
v 0.120805 2.831515 1.000000
v 0.056332 2.823017 1.000000
v -0.001367 2.814877 1.000000
v -0.052291 2.807092 1.000000
v -0.096442 2.799664 1.000000
v -0.133818 2.792593 1.000000
v -0.164421 2.785879 1.000000
v -0.188249 2.779521 1.000000
v -0.205105 2.773955 1.000000
v -0.220495 2.767715 1.000000
v -0.234420 2.760803 1.000000
v -0.246878 2.753217 1.000000
v -0.257872 2.744957 1.000000
v -0.267399 2.736024 1.000000
v -0.275460 2.726417 1.000000
v -0.282056 2.716137 1.000000
v -0.287186 2.705184 1.000000
v -0.290851 2.693557 1.000000
v -0.293049 2.681256 1.000000
v -0.293782 2.668283 1.000000
v -0.292495 2.653645 1.000000
v -0.288632 2.639206 1.000000
v -0.282195 2.624964 1.000000
v -0.273183 2.610921 1.000000
v -0.261595 2.597076 1.000000
v -0.247433 2.583428 1.000000
v -0.230696 2.569979 1.000000
v -0.211384 2.556728 1.000000
v -0.189497 2.543675 1.000000
v -0.165035 2.530820 1.000000
v -0.137998 2.518163 1.000000
v -0.108386 2.505704 1.000000
v -0.102681 2.066457 1.000000
v -0.101612 2.030923 1.000000
v -0.100304 1.993725 1.000000
v -0.098759 1.954863 1.000000
v -0.096977 1.914337 1.000000
v -0.094956 1.872147 1.000000
v -0.092698 1.828294 1.000000
v -0.090203 1.782777 1.000000
v -0.087469 1.735596 1.000000
v -0.084498 1.686751 1.000000
v -0.081289 1.636242 1.000000
v -0.077843 1.584070 1.000000
v -0.074159 1.530234 1.000000
v -1.500285 1.530234 1.000000
v -1.540811 1.578524 1.000000
v -1.578722 1.622615 1.000000
v -1.614019 1.662507 1.000000
v -1.646701 1.698200 1.000000
v -1.676769 1.729693 1.000000
v -1.704221 1.756988 1.000000
v -1.729060 1.780083 1.000000
v -1.751284 1.798980 1.000000
v -1.770893 1.813677 1.000000
v -1.787887 1.824175 1.000000
v -1.802268 1.830473 1.000000
v -1.814033 1.832572 1.000000
v -1.828275 1.830948 1.000000
v -1.845329 1.826076 1.000000
v -1.865195 1.817955 1.000000
v -1.887875 1.806585 1.000000
v -1.913367 1.791968 1.000000
v -1.941671 1.774101 1.000000
v -1.972789 1.752987 1.000000
v -2.006718 1.728624 1.000000
v -2.043461 1.701012 1.000000
v -2.083016 1.670152 1.000000
v -2.125384 1.636044 1.000000
v -2.170565 1.598688 1.000000
v -2.194710 1.577712 1.000000
v -2.216755 1.557568 1.000000
v -2.236701 1.538256 1.000000
v -2.254548 1.519775 1.000000
v -2.270295 1.502127 1.000000
v -2.283942 1.485311 1.000000
v -2.295490 1.469326 1.000000
v -2.304938 1.454173 1.000000
v -2.312286 1.439853 1.000000
v -2.317535 1.426364 1.000000
v -2.320685 1.413707 1.000000
v -2.321734 1.401882 1.000000
v -2.320368 1.390869 1.000000
v -2.316268 1.378747 1.000000
v -2.309434 1.365516 1.000000
v -2.299867 1.351176 1.000000
v -2.287567 1.335726 1.000000
v -2.272533 1.319167 1.000000
v -2.254766 1.301499 1.000000
v -2.234265 1.282722 1.000000
v -2.211031 1.262835 1.000000
v -2.185064 1.241839 1.000000
v -2.156363 1.219734 1.000000
v -2.124929 1.196520 1.000000
v -2.110846 0.871542 1.000000
v -2.094267 0.563082 1.000000
v -2.075193 0.271142 1.000000
v -2.053623 -0.004279 1.000000
v -2.029557 -0.263180 1.000000
v -2.002995 -0.505562 1.000000
v -1.973938 -0.731425 1.000000
v -1.942385 -0.940768 1.000000
v -1.908336 -1.133593 1.000000
v -1.871791 -1.309897 1.000000
v -1.832751 -1.469683 1.000000
v -1.791215 -1.612950 1.000000
v -1.767090 -1.681443 1.000000
v -1.740350 -1.746213 1.000000
v -1.710996 -1.807259 1.000000
v -1.679027 -1.864582 1.000000
v -1.644443 -1.918180 1.000000
v -1.607245 -1.968055 1.000000
v -1.567432 -2.014206 1.000000
v -1.525005 -2.056634 1.000000
v -1.479963 -2.095337 1.000000
v -1.432307 -2.130317 1.000000
v -1.382036 -2.161573 1.000000
v -1.329150 -2.189105 1.000000
v -1.296349 -2.204139 1.000000
v -1.262598 -2.217865 1.000000
v -1.227895 -2.230284 1.000000
v -1.192242 -2.241396 1.000000
v -1.155638 -2.251201 1.000000
v -1.118083 -2.259698 1.000000
v -1.079578 -2.266888 1.000000
v -1.040122 -2.272771 1.000000
v -0.999715 -2.277347 1.000000
v -0.958357 -2.280615 1.000000
v -0.916049 -2.282576 1.000000
v -0.872790 -2.283229 1.000000
v -0.856686 -2.282457 1.000000
v -0.841653 -2.280139 1.000000
v -0.827688 -2.276277 1.000000
v -0.814794 -2.270870 1.000000
v -0.802969 -2.263917 1.000000
v -0.792213 -2.255420 1.000000
v -0.782528 -2.245378 1.000000
v -0.773911 -2.233790 1.000000
v -0.766365 -2.220658 1.000000
v -0.759888 -2.205981 1.000000
v -0.754480 -2.189759 1.000000
v -0.750143 -2.171991 1.000000
v -0.743091 -2.140696 1.000000
v -0.734297 -2.110509 1.000000
v -0.723759 -2.081432 1.000000
v -0.711479 -2.053464 1.000000
v -0.697455 -2.026606 1.000000
v -0.681689 -2.000856 1.000000
v -0.664179 -1.976216 1.000000
v -0.644926 -1.952685 1.000000
v -0.623931 -1.930263 1.000000
v -0.601192 -1.908950 1.000000
v -0.576710 -1.888747 1.000000
v -0.550485 -1.869652 1.000000
v -0.523230 -1.851905 1.000000
v -0.492806 -1.833841 1.000000
v -0.459213 -1.815460 1.000000
v -0.422450 -1.796762 1.000000
v -0.382519 -1.777747 1.000000
v -0.339418 -1.758415 1.000000
v -0.293148 -1.738766 1.000000
v -0.243709 -1.718800 1.000000
v -0.191101 -1.698517 1.000000
v -0.135324 -1.677918 1.000000
v -0.076377 -1.657001 1.000000
v -0.014261 -1.635768 1.000000
v -0.011528 -1.634223 1.000000
v -0.009032 -1.632440 1.000000
v -0.006774 -1.630420 1.000000
v -0.004754 -1.628162 1.000000
v -0.002971 -1.625666 1.000000
v -0.001426 -1.622933 1.000000
v -0.000119 -1.619962 1.000000
v 0.000951 -1.616753 1.000000
v 0.001783 -1.613306 1.000000
v 0.002377 -1.609622 1.000000
v 0.002733 -1.605700 1.000000
v 0.002852 -1.601541 1.000000
v 0.002654 -1.593836 1.000000
v 0.002060 -1.586883 1.000000
v 0.001070 -1.580684 1.000000
v -0.000317 -1.575237 1.000000
v -0.002100 -1.570542 1.000000
v -0.004278 -1.566601 1.000000
v -0.006853 -1.563412 1.000000
v -0.009824 -1.560975 1.000000
v -0.013192 -1.559292 1.000000
v -0.016955 -1.558361 1.000000
v -0.021115 -1.558182 1.000000
v -0.025670 -1.558757 1.000000
v -0.130768 -1.572879 1.000000
v -0.230240 -1.585774 1.000000
v -0.324087 -1.597440 1.000000
v -0.412309 -1.607879 1.000000
v -0.494906 -1.617089 1.000000
v -0.571877 -1.625072 1.000000
v -0.643223 -1.631826 1.000000
v -0.708943 -1.637352 1.000000
v -0.769039 -1.641651 1.000000
v -0.823509 -1.644721 1.000000
v -0.872354 -1.646563 1.000000
v -0.915573 -1.647177 1.000000
v -0.940748 -1.646642 1.000000
v -0.964933 -1.645038 1.000000
v -0.988128 -1.642364 1.000000
v -1.010332 -1.638620 1.000000
v -1.031545 -1.633807 1.000000
v -1.051769 -1.627924 1.000000
v -1.071001 -1.620972 1.000000
v -1.089244 -1.612950 1.000000
v -1.106496 -1.603858 1.000000
v -1.122758 -1.593697 1.000000
v -1.138029 -1.582466 1.000000
v -1.152310 -1.570166 1.000000
v -1.164948 -1.557133 1.000000
v -1.177189 -1.542753 1.000000
v -1.189033 -1.527025 1.000000
v -1.200482 -1.509952 1.000000
v -1.211535 -1.491531 1.000000
v -1.222191 -1.471763 1.000000
v -1.232451 -1.450648 1.000000
v -1.242315 -1.428187 1.000000
v -1.251783 -1.404379 1.000000
v -1.260855 -1.379223 1.000000
v -1.269530 -1.352721 1.000000
v -1.277810 -1.324872 1.000000
v -1.300093 -1.244375 1.000000
v -1.321306 -1.161660 1.000000
v -1.341451 -1.076726 1.000000
v -1.360525 -0.989574 1.000000
v -1.378530 -0.900203 1.000000
v -1.395465 -0.808614 1.000000
v -1.411331 -0.714807 1.000000
v -1.426127 -0.618781 1.000000
v -1.439853 -0.520536 1.000000
v -1.452510 -0.420074 1.000000
v -1.464097 -0.317393 1.000000
v -1.474615 -0.212493 1.000000
v -1.483469 -0.113734 1.000000
v -1.491966 -0.008557 1.000000
v -1.500107 0.103037 1.000000
v -1.507892 0.221049 1.000000
v -1.515319 0.345479 1.000000
v -1.522390 0.476326 1.000000
v -1.529105 0.613591 1.000000
v -1.535463 0.757273 1.000000
v -1.541465 0.907373 1.000000
v -1.547110 1.063890 1.000000
v -1.552399 1.226825 1.000000
v -1.557331 1.396178 1.000000
v -1.557330 1.396178 -1.000000
v -0.062750 1.396178 1.000000
v -0.062750 1.396178 -1.000000
v -0.041952 1.176158 1.000000
v -0.041952 1.176158 -1.000000
v -0.016638 0.964854 1.000000
v -0.016638 0.964854 -1.000000
v 0.013191 0.762264 1.000000
v 0.013192 0.762264 -1.000000
v 0.047537 0.568390 1.000000
v 0.047538 0.568390 -1.000000
v 0.086399 0.383232 1.000000
v 0.086400 0.383232 -1.000000
v 0.129777 0.206788 1.000000
v 0.129778 0.206788 -1.000000
v 0.177671 0.039060 1.000000
v 0.177672 0.039060 -1.000000
v 0.230082 -0.119954 1.000000
v 0.230082 -0.119954 -1.000000
v 0.287008 -0.270252 1.000000
v 0.287008 -0.270252 -1.000000
v 0.348450 -0.411834 1.000000
v 0.348450 -0.411834 -1.000000
v 0.414409 -0.544702 1.000000
v 0.414409 -0.544702 -1.000000
v 0.484883 -0.668854 1.000000
v 0.484883 -0.668854 -1.000000
v 0.552545 -0.776922 1.000000
v 0.552545 -0.776923 -1.000000
v 0.622425 -0.881505 1.000000
v 0.622425 -0.881505 -1.000000
v 0.694524 -0.982602 1.000000
v 0.694524 -0.982602 -1.000000
v 0.768841 -1.080212 1.000000
v 0.768841 -1.080212 -1.000000
v 0.845376 -1.174336 1.000000
v 0.845376 -1.174336 -1.000000
v 0.924130 -1.264975 1.000000
v 0.924130 -1.264975 -1.000000
v 1.005102 -1.352127 1.000000
v 1.005103 -1.352127 -1.000000
v 1.088293 -1.435793 1.000000
v 1.088293 -1.435793 -1.000000
v 1.173702 -1.515973 1.000000
v 1.173702 -1.515973 -1.000000
v 1.261330 -1.592667 1.000000
v 1.261330 -1.592667 -1.000000
v 1.351176 -1.665875 1.000000
v 1.351176 -1.665875 -1.000000
v 1.443240 -1.735597 1.000000
v 1.443240 -1.735597 -1.000000
v 1.526352 -1.794048 1.000000
v 1.526352 -1.794048 -1.000000
v 1.612157 -1.850558 1.000000
v 1.612157 -1.850558 -1.000000
v 1.700656 -1.905127 1.000000
v 1.700656 -1.905127 -1.000000
v 1.791849 -1.957755 1.000000
v 1.791849 -1.957755 -1.000000
v 1.885736 -2.008442 1.000000
v 1.885736 -2.008442 -1.000000
v 1.982316 -2.057188 1.000000
v 1.982316 -2.057188 -1.000000
v 2.081590 -2.103993 1.000000
v 2.081590 -2.103993 -1.000000
v 2.183558 -2.148856 1.000000
v 2.183558 -2.148856 -1.000000
v 2.288220 -2.191779 1.000000
v 2.288220 -2.191779 -1.000000
v 2.395576 -2.232760 1.000000
v 2.395576 -2.232760 -1.000000
v 2.505625 -2.271800 1.000000
v 2.505625 -2.271800 -1.000000
v 2.618369 -2.308899 1.000000
v 2.618369 -2.308899 -1.000000
v 2.618864 -2.309355 1.000000
v 2.618864 -2.309355 -1.000000
v 2.619399 -2.309771 1.000000
v 2.619399 -2.309771 -1.000000
v 2.619973 -2.310148 1.000000
v 2.619973 -2.310148 -1.000000
v 2.620587 -2.310484 1.000000
v 2.620587 -2.310484 -1.000000
v 2.621241 -2.310781 1.000000
v 2.621241 -2.310781 -1.000000
v 2.621934 -2.311039 1.000000
v 2.621934 -2.311039 -1.000000
v 2.622667 -2.311257 1.000000
v 2.622667 -2.311257 -1.000000
v 2.623439 -2.311435 1.000000
v 2.623439 -2.311435 -1.000000
v 2.624251 -2.311574 1.000000
v 2.624251 -2.311574 -1.000000
v 2.625103 -2.311672 1.000000
v 2.625103 -2.311672 -1.000000
v 2.625994 -2.311732 1.000000
v 2.625994 -2.311732 -1.000000
v 2.626925 -2.311752 1.000000
v 2.626925 -2.311752 -1.000000
v 2.633303 -2.311415 1.000000
v 2.633303 -2.311415 -1.000000
v 2.639127 -2.310405 1.000000
v 2.639127 -2.310405 -1.000000
v 2.644396 -2.308721 1.000000
v 2.644396 -2.308721 -1.000000
v 2.649110 -2.306364 1.000000
v 2.649110 -2.306364 -1.000000
v 2.653269 -2.303334 1.000000
v 2.653269 -2.303334 -1.000000
v 2.656874 -2.299630 1.000000
v 2.656874 -2.299630 -1.000000
v 2.659925 -2.295252 1.000000
v 2.659925 -2.295252 -1.000000
v 2.662420 -2.290201 1.000000
v 2.662420 -2.290201 -1.000000
v 2.664361 -2.284477 1.000000
v 2.664361 -2.284477 -1.000000
v 2.665748 -2.278080 1.000000
v 2.665748 -2.278080 -1.000000
v 2.666580 -2.271008 1.000000
v 2.666580 -2.271008 -1.000000
v 2.666857 -2.263263 1.000000
v 2.666857 -2.263263 -1.000000
v 2.666798 -2.261402 1.000000
v 2.666798 -2.261402 -1.000000
v 2.666619 -2.259619 1.000000
v 2.666619 -2.259619 -1.000000
v 2.666322 -2.257915 1.000000
v 2.666322 -2.257915 -1.000000
v 2.665906 -2.256291 1.000000
v 2.665906 -2.256291 -1.000000
v 2.665371 -2.254746 1.000000
v 2.665371 -2.254746 -1.000000
v 2.664718 -2.253281 1.000000
v 2.664718 -2.253281 -1.000000
v 2.663945 -2.251894 1.000000
v 2.663945 -2.251894 -1.000000
v 2.663054 -2.250587 1.000000
v 2.663054 -2.250587 -1.000000
v 2.662044 -2.249359 1.000000
v 2.662044 -2.249359 -1.000000
v 2.660915 -2.248210 1.000000
v 2.660915 -2.248210 -1.000000
v 2.659667 -2.247141 1.000000
v 2.659667 -2.247141 -1.000000
v 2.658300 -2.246150 1.000000
v 2.658300 -2.246150 -1.000000
v 2.542685 -2.176507 1.000000
v 2.542685 -2.176507 -1.000000
v 2.430674 -2.105439 1.000000
v 2.430674 -2.105439 -1.000000
v 2.322269 -2.032944 1.000000
v 2.322269 -2.032944 -1.000000
v 2.217469 -1.959023 1.000000
v 2.217469 -1.959023 -1.000000
v 2.116273 -1.883676 1.000000
v 2.116273 -1.883676 -1.000000
v 2.018682 -1.806903 1.000000
v 2.018682 -1.806903 -1.000000
v 1.924696 -1.728703 1.000000
v 1.924697 -1.728703 -1.000000
v 1.834316 -1.649078 1.000000
v 1.834316 -1.649078 -1.000000
v 1.747540 -1.568027 1.000000
v 1.747540 -1.568027 -1.000000
v 1.664369 -1.485549 1.000000
v 1.664369 -1.485549 -1.000000
v 1.584803 -1.401645 1.000000
v 1.584803 -1.401645 -1.000000
v 1.508842 -1.316315 1.000000
v 1.508842 -1.316315 -1.000000
v 1.445122 -1.240176 1.000000
v 1.445122 -1.240176 -1.000000
v 1.383264 -1.161977 1.000000
v 1.383264 -1.161977 -1.000000
v 1.323267 -1.081717 1.000000
v 1.323267 -1.081717 -1.000000
v 1.265133 -0.999398 1.000000
v 1.265133 -0.999398 -1.000000
v 1.208860 -0.915019 1.000000
v 1.208860 -0.915019 -1.000000
v 1.154449 -0.828580 1.000000
v 1.154450 -0.828580 -1.000000
v 1.101901 -0.740081 1.000000
v 1.101901 -0.740081 -1.000000
v 1.051214 -0.649522 1.000000
v 1.051214 -0.649522 -1.000000
v 1.002389 -0.556903 1.000000
v 1.002389 -0.556903 -1.000000
v 0.955426 -0.462224 1.000000
v 0.955426 -0.462224 -1.000000
v 0.910324 -0.365485 1.000000
v 0.910324 -0.365485 -1.000000
v 0.867085 -0.266686 1.000000
v 0.867085 -0.266686 -1.000000
v 0.826500 -0.162321 1.000000
v 0.826500 -0.162321 -1.000000
v 0.788410 -0.051737 1.000000
v 0.788410 -0.051737 -1.000000
v 0.752816 0.065067 1.000000
v 0.752817 0.065067 -1.000000
v 0.719719 0.188090 1.000000
v 0.719719 0.188090 -1.000000
v 0.689116 0.317333 1.000000
v 0.689116 0.317333 -1.000000
v 0.661010 0.452795 1.000000
v 0.661010 0.452795 -1.000000
v 0.635399 0.594477 1.000000
v 0.635399 0.594477 -1.000000
v 0.612284 0.742378 1.000000
v 0.612284 0.742378 -1.000000
v 0.591664 0.896499 1.000000
v 0.591664 0.896499 -1.000000
v 0.573541 1.056839 1.000000
v 0.573541 1.056839 -1.000000
v 0.557913 1.223398 1.000000
v 0.557913 1.223398 -1.000000
v 0.544780 1.396178 1.000000
v 0.544780 1.396178 -1.000000
v 1.859669 1.396178 1.000000
v 1.859669 1.396178 -1.000000
v 1.893639 1.395861 1.000000
v 1.893639 1.395861 -1.000000
v 1.928044 1.394910 1.000000
v 1.928044 1.394910 -1.000000
v 1.962885 1.393326 1.000000
v 1.962885 1.393326 -1.000000
v 1.998162 1.391107 1.000000
v 1.998162 1.391107 -1.000000
v 2.033875 1.388255 1.000000
v 2.033875 1.388255 -1.000000
v 2.070023 1.384769 1.000000
v 2.070023 1.384769 -1.000000
v 2.106607 1.380649 1.000000
v 2.106607 1.380649 -1.000000
v 2.143627 1.375896 1.000000
v 2.143627 1.375896 -1.000000
v 2.181082 1.370508 1.000000
v 2.181082 1.370508 -1.000000
v 2.218974 1.364487 1.000000
v 2.218974 1.364487 -1.000000
v 2.257301 1.357831 1.000000
v 2.257301 1.357831 -1.000000
v 2.296064 1.350542 1.000000
v 2.296064 1.350542 -1.000000
v 2.361666 1.575870 1.000000
v 2.361666 1.575870 -1.000000
v 2.316307 1.568580 1.000000
v 2.316307 1.568580 -1.000000
v 2.271503 1.561925 1.000000
v 2.271503 1.561925 -1.000000
v 2.227253 1.555904 1.000000
v 2.227253 1.555904 -1.000000
v 2.183558 1.550516 1.000000
v 2.183558 1.550516 -1.000000
v 2.140418 1.545762 1.000000
v 2.140418 1.545762 -1.000000
v 2.097832 1.541643 1.000000
v 2.097832 1.541643 -1.000000
v 2.055801 1.538157 1.000000
v 2.055801 1.538157 -1.000000
v 2.014325 1.535304 1.000000
v 2.014325 1.535304 -1.000000
v 1.973403 1.533086 1.000000
v 1.973403 1.533086 -1.000000
v 1.933035 1.531501 1.000000
v 1.933035 1.531501 -1.000000
v 1.893222 1.530551 1.000000
v 1.893223 1.530551 -1.000000
v 1.853964 1.530234 1.000000
v 1.853965 1.530234 -1.000000
v 0.533371 1.530234 1.000000
v 0.533372 1.530234 -1.000000
v 0.529727 1.589279 1.000000
v 0.529727 1.589279 -1.000000
v 0.526399 1.650424 1.000000
v 0.526399 1.650424 -1.000000
v 0.523388 1.713669 1.000000
v 0.523389 1.713669 -1.000000
v 0.520695 1.779013 1.000000
v 0.520695 1.779013 -1.000000
v 0.518318 1.846457 1.000000
v 0.518318 1.846457 -1.000000
v 0.516258 1.916001 1.000000
v 0.516258 1.916001 -1.000000
v 0.514515 1.987644 1.000000
v 0.514515 1.987644 -1.000000
v 0.513089 2.061386 1.000000
v 0.513089 2.061386 -1.000000
v 0.511979 2.137228 1.000000
v 0.511980 2.137228 -1.000000
v 0.511187 2.215170 1.000000
v 0.511187 2.215170 -1.000000
v 0.510712 2.295212 1.000000
v 0.510712 2.295212 -1.000000
v 0.510553 2.377353 1.000000
v 0.510553 2.377353 -1.000000
v 0.510791 2.417007 1.000000
v 0.510791 2.417007 -1.000000
v 0.511504 2.457057 1.000000
v 0.511504 2.457057 -1.000000
v 0.512693 2.497504 1.000000
v 0.512693 2.497504 -1.000000
v 0.514356 2.538347 1.000000
v 0.514356 2.538347 -1.000000
v 0.516496 2.579586 1.000000
v 0.516496 2.579586 -1.000000
v 0.519110 2.621221 1.000000
v 0.519110 2.621221 -1.000000
v 0.522200 2.663252 1.000000
v 0.522200 2.663252 -1.000000
v 0.525765 2.705679 1.000000
v 0.525765 2.705679 -1.000000
v 0.529806 2.748502 1.000000
v 0.529806 2.748502 -1.000000
v 0.534322 2.791722 1.000000
v 0.534322 2.791722 -1.000000
v 0.539314 2.835337 1.000000
v 0.539314 2.835337 -1.000000
v 0.544780 2.879349 1.000000
v 0.544780 2.879349 -1.000000
v 0.446437 2.869069 1.000000
v 0.446437 2.869069 -1.000000
v 0.354868 2.859146 1.000000
v 0.354868 2.859146 -1.000000
v 0.270073 2.849579 1.000000
v 0.270073 2.849579 -1.000000
v 0.192052 2.840369 1.000000
v 0.192052 2.840369 -1.000000
v 0.120805 2.831515 1.000000
v 0.120805 2.831515 -1.000000
v 0.056332 2.823017 1.000000
v 0.056332 2.823017 -1.000000
v -0.001367 2.814877 1.000000
v -0.001367 2.814877 -1.000000
v -0.052291 2.807092 1.000000
v -0.052291 2.807092 -1.000000
v -0.096442 2.799664 1.000000
v -0.096442 2.799664 -1.000000
v -0.133818 2.792593 1.000000
v -0.133818 2.792593 -1.000000
v -0.164421 2.785879 1.000000
v -0.164420 2.785879 -1.000000
v -0.188249 2.779521 1.000000
v -0.188249 2.779521 -1.000000
v -0.205105 2.773955 1.000000
v -0.205105 2.773955 -1.000000
v -0.220495 2.767715 1.000000
v -0.220495 2.767715 -1.000000
v -0.234420 2.760803 1.000000
v -0.234419 2.760803 -1.000000
v -0.246878 2.753217 1.000000
v -0.246878 2.753217 -1.000000
v -0.257872 2.744957 1.000000
v -0.257871 2.744957 -1.000000
v -0.267399 2.736024 1.000000
v -0.267399 2.736024 -1.000000
v -0.275460 2.726417 1.000000
v -0.275460 2.726417 -1.000000
v -0.282056 2.716137 1.000000
v -0.282056 2.716137 -1.000000
v -0.287186 2.705184 1.000000
v -0.287186 2.705184 -1.000000
v -0.290851 2.693557 1.000000
v -0.290850 2.693557 -1.000000
v -0.293049 2.681256 1.000000
v -0.293049 2.681256 -1.000000
v -0.293782 2.668283 1.000000
v -0.293782 2.668283 -1.000000
v -0.292495 2.653645 1.000000
v -0.292495 2.653645 -1.000000
v -0.288632 2.639206 1.000000
v -0.288632 2.639206 -1.000000
v -0.282195 2.624964 1.000000
v -0.282195 2.624964 -1.000000
v -0.273183 2.610921 1.000000
v -0.273182 2.610921 -1.000000
v -0.261595 2.597076 1.000000
v -0.261595 2.597076 -1.000000
v -0.247433 2.583428 1.000000
v -0.247433 2.583428 -1.000000
v -0.230696 2.569979 1.000000
v -0.230696 2.569979 -1.000000
v -0.211384 2.556728 1.000000
v -0.211384 2.556728 -1.000000
v -0.189497 2.543675 1.000000
v -0.189497 2.543675 -1.000000
v -0.165035 2.530820 1.000000
v -0.165035 2.530820 -1.000000
v -0.137998 2.518163 1.000000
v -0.137998 2.518163 -1.000000
v -0.108386 2.505704 1.000000
v -0.108386 2.505704 -1.000000
v -0.102681 2.066457 1.000000
v -0.102681 2.066457 -1.000000
v -0.101612 2.030923 1.000000
v -0.101612 2.030923 -1.000000
v -0.100304 1.993725 1.000000
v -0.100304 1.993725 -1.000000
v -0.098759 1.954863 1.000000
v -0.098759 1.954863 -1.000000
v -0.096977 1.914337 1.000000
v -0.096977 1.914337 -1.000000
v -0.094956 1.872147 1.000000
v -0.094956 1.872147 -1.000000
v -0.092698 1.828294 1.000000
v -0.092698 1.828294 -1.000000
v -0.090203 1.782777 1.000000
v -0.090202 1.782777 -1.000000
v -0.087469 1.735596 1.000000
v -0.087469 1.735596 -1.000000
v -0.084498 1.686751 1.000000
v -0.084498 1.686751 -1.000000
v -0.081289 1.636242 1.000000
v -0.081289 1.636242 -1.000000
v -0.077843 1.584070 1.000000
v -0.077843 1.584070 -1.000000
v -0.074159 1.530234 1.000000
v -0.074159 1.530234 -1.000000
v -1.500285 1.530234 1.000000
v -1.500285 1.530234 -1.000000
v -1.540811 1.578524 1.000000
v -1.540811 1.578524 -1.000000
v -1.578722 1.622615 1.000000
v -1.578722 1.622615 -1.000000
v -1.614019 1.662507 1.000000
v -1.614019 1.662507 -1.000000
v -1.646701 1.698200 1.000000
v -1.646701 1.698200 -1.000000
v -1.676769 1.729693 1.000000
v -1.676768 1.729693 -1.000000
v -1.704221 1.756988 1.000000
v -1.704221 1.756988 -1.000000
v -1.729060 1.780083 1.000000
v -1.729060 1.780083 -1.000000
v -1.751284 1.798980 1.000000
v -1.751283 1.798980 -1.000000
v -1.770893 1.813677 1.000000
v -1.770893 1.813677 -1.000000
v -1.787887 1.824175 1.000000
v -1.787887 1.824175 -1.000000
v -1.802268 1.830473 1.000000
v -1.802267 1.830473 -1.000000
v -1.814033 1.832572 1.000000
v -1.814033 1.832572 -1.000000
v -1.828275 1.830948 1.000000
v -1.828274 1.830948 -1.000000
v -1.845329 1.826076 1.000000
v -1.845328 1.826076 -1.000000
v -1.865195 1.817955 1.000000
v -1.865195 1.817955 -1.000000
v -1.887875 1.806585 1.000000
v -1.887874 1.806585 -1.000000
v -1.913367 1.791968 1.000000
v -1.913366 1.791968 -1.000000
v -1.941671 1.774101 1.000000
v -1.941671 1.774101 -1.000000
v -1.972789 1.752987 1.000000
v -1.972788 1.752987 -1.000000
v -2.006718 1.728624 1.000000
v -2.006718 1.728624 -1.000000
v -2.043461 1.701012 1.000000
v -2.043461 1.701012 -1.000000
v -2.083016 1.670152 1.000000
v -2.083016 1.670152 -1.000000
v -2.125384 1.636044 1.000000
v -2.125384 1.636044 -1.000000
v -2.170565 1.598688 1.000000
v -2.170565 1.598688 -1.000000
v -2.194710 1.577712 1.000000
v -2.194710 1.577712 -1.000000
v -2.216755 1.557568 1.000000
v -2.216755 1.557568 -1.000000
v -2.236701 1.538256 1.000000
v -2.236701 1.538256 -1.000000
v -2.254548 1.519775 1.000000
v -2.254548 1.519775 -1.000000
v -2.270295 1.502127 1.000000
v -2.270295 1.502127 -1.000000
v -2.283942 1.485311 1.000000
v -2.283942 1.485311 -1.000000
v -2.295490 1.469326 1.000000
v -2.295490 1.469326 -1.000000
v -2.304938 1.454173 1.000000
v -2.304938 1.454173 -1.000000
v -2.312286 1.439853 1.000000
v -2.312286 1.439853 -1.000000
v -2.317535 1.426364 1.000000
v -2.317535 1.426364 -1.000000
v -2.320685 1.413707 1.000000
v -2.320685 1.413707 -1.000000
v -2.321734 1.401882 1.000000
v -2.321734 1.401882 -1.000000
v -2.320368 1.390869 1.000000
v -2.320368 1.390869 -1.000000
v -2.316268 1.378747 1.000000
v -2.316268 1.378747 -1.000000
v -2.309434 1.365516 1.000000
v -2.309434 1.365516 -1.000000
v -2.299867 1.351176 1.000000
v -2.299867 1.351176 -1.000000
v -2.287567 1.335726 1.000000
v -2.287567 1.335726 -1.000000
v -2.272533 1.319167 1.000000
v -2.272533 1.319167 -1.000000
v -2.254766 1.301499 1.000000
v -2.254766 1.301499 -1.000000
v -2.234265 1.282722 1.000000
v -2.234265 1.282722 -1.000000
v -2.211031 1.262835 1.000000
v -2.211031 1.262835 -1.000000
v -2.185064 1.241839 1.000000
v -2.185064 1.241839 -1.000000
v -2.156363 1.219734 1.000000
v -2.156363 1.219734 -1.000000
v -2.124929 1.196520 1.000000
v -2.124929 1.196520 -1.000000
v -2.110846 0.871542 1.000000
v -2.110846 0.871541 -1.000000
v -2.094267 0.563082 1.000000
v -2.094267 0.563082 -1.000000
v -2.075193 0.271142 1.000000
v -2.075193 0.271142 -1.000000
v -2.053623 -0.004279 1.000000
v -2.053623 -0.004279 -1.000000
v -2.029557 -0.263180 1.000000
v -2.029557 -0.263180 -1.000000
v -2.002995 -0.505562 1.000000
v -2.002995 -0.505562 -1.000000
v -1.973938 -0.731425 1.000000
v -1.973938 -0.731425 -1.000000
v -1.942385 -0.940768 1.000000
v -1.942384 -0.940769 -1.000000
v -1.908336 -1.133593 1.000000
v -1.908336 -1.133593 -1.000000
v -1.871791 -1.309897 1.000000
v -1.871791 -1.309897 -1.000000
v -1.832751 -1.469683 1.000000
v -1.832751 -1.469683 -1.000000
v -1.791215 -1.612950 1.000000
v -1.791215 -1.612950 -1.000000
v -1.767090 -1.681443 1.000000
v -1.767090 -1.681443 -1.000000
v -1.740350 -1.746213 1.000000
v -1.740350 -1.746213 -1.000000
v -1.710996 -1.807259 1.000000
v -1.710996 -1.807259 -1.000000
v -1.679027 -1.864582 1.000000
v -1.679027 -1.864582 -1.000000
v -1.644443 -1.918180 1.000000
v -1.644443 -1.918180 -1.000000
v -1.607245 -1.968055 1.000000
v -1.607245 -1.968055 -1.000000
v -1.567432 -2.014206 1.000000
v -1.567432 -2.014206 -1.000000
v -1.525005 -2.056634 1.000000
v -1.525005 -2.056634 -1.000000
v -1.479963 -2.095337 1.000000
v -1.479963 -2.095337 -1.000000
v -1.432307 -2.130317 1.000000
v -1.432307 -2.130317 -1.000000
v -1.382036 -2.161573 1.000000
v -1.382036 -2.161573 -1.000000
v -1.329150 -2.189105 1.000000
v -1.329150 -2.189105 -1.000000
v -1.296349 -2.204139 1.000000
v -1.296349 -2.204139 -1.000000
v -1.262598 -2.217865 1.000000
v -1.262597 -2.217865 -1.000000
v -1.227895 -2.230284 1.000000
v -1.227895 -2.230284 -1.000000
v -1.192242 -2.241396 1.000000
v -1.192242 -2.241396 -1.000000
v -1.155638 -2.251201 1.000000
v -1.155638 -2.251201 -1.000000
v -1.118083 -2.259698 1.000000
v -1.118083 -2.259698 -1.000000
v -1.079578 -2.266888 1.000000
v -1.079578 -2.266888 -1.000000
v -1.040122 -2.272771 1.000000
v -1.040122 -2.272771 -1.000000
v -0.999715 -2.277347 1.000000
v -0.999715 -2.277347 -1.000000
v -0.958357 -2.280615 1.000000
v -0.958357 -2.280615 -1.000000
v -0.916049 -2.282576 1.000000
v -0.916049 -2.282576 -1.000000
v -0.872790 -2.283229 1.000000
v -0.872790 -2.283229 -1.000000
v -0.856686 -2.282457 1.000000
v -0.856686 -2.282457 -1.000000
v -0.841653 -2.280139 1.000000
v -0.841653 -2.280139 -1.000000
v -0.827688 -2.276277 1.000000
v -0.827688 -2.276277 -1.000000
v -0.814794 -2.270870 1.000000
v -0.814794 -2.270870 -1.000000
v -0.802969 -2.263917 1.000000
v -0.802969 -2.263917 -1.000000
v -0.792213 -2.255420 1.000000
v -0.792213 -2.255420 -1.000000
v -0.782528 -2.245378 1.000000
v -0.782528 -2.245378 -1.000000
v -0.773911 -2.233790 1.000000
v -0.773911 -2.233790 -1.000000
v -0.766365 -2.220658 1.000000
v -0.766365 -2.220658 -1.000000
v -0.759888 -2.205981 1.000000
v -0.759888 -2.205981 -1.000000
v -0.754480 -2.189759 1.000000
v -0.754480 -2.189759 -1.000000
v -0.750143 -2.171991 1.000000
v -0.750143 -2.171991 -1.000000
v -0.743091 -2.140696 1.000000
v -0.743091 -2.140696 -1.000000
v -0.734297 -2.110509 1.000000
v -0.734297 -2.110509 -1.000000
v -0.723759 -2.081432 1.000000
v -0.723759 -2.081432 -1.000000
v -0.711479 -2.053464 1.000000
v -0.711479 -2.053464 -1.000000
v -0.697455 -2.026606 1.000000
v -0.697455 -2.026606 -1.000000
v -0.681689 -2.000856 1.000000
v -0.681689 -2.000856 -1.000000
v -0.664179 -1.976216 1.000000
v -0.664179 -1.976216 -1.000000
v -0.644926 -1.952685 1.000000
v -0.644926 -1.952685 -1.000000
v -0.623931 -1.930263 1.000000
v -0.623930 -1.930263 -1.000000
v -0.601192 -1.908950 1.000000
v -0.601192 -1.908950 -1.000000
v -0.576710 -1.888747 1.000000
v -0.576710 -1.888747 -1.000000
v -0.550485 -1.869652 1.000000
v -0.550485 -1.869652 -1.000000
v -0.523230 -1.851905 1.000000
v -0.523230 -1.851905 -1.000000
v -0.492806 -1.833841 1.000000
v -0.492806 -1.833841 -1.000000
v -0.459213 -1.815460 1.000000
v -0.459213 -1.815460 -1.000000
v -0.422450 -1.796762 1.000000
v -0.422450 -1.796762 -1.000000
v -0.382519 -1.777747 1.000000
v -0.382519 -1.777747 -1.000000
v -0.339418 -1.758415 1.000000
v -0.339418 -1.758415 -1.000000
v -0.293148 -1.738766 1.000000
v -0.293148 -1.738766 -1.000000
v -0.243709 -1.718800 1.000000
v -0.243709 -1.718800 -1.000000
v -0.191101 -1.698517 1.000000
v -0.191101 -1.698517 -1.000000
v -0.135324 -1.677918 1.000000
v -0.135323 -1.677918 -1.000000
v -0.076377 -1.657001 1.000000
v -0.076377 -1.657001 -1.000000
v -0.014261 -1.635768 1.000000
v -0.014261 -1.635768 -1.000000
v -0.011528 -1.634223 1.000000
v -0.011528 -1.634223 -1.000000
v -0.009032 -1.632440 1.000000
v -0.009032 -1.632440 -1.000000
v -0.006774 -1.630420 1.000000
v -0.006774 -1.630420 -1.000000
v -0.004754 -1.628162 1.000000
v -0.004754 -1.628162 -1.000000
v -0.002971 -1.625666 1.000000
v -0.002971 -1.625666 -1.000000
v -0.001426 -1.622933 1.000000
v -0.001426 -1.622933 -1.000000
v -0.000119 -1.619962 1.000000
v -0.000119 -1.619962 -1.000000
v 0.000951 -1.616753 1.000000
v 0.000951 -1.616753 -1.000000
v 0.001783 -1.613306 1.000000
v 0.001783 -1.613306 -1.000000
v 0.002377 -1.609622 1.000000
v 0.002377 -1.609622 -1.000000
v 0.002733 -1.605700 1.000000
v 0.002734 -1.605700 -1.000000
v 0.002852 -1.601541 1.000000
v 0.002852 -1.601541 -1.000000
v 0.002654 -1.593836 1.000000
v 0.002654 -1.593836 -1.000000
v 0.002060 -1.586883 1.000000
v 0.002060 -1.586883 -1.000000
v 0.001070 -1.580684 1.000000
v 0.001070 -1.580684 -1.000000
v -0.000317 -1.575237 1.000000
v -0.000317 -1.575237 -1.000000
v -0.002100 -1.570542 1.000000
v -0.002099 -1.570542 -1.000000
v -0.004278 -1.566601 1.000000
v -0.004278 -1.566601 -1.000000
v -0.006853 -1.563412 1.000000
v -0.006853 -1.563412 -1.000000
v -0.009824 -1.560975 1.000000
v -0.009824 -1.560975 -1.000000
v -0.013192 -1.559292 1.000000
v -0.013192 -1.559292 -1.000000
v -0.016955 -1.558361 1.000000
v -0.016955 -1.558361 -1.000000
v -0.021115 -1.558182 1.000000
v -0.021114 -1.558182 -1.000000
v -0.025670 -1.558757 1.000000
v -0.025670 -1.558757 -1.000000
v -0.130768 -1.572879 1.000000
v -0.130768 -1.572879 -1.000000
v -0.230240 -1.585774 1.000000
v -0.230240 -1.585774 -1.000000
v -0.324087 -1.597440 1.000000
v -0.324087 -1.597440 -1.000000
v -0.412309 -1.607879 1.000000
v -0.412309 -1.607879 -1.000000
v -0.494906 -1.617089 1.000000
v -0.494906 -1.617089 -1.000000
v -0.571877 -1.625072 1.000000
v -0.571877 -1.625072 -1.000000
v -0.643223 -1.631826 1.000000
v -0.643223 -1.631826 -1.000000
v -0.708943 -1.637352 1.000000
v -0.708943 -1.637352 -1.000000
v -0.769039 -1.641651 1.000000
v -0.769039 -1.641651 -1.000000
v -0.823509 -1.644721 1.000000
v -0.823509 -1.644721 -1.000000
v -0.872354 -1.646563 1.000000
v -0.872354 -1.646563 -1.000000
v -0.915573 -1.647177 1.000000
v -0.915573 -1.647177 -1.000000
v -0.940748 -1.646642 1.000000
v -0.940748 -1.646642 -1.000000
v -0.964933 -1.645038 1.000000
v -0.964933 -1.645038 -1.000000
v -0.988128 -1.642364 1.000000
v -0.988127 -1.642364 -1.000000
v -1.010332 -1.638620 1.000000
v -1.010331 -1.638620 -1.000000
v -1.031545 -1.633807 1.000000
v -1.031545 -1.633807 -1.000000
v -1.051769 -1.627924 1.000000
v -1.051768 -1.627924 -1.000000
v -1.071001 -1.620972 1.000000
v -1.071001 -1.620972 -1.000000
v -1.089244 -1.612950 1.000000
v -1.089244 -1.612950 -1.000000
v -1.106496 -1.603858 1.000000
v -1.106496 -1.603858 -1.000000
v -1.122758 -1.593697 1.000000
v -1.122758 -1.593697 -1.000000
v -1.138029 -1.582466 1.000000
v -1.138029 -1.582466 -1.000000
v -1.152310 -1.570166 1.000000
v -1.152310 -1.570166 -1.000000
v -1.164948 -1.557133 1.000000
v -1.164947 -1.557133 -1.000000
v -1.177189 -1.542753 1.000000
v -1.177188 -1.542753 -1.000000
v -1.189033 -1.527025 1.000000
v -1.189033 -1.527025 -1.000000
v -1.200482 -1.509952 1.000000
v -1.200482 -1.509952 -1.000000
v -1.211535 -1.491531 1.000000
v -1.211534 -1.491531 -1.000000
v -1.222191 -1.471763 1.000000
v -1.222191 -1.471763 -1.000000
v -1.232451 -1.450648 1.000000
v -1.232451 -1.450648 -1.000000
v -1.242315 -1.428187 1.000000
v -1.242315 -1.428187 -1.000000
v -1.251783 -1.404379 1.000000
v -1.251783 -1.404379 -1.000000
v -1.260855 -1.379223 1.000000
v -1.260854 -1.379223 -1.000000
v -1.269530 -1.352721 1.000000
v -1.269530 -1.352721 -1.000000
v -1.277810 -1.324872 1.000000
v -1.277809 -1.324872 -1.000000
v -1.300093 -1.244375 1.000000
v -1.300093 -1.244375 -1.000000
v -1.321306 -1.161660 1.000000
v -1.321306 -1.161660 -1.000000
v -1.341451 -1.076726 1.000000
v -1.341450 -1.076726 -1.000000
v -1.360525 -0.989574 1.000000
v -1.360525 -0.989574 -1.000000
v -1.378530 -0.900203 1.000000
v -1.378530 -0.900203 -1.000000
v -1.395465 -0.808614 1.000000
v -1.395465 -0.808614 -1.000000
v -1.411331 -0.714807 1.000000
v -1.411331 -0.714807 -1.000000
v -1.426127 -0.618781 1.000000
v -1.426127 -0.618781 -1.000000
v -1.439853 -0.520536 1.000000
v -1.439853 -0.520537 -1.000000
v -1.452510 -0.420074 1.000000
v -1.452510 -0.420074 -1.000000
v -1.464097 -0.317393 1.000000
v -1.464097 -0.317393 -1.000000
v -1.474615 -0.212493 1.000000
v -1.474615 -0.212493 -1.000000
v -1.483469 -0.113734 1.000000
v -1.483469 -0.113734 -1.000000
v -1.491966 -0.008557 1.000000
v -1.491966 -0.008557 -1.000000
v -1.500107 0.103037 1.000000
v -1.500107 0.103037 -1.000000
v -1.507892 0.221049 1.000000
v -1.507891 0.221049 -1.000000
v -1.515319 0.345479 1.000000
v -1.515319 0.345479 -1.000000
v -1.522390 0.476326 1.000000
v -1.522390 0.476326 -1.000000
v -1.529105 0.613591 1.000000
v -1.529105 0.613591 -1.000000
v -1.535463 0.757273 1.000000
v -1.535463 0.757273 -1.000000
v -1.541465 0.907373 1.000000
v -1.541465 0.907373 -1.000000
v -1.547110 1.063890 1.000000
v -1.547110 1.063890 -1.000000
v -1.552399 1.226825 1.000000
v -1.552398 1.226825 -1.000000
vn -0.0000 -0.0000 -1.0000
vn -0.0000 -0.0000 1.0000
vn 0.7173 -0.6967 -0.0000
vn -0.6730 -0.7396 -0.0000
vn -0.9943 -0.1065 -0.0000
vn -0.9912 -0.1323 -0.0000
vn -0.9871 -0.1601 -0.0000
vn -0.9818 -0.1899 -0.0000
vn -0.9750 -0.2221 -0.0000
vn -0.9665 -0.2567 -0.0000
vn -0.9558 -0.2939 -0.0000
vn -0.9427 -0.3337 -0.0000
vn -0.9265 -0.3763 -0.0000
vn -0.9068 -0.4215 -0.0000
vn -0.8830 -0.4693 -0.0000
vn -0.8588 -0.5123 -0.0000
vn -0.8396 -0.5432 -0.0000
vn -0.8229 -0.5682 -0.0000
vn -0.8050 -0.5933 -0.0000
vn -0.7859 -0.6184 -0.0000
vn -0.7655 -0.6435 -0.0000
vn -0.7438 -0.6684 -0.0000
vn -0.7210 -0.6930 -0.0000
vn -0.6969 -0.7172 -0.0000
vn -0.6716 -0.7409 -0.0000
vn -0.6452 -0.7640 -0.0000
vn -0.6178 -0.7863 -0.0000
vn -0.5896 -0.8077 -0.0000
vn -0.5627 -0.8267 -0.0000
vn -0.5375 -0.8433 -0.0000
vn -0.5124 -0.8587 -0.0000
vn -0.4875 -0.8731 -0.0000
vn -0.4629 -0.8864 -0.0000
vn -0.4386 -0.8987 -0.0000
vn -0.4146 -0.9100 -0.0000
vn -0.3911 -0.9203 -0.0000
vn -0.3681 -0.9298 -0.0000
vn -0.3455 -0.9384 -0.0000
vn -0.3235 -0.9462 -0.0000
vn -0.5063 -0.8624 -0.0000
vn -0.6461 -0.7632 -0.0000
vn -0.5816 -0.8135 -0.0000
vn -0.5149 -0.8573 -0.0000
vn -0.4476 -0.8942 -0.0000
vn -0.3812 -0.9245 -0.0000
vn -0.3168 -0.9485 -0.0000
vn -0.2551 -0.9669 -0.0000
vn -0.1966 -0.9805 -0.0000
vn -0.1418 -0.9899 -0.0000
vn -0.0910 -0.9959 -0.0000
vn -0.0439 -0.9990 -0.0000
vn 0.0157 -0.9999 -0.0000
vn 0.1120 -0.9937 -0.0000
vn 0.2382 -0.9712 -0.0000
vn 0.3769 -0.9262 -0.0000
vn 0.5198 -0.8543 -0.0000
vn 0.6551 -0.7556 -0.0000
vn 0.7711 -0.6367 -0.0000
vn 0.8609 -0.5088 -0.0000
vn 0.9238 -0.3829 -0.0000
vn 0.9637 -0.2669 -0.0000
vn 0.9864 -0.1645 -0.0000
vn 0.9971 -0.0764 -0.0000
vn 1.0000 -0.0019 -0.0000
vn 0.9978 0.0657 -0.0000
vn 0.9907 0.1358 -0.0000
vn 0.9777 0.2101 -0.0000
vn 0.9577 0.2879 -0.0000
vn 0.9300 0.3676 -0.0000
vn 0.8943 0.4475 -0.0000
vn 0.8507 0.5256 -0.0000
vn 0.8000 0.5999 -0.0000
vn 0.7435 0.6688 -0.0000
vn 0.6826 0.7308 -0.0000
vn 0.6193 0.7851 -0.0000
vn 0.5519 0.8339 -0.0000
vn 0.5259 0.8505 -0.0000
vn 0.5459 0.8379 -0.0000
vn 0.5662 0.8243 -0.0000
vn 0.5868 0.8097 -0.0000
vn 0.6078 0.7941 -0.0000
vn 0.6290 0.7774 -0.0000
vn 0.6504 0.7596 -0.0000
vn 0.6719 0.7406 -0.0000
vn 0.6934 0.7205 -0.0000
vn 0.7150 0.6992 -0.0000
vn 0.7364 0.6766 -0.0000
vn 0.7570 0.6534 -0.0000
vn 0.7757 0.6312 -0.0000
vn 0.7927 0.6096 -0.0000
vn 0.8090 0.5879 -0.0000
vn 0.8245 0.5659 -0.0000
vn 0.8392 0.5438 -0.0000
vn 0.8531 0.5217 -0.0000
vn 0.8663 0.4995 -0.0000
vn 0.8787 0.4774 -0.0000
vn 0.8903 0.4554 -0.0000
vn 0.9012 0.4335 -0.0000
vn 0.9113 0.4118 -0.0000
vn 0.9243 0.3818 -0.0000
vn 0.9389 0.3441 -0.0000
vn 0.9512 0.3086 -0.0000
vn 0.9612 0.2757 -0.0000
vn 0.9695 0.2451 -0.0000
vn 0.9762 0.2168 -0.0000
vn 0.9817 0.1905 -0.0000
vn 0.9861 0.1662 -0.0000
vn 0.9896 0.1435 -0.0000
vn 0.9925 0.1225 -0.0000
vn 0.9947 0.1029 -0.0000
vn 0.9964 0.0846 -0.0000
vn 0.7334 -0.6798 -0.0000
vn -0.0047 -1.0000 -0.0000
vn -0.0185 -0.9998 -0.0000
vn -0.0365 -0.9993 -0.0000
vn -0.0541 -0.9985 -0.0000
vn -0.0712 -0.9975 -0.0000
vn -0.0878 -0.9961 -0.0000
vn -0.1040 -0.9946 -0.0000
vn -0.1196 -0.9928 -0.0000
vn -0.1349 -0.9909 -0.0000
vn -0.1497 -0.9887 -0.0000
vn -0.1640 -0.9865 -0.0000
vn -0.1780 -0.9840 -0.0000
vn 0.5234 -0.8521 -0.0000
vn 0.7496 0.6619 -0.0000
vn -0.1528 0.9883 -0.0000
vn -0.1409 0.9900 -0.0000
vn -0.1286 0.9917 -0.0000
vn -0.1160 0.9933 -0.0000
vn -0.1029 0.9947 -0.0000
vn -0.0895 0.9960 -0.0000
vn -0.0756 0.9971 -0.0000
vn -0.0614 0.9981 -0.0000
vn -0.0467 0.9989 -0.0000
vn -0.0315 0.9995 -0.0000
vn -0.0160 0.9999 -0.0000
vn -0.0040 1.0000 -0.0000
vn 0.6850 0.7286 -0.0000
vn 0.9983 0.0580 -0.0000
vn 0.9987 0.0509 -0.0000
vn 0.9990 0.0444 -0.0000
vn 0.9993 0.0382 -0.0000
vn 0.9995 0.0324 -0.0000
vn 0.9996 0.0270 -0.0000
vn 0.9998 0.0218 -0.0000
vn 0.9999 0.0170 -0.0000
vn 0.9999 0.0124 -0.0000
vn 1.0000 0.0081 -0.0000
vn 1.0000 0.0039 -0.0000
vn 1.0000 -0.0020 -0.0000
vn 0.9999 -0.0119 -0.0000
vn 0.9997 -0.0236 -0.0000
vn 0.9994 -0.0350 -0.0000
vn 0.9989 -0.0463 -0.0000
vn 0.9984 -0.0572 -0.0000
vn 0.9977 -0.0680 -0.0000
vn 0.9969 -0.0785 -0.0000
vn 0.9960 -0.0888 -0.0000
vn 0.9951 -0.0989 -0.0000
vn 0.9941 -0.1088 -0.0000
vn 0.9930 -0.1185 -0.0000
vn 0.7139 0.7002 -0.0000
vn -0.1059 0.9944 -0.0000
vn -0.1099 0.9939 -0.0000
vn -0.1147 0.9934 -0.0000
vn -0.1203 0.9927 -0.0000
vn -0.1270 0.9919 -0.0000
vn -0.1352 0.9908 -0.0000
vn -0.1454 0.9894 -0.0000
vn -0.1585 0.9874 -0.0000
vn -0.1759 0.9844 -0.0000
vn -0.2001 0.9798 -0.0000
vn -0.2361 0.9717 -0.0000
vn -0.2858 0.9583 -0.0000
vn -0.3448 0.9387 -0.0000
vn -0.4105 0.9119 -0.0000
vn -0.4828 0.8757 -0.0000
vn -0.5611 0.8278 -0.0000
vn -0.6433 0.7656 -0.0000
vn -0.7263 0.6874 -0.0000
vn -0.8055 0.5926 -0.0000
vn -0.8755 0.4831 -0.0000
vn -0.9317 0.3632 -0.0000
vn -0.9711 0.2388 -0.0000
vn -0.9932 0.1164 -0.0000
vn -0.9999 -0.0156 -0.0000
vn -0.9848 -0.1737 -0.0000
vn -0.9418 -0.3363 -0.0000
vn -0.8788 -0.4773 -0.0000
vn -0.8058 -0.5921 -0.0000
vn -0.7314 -0.6819 -0.0000
vn -0.6608 -0.7506 -0.0000
vn -0.5965 -0.8026 -0.0000
vn -0.5393 -0.8421 -0.0000
vn -0.4889 -0.8724 -0.0000
vn -0.4447 -0.8957 -0.0000
vn -0.4060 -0.9139 -0.0000
vn -0.8294 -0.5587 -0.0000
vn -0.9998 -0.0215 -0.0000
vn -0.9995 -0.0326 -0.0000
vn -0.9993 -0.0374 -0.0000
vn -0.9991 -0.0418 -0.0000
vn -0.9989 -0.0459 -0.0000
vn -0.9988 -0.0496 -0.0000
vn -0.9986 -0.0531 -0.0000
vn -0.9984 -0.0563 -0.0000
vn -0.9982 -0.0593 -0.0000
vn -0.9981 -0.0621 -0.0000
vn -0.9979 -0.0647 -0.0000
vn -0.9977 -0.0671 -0.0000
vn -0.7308 0.6825 -0.0000
vn 0.4226 0.9063 -0.0000
vn 0.7621 0.6474 -0.0000
vn 0.7536 0.6573 -0.0000
vn 0.7433 0.6690 -0.0000
vn 0.7305 0.6830 -0.0000
vn 0.7142 0.6999 -0.0000
vn 0.6931 0.7208 -0.0000
vn 0.6645 0.7473 -0.0000
vn 0.6240 0.7814 -0.0000
vn 0.5632 0.8263 -0.0000
vn 0.4645 0.8856 -0.0000
vn 0.2905 0.9569 -0.0000
vn 0.0315 0.9995 -0.0000
vn -0.1947 0.9809 -0.0000
vn -0.3270 0.9450 -0.0000
vn -0.4136 0.9105 -0.0000
vn -0.4730 0.8811 -0.0000
vn -0.5157 0.8568 -0.0000
vn -0.5477 0.8367 -0.0000
vn -0.5724 0.8200 -0.0000
vn -0.5920 0.8059 -0.0000
vn -0.6080 0.7940 -0.0000
vn -0.6211 0.7837 -0.0000
vn -0.6322 0.7748 -0.0000
vn -0.6466 0.7629 -0.0000
vn -0.6652 0.7466 -0.0000
vn -0.6851 0.7284 -0.0000
vn -0.7076 0.7066 -0.0000
vn -0.7329 0.6803 -0.0000
vn -0.7615 0.6481 -0.0000
vn -0.7938 0.6081 -0.0000
vn -0.8301 0.5577 -0.0000
vn -0.8699 0.4933 -0.0000
vn -0.9120 0.4101 -0.0000
vn -0.9531 0.3027 -0.0000
vn -0.9862 0.1654 -0.0000
vn -0.9998 -0.0175 -0.0000
vn -0.9748 -0.2229 -0.0000
vn -0.9205 -0.3907 -0.0000
vn -0.8615 -0.5077 -0.0000
vn -0.8078 -0.5894 -0.0000
vn -0.7618 -0.6479 -0.0000
vn -0.7230 -0.6909 -0.0000
vn -0.6904 -0.7234 -0.0000
vn -0.6629 -0.7487 -0.0000
vn -0.6396 -0.7687 -0.0000
vn -0.6195 -0.7850 -0.0000
vn -0.6022 -0.7984 -0.0000
vn -0.8828 -0.4697 -0.0000
vn -0.9988 -0.0485 -0.0000
vn -0.9982 -0.0594 -0.0000
vn -0.9974 -0.0716 -0.0000
vn -0.9964 -0.0853 -0.0000
vn -0.9949 -0.1007 -0.0000
vn -0.9930 -0.1183 -0.0000
vn -0.9904 -0.1383 -0.0000
vn -0.9869 -0.1615 -0.0000
vn -0.9821 -0.1884 -0.0000
vn -0.9755 -0.2202 -0.0000
vn -0.9662 -0.2580 -0.0000
vn -0.9522 -0.3055 -0.0000
vn -0.9341 -0.3570 -0.0000
vn -0.9131 -0.4076 -0.0000
vn -0.8877 -0.4604 -0.0000
vn -0.8573 -0.5149 -0.0000
vn -0.8214 -0.5703 -0.0000
vn -0.7799 -0.6259 -0.0000
vn -0.7326 -0.6806 -0.0000
vn -0.6799 -0.7333 -0.0000
vn -0.6222 -0.7829 -0.0000
vn -0.5603 -0.8283 -0.0000
vn -0.4953 -0.8687 -0.0000
vn -0.4393 -0.8983 -0.0000
vn -0.3968 -0.9179 -0.0000
vn -0.3569 -0.9341 -0.0000
vn -0.3173 -0.9483 -0.0000
vn -0.2782 -0.9605 -0.0000
vn -0.2398 -0.9708 -0.0000
vn -0.2022 -0.9794 -0.0000
vn -0.1655 -0.9862 -0.0000
vn -0.1300 -0.9915 -0.0000
vn -0.0957 -0.9954 -0.0000
vn -0.0625 -0.9980 -0.0000
vn -0.0307 -0.9995 -0.0000
vn 0.0164 -0.9999 -0.0000
vn 0.1003 -0.9950 -0.0000
vn 0.2098 -0.9777 -0.0000
vn 0.3273 -0.9449 -0.0000
vn 0.4478 -0.8941 -0.0000
vn 0.5647 -0.8253 -0.0000
vn 0.6714 -0.7411 -0.0000
vn 0.7627 -0.6468 -0.0000
vn 0.8362 -0.5484 -0.0000
vn 0.8922 -0.4516 -0.0000
vn 0.9328 -0.3604 -0.0000
vn 0.9609 -0.2769 -0.0000
vn 0.9735 -0.2285 -0.0000
vn 0.9683 -0.2499 -0.0000
vn 0.9506 -0.3104 -0.0000
vn 0.9284 -0.3716 -0.0000
vn 0.9015 -0.4327 -0.0000
vn 0.8701 -0.4928 -0.0000
vn 0.8345 -0.5510 -0.0000
vn 0.7950 -0.6066 -0.0000
vn 0.7524 -0.6587 -0.0000
vn 0.7073 -0.7069 -0.0000
vn 0.6605 -0.7508 -0.0000
vn 0.6128 -0.7902 -0.0000
vn 0.5673 -0.8235 -0.0000
vn 0.5282 -0.8491 -0.0000
vn 0.4954 -0.8687 -0.0000
vn 0.4667 -0.8844 -0.0000
vn 0.4417 -0.8972 -0.0000
vn 0.4196 -0.9077 -0.0000
vn 0.4001 -0.9165 -0.0000
vn 0.3827 -0.9239 -0.0000
vn 0.3671 -0.9302 -0.0000
vn 0.3531 -0.9356 -0.0000
vn 0.3404 -0.9403 -0.0000
vn 0.3289 -0.9444 -0.0000
vn 0.4095 -0.9123 -0.0000
vn 0.5374 -0.8433 -0.0000
vn 0.6250 -0.7807 -0.0000
vn 0.7071 -0.7071 -0.0000
vn 0.7807 -0.6250 -0.0000
vn 0.8433 -0.5374 -0.0000
vn 0.8940 -0.4480 -0.0000
vn 0.9330 -0.3599 -0.0000
vn 0.9612 -0.2757 -0.0000
vn 0.9804 -0.1971 -0.0000
vn 0.9922 -0.1250 -0.0000
vn 0.9982 -0.0596 -0.0000
vn 1.0000 -0.0014 -0.0000
vn 0.9985 0.0555 -0.0000
vn 0.9926 0.1215 -0.0000
vn 0.9793 0.2024 -0.0000
vn 0.9535 0.3013 -0.0000
vn 0.9073 0.4205 -0.0000
vn 0.8298 0.5581 -0.0000
vn 0.7098 0.7044 -0.0000
vn 0.5440 0.8391 -0.0000
vn 0.3458 0.9383 -0.0000
vn 0.1422 0.9898 -0.0000
vn -0.0413 0.9991 -0.0000
vn -0.1291 0.9916 -0.0000
vn -0.1309 0.9914 -0.0000
vn -0.1260 0.9920 -0.0000
vn -0.1204 0.9927 -0.0000
vn -0.1142 0.9935 -0.0000
vn -0.1070 0.9943 -0.0000
vn -0.0987 0.9951 -0.0000
vn -0.0890 0.9960 -0.0000
vn -0.0776 0.9970 -0.0000
vn -0.0638 0.9980 -0.0000
vn -0.0470 0.9989 -0.0000
vn -0.0259 0.9997 -0.0000
vn 0.0035 1.0000 -0.0000
vn 0.0437 0.9990 -0.0000
vn 0.0904 0.9959 -0.0000
vn 0.1404 0.9901 -0.0000
vn 0.1938 0.9810 -0.0000
vn 0.2504 0.9681 -0.0000
vn 0.3098 0.9508 -0.0000
vn 0.3715 0.9284 -0.0000
vn 0.4346 0.9006 -0.0000
vn 0.4984 0.8670 -0.0000
vn 0.5616 0.8274 -0.0000
vn 0.6230 0.7822 -0.0000
vn 0.6860 0.7276 -0.0000
vn 0.7401 0.6725 -0.0000
vn 0.7805 0.6252 -0.0000
vn 0.8150 0.5795 -0.0000
vn 0.8443 0.5359 -0.0000
vn 0.8691 0.4946 -0.0000
vn 0.8900 0.4559 -0.0000
vn 0.9077 0.4197 -0.0000
vn 0.9226 0.3859 -0.0000
vn 0.9351 0.3544 -0.0000
vn 0.9456 0.3252 -0.0000
vn 0.9545 0.2981 -0.0000
vn 0.9612 0.2759 -0.0000
vn 0.9662 0.2576 -0.0000
vn 0.9709 0.2396 -0.0000
vn 0.9750 0.2223 -0.0000
vn 0.9786 0.2057 -0.0000
vn 0.9818 0.1897 -0.0000
vn 0.9847 0.1743 -0.0000
vn 0.9872 0.1595 -0.0000
vn 0.9894 0.1453 -0.0000
vn 0.9913 0.1317 -0.0000
vn 0.9929 0.1186 -0.0000
vn 0.9944 0.1060 -0.0000
vn 0.9955 0.0945 -0.0000
vn 0.9964 0.0849 -0.0000
vn 0.9971 0.0766 -0.0000
vn 0.9976 0.0693 -0.0000
vn 0.9980 0.0627 -0.0000
vn 0.9984 0.0568 -0.0000
vn 0.9987 0.0514 -0.0000
vn 0.9989 0.0465 -0.0000
vn 0.9991 0.0421 -0.0000
vn 0.9993 0.0380 -0.0000
vn 0.9994 0.0342 -0.0000
vn 0.9995 0.0308 -0.0000
vt 0.635690 0.411537
vt 0.642640 0.414729
vt 0.634989 0.414897
vt 0.649765 0.414545
vt 0.656366 0.414346
vt 0.662442 0.414131
vt 0.667994 0.413901
vt 0.636352 0.408205
vt 0.673020 0.413655
vt 0.677522 0.413393
vt 0.681499 0.413116
vt 0.684952 0.412824
vt 0.687880 0.412516
vt 0.690283 0.412192
vt 0.636975 0.404900
vt 0.692161 0.411853
vt 0.693496 0.411531
vt 0.694723 0.411148
vt 0.695841 0.410703
vt 0.696850 0.410197
vt 0.697750 0.409630
vt 0.637559 0.401623
vt 0.698542 0.409001
vt 0.699224 0.408311
vt 0.699798 0.407560
vt 0.700264 0.406748
vt 0.638103 0.398373
vt 0.700620 0.405875
vt 0.700868 0.404940
vt 0.701007 0.403944
vt 0.701001 0.402807
vt 0.638609 0.395151
vt 0.700794 0.401669
vt 0.700388 0.400529
vt 0.699782 0.399389
vt 0.639075 0.391956
vt 0.698977 0.398247
vt 0.697971 0.397105
vt 0.696765 0.395961
vt 0.639502 0.388789
vt 0.695360 0.394817
vt 0.693755 0.393671
vt 0.691950 0.392524
vt 0.639889 0.385650
vt 0.689945 0.391376
vt 0.687740 0.390227
vt 0.690090 0.356312
vt 0.640238 0.382538
vt 0.640547 0.379453
vt 0.640817 0.376396
vt 0.641327 0.370060
vt 0.641799 0.363883
vt 0.642233 0.357867
vt 0.642629 0.352010
vt 0.690233 0.353565
vt 0.642987 0.346313
vt 0.690369 0.350687
vt 0.690496 0.347680
vt 0.643308 0.340777
vt 0.690616 0.344543
vt 0.643591 0.335400
vt 0.690728 0.341276
vt 0.690833 0.337880
vt 0.643836 0.330183
vt 0.822623 0.349110
vt 0.824626 0.349315
vt 0.823517 0.349348
vt 0.825973 0.349049
vt 0.821555 0.348531
vt 0.690929 0.334353
vt 0.827557 0.348552
vt 0.820313 0.347611
vt 0.829380 0.347821
vt 0.818895 0.346351
vt 0.831440 0.346859
vt 0.817304 0.344750
vt 0.833739 0.345664
vt 0.691018 0.330697
vt 0.815538 0.342808
vt 0.644043 0.325126
vt 0.836275 0.344238
vt 0.813597 0.340526
vt 0.839049 0.342578
vt 0.691099 0.326911
vt 0.811482 0.337902
vt 0.842062 0.340687
vt 0.644212 0.320229
vt 0.845312 0.338563
vt 0.809193 0.334938
vt 0.691173 0.322995
vt 0.848800 0.336207
vt 0.806729 0.331633
vt 0.644344 0.315491
vt 0.691238 0.318949
vt 0.852526 0.333618
vt 0.804091 0.327988
vt 0.854524 0.332157
vt 0.644438 0.310914
vt 0.691296 0.314773
vt 0.801278 0.324002
vt 0.856354 0.330746
vt 0.509609 0.285946
vt 0.506673 0.302636
vt 0.503129 0.302913
vt 0.510171 0.302405
vt 0.513622 0.302220
vt 0.858017 0.329386
vt 0.517026 0.302079
vt 0.520384 0.301985
vt 0.523695 0.301935
vt 0.526959 0.301931
vt 0.859513 0.328076
vt 0.530176 0.301973
vt 0.533346 0.302059
vt 0.536470 0.302192
vt 0.539547 0.302369
vt 0.542577 0.302592
vt 0.512553 0.286752
vt 0.515467 0.287507
vt 0.518352 0.288210
vt 0.521207 0.288862
vt 0.524032 0.289462
vt 0.526828 0.290010
vt 0.529594 0.290507
vt 0.532344 0.290880
vt 0.535072 0.291130
vt 0.537762 0.291380
vt 0.540447 0.291363
vt 0.860843 0.326818
vt 0.862005 0.325611
vt 0.863000 0.324454
vt 0.863828 0.323347
vt 0.864489 0.322291
vt 0.543093 0.291291
vt 0.864983 0.321286
vt 0.865309 0.320330
vt 0.865469 0.319426
vt 0.644571 0.298925
vt 0.691444 0.302626
vt 0.806648 0.313061
vt 0.865449 0.318567
vt 0.644610 0.285515
vt 0.691180 0.285524
vt 0.807581 0.299981
vt 0.865227 0.317602
vt 0.864803 0.316530
vt 0.864178 0.315351
vt 0.863350 0.314066
vt 0.862321 0.312675
vt 0.861090 0.311176
vt 0.859656 0.309571
vt 0.858021 0.307860
vt 0.856184 0.306042
vt 0.854146 0.304117
vt 0.808436 0.287393
vt 0.644419 0.272569
vt 0.851905 0.302086
vt 0.853339 0.276951
vt 0.690514 0.269067
vt 0.809215 0.275296
vt 0.643997 0.260088
vt 0.689446 0.253255
vt 0.809916 0.263691
vt 0.643345 0.248071
vt 0.854454 0.253068
vt 0.687977 0.238087
vt 0.810540 0.252577
vt 0.642463 0.236519
vt 0.811087 0.241954
vt 0.641350 0.225432
vt 0.686107 0.223565
vt 0.855248 0.230439
vt 0.811557 0.231823
vt 0.640006 0.214810
vt 0.683835 0.209688
vt 0.811950 0.222184
vt 0.638433 0.204652
vt 0.855722 0.209062
vt 0.812265 0.213035
vt 0.681161 0.196455
vt 0.636628 0.194958
vt 0.812503 0.204379
vt 0.634594 0.185730
vt 0.678086 0.183867
vt 0.855876 0.188938
vt 0.812664 0.196213
vt 0.632328 0.176966
vt 0.812748 0.188539
vt 0.674610 0.171925
vt 0.629833 0.168666
vt 0.812751 0.180380
vt 0.855709 0.170067
vt 0.627099 0.160780
vt 0.670731 0.160627
vt 0.812655 0.172383
vt 0.624208 0.153042
vt 0.666452 0.149974
vt 0.812459 0.164548
vt 0.621161 0.145451
vt 0.855222 0.152448
vt 0.812163 0.156876
vt 0.661771 0.139966
vt 0.617959 0.138008
vt 0.811768 0.149367
vt 0.614600 0.130712
vt 0.657209 0.131216
vt 0.811274 0.142020
vt 0.854415 0.136082
vt 0.611084 0.123564
vt 0.652454 0.122721
vt 0.810679 0.134835
vt 0.607413 0.116563
vt 0.647507 0.114482
vt 0.809986 0.127814
vt 0.603585 0.109710
vt 0.853288 0.120970
vt 0.642368 0.106498
vt 0.809192 0.120954
vt 0.599601 0.103005
vt 0.808299 0.114258
vt 0.637036 0.098770
vt 0.595461 0.096447
vt 0.851840 0.107109
vt 0.807307 0.107723
vt 0.591165 0.090037
vt 0.631512 0.091297
vt 0.586712 0.083775
vt 0.806215 0.101352
vt 0.625796 0.084080
vt 0.850072 0.094502
vt 0.581372 0.076729
vt 0.805793 0.099143
vt 0.619887 0.077118
vt 0.805331 0.097035
vt 0.804827 0.095027
vt 0.575744 0.069770
vt 0.804283 0.093121
vt 0.803697 0.091314
vt 0.613786 0.070412
vt 0.803071 0.089609
vt 0.847984 0.083147
vt 0.802403 0.088004
vt 0.569829 0.062900
vt 0.801695 0.086500
vt 0.800946 0.085096
vt 0.607492 0.063961
vt 0.800155 0.083793
vt 0.799324 0.082591
vt 0.798452 0.081489
vt 0.710929 0.073598
vt 0.711603 0.073635
vt 0.711248 0.073644
vt 0.710646 0.073497
vt 0.719806 0.073362
vt 0.710400 0.073341
vt 0.710190 0.073130
vt 0.710016 0.072865
vt 0.709879 0.072544
vt 0.563628 0.056118
vt 0.797448 0.080432
vt 0.709778 0.072169
vt 0.727566 0.073140
vt 0.709714 0.071739
vt 0.709686 0.071254
vt 0.796359 0.079448
vt 0.734884 0.072969
vt 0.709694 0.070714
vt 0.601006 0.057765
vt 0.795185 0.078540
vt 0.709738 0.070119
vt 0.741759 0.072849
vt 0.709780 0.069799
vt 0.793927 0.077706
vt 0.709837 0.069500
vt 0.748191 0.072780
vt 0.709912 0.069221
vt 0.792584 0.076947
vt 0.846658 0.077686
vt 0.710002 0.068962
vt 0.710110 0.068723
vt 0.754180 0.072762
vt 0.710234 0.068505
vt 0.791157 0.076262
vt 0.710374 0.068306
vt 0.759727 0.072795
vt 0.710530 0.068128
vt 0.789645 0.075652
vt 0.710703 0.067970
vt 0.710893 0.067831
vt 0.764831 0.072879
vt 0.711099 0.067714
vt 0.788049 0.075117
vt 0.711321 0.067616
vt 0.716269 0.066462
vt 0.769492 0.073014
vt 0.786368 0.074657
vt 0.773710 0.073199
vt 0.784603 0.074271
vt 0.777486 0.073436
vt 0.782753 0.073960
vt 0.780818 0.073724
vt 0.557140 0.049425
vt 0.720971 0.065308
vt 0.594328 0.051825
vt 0.725426 0.064154
vt 0.845100 0.072491
vt 0.729634 0.063000
vt 0.733596 0.061846
vt 0.550365 0.042819
vt 0.588271 0.046809
vt 0.737312 0.060691
vt 0.843313 0.067562
vt 0.740781 0.059537
vt 0.744003 0.058382
vt 0.581995 0.041927
vt 0.746979 0.057227
vt 0.543303 0.036301
vt 0.841296 0.062900
vt 0.749708 0.056072
vt 0.752191 0.054917
vt 0.575500 0.037177
vt 0.754428 0.053761
vt 0.839048 0.058504
vt 0.756595 0.052494
vt 0.535954 0.029871
vt 0.758637 0.051128
vt 0.568785 0.032562
vt 0.760554 0.049663
vt 0.836570 0.054375
vt 0.762344 0.048099
vt 0.764009 0.046436
vt 0.561850 0.028079
vt 0.528319 0.023530
vt 0.833862 0.050513
vt 0.765549 0.044675
vt 0.766962 0.042814
vt 0.554695 0.023730
vt 0.830923 0.046916
vt 0.768250 0.040854
vt 0.520396 0.017276
vt 0.769413 0.038796
vt 0.827755 0.043587
vt 0.547321 0.019514
vt 0.770450 0.036638
vt 0.824356 0.040524
vt 0.539727 0.015432
vt 0.512187 0.011111
vt 0.771361 0.034382
vt 0.820727 0.037727
vt 0.772147 0.032026
vt 0.531913 0.011482
vt 0.816868 0.035197
vt 0.772618 0.030692
vt 0.503691 0.005033
vt 0.814458 0.033785
vt 0.773161 0.029484
vt 0.523880 0.007667
vt 0.811966 0.032466
vt 0.773773 0.028404
vt 0.809389 0.031241
vt 0.774456 0.027452
vt 0.806730 0.030109
vt 0.515627 0.003984
vt 0.775209 0.026626
vt 0.803987 0.029070
vt 0.776033 0.025928
vt 0.503592 0.004949
vt 0.503502 0.004858
vt 0.503422 0.004763
vt 0.503352 0.004662
vt 0.503291 0.004556
vt 0.801161 0.028124
vt 0.503240 0.004444
vt 0.503198 0.004327
vt 0.503166 0.004205
vt 0.776927 0.025357
vt 0.503144 0.004077
vt 0.503132 0.003943
vt 0.503129 0.003805
vt 0.798252 0.027272
vt 0.503135 0.003661
vt 0.503204 0.003065
vt 0.777892 0.024913
vt 0.795259 0.026513
vt 0.778927 0.024597
vt 0.503311 0.002524
vt 0.507154 0.000435
vt 0.792183 0.025848
vt 0.780032 0.024407
vt 0.789023 0.025275
vt 0.503457 0.002039
vt 0.781208 0.024346
vt 0.785780 0.024797
vt 0.782454 0.024411
vt 0.503642 0.001609
vt 0.503865 0.001235
vt 0.504127 0.000916
vt 0.504428 0.000652
vt 0.504767 0.000444
vt 0.505145 0.000290
vt 0.505562 0.000193
vt 0.507119 0.000397
vt 0.507080 0.000362
vt 0.507038 0.000329
vt 0.506993 0.000299
vt 0.506018 0.000150
vt 0.506944 0.000272
vt 0.506892 0.000248
vt 0.506837 0.000227
vt 0.506779 0.000209
vt 0.506512 0.000163
vt 0.506717 0.000193
vt 0.506652 0.000180
vt 0.506583 0.000170
vt 0.903866 0.582210
vt 0.907749 0.581751
vt 0.906793 0.590415
vt 0.905872 0.598482
vt 0.904986 0.605953
vt 0.904135 0.612826
vt 0.903319 0.619103
vt 0.900018 0.582628
vt 0.902537 0.624782
vt 0.901790 0.629865
vt 0.901078 0.634350
vt 0.900401 0.638239
vt 0.899759 0.641530
vt 0.899152 0.644224
vt 0.896206 0.583005
vt 0.898579 0.646322
vt 0.898080 0.647805
vt 0.897523 0.649159
vt 0.896906 0.650383
vt 0.896231 0.651477
vt 0.895497 0.652442
vt 0.892429 0.583339
vt 0.894705 0.653278
vt 0.893854 0.653983
vt 0.892945 0.654560
vt 0.891976 0.655006
vt 0.888687 0.583632
vt 0.890950 0.655324
vt 0.889864 0.655511
vt 0.888720 0.655569
vt 0.887430 0.655448
vt 0.884980 0.583884
vt 0.886159 0.655101
vt 0.884907 0.654526
vt 0.883674 0.653725
vt 0.881308 0.584093
vt 0.882459 0.652696
vt 0.881263 0.651441
vt 0.880086 0.649958
vt 0.877672 0.584261
vt 0.878927 0.648249
vt 0.877788 0.646313
vt 0.876667 0.644150
vt 0.874070 0.584387
vt 0.875564 0.641760
vt 0.874481 0.639144
vt 0.835761 0.638420
vt 0.870504 0.584472
vt 0.866973 0.584514
vt 0.863477 0.584515
vt 0.856236 0.584460
vt 0.849180 0.584378
vt 0.842309 0.584269
vt 0.835624 0.584133
vt 0.832629 0.638308
vt 0.829123 0.583970
vt 0.829350 0.638174
vt 0.825925 0.638018
vt 0.822809 0.583781
vt 0.822354 0.637841
vt 0.816679 0.583564
vt 0.818635 0.637641
vt 0.814770 0.637420
vt 0.810734 0.583321
vt 0.812578 0.777636
vt 0.812747 0.778603
vt 0.812608 0.779772
vt 0.812203 0.781170
vt 0.812066 0.776453
vt 0.810759 0.637177
vt 0.811529 0.782799
vt 0.811209 0.775054
vt 0.810588 0.784657
vt 0.810009 0.773439
vt 0.809379 0.786746
vt 0.808465 0.771608
vt 0.807903 0.789064
vt 0.806601 0.636913
vt 0.806577 0.769560
vt 0.804975 0.583050
vt 0.806158 0.791612
vt 0.804345 0.767297
vt 0.804146 0.794390
vt 0.802297 0.636626
vt 0.801769 0.764818
vt 0.801867 0.797397
vt 0.799401 0.582753
vt 0.799320 0.800635
vt 0.798849 0.762122
vt 0.797845 0.636318
vt 0.796505 0.804103
vt 0.795585 0.759210
vt 0.794013 0.582429
vt 0.793248 0.635988
vt 0.793422 0.807800
vt 0.791977 0.756083
vt 0.791692 0.809776
vt 0.788809 0.582078
vt 0.788504 0.635636
vt 0.788026 0.752739
vt 0.790030 0.811579
vt 0.773432 0.421055
vt 0.794041 0.415197
vt 0.793349 0.419334
vt 0.792715 0.423420
vt 0.792140 0.427456
vt 0.788438 0.813210
vt 0.791622 0.431442
vt 0.791163 0.435378
vt 0.790762 0.439263
vt 0.790419 0.443098
vt 0.786914 0.814670
vt 0.790135 0.446883
vt 0.789909 0.450617
vt 0.789740 0.454302
vt 0.789630 0.457936
vt 0.789579 0.461519
vt 0.774075 0.424598
vt 0.774660 0.428101
vt 0.775188 0.431563
vt 0.775658 0.434986
vt 0.776070 0.438368
vt 0.776425 0.441710
vt 0.776722 0.445012
vt 0.777281 0.452877
vt 0.777744 0.463358
vt 0.778063 0.471185
vt 0.778229 0.490872
vt 0.785533 0.815895
vt 0.784217 0.816956
vt 0.782967 0.817853
vt 0.781782 0.818587
vt 0.780663 0.819157
vt 0.778043 0.509682
vt 0.779661 0.819545
vt 0.778722 0.819776
vt 0.777845 0.819852
vt 0.776814 0.607215
vt 0.776412 0.652283
vt 0.776705 0.763155
vt 0.777026 0.819761
vt 0.764005 0.606127
vt 0.760105 0.650594
vt 0.764138 0.762948
vt 0.776123 0.819469
vt 0.775135 0.818974
vt 0.774063 0.818278
vt 0.772905 0.817380
vt 0.771663 0.816280
vt 0.770335 0.814979
vt 0.768923 0.813476
vt 0.767426 0.811771
vt 0.765845 0.809864
vt 0.764178 0.807756
vt 0.752047 0.762708
vt 0.751660 0.604857
vt 0.762427 0.805446
vt 0.738307 0.804706
vt 0.744446 0.648577
vt 0.740431 0.762436
vt 0.739778 0.603407
vt 0.729438 0.646230
vt 0.729291 0.762132
vt 0.728358 0.601775
vt 0.715410 0.803765
vt 0.715078 0.643554
vt 0.718627 0.761795
vt 0.717402 0.599963
vt 0.708439 0.761425
vt 0.706909 0.597970
vt 0.701369 0.640549
vt 0.693736 0.802624
vt 0.698726 0.761023
vt 0.696878 0.595795
vt 0.688308 0.637215
vt 0.689489 0.760589
vt 0.687311 0.593440
vt 0.673286 0.801282
vt 0.680727 0.760122
vt 0.675898 0.633551
vt 0.678207 0.590903
vt 0.672442 0.759623
vt 0.669566 0.588185
vt 0.664136 0.629558
vt 0.654058 0.799739
vt 0.664632 0.759091
vt 0.661388 0.585287
vt 0.657298 0.758527
vt 0.653025 0.625236
vt 0.653672 0.582207
vt 0.649507 0.757845
vt 0.636053 0.797996
vt 0.646372 0.578934
vt 0.642562 0.620585
vt 0.641879 0.757082
vt 0.639225 0.575525
vt 0.632750 0.615604
vt 0.634415 0.756237
vt 0.632233 0.571978
vt 0.619272 0.796052
vt 0.627114 0.755311
vt 0.623586 0.610294
vt 0.625395 0.568295
vt 0.619977 0.754303
vt 0.618710 0.564475
vt 0.615614 0.605203
vt 0.613004 0.753214
vt 0.603713 0.793908
vt 0.612180 0.560519
vt 0.607902 0.599950
vt 0.606194 0.752044
vt 0.605804 0.556425
vt 0.600451 0.594535
vt 0.599548 0.750792
vt 0.599582 0.552195
vt 0.589378 0.791563
vt 0.593259 0.588958
vt 0.593065 0.749459
vt 0.593513 0.547828
vt 0.586746 0.748044
vt 0.586327 0.583218
vt 0.587599 0.543325
vt 0.576265 0.789017
vt 0.580590 0.746548
vt 0.581839 0.538684
vt 0.579655 0.577316
vt 0.576233 0.533907
vt 0.574598 0.744970
vt 0.573244 0.571252
vt 0.564376 0.786271
vt 0.569953 0.528216
vt 0.572524 0.744382
vt 0.567092 0.565025
vt 0.570550 0.743763
vt 0.568676 0.743114
vt 0.563782 0.522258
vt 0.566901 0.742434
vt 0.565225 0.741723
vt 0.561201 0.558636
vt 0.563650 0.740982
vt 0.553710 0.783324
vt 0.562173 0.740210
vt 0.557718 0.516034
vt 0.560796 0.739408
vt 0.559519 0.738574
vt 0.555569 0.552085
vt 0.558342 0.737710
vt 0.557263 0.736816
vt 0.556285 0.735891
vt 0.556096 0.651661
vt 0.556113 0.651969
vt 0.556075 0.652308
vt 0.556024 0.651382
vt 0.555126 0.660117
vt 0.555896 0.651134
vt 0.555712 0.650916
vt 0.555473 0.650728
vt 0.555179 0.650570
vt 0.551763 0.509543
vt 0.555359 0.734843
vt 0.554829 0.650442
vt 0.554263 0.667508
vt 0.554424 0.650345
vt 0.553963 0.650277
vt 0.554511 0.733721
vt 0.553485 0.674480
vt 0.553447 0.650239
vt 0.550198 0.545372
vt 0.553743 0.732524
vt 0.552875 0.650232
vt 0.552794 0.681034
vt 0.552566 0.650245
vt 0.553052 0.731253
vt 0.552276 0.650275
vt 0.552188 0.687169
vt 0.552003 0.650322
vt 0.552440 0.729907
vt 0.548606 0.781599
vt 0.551748 0.650387
vt 0.551511 0.650470
vt 0.551668 0.692886
vt 0.551292 0.650569
vt 0.551906 0.728487
vt 0.551091 0.650687
vt 0.551234 0.698185
vt 0.550907 0.650821
vt 0.551451 0.726992
vt 0.550742 0.650973
vt 0.550594 0.651142
vt 0.550885 0.703065
vt 0.550464 0.651329
vt 0.551074 0.725423
vt 0.550352 0.651533
vt 0.548835 0.656161
vt 0.550623 0.707527
vt 0.550775 0.723779
vt 0.550446 0.711571
vt 0.550555 0.722061
vt 0.550355 0.715196
vt 0.550413 0.720269
vt 0.550350 0.718402
vt 0.545916 0.502786
vt 0.547339 0.660553
vt 0.545087 0.538497
vt 0.545863 0.664710
vt 0.543777 0.779676
vt 0.544408 0.668631
vt 0.542973 0.672317
vt 0.540177 0.495762
vt 0.540806 0.532293
vt 0.541559 0.675768
vt 0.539221 0.777556
vt 0.540165 0.678983
vt 0.538792 0.681963
vt 0.536670 0.525890
vt 0.537440 0.684708
vt 0.534547 0.488472
vt 0.534939 0.775238
vt 0.536108 0.687217
vt 0.534796 0.689491
vt 0.532681 0.519289
vt 0.533505 0.691529
vt 0.530931 0.772723
vt 0.532113 0.693492
vt 0.529024 0.480915
vt 0.530638 0.695327
vt 0.528837 0.512489
vt 0.529078 0.697034
vt 0.527196 0.770010
vt 0.527434 0.698612
vt 0.525707 0.700063
vt 0.525139 0.505491
vt 0.523610 0.473092
vt 0.523735 0.767100
vt 0.523896 0.701384
vt 0.522000 0.702578
vt 0.521587 0.498295
vt 0.520548 0.763993
vt 0.520021 0.703644
vt 0.518304 0.465003
vt 0.517958 0.704581
vt 0.517635 0.760688
vt 0.518180 0.490899
vt 0.515811 0.705390
vt 0.514996 0.757186
vt 0.514920 0.483305
vt 0.513106 0.456647
vt 0.513580 0.706070
vt 0.512630 0.753486
vt 0.511265 0.706623
vt 0.511805 0.475513
vt 0.510538 0.749589
vt 0.509951 0.706961
vt 0.508016 0.448024
vt 0.509392 0.747170
vt 0.508753 0.707377
vt 0.508835 0.467522
vt 0.508343 0.744679
vt 0.507670 0.707872
vt 0.507389 0.742116
vt 0.506703 0.708444
vt 0.506531 0.739482
vt 0.506012 0.459333
vt 0.505852 0.709094
vt 0.505769 0.736776
vt 0.505116 0.709822
vt 0.507943 0.447922
vt 0.507865 0.447829
vt 0.507780 0.447744
vt 0.507690 0.447668
vt 0.507593 0.447601
vt 0.505104 0.733998
vt 0.507491 0.447543
vt 0.507383 0.447494
vt 0.507268 0.447453
vt 0.504496 0.710627
vt 0.507148 0.447421
vt 0.507022 0.447398
vt 0.506890 0.447384
vt 0.504535 0.731149
vt 0.506752 0.447378
vt 0.506177 0.447393
vt 0.503991 0.711511
vt 0.504061 0.728227
vt 0.503602 0.712473
vt 0.505652 0.447450
vt 0.503335 0.450945
vt 0.503684 0.725234
vt 0.503329 0.713512
vt 0.503403 0.722170
vt 0.505177 0.447549
vt 0.503171 0.714629
vt 0.503218 0.719033
vt 0.503129 0.715825
vt 0.504751 0.447689
vt 0.504374 0.447871
vt 0.504048 0.448094
vt 0.503770 0.448359
vt 0.503543 0.448666
vt 0.503365 0.449014
vt 0.503237 0.449404
vt 0.503301 0.450908
vt 0.503271 0.450868
vt 0.503243 0.450825
vt 0.503218 0.450779
vt 0.503158 0.449835
vt 0.503197 0.450730
vt 0.503178 0.450679
vt 0.503163 0.450624
vt 0.503150 0.450567
vt 0.503129 0.450308
vt 0.503140 0.450507
vt 0.503133 0.450443
vt 0.503129 0.450377
vt 0.131304 0.180549
vt 0.166890 0.275558
vt 0.024599 0.316218
vt 0.000539 0.216371
vt 0.174316 0.297547
vt 0.021798 0.331605
vt 0.176107 0.318294
vt 0.018699 0.347810
vt 0.177668 0.338215
vt 0.015507 0.364681
vt 0.179120 0.357353
vt 0.012383 0.382082
vt 0.180554 0.375740
vt 0.009457 0.399884
vt 0.182039 0.393401
vt 0.006829 0.417975
vt 0.183630 0.410357
vt 0.004573 0.436253
vt 0.185371 0.426628
vt 0.002745 0.454630
vt 0.187296 0.442233
vt 0.001383 0.473032
vt 0.189435 0.457193
vt 0.000512 0.491398
vt 0.191811 0.471532
vt 0.000150 0.509681
vt 0.194446 0.485274
vt 0.000305 0.527849
vt 0.197041 0.497542
vt 0.000741 0.544881
vt 0.199790 0.509591
vt 0.001728 0.562034
vt 0.202702 0.521418
vt 0.003275 0.579279
vt 0.205786 0.533025
vt 0.005392 0.596589
vt 0.209052 0.544409
vt 0.008090 0.613941
vt 0.212507 0.555572
vt 0.011376 0.631314
vt 0.216157 0.566512
vt 0.015259 0.648687
vt 0.220011 0.577230
vt 0.019750 0.666043
vt 0.224075 0.587726
vt 0.024859 0.683364
vt 0.228357 0.598001
vt 0.030595 0.700635
vt 0.232863 0.608052
vt 0.036971 0.717840
vt 0.237600 0.617882
vt 0.043999 0.734964
vt 0.241801 0.626327
vt 0.050856 0.750678
vt 0.246262 0.634696
vt 0.058394 0.766415
vt 0.250993 0.642981
vt 0.066636 0.782155
vt 0.256000 0.651175
vt 0.075606 0.797878
vt 0.261292 0.659267
vt 0.085331 0.813562
vt 0.266875 0.667246
vt 0.095837 0.829181
vt 0.272754 0.675100
vt 0.107152 0.844707
vt 0.278936 0.682812
vt 0.119303 0.860108
vt 0.285423 0.690365
vt 0.132322 0.875352
vt 0.292220 0.697740
vt 0.146238 0.890401
vt 0.299326 0.704915
vt 0.161083 0.905211
vt 0.306742 0.711866
vt 0.176890 0.919739
vt 0.304116 0.711404
vt 0.180966 0.926458
vt 0.301508 0.710935
vt 0.185056 0.933169
vt 0.298900 0.710465
vt 0.189158 0.939872
vt 0.296292 0.709995
vt 0.193274 0.946567
vt 0.293684 0.709524
vt 0.197403 0.953255
vt 0.291076 0.709053
vt 0.201545 0.959935
vt 0.288468 0.708581
vt 0.205701 0.966607
vt 0.285860 0.708108
vt 0.209869 0.973271
vt 0.283252 0.707635
vt 0.214051 0.979928
vt 0.280644 0.707161
vt 0.218245 0.986576
vt 0.278037 0.706687
vt 0.222453 0.993217
vt 0.275429 0.706211
vt 0.226675 0.999850
vt 0.273151 0.705898
vt 0.232524 0.993399
vt 0.270837 0.705534
vt 0.238264 0.986908
vt 0.268496 0.705120
vt 0.243913 0.980384
vt 0.266135 0.704661
vt 0.249491 0.973829
vt 0.263766 0.704154
vt 0.255017 0.967249
vt 0.261397 0.703597
vt 0.260512 0.960643
vt 0.259037 0.702987
vt 0.265994 0.954013
vt 0.256695 0.702320
vt 0.271477 0.947355
vt 0.254378 0.701593
vt 0.276972 0.940666
vt 0.252091 0.700801
vt 0.282485 0.933941
vt 0.249837 0.699938
vt 0.288019 0.927176
vt 0.247620 0.698998
vt 0.293576 0.920363
vt 0.245085 0.698056
vt 0.298463 0.913660
vt 0.242549 0.697031
vt 0.303338 0.906948
vt 0.240012 0.695888
vt 0.308199 0.900226
vt 0.237474 0.694556
vt 0.313046 0.893495
vt 0.234938 0.692878
vt 0.317881 0.886755
vt 0.232409 0.690356
vt 0.322702 0.880005
vt 0.229952 0.682668
vt 0.327510 0.873246
vt 0.227438 0.677865
vt 0.332304 0.866478
vt 0.224857 0.675852
vt 0.337085 0.859701
vt 0.222257 0.674492
vt 0.341853 0.852915
vt 0.219646 0.673423
vt 0.346607 0.846119
vt 0.217028 0.672517
vt 0.351348 0.839314
vt 0.222682 0.662519
vt 0.366722 0.823266
vt 0.228108 0.652274
vt 0.381025 0.806839
vt 0.233297 0.641814
vt 0.394298 0.790108
vt 0.238244 0.631166
vt 0.406576 0.773139
vt 0.242944 0.620355
vt 0.417899 0.755993
vt 0.247396 0.609402
vt 0.428304 0.738725
vt 0.251602 0.598327
vt 0.437826 0.721384
vt 0.255565 0.587144
vt 0.446501 0.704014
vt 0.259290 0.575869
vt 0.454365 0.686654
vt 0.262781 0.564512
vt 0.461452 0.669340
vt 0.266046 0.553083
vt 0.467795 0.652104
vt 0.269092 0.541591
vt 0.473427 0.634974
vt 0.271508 0.531320
vt 0.477778 0.619374
vt 0.273816 0.520882
vt 0.481616 0.603759
vt 0.276022 0.510279
vt 0.484952 0.588147
vt 0.278129 0.499513
vt 0.487797 0.572558
vt 0.280142 0.488586
vt 0.490164 0.557012
vt 0.282066 0.477501
vt 0.492064 0.541527
vt 0.283907 0.466260
vt 0.493509 0.526125
vt 0.285673 0.454865
vt 0.494512 0.510826
vt 0.287371 0.443318
vt 0.495088 0.495653
vt 0.289009 0.431624
vt 0.495251 0.480628
vt 0.290597 0.419786
vt 0.495015 0.465774
vt 0.292145 0.407808
vt 0.494399 0.451118
vt 0.293320 0.393100
vt 0.493478 0.436389
vt 0.295246 0.380263
vt 0.492285 0.421566
vt 0.297410 0.366919
vt 0.490830 0.406689
vt 0.299811 0.353069
vt 0.489129 0.391806
vt 0.302452 0.338713
vt 0.487201 0.376974
vt 0.305334 0.323849
vt 0.485073 0.362257
vt 0.308458 0.308469
vt 0.482778 0.347728
vt 0.311827 0.292551
vt 0.480361 0.333470
vt 0.315441 0.276059
vt 0.477874 0.319573
vt 0.319297 0.258928
vt 0.475388 0.306140
vt 0.323383 0.241052
vt 0.472988 0.293283
vt 0.327667 0.222252
vt 0.470781 0.281127
vt 0.374985 0.144525
vt 0.502828 0.192663
vt 0.375836 0.142942
vt 0.501843 0.187255
vt 0.376701 0.141354
vt 0.500756 0.181880
vt 0.377580 0.139761
vt 0.499568 0.176541
vt 0.378473 0.138165
vt 0.498277 0.171239
vt 0.379380 0.136567
vt 0.496881 0.165978
vt 0.380300 0.134967
vt 0.495380 0.160759
vt 0.381415 0.135025
vt 0.493773 0.155585
vt 0.382589 0.135195
vt 0.492057 0.150458
vt 0.383684 0.135410
vt 0.490230 0.145380
vt 0.384731 0.135678
vt 0.488291 0.140354
vt 0.385760 0.136005
vt 0.486237 0.135380
vt 0.386795 0.136414
vt 0.484067 0.130461
vt 0.386504 0.128102
vt 0.480909 0.116336
vt 0.386021 0.128727
vt 0.478470 0.111416
vt 0.385463 0.129159
vt 0.475910 0.106621
vt 0.384859 0.129405
vt 0.473236 0.101951
vt 0.384228 0.129477
vt 0.470454 0.097402
vt 0.383549 0.129372
vt 0.467567 0.092973
vt 0.382826 0.129079
vt 0.464582 0.088663
vt 0.382064 0.128582
vt 0.461502 0.084470
vt 0.381311 0.127906
vt 0.458332 0.080394
vt 0.380568 0.127104
vt 0.455075 0.076432
vt 0.379819 0.126086
vt 0.451737 0.072584
vt 0.379092 0.124989
vt 0.448319 0.068850
vt 0.378391 0.123849
vt 0.444826 0.065227
vt 0.340003 0.080731
vt 0.402231 0.020665
vt 0.338846 0.079954
vt 0.396783 0.017863
vt 0.337517 0.079150
vt 0.391211 0.015219
vt 0.336013 0.078319
vt 0.385518 0.012746
vt 0.334334 0.077461
vt 0.379705 0.010456
vt 0.332478 0.076578
vt 0.373776 0.008361
vt 0.330446 0.075669
vt 0.367737 0.006473
vt 0.328239 0.074734
vt 0.361593 0.004803
vt 0.325860 0.073773
vt 0.355351 0.003364
vt 0.323314 0.072785
vt 0.349018 0.002167
vt 0.320606 0.071768
vt 0.342605 0.001225
vt 0.317740 0.070722
vt 0.336123 0.000548
vt 0.314726 0.069643
vt 0.329584 0.000150
vt 0.313450 0.068487
vt 0.324543 0.000291
vt 0.312149 0.067332
vt 0.319506 0.000576
vt 0.310827 0.066179
vt 0.314476 0.001009
vt 0.309484 0.065027
vt 0.309456 0.001591
vt 0.308122 0.063875
vt 0.304449 0.002325
vt 0.306745 0.062721
vt 0.299460 0.003215
vt 0.305352 0.061566
vt 0.294493 0.004263
vt 0.303948 0.060408
vt 0.289551 0.005471
vt 0.302533 0.059246
vt 0.284639 0.006843
vt 0.301110 0.058079
vt 0.279762 0.008382
vt 0.299682 0.056905
vt 0.274925 0.010090
vt 0.298251 0.055724
vt 0.270131 0.011971
vt 0.294266 0.061643
vt 0.264241 0.014890
vt 0.290486 0.067378
vt 0.258663 0.018042
vt 0.286903 0.072947
vt 0.253415 0.021371
vt 0.283515 0.078362
vt 0.248507 0.024830
vt 0.280319 0.083631
vt 0.243946 0.028375
vt 0.277316 0.088759
vt 0.239730 0.031967
vt 0.274508 0.093748
vt 0.235857 0.035574
vt 0.271898 0.098600
vt 0.232320 0.039165
vt 0.269490 0.103312
vt 0.229110 0.042717
vt 0.267288 0.107886
vt 0.226215 0.046206
vt 0.265298 0.112319
vt 0.223622 0.049616
vt 0.263525 0.116610
vt 0.221316 0.052931
vt 0.261982 0.120742
vt 0.219289 0.056132
vt 0.260478 0.124858
vt 0.217349 0.059332
vt 0.259016 0.128957
vt 0.215489 0.062532
vt 0.257596 0.133042
vt 0.213704 0.065731
vt 0.256216 0.137111
vt 0.211988 0.068929
vt 0.254876 0.141167
vt 0.210334 0.072129
vt 0.253574 0.145210
vt 0.208736 0.075332
vt 0.252308 0.149244
vt 0.207185 0.078542
vt 0.251075 0.153269
vt 0.205675 0.081763
vt 0.249870 0.157289
vt 0.204196 0.084998
vt 0.248690 0.161306
vt 0.202744 0.088254
vt 0.247530 0.165321
vt 0.201311 0.091533
vt 0.246395 0.169358
vt 0.199857 0.094864
vt 0.245287 0.173354
vt 0.198437 0.098215
vt 0.244197 0.177312
vt 0.197038 0.101594
vt 0.243114 0.181235
vt 0.195648 0.105011
vt 0.242022 0.185113
vt 0.194258 0.108473
vt 0.240770 0.187563
vt 0.192864 0.111986
vt 0.239372 0.190033
vt 0.191464 0.115555
vt 0.237816 0.192585
vt 0.190060 0.119184
vt 0.236098 0.195221
vt 0.188656 0.122874
vt 0.234214 0.197938
vt 0.187256 0.126627
vt 0.232162 0.200735
vt 0.185866 0.130442
vt 0.229938 0.203611
vt 0.184494 0.134320
vt 0.211735 0.224844
vt 0.169758 0.147498
vt 0.209010 0.227695
vt 0.171419 0.151496
vt 0.206181 0.230607
vt 0.173137 0.155412
vt 0.203246 0.233576
vt 0.174915 0.159236
vt 0.200199 0.236597
vt 0.176758 0.162953
vt 0.197038 0.239665
vt 0.178671 0.166548
vt 0.193758 0.242775
vt 0.180658 0.170008
vt 0.190353 0.245922
vt 0.182722 0.173314
vt 0.186818 0.249099
vt 0.184866 0.176451
vt 0.183144 0.252301
vt 0.187095 0.179401
vt 0.179323 0.255521
vt 0.189408 0.182144
vt 0.175343 0.258749
vt 0.191809 0.184661
vt 0.171185 0.261978
vt 0.194299 0.186929
vt 0.121328 0.237681
vt 0.147346 0.169943
vt 0.120214 0.235208
vt 0.146859 0.169472
vt 0.119261 0.232741
vt 0.146552 0.168970
vt 0.118477 0.230290
vt 0.146414 0.168448
vt 0.117871 0.227860
vt 0.146436 0.167917
vt 0.117444 0.225459
vt 0.146609 0.167387
vt 0.117201 0.223092
vt 0.146925 0.166869
vt 0.117140 0.220766
vt 0.147378 0.166371
vt 0.117261 0.218486
vt 0.147959 0.165901
vt 0.117563 0.216256
vt 0.148662 0.165467
vt 0.118042 0.214079
vt 0.149478 0.165073
vt 0.118692 0.211957
vt 0.150397 0.164724
vt 0.119459 0.209925
vt 0.151403 0.164416
vt 0.120129 0.207892
vt 0.152354 0.164054
vt 0.120675 0.205847
vt 0.153227 0.163616
vt 0.121093 0.203782
vt 0.154019 0.163093
vt 0.121379 0.201692
vt 0.154727 0.162477
vt 0.121535 0.199569
vt 0.155351 0.161762
vt 0.121558 0.197408
vt 0.155890 0.160940
vt 0.121449 0.195202
vt 0.156344 0.160006
vt 0.121209 0.192943
vt 0.156713 0.158956
vt 0.120837 0.190624
vt 0.156996 0.157785
vt 0.120335 0.188237
vt 0.157193 0.156488
vt 0.119704 0.185773
vt 0.157301 0.155061
vt 0.118946 0.183222
vt 0.157321 0.153503
vt 0.119001 0.181129
vt 0.157716 0.152416
vt 0.119121 0.179082
vt 0.158126 0.151343
vt 0.119304 0.177084
vt 0.158551 0.150289
vt 0.119549 0.175136
vt 0.158989 0.149253
vt 0.119854 0.173240
vt 0.159441 0.148239
vt 0.120217 0.171398
vt 0.159905 0.147248
vt 0.120637 0.169610
vt 0.160381 0.146281
vt 0.121111 0.167877
vt 0.160868 0.145337
vt 0.121638 0.166200
vt 0.161364 0.144416
vt 0.122215 0.164578
vt 0.161869 0.143518
vt 0.122841 0.163012
vt 0.162380 0.142639
vt 0.123512 0.161500
vt 0.162895 0.141775
vt 0.124230 0.160046
vt 0.163411 0.140920
vt 0.124935 0.158654
vt 0.163903 0.140023
vt 0.125625 0.157320
vt 0.164366 0.139077
vt 0.126295 0.156043
vt 0.164798 0.138077
vt 0.126942 0.154822
vt 0.165194 0.137017
vt 0.127562 0.153657
vt 0.165553 0.135895
vt 0.128152 0.152550
vt 0.165870 0.134710
vt 0.128706 0.151500
vt 0.166145 0.133458
vt 0.129219 0.150508
vt 0.166373 0.132139
vt 0.129685 0.149575
vt 0.166550 0.130752
vt 0.130096 0.148702
vt 0.166674 0.129297
vt 0.130108 0.150057
vt 0.166741 0.127771
vt 0.123909 0.144650
vt 0.163468 0.120916
vt 0.118726 0.137914
vt 0.160231 0.114223
vt 0.114412 0.130837
vt 0.157085 0.107759
vt 0.110826 0.123897
vt 0.154055 0.101588
vt 0.107846 0.117324
vt 0.151153 0.095761
vt 0.105407 0.111240
vt 0.148379 0.090315
vt 0.103384 0.105714
vt 0.145733 0.085274
vt 0.101703 0.100770
vt 0.143210 0.080645
vt 0.100295 0.096414
vt 0.140808 0.076431
vt 0.099102 0.092636
vt 0.138526 0.072624
vt 0.098053 0.089401
vt 0.136363 0.069210
vt 0.097137 0.086677
vt 0.134320 0.066170
vt 0.096704 0.085500
vt 0.133037 0.064613
vt 0.096281 0.084411
vt 0.131764 0.063140
vt 0.095860 0.083400
vt 0.130502 0.061745
vt 0.095441 0.082461
vt 0.129249 0.060422
vt 0.095027 0.081582
vt 0.128004 0.059165
vt 0.094610 0.080759
vt 0.126764 0.057968
vt 0.094182 0.079986
vt 0.125528 0.056824
vt 0.093746 0.079253
vt 0.124293 0.055728
vt 0.093300 0.078554
vt 0.123055 0.054673
vt 0.092840 0.077884
vt 0.121811 0.053653
vt 0.092363 0.077236
vt 0.120557 0.052664
vt 0.091867 0.076605
vt 0.119289 0.051700
vt 0.091613 0.076301
vt 0.118309 0.051085
vt 0.091353 0.075999
vt 0.117320 0.050484
vt 0.091085 0.075698
vt 0.116321 0.049896
vt 0.090807 0.075397
vt 0.115311 0.049322
vt 0.090521 0.075096
vt 0.114290 0.048761
vt 0.090223 0.074795
vt 0.113258 0.048213
vt 0.089916 0.074492
vt 0.112213 0.047677
vt 0.089596 0.074187
vt 0.111154 0.047154
vt 0.089266 0.073880
vt 0.110082 0.046644
vt 0.088922 0.073570
vt 0.108996 0.046146
vt 0.088567 0.073258
vt 0.107894 0.045661
vt 0.088198 0.072942
vt 0.106778 0.045190
vt 0.088163 0.072891
vt 0.106036 0.044987
vt 0.088134 0.072856
vt 0.105306 0.044799
vt 0.088108 0.072835
vt 0.104586 0.044626
vt 0.088084 0.072828
vt 0.103872 0.044464
vt 0.088061 0.072833
vt 0.103161 0.044311
vt 0.088035 0.072850
vt 0.102449 0.044165
vt 0.088004 0.072877
vt 0.101733 0.044025
vt 0.087966 0.072914
vt 0.101010 0.043889
vt 0.087919 0.072960
vt 0.100276 0.043755
vt 0.087861 0.073015
vt 0.099529 0.043625
vt 0.087789 0.073078
vt 0.098765 0.043496
vt 0.087703 0.073150
vt 0.097983 0.043370
vt 0.087414 0.073227
vt 0.096995 0.043186
vt 0.087122 0.073283
vt 0.096016 0.043021
vt 0.086827 0.073319
vt 0.095044 0.042874
vt 0.086532 0.073331
vt 0.094078 0.042744
vt 0.086238 0.073319
vt 0.093115 0.042630
vt 0.085947 0.073281
vt 0.092154 0.042532
vt 0.085657 0.073218
vt 0.091192 0.042448
vt 0.085371 0.073128
vt 0.090228 0.042379
vt 0.085087 0.073009
vt 0.089259 0.042325
vt 0.084813 0.072862
vt 0.088284 0.042285
vt 0.084545 0.072686
vt 0.087301 0.042259
vt 0.084284 0.072477
vt 0.086308 0.042249
vt 0.084046 0.072250
vt 0.085315 0.042255
vt 0.083794 0.071981
vt 0.084280 0.042276
vt 0.083539 0.071684
vt 0.083204 0.042315
vt 0.083283 0.071353
vt 0.082085 0.042376
vt 0.083040 0.071002
vt 0.080926 0.042460
vt 0.082809 0.070630
vt 0.079726 0.042571
vt 0.082608 0.070258
vt 0.078485 0.042713
vt 0.082433 0.069884
vt 0.077206 0.042890
vt 0.082290 0.069531
vt 0.075888 0.043106
vt 0.082206 0.069233
vt 0.074532 0.043364
vt 0.082184 0.069066
vt 0.073139 0.043670
vt 0.081597 0.069212
vt 0.071710 0.044029
vt 0.081614 0.069199
vt 0.071069 0.044099
vt 0.081631 0.069185
vt 0.070430 0.044170
vt 0.081647 0.069170
vt 0.069791 0.044243
vt 0.081663 0.069155
vt 0.069153 0.044318
vt 0.081678 0.069139
vt 0.068514 0.044395
vt 0.081691 0.069122
vt 0.067874 0.044474
vt 0.081763 0.069058
vt 0.067233 0.044556
vt 0.081832 0.068993
vt 0.066591 0.044641
vt 0.081898 0.068928
vt 0.065947 0.044729
vt 0.081961 0.068861
vt 0.065301 0.044822
vt 0.082020 0.068794
vt 0.064653 0.044917
vt 0.082075 0.068726
vt 0.064002 0.045018
vt 0.082101 0.068670
vt 0.063310 0.045154
vt 0.082131 0.068609
vt 0.062626 0.045287
vt 0.082162 0.068544
vt 0.061952 0.045418
vt 0.082197 0.068475
vt 0.061285 0.045546
vt 0.082233 0.068404
vt 0.060626 0.045670
vt 0.082270 0.068330
vt 0.059972 0.045792
vt 0.082308 0.068254
vt 0.059324 0.045912
vt 0.082345 0.068179
vt 0.058679 0.046031
vt 0.082380 0.068104
vt 0.058035 0.046152
vt 0.082412 0.068031
vt 0.057390 0.046276
vt 0.082440 0.067962
vt 0.056742 0.046407
vt 0.082462 0.067897
vt 0.056090 0.046545
vt 0.081675 0.068706
vt 0.054359 0.048055
vt 0.081323 0.069545
vt 0.052698 0.049551
vt 0.081143 0.070459
vt 0.051103 0.051029
vt 0.081035 0.071434
vt 0.049571 0.052483
vt 0.080999 0.072460
vt 0.048102 0.053905
vt 0.081023 0.073512
vt 0.046692 0.055289
vt 0.081103 0.074564
vt 0.045340 0.056627
vt 0.081234 0.075593
vt 0.044046 0.057912
vt 0.081403 0.076582
vt 0.042807 0.059135
vt 0.081610 0.077511
vt 0.041622 0.060289
vt 0.081842 0.078371
vt 0.040490 0.061367
vt 0.082092 0.079152
vt 0.039411 0.062360
vt 0.082362 0.079616
vt 0.038486 0.062993
vt 0.082629 0.080067
vt 0.037571 0.063623
vt 0.082894 0.080508
vt 0.036665 0.064250
vt 0.083154 0.080938
vt 0.035768 0.064874
vt 0.083410 0.081360
vt 0.034880 0.065495
vt 0.083661 0.081772
vt 0.034000 0.066116
vt 0.083907 0.082178
vt 0.033126 0.066736
vt 0.084149 0.082612
vt 0.032258 0.067357
vt 0.084382 0.083047
vt 0.031396 0.067981
vt 0.084606 0.083484
vt 0.030539 0.068610
vt 0.084821 0.083924
vt 0.029686 0.069247
vt 0.085025 0.084369
vt 0.028835 0.069894
vt 0.085216 0.084806
vt 0.027992 0.070535
vt 0.085389 0.085259
vt 0.027146 0.071210
vt 0.085552 0.085731
vt 0.026297 0.071923
vt 0.085711 0.086228
vt 0.025445 0.072675
vt 0.085859 0.086747
vt 0.024589 0.073470
vt 0.085998 0.087288
vt 0.023731 0.074311
vt 0.086128 0.087851
vt 0.022869 0.075200
vt 0.086256 0.088445
vt 0.022003 0.076139
vt 0.086376 0.089064
vt 0.021136 0.077131
vt 0.086483 0.089661
vt 0.020266 0.078178
vt 0.086588 0.090293
vt 0.019394 0.079283
vt 0.086693 0.090960
vt 0.018520 0.080447
vt 0.086786 0.093124
vt 0.017371 0.083509
vt 0.086947 0.095359
vt 0.016229 0.086698
vt 0.087178 0.097663
vt 0.015097 0.090019
vt 0.087487 0.100077
vt 0.013975 0.093480
vt 0.087863 0.102564
vt 0.012867 0.097087
vt 0.088323 0.105165
vt 0.011774 0.100845
vt 0.088849 0.107843
vt 0.010699 0.104763
vt 0.089469 0.110641
vt 0.009644 0.108848
vt 0.090161 0.113517
vt 0.008613 0.113108
vt 0.090960 0.116517
vt 0.007607 0.117552
vt 0.091841 0.119597
vt 0.006631 0.122190
vt 0.092848 0.122804
vt 0.005688 0.127031
vt 0.093940 0.125831
vt 0.004764 0.131716
vt 0.095148 0.129103
vt 0.003891 0.136808
vt 0.096568 0.132644
vt 0.003080 0.142328
vt 0.098184 0.136467
vt 0.002341 0.148299
vt 0.100118 0.140571
vt 0.001688 0.154748
vt 0.102355 0.145022
vt 0.001132 0.161704
vt 0.105085 0.149768
vt 0.000687 0.169202
vt 0.108284 0.154995
vt 0.000367 0.177279
vt 0.112294 0.160532
vt 0.000184 0.185979
vt 0.117056 0.166847
vt 0.000150 0.195354
vt 0.123267 0.173509
vt 0.000270 0.205461
s 0
usemtl マテリアル.005
f 160/1/1 162/2/1 161/3/1
f 160/1/1 163/4/1 162/2/1
f 160/1/1 164/5/1 163/4/1
f 160/1/1 165/6/1 164/5/1
f 160/1/1 166/7/1 165/6/1
f 159/8/1 166/7/1 160/1/1
f 159/8/1 167/9/1 166/7/1
f 159/8/1 168/10/1 167/9/1
f 159/8/1 169/11/1 168/10/1
f 159/8/1 170/12/1 169/11/1
f 159/8/1 171/13/1 170/12/1
f 159/8/1 172/14/1 171/13/1
f 158/15/1 172/14/1 159/8/1
f 158/15/1 173/16/1 172/14/1
f 158/15/1 174/17/1 173/16/1
f 158/15/1 175/18/1 174/17/1
f 158/15/1 176/19/1 175/18/1
f 158/15/1 177/20/1 176/19/1
f 158/15/1 178/21/1 177/20/1
f 157/22/1 178/21/1 158/15/1
f 157/22/1 179/23/1 178/21/1
f 157/22/1 180/24/1 179/23/1
f 157/22/1 181/25/1 180/24/1
f 157/22/1 182/26/1 181/25/1
f 156/27/1 182/26/1 157/22/1
f 156/27/1 183/28/1 182/26/1
f 156/27/1 184/29/1 183/28/1
f 156/27/1 185/30/1 184/29/1
f 156/27/1 186/31/1 185/30/1
f 155/32/1 186/31/1 156/27/1
f 155/32/1 187/33/1 186/31/1
f 155/32/1 188/34/1 187/33/1
f 155/32/1 189/35/1 188/34/1
f 154/36/1 189/35/1 155/32/1
f 154/36/1 190/37/1 189/35/1
f 154/36/1 191/38/1 190/37/1
f 154/36/1 192/39/1 191/38/1
f 153/40/1 192/39/1 154/36/1
f 153/40/1 193/41/1 192/39/1
f 153/40/1 194/42/1 193/41/1
f 153/40/1 195/43/1 194/42/1
f 152/44/1 195/43/1 153/40/1
f 152/44/1 196/45/1 195/43/1
f 152/44/1 197/46/1 196/45/1
f 152/44/1 198/47/1 197/46/1
f 151/48/1 198/47/1 152/44/1
f 150/49/1 198/47/1 151/48/1
f 149/50/1 198/47/1 150/49/1
f 148/51/1 198/47/1 149/50/1
f 147/52/1 198/47/1 148/51/1
f 146/53/1 198/47/1 147/52/1
f 145/54/1 198/47/1 146/53/1
f 145/54/1 199/55/1 198/47/1
f 144/56/1 199/55/1 145/54/1
f 144/56/1 200/57/1 199/55/1
f 144/56/1 201/58/1 200/57/1
f 143/59/1 201/58/1 144/56/1
f 143/59/1 202/60/1 201/58/1
f 142/61/1 202/60/1 143/59/1
f 142/61/1 203/62/1 202/60/1
f 142/61/1 204/63/1 203/62/1
f 141/64/1 204/63/1 142/61/1
f 222/65/1 224/66/1 223/67/1
f 222/65/1 225/68/1 224/66/1
f 221/69/1 225/68/1 222/65/1
f 141/64/1 205/70/1 204/63/1
f 221/69/1 226/71/1 225/68/1
f 220/72/1 226/71/1 221/69/1
f 220/72/1 227/73/1 226/71/1
f 219/74/1 227/73/1 220/72/1
f 219/74/1 228/75/1 227/73/1
f 218/76/1 228/75/1 219/74/1
f 218/76/1 229/77/1 228/75/1
f 141/64/1 206/78/1 205/70/1
f 217/79/1 229/77/1 218/76/1
f 140/80/1 206/78/1 141/64/1
f 217/79/1 230/81/1 229/77/1
f 216/82/1 230/81/1 217/79/1
f 216/82/1 231/83/1 230/81/1
f 140/80/1 207/84/1 206/78/1
f 215/85/1 231/83/1 216/82/1
f 215/85/1 232/86/1 231/83/1
f 139/87/1 207/84/1 140/80/1
f 215/85/1 233/88/1 232/86/1
f 214/89/1 233/88/1 215/85/1
f 139/87/1 208/90/1 207/84/1
f 214/89/1 234/91/1 233/88/1
f 213/92/1 234/91/1 214/89/1
f 138/93/1 208/90/1 139/87/1
f 138/93/1 209/94/1 208/90/1
f 213/92/1 235/95/1 234/91/1
f 212/96/1 235/95/1 213/92/1
f 212/96/1 236/97/1 235/95/1
f 137/98/1 209/94/1 138/93/1
f 137/98/1 210/99/1 209/94/1
f 211/100/1 236/97/1 212/96/1
f 211/100/1 237/101/1 236/97/1
f 123/102/1 125/103/1 124/104/1
f 123/102/1 126/105/1 125/103/1
f 123/102/1 127/106/1 126/105/1
f 211/100/1 238/107/1 237/101/1
f 123/102/1 128/108/1 127/106/1
f 123/102/1 129/109/1 128/108/1
f 123/102/1 130/110/1 129/109/1
f 123/102/1 131/111/1 130/110/1
f 211/100/1 239/112/1 238/107/1
f 123/102/1 132/113/1 131/111/1
f 123/102/1 133/114/1 132/113/1
f 123/102/1 134/115/1 133/114/1
f 123/102/1 135/116/1 134/115/1
f 123/102/1 136/117/1 135/116/1
f 123/102/1 122/118/1 136/117/1
f 122/118/1 121/119/1 136/117/1
f 121/119/1 120/120/1 136/117/1
f 120/120/1 119/121/1 136/117/1
f 119/121/1 118/122/1 136/117/1
f 118/122/1 117/123/1 136/117/1
f 117/123/1 116/124/1 136/117/1
f 116/124/1 137/98/1 136/117/1
f 116/124/1 115/125/1 137/98/1
f 115/125/1 210/99/1 137/98/1
f 115/125/1 114/126/1 210/99/1
f 114/126/1 113/127/1 210/99/1
f 113/127/1 211/100/1 210/99/1
f 113/127/1 239/112/1 211/100/1
f 113/127/1 112/128/1 239/112/1
f 112/128/1 240/129/1 239/112/1
f 112/128/1 241/130/1 240/129/1
f 112/128/1 242/131/1 241/130/1
f 112/128/1 243/132/1 242/131/1
f 112/128/1 244/133/1 243/132/1
f 112/128/1 111/134/1 244/133/1
f 111/134/1 245/135/1 244/133/1
f 111/134/1 246/136/1 245/135/1
f 111/134/1 247/137/1 246/136/1
f 111/134/1 110/138/1 247/137/1
f 110/138/1 2/139/1 247/137/1
f 2/139/1 1/140/1 247/137/1
f 1/140/1 248/141/1 247/137/1
f 109/142/1 2/139/1 110/138/1
f 109/142/1 3/143/1 2/139/1
f 414/144/1 248/141/1 1/140/1
f 414/144/1 249/145/1 248/141/1
f 414/144/1 250/146/1 249/145/1
f 414/144/1 251/147/1 250/146/1
f 414/144/1 252/148/1 251/147/1
f 414/144/1 253/149/1 252/148/1
f 414/144/1 254/150/1 253/149/1
f 414/144/1 255/151/1 254/150/1
f 414/144/1 256/152/1 255/151/1
f 414/144/1 257/153/1 256/152/1
f 414/144/1 258/154/1 257/153/1
f 413/155/1 258/154/1 414/144/1
f 108/156/1 3/143/1 109/142/1
f 413/155/1 259/157/1 258/154/1
f 413/155/1 260/158/1 259/157/1
f 108/156/1 4/159/1 3/143/1
f 412/160/1 260/158/1 413/155/1
f 107/161/1 4/159/1 108/156/1
f 107/161/1 5/162/1 4/159/1
f 411/163/1 260/158/1 412/160/1
f 106/164/1 5/162/1 107/161/1
f 411/163/1 261/165/1 260/158/1
f 106/164/1 6/166/1 5/162/1
f 410/167/1 261/165/1 411/163/1
f 105/168/1 6/166/1 106/164/1
f 409/169/1 261/165/1 410/167/1
f 104/170/1 6/166/1 105/168/1
f 104/170/1 7/171/1 6/166/1
f 409/169/1 262/172/1 261/165/1
f 408/173/1 262/172/1 409/169/1
f 103/174/1 7/171/1 104/170/1
f 103/174/1 8/175/1 7/171/1
f 407/176/1 262/172/1 408/173/1
f 102/177/1 8/175/1 103/174/1
f 407/176/1 263/178/1 262/172/1
f 406/179/1 263/178/1 407/176/1
f 102/177/1 9/180/1 8/175/1
f 101/181/1 9/180/1 102/177/1
f 405/182/1 263/178/1 406/179/1
f 100/183/1 9/180/1 101/181/1
f 100/183/1 10/184/1 9/180/1
f 405/182/1 264/185/1 263/178/1
f 404/186/1 264/185/1 405/182/1
f 99/187/1 10/184/1 100/183/1
f 403/188/1 264/185/1 404/186/1
f 99/187/1 11/189/1 10/184/1
f 98/190/1 11/189/1 99/187/1
f 402/191/1 264/185/1 403/188/1
f 402/191/1 265/192/1 264/185/1
f 97/193/1 11/189/1 98/190/1
f 97/193/1 12/194/1 11/189/1
f 401/195/1 265/192/1 402/191/1
f 96/196/1 12/194/1 97/193/1
f 96/196/1 13/197/1 12/194/1
f 400/198/1 265/192/1 401/195/1
f 95/199/1 13/197/1 96/196/1
f 400/198/1 266/200/1 265/192/1
f 399/201/1 266/200/1 400/198/1
f 95/199/1 14/202/1 13/197/1
f 94/203/1 14/202/1 95/199/1
f 398/204/1 266/200/1 399/201/1
f 93/205/1 14/202/1 94/203/1
f 93/205/1 15/206/1 14/202/1
f 397/207/1 266/200/1 398/204/1
f 397/207/1 267/208/1 266/200/1
f 92/209/1 15/206/1 93/205/1
f 92/209/1 16/210/1 15/206/1
f 396/211/1 267/208/1 397/207/1
f 91/212/1 16/210/1 92/209/1
f 91/212/1 17/213/1 16/210/1
f 395/214/1 267/208/1 396/211/1
f 90/215/1 17/213/1 91/212/1
f 395/214/1 268/216/1 267/208/1
f 90/215/1 18/217/1 17/213/1
f 394/218/1 268/216/1 395/214/1
f 89/219/1 18/217/1 90/215/1
f 393/220/1 268/216/1 394/218/1
f 89/219/1 19/221/1 18/217/1
f 88/222/1 19/221/1 89/219/1
f 393/220/1 269/223/1 268/216/1
f 392/224/1 269/223/1 393/220/1
f 87/225/1 19/221/1 88/222/1
f 87/225/1 20/226/1 19/221/1
f 86/227/1 20/226/1 87/225/1
f 391/228/1 269/223/1 392/224/1
f 86/227/1 21/229/1 20/226/1
f 391/228/1 270/230/1 269/223/1
f 85/231/1 21/229/1 86/227/1
f 390/232/1 270/230/1 391/228/1
f 85/231/1 22/233/1 21/229/1
f 389/234/1 270/230/1 390/232/1
f 388/235/1 270/230/1 389/234/1
f 84/236/1 22/233/1 85/231/1
f 387/237/1 270/230/1 388/235/1
f 386/238/1 270/230/1 387/237/1
f 84/236/1 23/239/1 22/233/1
f 385/240/1 270/230/1 386/238/1
f 385/240/1 271/241/1 270/230/1
f 384/242/1 271/241/1 385/240/1
f 83/243/1 23/239/1 84/236/1
f 383/244/1 271/241/1 384/242/1
f 382/245/1 271/241/1 383/244/1
f 83/243/1 24/246/1 23/239/1
f 381/247/1 271/241/1 382/245/1
f 380/248/1 271/241/1 381/247/1
f 379/249/1 271/241/1 380/248/1
f 353/250/1 355/251/1 354/252/1
f 352/253/1 355/251/1 353/250/1
f 352/253/1 356/254/1 355/251/1
f 351/255/1 356/254/1 352/253/1
f 350/256/1 356/254/1 351/255/1
f 349/257/1 356/254/1 350/256/1
f 348/258/1 356/254/1 349/257/1
f 82/259/1 24/246/1 83/243/1
f 378/260/1 271/241/1 379/249/1
f 347/261/1 356/254/1 348/258/1
f 347/261/1 357/262/1 356/254/1
f 346/263/1 357/262/1 347/261/1
f 345/264/1 357/262/1 346/263/1
f 377/265/1 271/241/1 378/260/1
f 345/264/1 358/266/1 357/262/1
f 344/267/1 358/266/1 345/264/1
f 82/259/1 25/268/1 24/246/1
f 376/269/1 271/241/1 377/265/1
f 343/270/1 358/266/1 344/267/1
f 343/270/1 359/271/1 358/266/1
f 342/272/1 359/271/1 343/270/1
f 375/273/1 271/241/1 376/269/1
f 341/274/1 359/271/1 342/272/1
f 341/274/1 360/275/1 359/271/1
f 340/276/1 360/275/1 341/274/1
f 374/277/1 271/241/1 375/273/1
f 374/277/1 272/278/1 271/241/1
f 339/279/1 360/275/1 340/276/1
f 338/280/1 360/275/1 339/279/1
f 338/280/1 361/281/1 360/275/1
f 337/282/1 361/281/1 338/280/1
f 373/283/1 272/278/1 374/277/1
f 336/284/1 361/281/1 337/282/1
f 336/284/1 362/285/1 361/281/1
f 335/286/1 362/285/1 336/284/1
f 372/287/1 272/278/1 373/283/1
f 334/288/1 362/285/1 335/286/1
f 333/289/1 362/285/1 334/288/1
f 333/289/1 363/290/1 362/285/1
f 332/291/1 363/290/1 333/289/1
f 371/292/1 272/278/1 372/287/1
f 331/293/1 363/290/1 332/291/1
f 330/294/1 363/290/1 331/293/1
f 330/294/1 364/295/1 363/290/1
f 370/296/1 272/278/1 371/292/1
f 330/294/1 365/297/1 364/295/1
f 369/298/1 272/278/1 370/296/1
f 330/294/1 366/299/1 365/297/1
f 368/300/1 272/278/1 369/298/1
f 330/294/1 367/301/1 366/299/1
f 367/301/1 272/278/1 368/300/1
f 330/294/1 272/278/1 367/301/1
f 81/302/1 25/268/1 82/259/1
f 329/303/1 272/278/1 330/294/1
f 81/302/1 26/304/1 25/268/1
f 328/305/1 272/278/1 329/303/1
f 328/305/1 273/306/1 272/278/1
f 327/307/1 273/306/1 328/305/1
f 326/308/1 273/306/1 327/307/1
f 80/309/1 26/304/1 81/302/1
f 80/309/1 27/310/1 26/304/1
f 325/311/1 273/306/1 326/308/1
f 325/311/1 274/312/1 273/306/1
f 324/313/1 274/312/1 325/311/1
f 323/314/1 274/312/1 324/313/1
f 80/309/1 28/315/1 27/310/1
f 322/316/1 274/312/1 323/314/1
f 79/317/1 28/315/1 80/309/1
f 322/316/1 275/318/1 274/312/1
f 321/319/1 275/318/1 322/316/1
f 320/320/1 275/318/1 321/319/1
f 79/317/1 29/321/1 28/315/1
f 319/322/1 275/318/1 320/320/1
f 319/322/1 276/323/1 275/318/1
f 318/324/1 276/323/1 319/322/1
f 78/325/1 29/321/1 79/317/1
f 317/326/1 276/323/1 318/324/1
f 78/325/1 30/327/1 29/321/1
f 316/328/1 276/323/1 317/326/1
f 316/328/1 277/329/1 276/323/1
f 315/330/1 277/329/1 316/328/1
f 314/331/1 277/329/1 315/330/1
f 78/325/1 31/332/1 30/327/1
f 77/333/1 31/332/1 78/325/1
f 314/331/1 278/334/1 277/329/1
f 313/335/1 278/334/1 314/331/1
f 312/336/1 278/334/1 313/335/1
f 77/333/1 32/337/1 31/332/1
f 312/336/1 279/338/1 278/334/1
f 311/339/1 279/338/1 312/336/1
f 76/340/1 32/337/1 77/333/1
f 310/341/1 279/338/1 311/339/1
f 310/341/1 280/342/1 279/338/1
f 76/340/1 33/343/1 32/337/1
f 309/344/1 280/342/1 310/341/1
f 309/344/1 281/345/1 280/342/1
f 76/340/1 34/346/1 33/343/1
f 75/347/1 34/346/1 76/340/1
f 308/348/1 281/345/1 309/344/1
f 308/348/1 282/349/1 281/345/1
f 307/350/1 282/349/1 308/348/1
f 75/347/1 35/351/1 34/346/1
f 307/350/1 283/352/1 282/349/1
f 306/353/1 283/352/1 307/350/1
f 74/354/1 35/351/1 75/347/1
f 306/353/1 284/355/1 283/352/1
f 305/356/1 284/355/1 306/353/1
f 74/354/1 36/357/1 35/351/1
f 305/356/1 285/358/1 284/355/1
f 304/359/1 285/358/1 305/356/1
f 304/359/1 286/360/1 285/358/1
f 303/361/1 286/360/1 304/359/1
f 303/361/1 287/362/1 286/360/1
f 74/354/1 37/363/1 36/357/1
f 302/364/1 287/362/1 303/361/1
f 302/364/1 288/365/1 287/362/1
f 301/366/1 288/365/1 302/364/1
f 73/367/1 37/363/1 74/354/1
f 72/368/1 37/363/1 73/367/1
f 71/369/1 37/363/1 72/368/1
f 70/370/1 37/363/1 71/369/1
f 69/371/1 37/363/1 70/370/1
f 301/366/1 289/372/1 288/365/1
f 68/373/1 37/363/1 69/371/1
f 67/374/1 37/363/1 68/373/1
f 66/375/1 37/363/1 67/374/1
f 300/376/1 289/372/1 301/366/1
f 65/377/1 37/363/1 66/375/1
f 64/378/1 37/363/1 65/377/1
f 63/379/1 37/363/1 64/378/1
f 300/376/1 290/380/1 289/372/1
f 62/381/1 37/363/1 63/379/1
f 61/382/1 37/363/1 62/381/1
f 299/383/1 290/380/1 300/376/1
f 299/383/1 291/384/1 290/380/1
f 298/385/1 291/384/1 299/383/1
f 60/386/1 37/363/1 61/382/1
f 60/386/1 38/387/1 37/363/1
f 298/385/1 292/388/1 291/384/1
f 297/389/1 292/388/1 298/385/1
f 297/389/1 293/390/1 292/388/1
f 59/391/1 38/387/1 60/386/1
f 296/392/1 293/390/1 297/389/1
f 296/392/1 294/393/1 293/390/1
f 295/394/1 294/393/1 296/392/1
f 58/395/1 38/387/1 59/391/1
f 57/396/1 38/387/1 58/395/1
f 56/397/1 38/387/1 57/396/1
f 55/398/1 38/387/1 56/397/1
f 54/399/1 38/387/1 55/398/1
f 53/400/1 38/387/1 54/399/1
f 52/401/1 38/387/1 53/400/1
f 52/401/1 39/402/1 38/387/1
f 52/401/1 40/403/1 39/402/1
f 52/401/1 41/404/1 40/403/1
f 52/401/1 42/405/1 41/404/1
f 51/406/1 42/405/1 52/401/1
f 51/406/1 43/407/1 42/405/1
f 51/406/1 44/408/1 43/407/1
f 51/406/1 45/409/1 44/408/1
f 51/406/1 46/410/1 45/409/1
f 50/411/1 46/410/1 51/406/1
f 50/411/1 47/412/1 46/410/1
f 50/411/1 48/413/1 47/412/1
f 50/411/1 49/414/1 48/413/1
f 574/415/2 575/416/2 576/417/2
f 574/415/2 576/417/2 577/418/2
f 574/415/2 577/418/2 578/419/2
f 574/415/2 578/419/2 579/420/2
f 574/415/2 579/420/2 580/421/2
f 573/422/2 574/415/2 580/421/2
f 573/422/2 580/421/2 581/423/2
f 573/422/2 581/423/2 582/424/2
f 573/422/2 582/424/2 583/425/2
f 573/422/2 583/425/2 584/426/2
f 573/422/2 584/426/2 585/427/2
f 573/422/2 585/427/2 586/428/2
f 572/429/2 573/422/2 586/428/2
f 572/429/2 586/428/2 587/430/2
f 572/429/2 587/430/2 588/431/2
f 572/429/2 588/431/2 589/432/2
f 572/429/2 589/432/2 590/433/2
f 572/429/2 590/433/2 591/434/2
f 572/429/2 591/434/2 592/435/2
f 571/436/2 572/429/2 592/435/2
f 571/436/2 592/435/2 593/437/2
f 571/436/2 593/437/2 594/438/2
f 571/436/2 594/438/2 595/439/2
f 571/436/2 595/439/2 596/440/2
f 570/441/2 571/436/2 596/440/2
f 570/441/2 596/440/2 597/442/2
f 570/441/2 597/442/2 598/443/2
f 570/441/2 598/443/2 599/444/2
f 570/441/2 599/444/2 600/445/2
f 569/446/2 570/441/2 600/445/2
f 569/446/2 600/445/2 601/447/2
f 569/446/2 601/447/2 602/448/2
f 569/446/2 602/448/2 603/449/2
f 568/450/2 569/446/2 603/449/2
f 568/450/2 603/449/2 604/451/2
f 568/450/2 604/451/2 605/452/2
f 568/450/2 605/452/2 606/453/2
f 567/454/2 568/450/2 606/453/2
f 567/454/2 606/453/2 607/455/2
f 567/454/2 607/455/2 608/456/2
f 567/454/2 608/456/2 609/457/2
f 566/458/2 567/454/2 609/457/2
f 566/458/2 609/457/2 610/459/2
f 566/458/2 610/459/2 611/460/2
f 566/458/2 611/460/2 612/461/2
f 565/462/2 566/458/2 612/461/2
f 564/463/2 565/462/2 612/461/2
f 563/464/2 564/463/2 612/461/2
f 562/465/2 563/464/2 612/461/2
f 561/466/2 562/465/2 612/461/2
f 560/467/2 561/466/2 612/461/2
f 559/468/2 560/467/2 612/461/2
f 559/468/2 612/461/2 613/469/2
f 558/470/2 559/468/2 613/469/2
f 558/470/2 613/469/2 614/471/2
f 558/470/2 614/471/2 615/472/2
f 557/473/2 558/470/2 615/472/2
f 557/473/2 615/472/2 616/474/2
f 556/475/2 557/473/2 616/474/2
f 556/475/2 616/474/2 617/476/2
f 556/475/2 617/476/2 618/477/2
f 555/478/2 556/475/2 618/477/2
f 636/479/2 637/480/2 638/481/2
f 636/479/2 638/481/2 639/482/2
f 635/483/2 636/479/2 639/482/2
f 555/478/2 618/477/2 619/484/2
f 635/483/2 639/482/2 640/485/2
f 634/486/2 635/483/2 640/485/2
f 634/486/2 640/485/2 641/487/2
f 633/488/2 634/486/2 641/487/2
f 633/488/2 641/487/2 642/489/2
f 632/490/2 633/488/2 642/489/2
f 632/490/2 642/489/2 643/491/2
f 555/478/2 619/484/2 620/492/2
f 631/493/2 632/490/2 643/491/2
f 554/494/2 555/478/2 620/492/2
f 631/493/2 643/491/2 644/495/2
f 630/496/2 631/493/2 644/495/2
f 630/496/2 644/495/2 645/497/2
f 554/494/2 620/492/2 621/498/2
f 629/499/2 630/496/2 645/497/2
f 629/499/2 645/497/2 646/500/2
f 553/501/2 554/494/2 621/498/2
f 629/499/2 646/500/2 647/502/2
f 628/503/2 629/499/2 647/502/2
f 553/501/2 621/498/2 622/504/2
f 628/503/2 647/502/2 648/505/2
f 627/506/2 628/503/2 648/505/2
f 552/507/2 553/501/2 622/504/2
f 552/507/2 622/504/2 623/508/2
f 627/506/2 648/505/2 649/509/2
f 626/510/2 627/506/2 649/509/2
f 626/510/2 649/509/2 650/511/2
f 551/512/2 552/507/2 623/508/2
f 551/512/2 623/508/2 624/513/2
f 625/514/2 626/510/2 650/511/2
f 625/514/2 650/511/2 651/515/2
f 537/516/2 538/517/2 539/518/2
f 537/516/2 539/518/2 540/519/2
f 537/516/2 540/519/2 541/520/2
f 625/514/2 651/515/2 652/521/2
f 537/516/2 541/520/2 542/522/2
f 537/516/2 542/522/2 543/523/2
f 537/516/2 543/523/2 544/524/2
f 537/516/2 544/524/2 545/525/2
f 625/514/2 652/521/2 653/526/2
f 537/516/2 545/525/2 546/527/2
f 537/516/2 546/527/2 547/528/2
f 537/516/2 547/528/2 548/529/2
f 537/516/2 548/529/2 549/530/2
f 537/516/2 549/530/2 550/531/2
f 537/516/2 550/531/2 536/532/2
f 536/532/2 550/531/2 535/533/2
f 535/533/2 550/531/2 534/534/2
f 534/534/2 550/531/2 533/535/2
f 533/535/2 550/531/2 532/536/2
f 532/536/2 550/531/2 531/537/2
f 531/537/2 550/531/2 530/538/2
f 530/538/2 550/531/2 551/512/2
f 530/538/2 551/512/2 529/539/2
f 529/539/2 551/512/2 624/513/2
f 529/539/2 624/513/2 528/540/2
f 528/540/2 624/513/2 527/541/2
f 527/541/2 624/513/2 625/514/2
f 527/541/2 625/514/2 653/526/2
f 527/541/2 653/526/2 526/542/2
f 526/542/2 653/526/2 654/543/2
f 526/542/2 654/543/2 655/544/2
f 526/542/2 655/544/2 656/545/2
f 526/542/2 656/545/2 657/546/2
f 526/542/2 657/546/2 658/547/2
f 526/542/2 658/547/2 525/548/2
f 525/548/2 658/547/2 659/549/2
f 525/548/2 659/549/2 660/550/2
f 525/548/2 660/550/2 661/551/2
f 525/548/2 661/551/2 524/552/2
f 524/552/2 661/551/2 416/553/2
f 416/553/2 661/551/2 415/554/2
f 415/554/2 661/551/2 662/555/2
f 523/556/2 524/552/2 416/553/2
f 523/556/2 416/553/2 417/557/2
f 828/558/2 415/554/2 662/555/2
f 828/558/2 662/555/2 663/559/2
f 828/558/2 663/559/2 664/560/2
f 828/558/2 664/560/2 665/561/2
f 828/558/2 665/561/2 666/562/2
f 828/558/2 666/562/2 667/563/2
f 828/558/2 667/563/2 668/564/2
f 828/558/2 668/564/2 669/565/2
f 828/558/2 669/565/2 670/566/2
f 828/558/2 670/566/2 671/567/2
f 828/558/2 671/567/2 672/568/2
f 827/569/2 828/558/2 672/568/2
f 522/570/2 523/556/2 417/557/2
f 827/569/2 672/568/2 673/571/2
f 827/569/2 673/571/2 674/572/2
f 522/570/2 417/557/2 418/573/2
f 826/574/2 827/569/2 674/572/2
f 521/575/2 522/570/2 418/573/2
f 521/575/2 418/573/2 419/576/2
f 825/577/2 826/574/2 674/572/2
f 520/578/2 521/575/2 419/576/2
f 825/577/2 674/572/2 675/579/2
f 520/578/2 419/576/2 420/580/2
f 824/581/2 825/577/2 675/579/2
f 519/582/2 520/578/2 420/580/2
f 823/583/2 824/581/2 675/579/2
f 518/584/2 519/582/2 420/580/2
f 518/584/2 420/580/2 421/585/2
f 823/583/2 675/579/2 676/586/2
f 822/587/2 823/583/2 676/586/2
f 517/588/2 518/584/2 421/585/2
f 517/588/2 421/585/2 422/589/2
f 821/590/2 822/587/2 676/586/2
f 516/591/2 517/588/2 422/589/2
f 821/590/2 676/586/2 677/592/2
f 820/593/2 821/590/2 677/592/2
f 516/591/2 422/589/2 423/594/2
f 515/595/2 516/591/2 423/594/2
f 819/596/2 820/593/2 677/592/2
f 514/597/2 515/595/2 423/594/2
f 514/597/2 423/594/2 424/598/2
f 819/596/2 677/592/2 678/599/2
f 818/600/2 819/596/2 678/599/2
f 513/601/2 514/597/2 424/598/2
f 817/602/2 818/600/2 678/599/2
f 513/601/2 424/598/2 425/603/2
f 512/604/2 513/601/2 425/603/2
f 816/605/2 817/602/2 678/599/2
f 816/605/2 678/599/2 679/606/2
f 511/607/2 512/604/2 425/603/2
f 511/607/2 425/603/2 426/608/2
f 815/609/2 816/605/2 679/606/2
f 510/610/2 511/607/2 426/608/2
f 510/610/2 426/608/2 427/611/2
f 814/612/2 815/609/2 679/606/2
f 509/613/2 510/610/2 427/611/2
f 814/612/2 679/606/2 680/614/2
f 813/615/2 814/612/2 680/614/2
f 509/613/2 427/611/2 428/616/2
f 508/617/2 509/613/2 428/616/2
f 812/618/2 813/615/2 680/614/2
f 507/619/2 508/617/2 428/616/2
f 507/619/2 428/616/2 429/620/2
f 811/621/2 812/618/2 680/614/2
f 811/621/2 680/614/2 681/622/2
f 506/623/2 507/619/2 429/620/2
f 506/623/2 429/620/2 430/624/2
f 810/625/2 811/621/2 681/622/2
f 505/626/2 506/623/2 430/624/2
f 505/626/2 430/624/2 431/627/2
f 809/628/2 810/625/2 681/622/2
f 504/629/2 505/626/2 431/627/2
f 809/628/2 681/622/2 682/630/2
f 504/629/2 431/627/2 432/631/2
f 808/632/2 809/628/2 682/630/2
f 503/633/2 504/629/2 432/631/2
f 807/634/2 808/632/2 682/630/2
f 503/633/2 432/631/2 433/635/2
f 502/636/2 503/633/2 433/635/2
f 807/634/2 682/630/2 683/637/2
f 806/638/2 807/634/2 683/637/2
f 501/639/2 502/636/2 433/635/2
f 501/639/2 433/635/2 434/640/2
f 500/641/2 501/639/2 434/640/2
f 805/642/2 806/638/2 683/637/2
f 500/641/2 434/640/2 435/643/2
f 805/642/2 683/637/2 684/644/2
f 499/645/2 500/641/2 435/643/2
f 804/646/2 805/642/2 684/644/2
f 499/645/2 435/643/2 436/647/2
f 803/648/2 804/646/2 684/644/2
f 802/649/2 803/648/2 684/644/2
f 498/650/2 499/645/2 436/647/2
f 801/651/2 802/649/2 684/644/2
f 800/652/2 801/651/2 684/644/2
f 498/650/2 436/647/2 437/653/2
f 799/654/2 800/652/2 684/644/2
f 799/654/2 684/644/2 685/655/2
f 798/656/2 799/654/2 685/655/2
f 497/657/2 498/650/2 437/653/2
f 797/658/2 798/656/2 685/655/2
f 796/659/2 797/658/2 685/655/2
f 497/657/2 437/653/2 438/660/2
f 795/661/2 796/659/2 685/655/2
f 794/662/2 795/661/2 685/655/2
f 793/663/2 794/662/2 685/655/2
f 767/664/2 768/665/2 769/666/2
f 766/667/2 767/664/2 769/666/2
f 766/667/2 769/666/2 770/668/2
f 765/669/2 766/667/2 770/668/2
f 764/670/2 765/669/2 770/668/2
f 763/671/2 764/670/2 770/668/2
f 762/672/2 763/671/2 770/668/2
f 496/673/2 497/657/2 438/660/2
f 792/674/2 793/663/2 685/655/2
f 761/675/2 762/672/2 770/668/2
f 761/675/2 770/668/2 771/676/2
f 760/677/2 761/675/2 771/676/2
f 759/678/2 760/677/2 771/676/2
f 791/679/2 792/674/2 685/655/2
f 759/678/2 771/676/2 772/680/2
f 758/681/2 759/678/2 772/680/2
f 496/673/2 438/660/2 439/682/2
f 790/683/2 791/679/2 685/655/2
f 757/684/2 758/681/2 772/680/2
f 757/684/2 772/680/2 773/685/2
f 756/686/2 757/684/2 773/685/2
f 789/687/2 790/683/2 685/655/2
f 755/688/2 756/686/2 773/685/2
f 755/688/2 773/685/2 774/689/2
f 754/690/2 755/688/2 774/689/2
f 788/691/2 789/687/2 685/655/2
f 788/691/2 685/655/2 686/692/2
f 753/693/2 754/690/2 774/689/2
f 752/694/2 753/693/2 774/689/2
f 752/694/2 774/689/2 775/695/2
f 751/696/2 752/694/2 775/695/2
f 787/697/2 788/691/2 686/692/2
f 750/698/2 751/696/2 775/695/2
f 750/698/2 775/695/2 776/699/2
f 749/700/2 750/698/2 776/699/2
f 786/701/2 787/697/2 686/692/2
f 748/702/2 749/700/2 776/699/2
f 747/703/2 748/702/2 776/699/2
f 747/703/2 776/699/2 777/704/2
f 746/705/2 747/703/2 777/704/2
f 785/706/2 786/701/2 686/692/2
f 745/707/2 746/705/2 777/704/2
f 744/708/2 745/707/2 777/704/2
f 744/708/2 777/704/2 778/709/2
f 784/710/2 785/706/2 686/692/2
f 744/708/2 778/709/2 779/711/2
f 783/712/2 784/710/2 686/692/2
f 744/708/2 779/711/2 780/713/2
f 782/714/2 783/712/2 686/692/2
f 744/708/2 780/713/2 781/715/2
f 781/715/2 782/714/2 686/692/2
f 744/708/2 781/715/2 686/692/2
f 495/716/2 496/673/2 439/682/2
f 743/717/2 744/708/2 686/692/2
f 495/716/2 439/682/2 440/718/2
f 742/719/2 743/717/2 686/692/2
f 742/719/2 686/692/2 687/720/2
f 741/721/2 742/719/2 687/720/2
f 740/722/2 741/721/2 687/720/2
f 494/723/2 495/716/2 440/718/2
f 494/723/2 440/718/2 441/724/2
f 739/725/2 740/722/2 687/720/2
f 739/725/2 687/720/2 688/726/2
f 738/727/2 739/725/2 688/726/2
f 737/728/2 738/727/2 688/726/2
f 494/723/2 441/724/2 442/729/2
f 736/730/2 737/728/2 688/726/2
f 493/731/2 494/723/2 442/729/2
f 736/730/2 688/726/2 689/732/2
f 735/733/2 736/730/2 689/732/2
f 734/734/2 735/733/2 689/732/2
f 493/731/2 442/729/2 443/735/2
f 733/736/2 734/734/2 689/732/2
f 733/736/2 689/732/2 690/737/2
f 732/738/2 733/736/2 690/737/2
f 492/739/2 493/731/2 443/735/2
f 731/740/2 732/738/2 690/737/2
f 492/739/2 443/735/2 444/741/2
f 730/742/2 731/740/2 690/737/2
f 730/742/2 690/737/2 691/743/2
f 729/744/2 730/742/2 691/743/2
f 728/745/2 729/744/2 691/743/2
f 492/739/2 444/741/2 445/746/2
f 491/747/2 492/739/2 445/746/2
f 728/745/2 691/743/2 692/748/2
f 727/749/2 728/745/2 692/748/2
f 726/750/2 727/749/2 692/748/2
f 491/747/2 445/746/2 446/751/2
f 726/750/2 692/748/2 693/752/2
f 725/753/2 726/750/2 693/752/2
f 490/754/2 491/747/2 446/751/2
f 724/755/2 725/753/2 693/752/2
f 724/755/2 693/752/2 694/756/2
f 490/754/2 446/751/2 447/757/2
f 723/758/2 724/755/2 694/756/2
f 723/758/2 694/756/2 695/759/2
f 490/754/2 447/757/2 448/760/2
f 489/761/2 490/754/2 448/760/2
f 722/762/2 723/758/2 695/759/2
f 722/762/2 695/759/2 696/763/2
f 721/764/2 722/762/2 696/763/2
f 489/761/2 448/760/2 449/765/2
f 721/764/2 696/763/2 697/766/2
f 720/767/2 721/764/2 697/766/2
f 488/768/2 489/761/2 449/765/2
f 720/767/2 697/766/2 698/769/2
f 719/770/2 720/767/2 698/769/2
f 488/768/2 449/765/2 450/771/2
f 719/770/2 698/769/2 699/772/2
f 718/773/2 719/770/2 699/772/2
f 718/773/2 699/772/2 700/774/2
f 717/775/2 718/773/2 700/774/2
f 717/775/2 700/774/2 701/776/2
f 488/768/2 450/771/2 451/777/2
f 716/778/2 717/775/2 701/776/2
f 716/778/2 701/776/2 702/779/2
f 715/780/2 716/778/2 702/779/2
f 487/781/2 488/768/2 451/777/2
f 486/782/2 487/781/2 451/777/2
f 485/783/2 486/782/2 451/777/2
f 484/784/2 485/783/2 451/777/2
f 483/785/2 484/784/2 451/777/2
f 715/780/2 702/779/2 703/786/2
f 482/787/2 483/785/2 451/777/2
f 481/788/2 482/787/2 451/777/2
f 480/789/2 481/788/2 451/777/2
f 714/790/2 715/780/2 703/786/2
f 479/791/2 480/789/2 451/777/2
f 478/792/2 479/791/2 451/777/2
f 477/793/2 478/792/2 451/777/2
f 714/790/2 703/786/2 704/794/2
f 476/795/2 477/793/2 451/777/2
f 475/796/2 476/795/2 451/777/2
f 713/797/2 714/790/2 704/794/2
f 713/797/2 704/794/2 705/798/2
f 712/799/2 713/797/2 705/798/2
f 474/800/2 475/796/2 451/777/2
f 474/800/2 451/777/2 452/801/2
f 712/799/2 705/798/2 706/802/2
f 711/803/2 712/799/2 706/802/2
f 711/803/2 706/802/2 707/804/2
f 473/805/2 474/800/2 452/801/2
f 710/806/2 711/803/2 707/804/2
f 710/806/2 707/804/2 708/807/2
f 709/808/2 710/806/2 708/807/2
f 472/809/2 473/805/2 452/801/2
f 471/810/2 472/809/2 452/801/2
f 470/811/2 471/810/2 452/801/2
f 469/812/2 470/811/2 452/801/2
f 468/813/2 469/812/2 452/801/2
f 467/814/2 468/813/2 452/801/2
f 466/815/2 467/814/2 452/801/2
f 466/815/2 452/801/2 453/816/2
f 466/815/2 453/816/2 454/817/2
f 466/815/2 454/817/2 455/818/2
f 466/815/2 455/818/2 456/819/2
f 465/820/2 466/815/2 456/819/2
f 465/820/2 456/819/2 457/821/2
f 465/820/2 457/821/2 458/822/2
f 465/820/2 458/822/2 459/823/2
f 465/820/2 459/823/2 460/824/2
f 464/825/2 465/820/2 460/824/2
f 464/825/2 460/824/2 461/826/2
f 464/825/2 461/826/2 462/827/2
f 464/825/2 462/827/2 463/828/2
s 1
f 830/829/3 832/830/4 831/831/4 829/832/3
f 832/830/4 834/833/5 833/834/5 831/831/4
f 834/833/5 836/835/6 835/836/6 833/834/5
f 836/835/6 838/837/7 837/838/7 835/836/6
f 838/837/7 840/839/8 839/840/8 837/838/7
f 840/839/8 842/841/9 841/842/9 839/840/8
f 842/841/9 844/843/10 843/844/10 841/842/9
f 844/843/10 846/845/11 845/846/11 843/844/10
f 846/845/11 848/847/12 847/848/12 845/846/11
f 848/847/12 850/849/13 849/850/13 847/848/12
f 850/849/13 852/851/14 851/852/14 849/850/13
f 852/851/14 854/853/15 853/854/15 851/852/14
f 854/853/15 856/855/16 855/856/16 853/854/15
f 856/855/16 858/857/17 857/858/17 855/856/16
f 858/857/17 860/859/18 859/860/18 857/858/17
f 860/859/18 862/861/19 861/862/19 859/860/18
f 862/861/19 864/863/20 863/864/20 861/862/19
f 864/863/20 866/865/21 865/866/21 863/864/20
f 866/865/21 868/867/22 867/868/22 865/866/21
f 868/867/22 870/869/23 869/870/23 867/868/22
f 870/869/23 872/871/24 871/872/24 869/870/23
f 872/871/24 874/873/25 873/874/25 871/872/24
f 874/873/25 876/875/26 875/876/26 873/874/25
f 876/875/26 878/877/27 877/878/27 875/876/26
f 878/877/27 880/879/28 879/880/28 877/878/27
f 880/879/28 882/881/29 881/882/29 879/880/28
f 882/881/29 884/883/30 883/884/30 881/882/29
f 884/883/30 886/885/31 885/886/31 883/884/30
f 886/885/31 888/887/32 887/888/32 885/886/31
f 888/887/32 890/889/33 889/890/33 887/888/32
f 890/889/33 892/891/34 891/892/34 889/890/33
f 892/891/34 894/893/35 893/894/35 891/892/34
f 894/893/35 896/895/36 895/896/36 893/894/35
f 896/895/36 898/897/37 897/898/37 895/896/36
f 898/897/37 900/899/38 899/900/38 897/898/37
f 900/899/38 902/901/39 901/902/39 899/900/38
f 902/901/39 904/903/40 903/904/40 901/902/39
f 904/903/40 906/905/41 905/906/41 903/904/40
f 906/905/41 908/907/42 907/908/42 905/906/41
f 908/907/42 910/909/43 909/910/43 907/908/42
f 910/909/43 912/911/44 911/912/44 909/910/43
f 912/911/44 914/913/45 913/914/45 911/912/44
f 914/913/45 916/915/46 915/916/46 913/914/45
f 916/915/46 918/917/47 917/918/47 915/916/46
f 918/917/47 920/919/48 919/920/48 917/918/47
f 920/919/48 922/921/49 921/922/49 919/920/48
f 922/921/49 924/923/50 923/924/50 921/922/49
f 924/923/50 926/925/51 925/926/51 923/924/50
f 926/925/51 928/927/52 927/928/52 925/926/51
f 928/927/52 930/929/53 929/930/53 927/928/52
f 930/929/53 932/931/54 931/932/54 929/930/53
f 932/931/54 934/933/55 933/934/55 931/932/54
f 934/933/55 936/935/56 935/936/56 933/934/55
f 936/935/56 938/937/57 937/938/57 935/936/56
f 938/937/57 940/939/58 939/940/58 937/938/57
f 940/939/58 942/941/59 941/942/59 939/940/58
f 942/941/59 944/943/60 943/944/60 941/942/59
f 944/943/60 946/945/61 945/946/61 943/944/60
f 946/945/61 948/947/62 947/948/62 945/946/61
f 948/947/62 950/949/63 949/950/63 947/948/62
f 950/949/63 952/951/64 951/952/64 949/950/63
f 952/951/64 954/953/65 953/954/65 951/952/64
f 954/953/65 956/955/66 955/956/66 953/954/65
f 956/955/66 958/957/67 957/958/67 955/956/66
f 958/957/67 960/959/68 959/960/68 957/958/67
f 960/959/68 962/961/69 961/962/69 959/960/68
f 962/961/69 964/963/70 963/964/70 961/962/69
f 964/963/70 966/965/71 965/966/71 963/964/70
f 966/965/71 968/967/72 967/968/72 965/966/71
f 968/967/72 970/969/73 969/970/73 967/968/72
f 970/969/73 972/971/74 971/972/74 969/970/73
f 972/971/74 974/973/75 973/974/75 971/972/74
f 974/973/75 976/975/76 975/976/76 973/974/75
f 976/975/76 978/977/77 977/978/77 975/976/76
f 978/977/77 980/979/78 979/980/78 977/978/77
f 980/979/78 982/981/79 981/982/79 979/980/78
f 982/981/79 984/983/80 983/984/80 981/982/79
f 984/983/80 986/985/81 985/986/81 983/984/80
f 986/985/81 988/987/82 987/988/82 985/986/81
f 988/987/82 990/989/83 989/990/83 987/988/82
f 990/989/83 992/991/84 991/992/84 989/990/83
f 992/991/84 994/993/85 993/994/85 991/992/84
f 994/993/85 996/995/86 995/996/86 993/994/85
f 996/995/86 998/997/87 997/998/87 995/996/86
f 998/997/87 1000/999/88 999/1000/88 997/998/87
f 1000/999/88 1002/1001/89 1001/1002/89 999/1000/88
f 1002/1001/89 1004/1003/90 1003/1004/90 1001/1002/89
f 1004/1003/90 1006/1005/91 1005/1006/91 1003/1004/90
f 1006/1005/91 1008/1007/92 1007/1008/92 1005/1006/91
f 1008/1007/92 1010/1009/93 1009/1010/93 1007/1008/92
f 1010/1009/93 1012/1011/94 1011/1012/94 1009/1010/93
f 1012/1011/94 1014/1013/95 1013/1014/95 1011/1012/94
f 1014/1013/95 1016/1015/96 1015/1016/96 1013/1014/95
f 1016/1015/96 1018/1017/97 1017/1018/97 1015/1016/96
f 1018/1017/97 1020/1019/98 1019/1020/98 1017/1018/97
f 1020/1019/98 1022/1021/99 1021/1022/99 1019/1020/98
f 1022/1021/99 1024/1023/100 1023/1024/100 1021/1022/99
f 1024/1023/100 1026/1025/101 1025/1026/101 1023/1024/100
f 1026/1025/101 1028/1027/102 1027/1028/102 1025/1026/101
f 1028/1027/102 1030/1029/103 1029/1030/103 1027/1028/102
f 1030/1029/103 1032/1031/104 1031/1032/104 1029/1030/103
f 1032/1031/104 1034/1033/105 1033/1034/105 1031/1032/104
f 1034/1033/105 1036/1035/106 1035/1036/106 1033/1034/105
f 1036/1035/106 1038/1037/107 1037/1038/107 1035/1036/106
f 1038/1037/107 1040/1039/108 1039/1040/108 1037/1038/107
f 1040/1039/108 1042/1041/109 1041/1042/109 1039/1040/108
f 1042/1041/109 1044/1043/110 1043/1044/110 1041/1042/109
f 1044/1043/110 1046/1045/111 1045/1046/111 1043/1044/110
f 1046/1045/111 1048/1047/112 1047/1048/112 1045/1046/111
f 1048/1047/112 1050/1049/113 1049/1050/113 1047/1048/112
f 1050/1049/113 1052/1051/114 1051/1052/114 1049/1050/113
f 1052/1051/114 1054/1053/115 1053/1054/115 1051/1052/114
f 1054/1053/115 1056/1055/116 1055/1056/116 1053/1054/115
f 1056/1055/116 1058/1057/117 1057/1058/117 1055/1056/116
f 1058/1057/117 1060/1059/118 1059/1060/118 1057/1058/117
f 1060/1059/118 1062/1061/119 1061/1062/119 1059/1060/118
f 1062/1061/119 1064/1063/120 1063/1064/120 1061/1062/119
f 1064/1063/120 1066/1065/121 1065/1066/121 1063/1064/120
f 1066/1065/121 1068/1067/122 1067/1068/122 1065/1066/121
f 1068/1067/122 1070/1069/123 1069/1070/123 1067/1068/122
f 1070/1069/123 1072/1071/124 1071/1072/124 1069/1070/123
f 1072/1071/124 1074/1073/125 1073/1074/125 1071/1072/124
f 1074/1073/125 1076/1075/126 1075/1076/126 1073/1074/125
f 1076/1075/126 1078/1077/127 1077/1078/127 1075/1076/126
f 1078/1077/127 1080/1079/128 1079/1080/128 1077/1078/127
f 1080/1079/128 1082/1081/129 1081/1082/129 1079/1080/128
f 1082/1081/129 1084/1083/130 1083/1084/130 1081/1082/129
f 1084/1083/130 1086/1085/131 1085/1086/131 1083/1084/130
f 1086/1085/131 1088/1087/132 1087/1088/132 1085/1086/131
f 1088/1087/132 1090/1089/133 1089/1090/133 1087/1088/132
f 1090/1089/133 1092/1091/134 1091/1092/134 1089/1090/133
f 1092/1091/134 1094/1093/135 1093/1094/135 1091/1092/134
f 1094/1093/135 1096/1095/136 1095/1096/136 1093/1094/135
f 1096/1095/136 1098/1097/137 1097/1098/137 1095/1096/136
f 1098/1097/137 1100/1099/138 1099/1100/138 1097/1098/137
f 1100/1099/138 1102/1101/139 1101/1102/139 1099/1100/138
f 1102/1101/139 1104/1103/140 1103/1104/140 1101/1102/139
f 1104/1103/140 1106/1105/141 1105/1106/141 1103/1104/140
f 1106/1105/141 1108/1107/142 1107/1108/142 1105/1106/141
f 1108/1107/142 1110/1109/143 1109/1110/143 1107/1108/142
f 1110/1109/143 1112/1111/144 1111/1112/144 1109/1110/143
f 1112/1111/144 1114/1113/145 1113/1114/145 1111/1112/144
f 1114/1113/145 1116/1115/146 1115/1116/146 1113/1114/145
f 1116/1115/146 1118/1117/147 1117/1118/147 1115/1116/146
f 1118/1117/147 1120/1119/148 1119/1120/148 1117/1118/147
f 1120/1119/148 1122/1121/149 1121/1122/149 1119/1120/148
f 1122/1121/149 1124/1123/150 1123/1124/150 1121/1122/149
f 1124/1123/150 1126/1125/151 1125/1126/151 1123/1124/150
f 1126/1125/151 1128/1127/152 1127/1128/152 1125/1126/151
f 1128/1127/152 1130/1129/153 1129/1130/153 1127/1128/152
f 1130/1129/153 1132/1131/154 1131/1132/154 1129/1130/153
f 1132/1131/154 1134/1133/155 1133/1134/155 1131/1132/154
f 1134/1133/155 1136/1135/156 1135/1136/156 1133/1134/155
f 1136/1135/156 1138/1137/157 1137/1138/157 1135/1136/156
f 1138/1137/157 1140/1139/158 1139/1140/158 1137/1138/157
f 1140/1139/158 1142/1141/159 1141/1142/159 1139/1140/158
f 1142/1141/159 1144/1143/160 1143/1144/160 1141/1142/159
f 1144/1143/160 1146/1145/161 1145/1146/161 1143/1144/160
f 1146/1145/161 1148/1147/162 1147/1148/162 1145/1146/161
f 1148/1147/162 1150/1149/163 1149/1150/163 1147/1148/162
f 1150/1149/163 1152/1151/164 1151/1152/164 1149/1150/163
f 1152/1151/164 1154/1153/165 1153/1154/165 1151/1152/164
f 1154/1153/165 1156/1155/166 1155/1156/166 1153/1154/165
f 1156/1155/166 1158/1157/167 1157/1158/167 1155/1156/166
f 1158/1157/167 1160/1159/168 1159/1160/168 1157/1158/167
f 1160/1159/168 1162/1161/169 1161/1162/169 1159/1160/168
f 1162/1161/169 1164/1163/170 1163/1164/170 1161/1162/169
f 1164/1163/170 1166/1165/171 1165/1166/171 1163/1164/170
f 1166/1165/171 1168/1167/172 1167/1168/172 1165/1166/171
f 1168/1167/172 1170/1169/173 1169/1170/173 1167/1168/172
f 1170/1169/173 1172/1171/174 1171/1172/174 1169/1170/173
f 1172/1171/174 1174/1173/175 1173/1174/175 1171/1172/174
f 1174/1173/175 1176/1175/176 1175/1176/176 1173/1174/175
f 1176/1175/176 1178/1177/177 1177/1178/177 1175/1176/176
f 1178/1177/177 1180/1179/178 1179/1180/178 1177/1178/177
f 1180/1179/178 1182/1181/179 1181/1182/179 1179/1180/178
f 1182/1181/179 1184/1183/180 1183/1184/180 1181/1182/179
f 1184/1183/180 1186/1185/181 1185/1186/181 1183/1184/180
f 1186/1185/181 1188/1187/182 1187/1188/182 1185/1186/181
f 1188/1187/182 1190/1189/183 1189/1190/183 1187/1188/182
f 1190/1189/183 1192/1191/184 1191/1192/184 1189/1190/183
f 1192/1191/184 1194/1193/185 1193/1194/185 1191/1192/184
f 1194/1193/185 1196/1195/186 1195/1196/186 1193/1194/185
f 1196/1195/186 1198/1197/187 1197/1198/187 1195/1196/186
f 1198/1197/187 1200/1199/188 1199/1200/188 1197/1198/187
f 1200/1199/188 1202/1201/189 1201/1202/189 1199/1200/188
f 1202/1201/189 1204/1203/190 1203/1204/190 1201/1202/189
f 1204/1203/190 1206/1205/191 1205/1206/191 1203/1204/190
f 1206/1205/191 1208/1207/192 1207/1208/192 1205/1206/191
f 1208/1207/192 1210/1209/193 1209/1210/193 1207/1208/192
f 1210/1209/193 1212/1211/194 1211/1212/194 1209/1210/193
f 1212/1211/194 1214/1213/195 1213/1214/195 1211/1212/194
f 1214/1213/195 1216/1215/196 1215/1216/196 1213/1214/195
f 1216/1215/196 1218/1217/197 1217/1218/197 1215/1216/196
f 1218/1217/197 1220/1219/198 1219/1220/198 1217/1218/197
f 1220/1219/198 1222/1221/199 1221/1222/199 1219/1220/198
f 1222/1221/199 1224/1223/200 1223/1224/200 1221/1222/199
f 1224/1223/200 1226/1225/201 1225/1226/201 1223/1224/200
f 1226/1225/201 1228/1227/202 1227/1228/202 1225/1226/201
f 1228/1227/202 1230/1229/203 1229/1230/203 1227/1228/202
f 1230/1229/203 1232/1231/204 1231/1232/204 1229/1230/203
f 1232/1231/204 1234/1233/205 1233/1234/205 1231/1232/204
f 1234/1233/205 1236/1235/206 1235/1236/206 1233/1234/205
f 1236/1235/206 1238/1237/207 1237/1238/207 1235/1236/206
f 1238/1237/207 1240/1239/208 1239/1240/208 1237/1238/207
f 1240/1239/208 1242/1241/209 1241/1242/209 1239/1240/208
f 1242/1241/209 1244/1243/210 1243/1244/210 1241/1242/209
f 1244/1243/210 1246/1245/211 1245/1246/211 1243/1244/210
f 1246/1245/211 1248/1247/212 1247/1248/212 1245/1246/211
f 1248/1247/212 1250/1249/213 1249/1250/213 1247/1248/212
f 1250/1249/213 1252/1251/214 1251/1252/214 1249/1250/213
f 1252/1251/214 1254/1253/215 1253/1254/215 1251/1252/214
f 1254/1253/215 1256/1255/216 1255/1256/216 1253/1254/215
f 1256/1255/216 1258/1257/217 1257/1258/217 1255/1256/216
f 1258/1257/217 1260/1259/218 1259/1260/218 1257/1258/217
f 1260/1259/218 1262/1261/219 1261/1262/219 1259/1260/218
f 1262/1261/219 1264/1263/220 1263/1264/220 1261/1262/219
f 1264/1263/220 1266/1265/221 1265/1266/221 1263/1264/220
f 1266/1265/221 1268/1267/222 1267/1268/222 1265/1266/221
f 1268/1267/222 1270/1269/223 1269/1270/223 1267/1268/222
f 1270/1269/223 1272/1271/224 1271/1272/224 1269/1270/223
f 1272/1271/224 1274/1273/225 1273/1274/225 1271/1272/224
f 1274/1273/225 1276/1275/226 1275/1276/226 1273/1274/225
f 1276/1275/226 1278/1277/227 1277/1278/227 1275/1276/226
f 1278/1277/227 1280/1279/228 1279/1280/228 1277/1278/227
f 1280/1279/228 1282/1281/229 1281/1282/229 1279/1280/228
f 1282/1281/229 1284/1283/230 1283/1284/230 1281/1282/229
f 1284/1283/230 1286/1285/231 1285/1286/231 1283/1284/230
f 1286/1285/231 1288/1287/232 1287/1288/232 1285/1286/231
f 1288/1287/232 1290/1289/233 1289/1290/233 1287/1288/232
f 1290/1289/233 1292/1291/234 1291/1292/234 1289/1290/233
f 1292/1291/234 1294/1293/235 1293/1294/235 1291/1292/234
f 1294/1293/235 1296/1295/236 1295/1296/236 1293/1294/235
f 1296/1295/236 1298/1297/237 1297/1298/237 1295/1296/236
f 1298/1297/237 1300/1299/238 1299/1300/238 1297/1298/237
f 1300/1299/238 1302/1301/239 1301/1302/239 1299/1300/238
f 1302/1301/239 1304/1303/240 1303/1304/240 1301/1302/239
f 1304/1303/240 1306/1305/241 1305/1306/241 1303/1304/240
f 1306/1305/241 1308/1307/242 1307/1308/242 1305/1306/241
f 1308/1307/242 1310/1309/243 1309/1310/243 1307/1308/242
f 1310/1309/243 1312/1311/244 1311/1312/244 1309/1310/243
f 1312/1311/244 1314/1313/245 1313/1314/245 1311/1312/244
f 1314/1313/245 1316/1315/246 1315/1316/246 1313/1314/245
f 1316/1315/246 1318/1317/247 1317/1318/247 1315/1316/246
f 1318/1317/247 1320/1319/248 1319/1320/248 1317/1318/247
f 1320/1319/248 1322/1321/249 1321/1322/249 1319/1320/248
f 1322/1321/249 1324/1323/250 1323/1324/250 1321/1322/249
f 1324/1323/250 1326/1325/251 1325/1326/251 1323/1324/250
f 1326/1325/251 1328/1327/252 1327/1328/252 1325/1326/251
f 1328/1327/252 1330/1329/253 1329/1330/253 1327/1328/252
f 1330/1329/253 1332/1331/254 1331/1332/254 1329/1330/253
f 1332/1331/254 1334/1333/255 1333/1334/255 1331/1332/254
f 1334/1333/255 1336/1335/256 1335/1336/256 1333/1334/255
f 1336/1335/256 1338/1337/257 1337/1338/257 1335/1336/256
f 1338/1337/257 1340/1339/258 1339/1340/258 1337/1338/257
f 1340/1339/258 1342/1341/259 1341/1342/259 1339/1340/258
f 1342/1341/259 1344/1343/260 1343/1344/260 1341/1342/259
f 1344/1343/260 1346/1345/261 1345/1346/261 1343/1344/260
f 1346/1345/261 1348/1347/262 1347/1348/262 1345/1346/261
f 1348/1347/262 1350/1349/263 1349/1350/263 1347/1348/262
f 1350/1349/263 1352/1351/264 1351/1352/264 1349/1350/263
f 1352/1351/264 1354/1353/265 1353/1354/265 1351/1352/264
f 1354/1353/265 1356/1355/266 1355/1356/266 1353/1354/265
f 1356/1355/266 1358/1357/267 1357/1358/267 1355/1356/266
f 1358/1357/267 1360/1359/268 1359/1360/268 1357/1358/267
f 1360/1359/268 1362/1361/269 1361/1362/269 1359/1360/268
f 1362/1361/269 1364/1363/270 1363/1364/270 1361/1362/269
f 1364/1363/270 1366/1365/271 1365/1366/271 1363/1364/270
f 1366/1365/271 1368/1367/272 1367/1368/272 1365/1366/271
f 1368/1367/272 1370/1369/273 1369/1370/273 1367/1368/272
f 1370/1369/273 1372/1371/274 1371/1372/274 1369/1370/273
f 1372/1371/274 1374/1373/275 1373/1374/275 1371/1372/274
f 1374/1373/275 1376/1375/276 1375/1376/276 1373/1374/275
f 1376/1375/276 1378/1377/277 1377/1378/277 1375/1376/276
f 1378/1377/277 1380/1379/278 1379/1380/278 1377/1378/277
f 1380/1379/278 1382/1381/279 1381/1382/279 1379/1380/278
f 1382/1381/279 1384/1383/280 1383/1384/280 1381/1382/279
f 1384/1383/280 1386/1385/281 1385/1386/281 1383/1384/280
f 1386/1385/281 1388/1387/282 1387/1388/282 1385/1386/281
f 1388/1387/282 1390/1389/283 1389/1390/283 1387/1388/282
f 1390/1389/283 1392/1391/284 1391/1392/284 1389/1390/283
f 1392/1391/284 1394/1393/285 1393/1394/285 1391/1392/284
f 1394/1393/285 1396/1395/286 1395/1396/286 1393/1394/285
f 1396/1395/286 1398/1397/287 1397/1398/287 1395/1396/286
f 1398/1397/287 1400/1399/288 1399/1400/288 1397/1398/287
f 1400/1399/288 1402/1401/289 1401/1402/289 1399/1400/288
f 1402/1401/289 1404/1403/290 1403/1404/290 1401/1402/289
f 1404/1403/290 1406/1405/291 1405/1406/291 1403/1404/290
f 1406/1405/291 1408/1407/292 1407/1408/292 1405/1406/291
f 1408/1407/292 1410/1409/293 1409/1410/293 1407/1408/292
f 1410/1409/293 1412/1411/294 1411/1412/294 1409/1410/293
f 1412/1411/294 1414/1413/295 1413/1414/295 1411/1412/294
f 1414/1413/295 1416/1415/296 1415/1416/296 1413/1414/295
f 1416/1415/296 1418/1417/297 1417/1418/297 1415/1416/296
f 1418/1417/297 1420/1419/298 1419/1420/298 1417/1418/297
f 1420/1419/298 1422/1421/299 1421/1422/299 1419/1420/298
f 1422/1421/299 1424/1423/300 1423/1424/300 1421/1422/299
f 1424/1423/300 1426/1425/301 1425/1426/301 1423/1424/300
f 1426/1425/301 1428/1427/302 1427/1428/302 1425/1426/301
f 1428/1427/302 1430/1429/303 1429/1430/303 1427/1428/302
f 1430/1429/303 1432/1431/304 1431/1432/304 1429/1430/303
f 1432/1431/304 1434/1433/305 1433/1434/305 1431/1432/304
f 1434/1433/305 1436/1435/306 1435/1436/306 1433/1434/305
f 1436/1435/306 1438/1437/307 1437/1438/307 1435/1436/306
f 1438/1437/307 1440/1439/308 1439/1440/308 1437/1438/307
f 1440/1439/308 1442/1441/309 1441/1442/309 1439/1440/308
f 1442/1441/309 1444/1443/310 1443/1444/310 1441/1442/309
f 1444/1443/310 1446/1445/311 1445/1446/311 1443/1444/310
f 1446/1445/311 1448/1447/312 1447/1448/312 1445/1446/311
f 1448/1447/312 1450/1449/313 1449/1450/313 1447/1448/312
f 1450/1449/313 1452/1451/314 1451/1452/314 1449/1450/313
f 1452/1451/314 1454/1453/315 1453/1454/315 1451/1452/314
f 1454/1453/315 1456/1455/316 1455/1456/316 1453/1454/315
f 1456/1455/316 1458/1457/317 1457/1458/317 1455/1456/316
f 1458/1457/317 1460/1459/318 1459/1460/318 1457/1458/317
f 1460/1459/318 1462/1461/319 1461/1462/319 1459/1460/318
f 1462/1461/319 1464/1463/320 1463/1464/320 1461/1462/319
f 1464/1463/320 1466/1465/321 1465/1466/321 1463/1464/320
f 1466/1465/321 1468/1467/322 1467/1468/322 1465/1466/321
f 1468/1467/322 1470/1469/323 1469/1470/323 1467/1468/322
f 1470/1469/323 1472/1471/324 1471/1472/324 1469/1470/323
f 1472/1471/324 1474/1473/325 1473/1474/325 1471/1472/324
f 1474/1473/325 1476/1475/326 1475/1476/326 1473/1474/325
f 1476/1475/326 1478/1477/327 1477/1478/327 1475/1476/326
f 1478/1477/327 1480/1479/328 1479/1480/328 1477/1478/327
f 1480/1479/328 1482/1481/329 1481/1482/329 1479/1480/328
f 1482/1481/329 1484/1483/330 1483/1484/330 1481/1482/329
f 1484/1483/330 1486/1485/331 1485/1486/331 1483/1484/330
f 1486/1485/331 1488/1487/332 1487/1488/332 1485/1486/331
f 1488/1487/332 1490/1489/333 1489/1490/333 1487/1488/332
f 1490/1489/333 1492/1491/334 1491/1492/334 1489/1490/333
f 1492/1491/334 1494/1493/335 1493/1494/335 1491/1492/334
f 1494/1493/335 1496/1495/336 1495/1496/336 1493/1494/335
f 1496/1495/336 1498/1497/337 1497/1498/337 1495/1496/336
f 1498/1497/337 1500/1499/338 1499/1500/338 1497/1498/337
f 1500/1499/338 1502/1501/339 1501/1502/339 1499/1500/338
f 1502/1501/339 1504/1503/340 1503/1504/340 1501/1502/339
f 1504/1503/340 1506/1505/341 1505/1506/341 1503/1504/340
f 1506/1505/341 1508/1507/342 1507/1508/342 1505/1506/341
f 1508/1507/342 1510/1509/343 1509/1510/343 1507/1508/342
f 1510/1509/343 1512/1511/344 1511/1512/344 1509/1510/343
f 1512/1511/344 1514/1513/345 1513/1514/345 1511/1512/344
f 1514/1513/345 1516/1515/346 1515/1516/346 1513/1514/345
f 1516/1515/346 1518/1517/347 1517/1518/347 1515/1516/346
f 1518/1517/347 1520/1519/348 1519/1520/348 1517/1518/347
f 1520/1519/348 1522/1521/349 1521/1522/349 1519/1520/348
f 1522/1521/349 1524/1523/350 1523/1524/350 1521/1522/349
f 1524/1523/350 1526/1525/351 1525/1526/351 1523/1524/350
f 1526/1525/351 1528/1527/352 1527/1528/352 1525/1526/351
f 1528/1527/352 1530/1529/353 1529/1530/353 1527/1528/352
f 1530/1529/353 1532/1531/354 1531/1532/354 1529/1530/353
f 1532/1531/354 1534/1533/355 1533/1534/355 1531/1532/354
f 1534/1533/355 1536/1535/356 1535/1536/356 1533/1534/355
f 1536/1535/356 1538/1537/357 1537/1538/357 1535/1536/356
f 1538/1537/357 1540/1539/358 1539/1540/358 1537/1538/357
f 1540/1539/358 1542/1541/359 1541/1542/359 1539/1540/358
f 1542/1541/359 1544/1543/360 1543/1544/360 1541/1542/359
f 1544/1543/360 1546/1545/361 1545/1546/361 1543/1544/360
f 1546/1545/361 1548/1547/362 1547/1548/362 1545/1546/361
f 1548/1547/362 1550/1549/363 1549/1550/363 1547/1548/362
f 1550/1549/363 1552/1551/364 1551/1552/364 1549/1550/363
f 1552/1551/364 1554/1553/365 1553/1554/365 1551/1552/364
f 1554/1553/365 1556/1555/366 1555/1556/366 1553/1554/365
f 1556/1555/366 1558/1557/367 1557/1558/367 1555/1556/366
f 1558/1557/367 1560/1559/368 1559/1560/368 1557/1558/367
f 1560/1559/368 1562/1561/369 1561/1562/369 1559/1560/368
f 1562/1561/369 1564/1563/370 1563/1564/370 1561/1562/369
f 1564/1563/370 1566/1565/371 1565/1566/371 1563/1564/370
f 1566/1565/371 1568/1567/372 1567/1568/372 1565/1566/371
f 1568/1567/372 1570/1569/373 1569/1570/373 1567/1568/372
f 1570/1569/373 1572/1571/374 1571/1572/374 1569/1570/373
f 1572/1571/374 1574/1573/375 1573/1574/375 1571/1572/374
f 1574/1573/375 1576/1575/376 1575/1576/376 1573/1574/375
f 1576/1575/376 1578/1577/377 1577/1578/377 1575/1576/376
f 1578/1577/377 1580/1579/378 1579/1580/378 1577/1578/377
f 1580/1579/378 1582/1581/379 1581/1582/379 1579/1580/378
f 1582/1581/379 1584/1583/380 1583/1584/380 1581/1582/379
f 1584/1583/380 1586/1585/381 1585/1586/381 1583/1584/380
f 1586/1585/381 1588/1587/382 1587/1588/382 1585/1586/381
f 1588/1587/382 1590/1589/383 1589/1590/383 1587/1588/382
f 1590/1589/383 1592/1591/384 1591/1592/384 1589/1590/383
f 1592/1591/384 1594/1593/385 1593/1594/385 1591/1592/384
f 1594/1593/385 1596/1595/386 1595/1596/386 1593/1594/385
f 1596/1595/386 1598/1597/387 1597/1598/387 1595/1596/386
f 1598/1597/387 1600/1599/388 1599/1600/388 1597/1598/387
f 1600/1599/388 1602/1601/389 1601/1602/389 1599/1600/388
f 1602/1601/389 1604/1603/390 1603/1604/390 1601/1602/389
f 1604/1603/390 1606/1605/391 1605/1606/391 1603/1604/390
f 1606/1605/391 1608/1607/392 1607/1608/392 1605/1606/391
f 1608/1607/392 1610/1609/393 1609/1610/393 1607/1608/392
f 1610/1609/393 1612/1611/394 1611/1612/394 1609/1610/393
f 1612/1611/394 1614/1613/395 1613/1614/395 1611/1612/394
f 1614/1613/395 1616/1615/396 1615/1616/396 1613/1614/395
f 1616/1615/396 1618/1617/397 1617/1618/397 1615/1616/396
f 1618/1617/397 1620/1619/398 1619/1620/398 1617/1618/397
f 1620/1619/398 1622/1621/399 1621/1622/399 1619/1620/398
f 1622/1621/399 1624/1623/400 1623/1624/400 1621/1622/399
f 1624/1623/400 1626/1625/401 1625/1626/401 1623/1624/400
f 1626/1625/401 1628/1627/402 1627/1628/402 1625/1626/401
f 1628/1627/402 1630/1629/403 1629/1630/403 1627/1628/402
f 1630/1629/403 1632/1631/404 1631/1632/404 1629/1630/403
f 1632/1631/404 1634/1633/405 1633/1634/405 1631/1632/404
f 1634/1633/405 1636/1635/406 1635/1636/406 1633/1634/405
f 1636/1635/406 1638/1637/407 1637/1638/407 1635/1636/406
f 1638/1637/407 1640/1639/408 1639/1640/408 1637/1638/407
f 1640/1639/408 1642/1641/409 1641/1642/409 1639/1640/408
f 1642/1641/409 1644/1643/410 1643/1644/410 1641/1642/409
f 1644/1643/410 1646/1645/411 1645/1646/411 1643/1644/410
f 1646/1645/411 1648/1647/412 1647/1648/412 1645/1646/411
f 1648/1647/412 1650/1649/413 1649/1650/413 1647/1648/412
f 1650/1649/413 1652/1651/414 1651/1652/414 1649/1650/413
f 1652/1651/414 1654/1653/415 1653/1654/415 1651/1652/414
f 1654/1653/415 1656/1655/416 1655/1656/416 1653/1654/415
f 1656/1655/416 830/829/3 829/832/3 1655/1656/416
