# Blender 4.2.1 LTS
# www.blender.org
mtllib JYUU.mtl
o jyuu
v -1.332002 -0.737308 -1.000000
v -1.332002 -0.671706 -1.000000
v -0.196806 -0.671706 -1.000000
v -0.196806 -1.284940 -1.000000
v -1.471763 -1.284940 -1.000000
v -1.518726 -1.228906 -1.000000
v -1.562639 -1.177743 -1.000000
v -1.603501 -1.131454 -1.000000
v -1.641313 -1.090037 -1.000000
v -1.676075 -1.053492 -1.000000
v -1.707787 -1.021820 -1.000000
v -1.736448 -0.995021 -1.000000
v -1.762058 -0.973094 -1.000000
v -1.784619 -0.956040 -1.000000
v -1.804129 -0.943859 -1.000000
v -1.820589 -0.936550 -1.000000
v -1.833999 -0.934113 -1.000000
v -1.845309 -0.935817 -1.000000
v -1.860224 -0.940927 -1.000000
v -1.878744 -0.949444 -1.000000
v -1.900868 -0.961368 -1.000000
v -1.926598 -0.976699 -1.000000
v -1.955932 -0.995437 -1.000000
v -1.988872 -1.017581 -1.000000
v -2.025417 -1.043133 -1.000000
v -2.065566 -1.072091 -1.000000
v -2.109320 -1.104456 -1.000000
v -2.156680 -1.140228 -1.000000
v -2.207644 -1.179407 -1.000000
v -2.234067 -1.200720 -1.000000
v -2.258192 -1.220923 -1.000000
v -2.280020 -1.240018 -1.000000
v -2.299550 -1.258003 -1.000000
v -2.316782 -1.274878 -1.000000
v -2.331717 -1.290645 -1.000000
v -2.344354 -1.305302 -1.000000
v -2.354694 -1.318851 -1.000000
v -2.362736 -1.331290 -1.000000
v -2.368480 -1.342619 -1.000000
v -2.371927 -1.352840 -1.000000
v -2.373075 -1.361951 -1.000000
v -2.372540 -1.371063 -1.000000
v -2.370936 -1.379382 -1.000000
v -2.368262 -1.386909 -1.000000
v -2.364518 -1.393643 -1.000000
v -2.359705 -1.399585 -1.000000
v -2.353822 -1.404735 -1.000000
v -2.346870 -1.409093 -1.000000
v -2.338848 -1.412658 -1.000000
v -2.329756 -1.415431 -1.000000
v -2.319595 -1.417412 -1.000000
v -2.308364 -1.418600 -1.000000
v -2.296064 -1.418996 -1.000000
v -0.196806 -1.418996 -1.000000
v -0.196806 -2.037935 -1.000000
v -1.768397 -2.037935 -1.000000
v -1.820371 -1.978256 -1.000000
v -1.868860 -1.923766 -1.000000
v -1.913862 -1.874466 -1.000000
v -1.955378 -1.830355 -1.000000
v -1.993408 -1.791433 -1.000000
v -2.027952 -1.757702 -1.000000
v -2.059010 -1.729159 -1.000000
v -2.086582 -1.705806 -1.000000
v -2.110668 -1.687643 -1.000000
v -2.131267 -1.674669 -1.000000
v -2.148381 -1.666885 -1.000000
v -2.162008 -1.664290 -1.000000
v -2.173397 -1.666073 -1.000000
v -2.188550 -1.671421 -1.000000
v -2.207466 -1.680334 -1.000000
v -2.230145 -1.692813 -1.000000
v -2.256588 -1.708857 -1.000000
v -2.286794 -1.728466 -1.000000
v -2.320763 -1.751640 -1.000000
v -2.358496 -1.778380 -1.000000
v -2.399992 -1.808685 -1.000000
v -2.445252 -1.842556 -1.000000
v -2.494275 -1.879992 -1.000000
v -2.547062 -1.920993 -1.000000
v -2.573941 -1.943256 -1.000000
v -2.598482 -1.964411 -1.000000
v -2.620686 -1.984456 -1.000000
v -2.640553 -2.003392 -1.000000
v -2.658082 -2.021218 -1.000000
v -2.673275 -2.037935 -1.000000
v -2.686129 -2.053544 -1.000000
v -2.696647 -2.068043 -1.000000
v -2.704827 -2.081432 -1.000000
v -2.710670 -2.093713 -1.000000
v -2.714176 -2.104884 -1.000000
v -2.715345 -2.114946 -1.000000
v -2.714830 -2.124058 -1.000000
v -2.713285 -2.132377 -1.000000
v -2.710710 -2.139904 -1.000000
v -2.707105 -2.146638 -1.000000
v -2.702470 -2.152580 -1.000000
v -2.696805 -2.157730 -1.000000
v -2.690111 -2.162088 -1.000000
v -2.682386 -2.165653 -1.000000
v -2.673631 -2.168426 -1.000000
v -2.663846 -2.170407 -1.000000
v -2.653032 -2.171595 -1.000000
v -2.641187 -2.171991 -1.000000
v 2.207644 -2.171991 -1.000000
v 2.236226 -2.172229 -1.000000
v 2.265878 -2.172942 -1.000000
v 2.296599 -2.174131 -1.000000
v 2.328390 -2.175795 -1.000000
v 2.361250 -2.177934 -1.000000
v 2.395180 -2.180548 -1.000000
v 2.430179 -2.183638 -1.000000
v 2.466249 -2.187203 -1.000000
v 2.503387 -2.191244 -1.000000
v 2.541595 -2.195760 -1.000000
v 2.580873 -2.200752 -1.000000
v 2.621221 -2.206218 -1.000000
v 2.686823 -1.992299 -1.000000
v 2.644237 -1.999588 -1.000000
v 2.602047 -2.006244 -1.000000
v 2.560254 -2.012265 -1.000000
v 2.518857 -2.017653 -1.000000
v 2.477856 -2.022407 -1.000000
v 2.437251 -2.026526 -1.000000
v 2.397042 -2.030013 -1.000000
v 2.357229 -2.032865 -1.000000
v 2.317812 -2.035083 -1.000000
v 2.278792 -2.036668 -1.000000
v 2.240168 -2.037619 -1.000000
v 2.201940 -2.037935 -1.000000
v 0.322305 -2.037935 -1.000000
v 0.322305 -1.418996 -1.000000
v 1.899601 -1.418996 -1.000000
v 1.919052 -1.419234 -1.000000
v 1.939374 -1.419947 -1.000000
v 1.960568 -1.421136 -1.000000
v 1.982633 -1.422799 -1.000000
v 2.005570 -1.424939 -1.000000
v 2.029378 -1.427553 -1.000000
v 2.054058 -1.430643 -1.000000
v 2.079610 -1.434208 -1.000000
v 2.106033 -1.438249 -1.000000
v 2.133327 -1.442765 -1.000000
v 2.161493 -1.447757 -1.000000
v 2.190531 -1.453223 -1.000000
v 2.253280 -1.239304 -1.000000
v 2.221093 -1.246593 -1.000000
v 2.189184 -1.253249 -1.000000
v 2.157552 -1.259270 -1.000000
v 2.126197 -1.264658 -1.000000
v 2.095119 -1.269411 -1.000000
v 2.064319 -1.273531 -1.000000
v 2.033796 -1.277017 -1.000000
v 2.003550 -1.279869 -1.000000
v 1.973582 -1.282088 -1.000000
v 1.943890 -1.283672 -1.000000
v 1.914477 -1.284623 -1.000000
v 1.885340 -1.284940 -1.000000
v 0.322305 -1.284940 -1.000000
v 0.322305 -0.671706 -1.000000
v 1.360525 -0.671706 -1.000000
v 1.360525 -0.743012 -1.000000
v 1.363001 -0.775358 -1.000000
v 1.370429 -0.804891 -1.000000
v 1.382808 -0.831611 -1.000000
v 1.400139 -0.855518 -1.000000
v 1.422423 -0.876613 -1.000000
v 1.449658 -0.894895 -1.000000
v 1.481845 -0.910364 -1.000000
v 1.518983 -0.923021 -1.000000
v 1.561074 -0.932865 -1.000000
v 1.608116 -0.939897 -1.000000
v 1.660110 -0.944116 -1.000000
v 1.717057 -0.945522 -1.000000
v 1.749858 -0.944393 -1.000000
v 1.779806 -0.941006 -1.000000
v 1.806903 -0.935361 -1.000000
v 1.831147 -0.927458 -1.000000
v 1.852539 -0.917297 -1.000000
v 1.871078 -0.904878 -1.000000
v 1.886766 -0.890201 -1.000000
v 1.899601 -0.873265 -1.000000
v 1.909584 -0.854072 -1.000000
v 1.916714 -0.832621 -1.000000
v 1.920993 -0.808911 -1.000000
v 1.922419 -0.782944 -1.000000
v 1.891044 0.648887 -1.000000
v 1.891262 0.712389 -1.000000
v 1.891916 0.774545 -1.000000
v 1.893005 0.835353 -1.000000
v 1.894530 0.894815 -1.000000
v 1.896491 0.952929 -1.000000
v 1.898888 1.009697 -1.000000
v 1.901720 1.065118 -1.000000
v 1.904989 1.119192 -1.000000
v 1.908693 1.171919 -1.000000
v 1.912832 1.223299 -1.000000
v 1.917408 1.273333 -1.000000
v 1.922419 1.322019 -1.000000
v 1.868167 1.298310 -1.000000
v 1.814746 1.274719 -1.000000
v 1.762158 1.251247 -1.000000
v 1.710401 1.227895 -1.000000
v 1.659477 1.204661 -1.000000
v 1.609384 1.181545 -1.000000
v 1.560123 1.158549 -1.000000
v 1.511694 1.135672 -1.000000
v 1.464097 1.112913 -1.000000
v 1.417332 1.090273 -1.000000
v 1.371399 1.067752 -1.000000
v 1.326298 1.045350 -1.000000
v 0.322305 1.045350 -1.000000
v 0.322305 1.590131 -1.000000
v 2.230462 1.590131 -1.000000
v 2.250368 1.589893 -1.000000
v 2.271107 1.589180 -1.000000
v 2.292677 1.587992 -1.000000
v 2.315079 1.586328 -1.000000
v 2.338313 1.584189 -1.000000
v 2.362379 1.581574 -1.000000
v 2.387277 1.578484 -1.000000
v 2.413006 1.574919 -1.000000
v 2.439568 1.570878 -1.000000
v 2.466962 1.566362 -1.000000
v 2.495187 1.561371 -1.000000
v 2.524244 1.555904 -1.000000
v 2.586994 1.769823 -1.000000
v 2.554807 1.762534 -1.000000
v 2.522897 1.755879 -1.000000
v 2.491265 1.749857 -1.000000
v 2.459910 1.744470 -1.000000
v 2.428833 1.739716 -1.000000
v 2.398032 1.735596 -1.000000
v 2.367509 1.732110 -1.000000
v 2.337263 1.729257 -1.000000
v 2.307295 1.727039 -1.000000
v 2.277604 1.725455 -1.000000
v 2.248190 1.724504 -1.000000
v 2.219053 1.724187 -1.000000
v 0.322305 1.724187 -1.000000
v 0.322305 2.231888 -1.000000
v 0.411972 2.225510 -1.000000
v 0.502234 2.219687 -1.000000
v 0.593090 2.214418 -1.000000
v 0.684541 2.209703 -1.000000
v 0.776586 2.205544 -1.000000
v 0.869224 2.201939 -1.000000
v 0.962457 2.198889 -1.000000
v 1.056285 2.196393 -1.000000
v 1.150706 2.194452 -1.000000
v 1.245722 2.193065 -1.000000
v 1.341332 2.192233 -1.000000
v 1.437536 2.191956 -1.000000
v 1.486658 2.192035 -1.000000
v 1.537048 2.192273 -1.000000
v 1.588705 2.192669 -1.000000
v 1.641630 2.193224 -1.000000
v 1.695823 2.193937 -1.000000
v 1.751284 2.194808 -1.000000
v 1.808012 2.195838 -1.000000
v 1.866007 2.197027 -1.000000
v 1.925271 2.198374 -1.000000
v 1.985802 2.199879 -1.000000
v 2.047601 2.201543 -1.000000
v 2.110667 2.203365 -1.000000
v 2.114768 2.203702 -1.000000
v 2.118511 2.204712 -1.000000
v 2.121898 2.206396 -1.000000
v 2.124929 2.208753 -1.000000
v 2.127603 2.211784 -1.000000
v 2.129920 2.215488 -1.000000
v 2.131881 2.219865 -1.000000
v 2.133486 2.224916 -1.000000
v 2.134733 2.230640 -1.000000
v 2.135625 2.237038 -1.000000
v 2.136160 2.244109 -1.000000
v 2.136338 2.251854 -1.000000
v 2.136199 2.257776 -1.000000
v 2.135783 2.263183 -1.000000
v 2.135090 2.268076 -1.000000
v 2.134119 2.272453 -1.000000
v 2.132871 2.276315 -1.000000
v 2.131346 2.279663 -1.000000
v 2.129544 2.282495 -1.000000
v 2.127464 2.284813 -1.000000
v 2.125107 2.286615 -1.000000
v 2.122473 2.287903 -1.000000
v 2.119561 2.288675 -1.000000
v 2.116372 2.288933 -1.000000
v 1.833385 2.315019 -1.000000
v 1.559628 2.343839 -1.000000
v 1.295101 2.375392 -1.000000
v 1.039805 2.409678 -1.000000
v 0.793738 2.446698 -1.000000
v 0.556902 2.486452 -1.000000
v 0.329296 2.528938 -1.000000
v 0.110921 2.574158 -1.000000
v -0.098225 2.622112 -1.000000
v -0.298140 2.672799 -1.000000
v -0.488825 2.726219 -1.000000
v -0.670280 2.782373 -1.000000
v -0.730316 2.802735 -1.000000
v -0.787777 2.822938 -1.000000
v -0.842663 2.842983 -1.000000
v -0.894974 2.862870 -1.000000
v -0.944710 2.882598 -1.000000
v -0.991871 2.902168 -1.000000
v -1.036457 2.921579 -1.000000
v -1.078469 2.940831 -1.000000
v -1.117905 2.959926 -1.000000
v -1.154766 2.978861 -1.000000
v -1.189053 2.997639 -1.000000
v -1.220764 3.016258 -1.000000
v -1.282583 2.973652 -1.000000
v -1.340638 2.933305 -1.000000
v -1.394930 2.895215 -1.000000
v -1.445458 2.859384 -1.000000
v -1.492224 2.825810 -1.000000
v -1.535225 2.794495 -1.000000
v -1.574463 2.765438 -1.000000
v -1.609938 2.738638 -1.000000
v -1.641650 2.714097 -1.000000
v -1.669598 2.691814 -1.000000
v -1.693783 2.671788 -1.000000
v -1.714204 2.654021 -1.000000
v -1.730605 2.639027 -1.000000
v -1.745579 2.624469 -1.000000
v -1.759127 2.610346 -1.000000
v -1.771249 2.596659 -1.000000
v -1.781945 2.583408 -1.000000
v -1.791215 2.570593 -1.000000
v -1.799059 2.558213 -1.000000
v -1.805476 2.546270 -1.000000
v -1.810468 2.534762 -1.000000
v -1.814033 2.523689 -1.000000
v -1.816172 2.513053 -1.000000
v -1.816885 2.502852 -1.000000
v -1.816073 2.490552 -1.000000
v -1.813637 2.479321 -1.000000
v -1.809577 2.469160 -1.000000
v -1.803892 2.460068 -1.000000
v -1.796583 2.452046 -1.000000
v -1.787650 2.445094 -1.000000
v -1.777092 2.439211 -1.000000
v -1.764911 2.434398 -1.000000
v -1.751105 2.430654 -1.000000
v -1.735675 2.427980 -1.000000
v -1.718621 2.426376 -1.000000
v -1.699943 2.425841 -1.000000
v -1.685167 2.426079 -1.000000
v -1.670311 2.426792 -1.000000
v -1.655377 2.427980 -1.000000
v -1.640363 2.429644 -1.000000
v -1.625269 2.431783 -1.000000
v -1.610097 2.434398 -1.000000
v -1.594845 2.437488 -1.000000
v -1.579515 2.441053 -1.000000
v -1.564104 2.445094 -1.000000
v -1.548615 2.449610 -1.000000
v -1.533046 2.454602 -1.000000
v -1.517398 2.460068 -1.000000
v -1.403209 2.440954 -1.000000
v -1.289773 2.422593 -1.000000
v -1.177089 2.404984 -1.000000
v -1.065158 2.388128 -1.000000
v -0.953980 2.372025 -1.000000
v -0.843554 2.356674 -1.000000
v -0.733881 2.342076 -1.000000
v -0.624960 2.328231 -1.000000
v -0.516793 2.315138 -1.000000
v -0.409378 2.302798 -1.000000
v -0.302715 2.291211 -1.000000
v -0.196806 2.280376 -1.000000
v -0.196806 1.724187 -1.000000
v -1.705647 1.724187 -1.000000
v -1.749006 1.781133 -1.000000
v -1.789710 1.833127 -1.000000
v -1.827759 1.880169 -1.000000
v -1.863155 1.922260 -1.000000
v -1.895897 1.959399 -1.000000
v -1.925984 1.991585 -1.000000
v -1.953417 2.018821 -1.000000
v -1.978196 2.041104 -1.000000
v -2.000321 2.058435 -1.000000
v -2.019792 2.070815 -1.000000
v -2.036608 2.078243 -1.000000
v -2.050770 2.080719 -1.000000
v -2.061724 2.078975 -1.000000
v -2.076520 2.073746 -1.000000
v -2.095158 2.065031 -1.000000
v -2.117640 2.052830 -1.000000
v -2.143963 2.037142 -1.000000
v -2.174130 2.017969 -1.000000
v -2.208139 1.995309 -1.000000
v -2.245991 1.969164 -1.000000
v -2.287685 1.939532 -1.000000
v -2.333222 1.906414 -1.000000
v -2.382602 1.869810 -1.000000
v -2.435824 1.829720 -1.000000
v -2.461792 1.808408 -1.000000
v -2.485501 1.788204 -1.000000
v -2.506952 1.769110 -1.000000
v -2.526146 1.751125 -1.000000
v -2.543081 1.734249 -1.000000
v -2.557758 1.718482 -1.000000
v -2.570178 1.703825 -1.000000
v -2.580339 1.690277 -1.000000
v -2.588242 1.677838 -1.000000
v -2.593887 1.666508 -1.000000
v -2.597274 1.656287 -1.000000
v -2.598403 1.647176 -1.000000
v -2.597888 1.638065 -1.000000
v -2.596343 1.629745 -1.000000
v -2.593768 1.622219 -1.000000
v -2.590163 1.615484 -1.000000
v -2.585528 1.609542 -1.000000
v -2.579864 1.604392 -1.000000
v -2.573169 1.600035 -1.000000
v -2.565444 1.596469 -1.000000
v -2.556689 1.593696 -1.000000
v -2.546905 1.591715 -1.000000
v -2.536090 1.590527 -1.000000
v -2.524244 1.590131 -1.000000
v -0.196806 1.590131 -1.000000
v -0.196806 1.045350 -1.000000
v -1.266400 1.045350 -1.000000
v -1.304648 1.087263 -1.000000
v -1.340480 1.125530 -1.000000
v -1.373895 1.160154 -1.000000
v -1.404893 1.191132 -1.000000
v -1.433475 1.218467 -1.000000
v -1.459641 1.242156 -1.000000
v -1.483390 1.262201 -1.000000
v -1.504722 1.278602 -1.000000
v -1.523638 1.291357 -1.000000
v -1.540138 1.300469 -1.000000
v -1.554221 1.305936 -1.000000
v -1.565887 1.307758 -1.000000
v -1.577751 1.306252 -1.000000
v -1.592429 1.301736 -1.000000
v -1.609918 1.294210 -1.000000
v -1.630221 1.283672 -1.000000
v -1.653336 1.270124 -1.000000
v -1.679264 1.253565 -1.000000
v -1.708004 1.233995 -1.000000
v -1.739557 1.211415 -1.000000
v -1.773923 1.185824 -1.000000
v -1.811101 1.157222 -1.000000
v -1.851092 1.125610 -1.000000
v -1.893896 1.090986 -1.000000
v -1.915308 1.072823 -1.000000
v -1.934858 1.055413 -1.000000
v -1.952546 1.038755 -1.000000
v -1.968372 1.022849 -1.000000
v -1.982336 1.007697 -1.000000
v -1.994438 0.993297 -1.000000
v -2.004678 0.979649 -1.000000
v -2.013057 0.966755 -1.000000
v -2.019574 0.954613 -1.000000
v -2.024228 0.943224 -1.000000
v -2.027021 0.932587 -1.000000
v -2.027952 0.922703 -1.000000
v -2.026724 0.910859 -1.000000
v -2.023040 0.898142 -1.000000
v -2.016900 0.884555 -1.000000
v -2.008303 0.870095 -1.000000
v -1.997251 0.854764 -1.000000
v -1.983742 0.838562 -1.000000
v -1.967777 0.821488 -1.000000
v -1.949357 0.803543 -1.000000
v -1.928480 0.784726 -1.000000
v -1.905147 0.765037 -1.000000
v -1.879358 0.744477 -1.000000
v -1.851112 0.723046 -1.000000
v -1.851112 0.492013 -1.000000
v -1.882487 -0.671706 -1.000000
v -1.880090 -0.707240 -1.000000
v -1.872900 -0.739685 -1.000000
v -1.860917 -0.769039 -1.000000
v -1.844140 -0.795304 -1.000000
v -1.822570 -0.818478 -1.000000
v -1.796206 -0.838563 -1.000000
v -1.765049 -0.855558 -1.000000
v -1.729099 -0.869462 -1.000000
v -1.688356 -0.880277 -1.000000
v -1.642819 -0.888002 -1.000000
v -1.592488 -0.892637 -1.000000
v -1.537365 -0.894182 -1.000000
v -1.504564 -0.893092 -1.000000
v -1.474615 -0.889824 -1.000000
v -1.447519 -0.884377 -1.000000
v -1.423274 -0.876751 -1.000000
v -1.401883 -0.866947 -1.000000
v -1.383343 -0.854963 -1.000000
v -1.367656 -0.840801 -1.000000
v -1.354820 -0.824460 -1.000000
v -1.344837 -0.805940 -1.000000
v -1.337707 -0.785242 -1.000000
v -1.333428 -0.762364 -1.000000
v -0.196806 -0.537650 -1.000000
v -1.332002 -0.537650 -1.000000
v -1.332002 0.141186 -1.000000
v -0.196806 0.141186 -1.000000
v -0.196806 0.275242 -1.000000
v -1.332002 0.275242 -1.000000
v -1.332002 0.911294 -1.000000
v -0.196806 0.911294 -1.000000
v 0.322305 0.275242 -1.000000
v 0.322305 0.911294 -1.000000
v 1.360525 0.911294 -1.000000
v 1.360525 0.275242 -1.000000
v 0.322305 0.141186 -1.000000
v 1.360525 0.141186 -1.000000
v 1.360525 -0.537650 -1.000000
v 0.322305 -0.537650 -1.000000
v -1.332002 -0.737308 1.000000
v -1.332002 -0.671706 1.000000
v -0.196806 -0.671706 1.000000
v -0.196806 -1.284940 1.000000
v -1.471763 -1.284940 1.000000
v -1.518726 -1.228906 1.000000
v -1.562639 -1.177743 1.000000
v -1.603501 -1.131454 1.000000
v -1.641314 -1.090037 1.000000
v -1.676075 -1.053492 1.000000
v -1.707787 -1.021820 1.000000
v -1.736448 -0.995021 1.000000
v -1.762059 -0.973094 1.000000
v -1.784619 -0.956040 1.000000
v -1.804129 -0.943859 1.000000
v -1.820589 -0.936550 1.000000
v -1.833999 -0.934113 1.000000
v -1.845309 -0.935817 1.000000
v -1.860224 -0.940927 1.000000
v -1.878744 -0.949444 1.000000
v -1.900869 -0.961368 1.000000
v -1.926598 -0.976699 1.000000
v -1.955933 -0.995437 1.000000
v -1.988872 -1.017581 1.000000
v -2.025417 -1.043133 1.000000
v -2.065566 -1.072091 1.000000
v -2.109320 -1.104456 1.000000
v -2.156680 -1.140228 1.000000
v -2.207644 -1.179407 1.000000
v -2.234067 -1.200720 1.000000
v -2.258192 -1.220923 1.000000
v -2.280020 -1.240018 1.000000
v -2.299550 -1.258003 1.000000
v -2.316782 -1.274878 1.000000
v -2.331717 -1.290645 1.000000
v -2.344354 -1.305302 1.000000
v -2.354694 -1.318851 1.000000
v -2.362736 -1.331290 1.000000
v -2.368480 -1.342619 1.000000
v -2.371927 -1.352840 1.000000
v -2.373075 -1.361951 1.000000
v -2.372540 -1.371063 1.000000
v -2.370936 -1.379382 1.000000
v -2.368262 -1.386909 1.000000
v -2.364518 -1.393643 1.000000
v -2.359705 -1.399585 1.000000
v -2.353822 -1.404735 1.000000
v -2.346870 -1.409093 1.000000
v -2.338848 -1.412658 1.000000
v -2.329756 -1.415431 1.000000
v -2.319595 -1.417412 1.000000
v -2.308364 -1.418600 1.000000
v -2.296064 -1.418996 1.000000
v -0.196806 -1.418996 1.000000
v -0.196806 -2.037935 1.000000
v -1.768397 -2.037935 1.000000
v -1.820372 -1.978256 1.000000
v -1.868860 -1.923766 1.000000
v -1.913862 -1.874466 1.000000
v -1.955378 -1.830355 1.000000
v -1.993408 -1.791433 1.000000
v -2.027952 -1.757702 1.000000
v -2.059010 -1.729159 1.000000
v -2.086582 -1.705806 1.000000
v -2.110668 -1.687643 1.000000
v -2.131267 -1.674669 1.000000
v -2.148381 -1.666885 1.000000
v -2.162008 -1.664290 1.000000
v -2.173397 -1.666073 1.000000
v -2.188550 -1.671421 1.000000
v -2.207466 -1.680334 1.000000
v -2.230145 -1.692813 1.000000
v -2.256588 -1.708857 1.000000
v -2.286794 -1.728466 1.000000
v -2.320763 -1.751640 1.000000
v -2.358496 -1.778380 1.000000
v -2.399992 -1.808685 1.000000
v -2.445252 -1.842556 1.000000
v -2.494275 -1.879992 1.000000
v -2.547062 -1.920993 1.000000
v -2.573941 -1.943256 1.000000
v -2.598482 -1.964411 1.000000
v -2.620686 -1.984456 1.000000
v -2.640553 -2.003392 1.000000
v -2.658082 -2.021218 1.000000
v -2.673275 -2.037935 1.000000
v -2.686129 -2.053544 1.000000
v -2.696647 -2.068043 1.000000
v -2.704827 -2.081432 1.000000
v -2.710670 -2.093713 1.000000
v -2.714176 -2.104884 1.000000
v -2.715345 -2.114946 1.000000
v -2.714830 -2.124058 1.000000
v -2.713285 -2.132377 1.000000
v -2.710710 -2.139904 1.000000
v -2.707105 -2.146638 1.000000
v -2.702470 -2.152580 1.000000
v -2.696805 -2.157730 1.000000
v -2.690111 -2.162088 1.000000
v -2.682386 -2.165653 1.000000
v -2.673631 -2.168426 1.000000
v -2.663846 -2.170407 1.000000
v -2.653032 -2.171595 1.000000
v -2.641187 -2.171991 1.000000
v 2.207644 -2.171991 1.000000
v 2.236226 -2.172229 1.000000
v 2.265878 -2.172942 1.000000
v 2.296599 -2.174131 1.000000
v 2.328390 -2.175795 1.000000
v 2.361250 -2.177934 1.000000
v 2.395180 -2.180548 1.000000
v 2.430179 -2.183638 1.000000
v 2.466249 -2.187203 1.000000
v 2.503387 -2.191244 1.000000
v 2.541595 -2.195760 1.000000
v 2.580873 -2.200752 1.000000
v 2.621221 -2.206218 1.000000
v 2.686823 -1.992299 1.000000
v 2.644237 -1.999588 1.000000
v 2.602047 -2.006244 1.000000
v 2.560254 -2.012265 1.000000
v 2.518857 -2.017653 1.000000
v 2.477856 -2.022407 1.000000
v 2.437251 -2.026526 1.000000
v 2.397042 -2.030013 1.000000
v 2.357229 -2.032865 1.000000
v 2.317812 -2.035083 1.000000
v 2.278792 -2.036668 1.000000
v 2.240168 -2.037619 1.000000
v 2.201940 -2.037935 1.000000
v 0.322305 -2.037935 1.000000
v 0.322305 -1.418996 1.000000
v 1.899601 -1.418996 1.000000
v 1.919051 -1.419234 1.000000
v 1.939374 -1.419947 1.000000
v 1.960568 -1.421136 1.000000
v 1.982633 -1.422799 1.000000
v 2.005570 -1.424939 1.000000
v 2.029378 -1.427553 1.000000
v 2.054058 -1.430643 1.000000
v 2.079610 -1.434208 1.000000
v 2.106033 -1.438249 1.000000
v 2.133327 -1.442765 1.000000
v 2.161493 -1.447757 1.000000
v 2.190531 -1.453223 1.000000
v 2.253280 -1.239304 1.000000
v 2.221093 -1.246593 1.000000
v 2.189184 -1.253249 1.000000
v 2.157552 -1.259270 1.000000
v 2.126197 -1.264658 1.000000
v 2.095119 -1.269411 1.000000
v 2.064319 -1.273531 1.000000
v 2.033796 -1.277017 1.000000
v 2.003550 -1.279869 1.000000
v 1.973581 -1.282088 1.000000
v 1.943890 -1.283672 1.000000
v 1.914476 -1.284623 1.000000
v 1.885339 -1.284940 1.000000
v 0.322305 -1.284940 1.000000
v 0.322305 -0.671706 1.000000
v 1.360525 -0.671706 1.000000
v 1.360525 -0.743012 1.000000
v 1.363001 -0.775358 1.000000
v 1.370428 -0.804890 1.000000
v 1.382808 -0.831610 1.000000
v 1.400139 -0.855518 1.000000
v 1.422422 -0.876613 1.000000
v 1.449657 -0.894895 1.000000
v 1.481844 -0.910364 1.000000
v 1.518983 -0.923021 1.000000
v 1.561074 -0.932865 1.000000
v 1.608116 -0.939897 1.000000
v 1.660110 -0.944116 1.000000
v 1.717057 -0.945522 1.000000
v 1.749857 -0.944393 1.000000
v 1.779806 -0.941006 1.000000
v 1.806902 -0.935361 1.000000
v 1.831147 -0.927458 1.000000
v 1.852538 -0.917297 1.000000
v 1.871078 -0.904878 1.000000
v 1.886765 -0.890200 1.000000
v 1.899601 -0.873265 1.000000
v 1.909584 -0.854072 1.000000
v 1.916714 -0.832621 1.000000
v 1.920993 -0.808911 1.000000
v 1.922419 -0.782944 1.000000
v 1.891044 0.648887 1.000000
v 1.891262 0.712389 1.000000
v 1.891916 0.774545 1.000000
v 1.893005 0.835353 1.000000
v 1.894530 0.894815 1.000000
v 1.896491 0.952930 1.000000
v 1.898888 1.009697 1.000000
v 1.901720 1.065118 1.000000
v 1.904988 1.119192 1.000000
v 1.908692 1.171919 1.000000
v 1.912832 1.223299 1.000000
v 1.917408 1.273333 1.000000
v 1.922419 1.322019 1.000000
v 1.868166 1.298310 1.000000
v 1.814746 1.274719 1.000000
v 1.762158 1.251247 1.000000
v 1.710401 1.227895 1.000000
v 1.659477 1.204661 1.000000
v 1.609384 1.181545 1.000000
v 1.560123 1.158549 1.000000
v 1.511694 1.135672 1.000000
v 1.464097 1.112913 1.000000
v 1.417332 1.090273 1.000000
v 1.371399 1.067752 1.000000
v 1.326298 1.045350 1.000000
v 0.322305 1.045350 1.000000
v 0.322305 1.590131 1.000000
v 2.230462 1.590131 1.000000
v 2.250368 1.589893 1.000000
v 2.271107 1.589180 1.000000
v 2.292677 1.587992 1.000000
v 2.315079 1.586328 1.000000
v 2.338313 1.584189 1.000000
v 2.362379 1.581574 1.000000
v 2.387277 1.578484 1.000000
v 2.413006 1.574919 1.000000
v 2.439568 1.570878 1.000000
v 2.466962 1.566362 1.000000
v 2.495187 1.561371 1.000000
v 2.524244 1.555904 1.000000
v 2.586994 1.769823 1.000000
v 2.554807 1.762534 1.000000
v 2.522897 1.755879 1.000000
v 2.491265 1.749857 1.000000
v 2.459910 1.744470 1.000000
v 2.428833 1.739716 1.000000
v 2.398032 1.735596 1.000000
v 2.367509 1.732110 1.000000
v 2.337263 1.729257 1.000000
v 2.307295 1.727039 1.000000
v 2.277604 1.725455 1.000000
v 2.248190 1.724504 1.000000
v 2.219053 1.724187 1.000000
v 0.322305 1.724187 1.000000
v 0.322305 2.231888 1.000000
v 0.411972 2.225510 1.000000
v 0.502234 2.219687 1.000000
v 0.593090 2.214418 1.000000
v 0.684541 2.209703 1.000000
v 0.776585 2.205544 1.000000
v 0.869224 2.201939 1.000000
v 0.962457 2.198889 1.000000
v 1.056285 2.196393 1.000000
v 1.150706 2.194452 1.000000
v 1.245722 2.193065 1.000000
v 1.341332 2.192233 1.000000
v 1.437536 2.191956 1.000000
v 1.486658 2.192035 1.000000
v 1.537048 2.192273 1.000000
v 1.588705 2.192669 1.000000
v 1.641630 2.193224 1.000000
v 1.695823 2.193937 1.000000
v 1.751283 2.194808 1.000000
v 1.808011 2.195838 1.000000
v 1.866007 2.197027 1.000000
v 1.925271 2.198374 1.000000
v 1.985802 2.199879 1.000000
v 2.047601 2.201543 1.000000
v 2.110667 2.203365 1.000000
v 2.114768 2.203702 1.000000
v 2.118511 2.204712 1.000000
v 2.121898 2.206396 1.000000
v 2.124929 2.208753 1.000000
v 2.127603 2.211784 1.000000
v 2.129920 2.215488 1.000000
v 2.131881 2.219865 1.000000
v 2.133486 2.224916 1.000000
v 2.134733 2.230640 1.000000
v 2.135625 2.237038 1.000000
v 2.136160 2.244109 1.000000
v 2.136338 2.251854 1.000000
v 2.136199 2.257776 1.000000
v 2.135783 2.263183 1.000000
v 2.135090 2.268076 1.000000
v 2.134119 2.272453 1.000000
v 2.132871 2.276315 1.000000
v 2.131346 2.279663 1.000000
v 2.129544 2.282495 1.000000
v 2.127464 2.284813 1.000000
v 2.125107 2.286615 1.000000
v 2.122473 2.287903 1.000000
v 2.119561 2.288675 1.000000
v 2.116372 2.288933 1.000000
v 1.833385 2.315019 1.000000
v 1.559628 2.343839 1.000000
v 1.295101 2.375392 1.000000
v 1.039805 2.409678 1.000000
v 0.793738 2.446698 1.000000
v 0.556902 2.486452 1.000000
v 0.329296 2.528938 1.000000
v 0.110921 2.574158 1.000000
v -0.098225 2.622112 1.000000
v -0.298140 2.672799 1.000000
v -0.488825 2.726219 1.000000
v -0.670280 2.782373 1.000000
v -0.730316 2.802735 1.000000
v -0.787777 2.822938 1.000000
v -0.842663 2.842983 1.000000
v -0.894974 2.862870 1.000000
v -0.944710 2.882598 1.000000
v -0.991871 2.902168 1.000000
v -1.036458 2.921579 1.000000
v -1.078469 2.940831 1.000000
v -1.117905 2.959926 1.000000
v -1.154767 2.978861 1.000000
v -1.189053 2.997639 1.000000
v -1.220765 3.016258 1.000000
v -1.282583 2.973652 1.000000
v -1.340638 2.933305 1.000000
v -1.394930 2.895215 1.000000
v -1.445459 2.859384 1.000000
v -1.492224 2.825810 1.000000
v -1.535225 2.794495 1.000000
v -1.574464 2.765438 1.000000
v -1.609939 2.738638 1.000000
v -1.641650 2.714097 1.000000
v -1.669598 2.691814 1.000000
v -1.693783 2.671788 1.000000
v -1.714204 2.654021 1.000000
v -1.730605 2.639027 1.000000
v -1.745579 2.624469 1.000000
v -1.759127 2.610346 1.000000
v -1.771250 2.596659 1.000000
v -1.781945 2.583408 1.000000
v -1.791215 2.570593 1.000000
v -1.799059 2.558213 1.000000
v -1.805477 2.546270 1.000000
v -1.810468 2.534762 1.000000
v -1.814033 2.523689 1.000000
v -1.816173 2.513053 1.000000
v -1.816886 2.502852 1.000000
v -1.816074 2.490552 1.000000
v -1.813637 2.479321 1.000000
v -1.809577 2.469160 1.000000
v -1.803892 2.460068 1.000000
v -1.796583 2.452046 1.000000
v -1.787650 2.445094 1.000000
v -1.777093 2.439211 1.000000
v -1.764911 2.434398 1.000000
v -1.751105 2.430654 1.000000
v -1.735675 2.427980 1.000000
v -1.718621 2.426376 1.000000
v -1.699943 2.425841 1.000000
v -1.685167 2.426079 1.000000
v -1.670311 2.426792 1.000000
v -1.655377 2.427980 1.000000
v -1.640363 2.429644 1.000000
v -1.625270 2.431783 1.000000
v -1.610097 2.434398 1.000000
v -1.594846 2.437488 1.000000
v -1.579515 2.441053 1.000000
v -1.564105 2.445094 1.000000
v -1.548615 2.449610 1.000000
v -1.533047 2.454602 1.000000
v -1.517399 2.460068 1.000000
v -1.403210 2.440954 1.000000
v -1.289773 2.422593 1.000000
v -1.177089 2.404984 1.000000
v -1.065158 2.388128 1.000000
v -0.953980 2.372025 1.000000
v -0.843554 2.356674 1.000000
v -0.733881 2.342076 1.000000
v -0.624961 2.328231 1.000000
v -0.516793 2.315138 1.000000
v -0.409378 2.302798 1.000000
v -0.302716 2.291211 1.000000
v -0.196806 2.280376 1.000000
v -0.196806 1.724187 1.000000
v -1.705648 1.724187 1.000000
v -1.749006 1.781133 1.000000
v -1.789710 1.833127 1.000000
v -1.827760 1.880169 1.000000
v -1.863155 1.922260 1.000000
v -1.895897 1.959399 1.000000
v -1.925984 1.991585 1.000000
v -1.953417 2.018821 1.000000
v -1.978196 2.041104 1.000000
v -2.000321 2.058435 1.000000
v -2.019792 2.070815 1.000000
v -2.036608 2.078243 1.000000
v -2.050770 2.080719 1.000000
v -2.061724 2.078975 1.000000
v -2.076520 2.073746 1.000000
v -2.095158 2.065031 1.000000
v -2.117640 2.052830 1.000000
v -2.143963 2.037142 1.000000
v -2.174130 2.017969 1.000000
v -2.208139 1.995309 1.000000
v -2.245991 1.969164 1.000000
v -2.287685 1.939532 1.000000
v -2.333222 1.906414 1.000000
v -2.382602 1.869810 1.000000
v -2.435824 1.829720 1.000000
v -2.461792 1.808408 1.000000
v -2.485501 1.788204 1.000000
v -2.506952 1.769110 1.000000
v -2.526146 1.751125 1.000000
v -2.543081 1.734249 1.000000
v -2.557758 1.718482 1.000000
v -2.570178 1.703825 1.000000
v -2.580339 1.690277 1.000000
v -2.588242 1.677838 1.000000
v -2.593887 1.666508 1.000000
v -2.597274 1.656287 1.000000
v -2.598403 1.647176 1.000000
v -2.597888 1.638065 1.000000
v -2.596343 1.629745 1.000000
v -2.593768 1.622219 1.000000
v -2.590163 1.615484 1.000000
v -2.585528 1.609542 1.000000
v -2.579864 1.604392 1.000000
v -2.573169 1.600035 1.000000
v -2.565444 1.596469 1.000000
v -2.556689 1.593696 1.000000
v -2.546905 1.591715 1.000000
v -2.536090 1.590527 1.000000
v -2.524244 1.590131 1.000000
v -0.196806 1.590131 1.000000
v -0.196806 1.045350 1.000000
v -1.266401 1.045350 1.000000
v -1.304649 1.087263 1.000000
v -1.340480 1.125530 1.000000
v -1.373895 1.160154 1.000000
v -1.404894 1.191132 1.000000
v -1.433475 1.218467 1.000000
v -1.459641 1.242156 1.000000
v -1.483390 1.262201 1.000000
v -1.504722 1.278602 1.000000
v -1.523638 1.291357 1.000000
v -1.540138 1.300469 1.000000
v -1.554221 1.305936 1.000000
v -1.565887 1.307758 1.000000
v -1.577752 1.306252 1.000000
v -1.592429 1.301736 1.000000
v -1.609919 1.294210 1.000000
v -1.630221 1.283672 1.000000
v -1.653336 1.270124 1.000000
v -1.679264 1.253565 1.000000
v -1.708004 1.233995 1.000000
v -1.739558 1.211415 1.000000
v -1.773923 1.185824 1.000000
v -1.811102 1.157222 1.000000
v -1.851093 1.125610 1.000000
v -1.893896 1.090986 1.000000
v -1.915308 1.072823 1.000000
v -1.934858 1.055413 1.000000
v -1.952546 1.038755 1.000000
v -1.968372 1.022849 1.000000
v -1.982336 1.007697 1.000000
v -1.994438 0.993297 1.000000
v -2.004678 0.979650 1.000000
v -2.013057 0.966755 1.000000
v -2.019574 0.954613 1.000000
v -2.024228 0.943224 1.000000
v -2.027021 0.932587 1.000000
v -2.027952 0.922704 1.000000
v -2.026724 0.910859 1.000000
v -2.023040 0.898142 1.000000
v -2.016900 0.884555 1.000000
v -2.008303 0.870095 1.000000
v -1.997251 0.854765 1.000000
v -1.983742 0.838562 1.000000
v -1.967778 0.821488 1.000000
v -1.949357 0.803543 1.000000
v -1.928480 0.784726 1.000000
v -1.905147 0.765037 1.000000
v -1.879358 0.744477 1.000000
v -1.851113 0.723046 1.000000
v -1.851113 0.492013 1.000000
v -1.882487 -0.671706 1.000000
v -1.880091 -0.707240 1.000000
v -1.872901 -0.739685 1.000000
v -1.860917 -0.769039 1.000000
v -1.844140 -0.795304 1.000000
v -1.822570 -0.818478 1.000000
v -1.796207 -0.838563 1.000000
v -1.765050 -0.855557 1.000000
v -1.729099 -0.869462 1.000000
v -1.688356 -0.880277 1.000000
v -1.642819 -0.888002 1.000000
v -1.592489 -0.892637 1.000000
v -1.537365 -0.894182 1.000000
v -1.504564 -0.893092 1.000000
v -1.474615 -0.889824 1.000000
v -1.447519 -0.884377 1.000000
v -1.423275 -0.876751 1.000000
v -1.401883 -0.866947 1.000000
v -1.383343 -0.854963 1.000000
v -1.367656 -0.840801 1.000000
v -1.354821 -0.824460 1.000000
v -1.344838 -0.805940 1.000000
v -1.337707 -0.785242 1.000000
v -1.333429 -0.762364 1.000000
v -0.196806 -0.537650 1.000000
v -1.332002 -0.537650 1.000000
v -1.332002 0.141186 1.000000
v -0.196806 0.141186 1.000000
v -0.196806 0.275242 1.000000
v -1.332002 0.275242 1.000000
v -1.332002 0.911295 1.000000
v -0.196806 0.911295 1.000000
v 0.322305 0.275242 1.000000
v 0.322305 0.911295 1.000000
v 1.360525 0.911295 1.000000
v 1.360525 0.275242 1.000000
v 0.322305 0.141186 1.000000
v 1.360525 0.141186 1.000000
v 1.360525 -0.537650 1.000000
v 0.322305 -0.537650 1.000000
v -1.332002 -0.737308 1.000000
v -1.332002 -0.737308 -1.000000
v -1.332002 -0.671706 1.000000
v -1.332002 -0.671706 -1.000000
v -0.196806 -0.671706 1.000000
v -0.196806 -0.671706 -1.000000
v -0.196806 -1.284940 1.000000
v -0.196806 -1.284940 -1.000000
v -1.471763 -1.284940 1.000000
v -1.471763 -1.284940 -1.000000
v -1.518726 -1.228906 1.000000
v -1.518726 -1.228906 -1.000000
v -1.562639 -1.177743 1.000000
v -1.562639 -1.177743 -1.000000
v -1.603501 -1.131454 1.000000
v -1.603501 -1.131454 -1.000000
v -1.641314 -1.090037 1.000000
v -1.641313 -1.090037 -1.000000
v -1.676075 -1.053492 1.000000
v -1.676075 -1.053492 -1.000000
v -1.707787 -1.021820 1.000000
v -1.707787 -1.021820 -1.000000
v -1.736448 -0.995021 1.000000
v -1.736448 -0.995021 -1.000000
v -1.762059 -0.973094 1.000000
v -1.762058 -0.973094 -1.000000
v -1.784619 -0.956040 1.000000
v -1.784619 -0.956040 -1.000000
v -1.804129 -0.943859 1.000000
v -1.804129 -0.943859 -1.000000
v -1.820589 -0.936550 1.000000
v -1.820589 -0.936550 -1.000000
v -1.833999 -0.934113 1.000000
v -1.833999 -0.934113 -1.000000
v -1.845309 -0.935817 1.000000
v -1.845309 -0.935817 -1.000000
v -1.860224 -0.940927 1.000000
v -1.860224 -0.940927 -1.000000
v -1.878744 -0.949444 1.000000
v -1.878744 -0.949444 -1.000000
v -1.900869 -0.961368 1.000000
v -1.900868 -0.961368 -1.000000
v -1.926598 -0.976699 1.000000
v -1.926598 -0.976699 -1.000000
v -1.955933 -0.995437 1.000000
v -1.955932 -0.995437 -1.000000
v -1.988872 -1.017581 1.000000
v -1.988872 -1.017581 -1.000000
v -2.025417 -1.043133 1.000000
v -2.025417 -1.043133 -1.000000
v -2.065566 -1.072091 1.000000
v -2.065566 -1.072091 -1.000000
v -2.109320 -1.104456 1.000000
v -2.109320 -1.104456 -1.000000
v -2.156680 -1.140228 1.000000
v -2.156680 -1.140228 -1.000000
v -2.207644 -1.179407 1.000000
v -2.207644 -1.179407 -1.000000
v -2.234067 -1.200720 1.000000
v -2.234067 -1.200720 -1.000000
v -2.258192 -1.220923 1.000000
v -2.258192 -1.220923 -1.000000
v -2.280020 -1.240018 1.000000
v -2.280020 -1.240018 -1.000000
v -2.299550 -1.258003 1.000000
v -2.299550 -1.258003 -1.000000
v -2.316782 -1.274878 1.000000
v -2.316782 -1.274878 -1.000000
v -2.331717 -1.290645 1.000000
v -2.331717 -1.290645 -1.000000
v -2.344354 -1.305302 1.000000
v -2.344354 -1.305302 -1.000000
v -2.354694 -1.318851 1.000000
v -2.354694 -1.318851 -1.000000
v -2.362736 -1.331290 1.000000
v -2.362736 -1.331290 -1.000000
v -2.368480 -1.342619 1.000000
v -2.368480 -1.342619 -1.000000
v -2.371927 -1.352840 1.000000
v -2.371927 -1.352840 -1.000000
v -2.373075 -1.361951 1.000000
v -2.373075 -1.361951 -1.000000
v -2.372540 -1.371063 1.000000
v -2.372540 -1.371063 -1.000000
v -2.370936 -1.379382 1.000000
v -2.370936 -1.379382 -1.000000
v -2.368262 -1.386909 1.000000
v -2.368262 -1.386909 -1.000000
v -2.364518 -1.393643 1.000000
v -2.364518 -1.393643 -1.000000
v -2.359705 -1.399585 1.000000
v -2.359705 -1.399585 -1.000000
v -2.353822 -1.404735 1.000000
v -2.353822 -1.404735 -1.000000
v -2.346870 -1.409093 1.000000
v -2.346870 -1.409093 -1.000000
v -2.338848 -1.412658 1.000000
v -2.338848 -1.412658 -1.000000
v -2.329756 -1.415431 1.000000
v -2.329756 -1.415431 -1.000000
v -2.319595 -1.417412 1.000000
v -2.319595 -1.417412 -1.000000
v -2.308364 -1.418600 1.000000
v -2.308364 -1.418600 -1.000000
v -2.296064 -1.418996 1.000000
v -2.296064 -1.418996 -1.000000
v -0.196806 -1.418996 1.000000
v -0.196806 -1.418996 -1.000000
v -0.196806 -2.037935 1.000000
v -0.196806 -2.037935 -1.000000
v -1.768397 -2.037935 1.000000
v -1.768397 -2.037935 -1.000000
v -1.820372 -1.978256 1.000000
v -1.820371 -1.978256 -1.000000
v -1.868860 -1.923766 1.000000
v -1.868860 -1.923766 -1.000000
v -1.913862 -1.874466 1.000000
v -1.913862 -1.874466 -1.000000
v -1.955378 -1.830355 1.000000
v -1.955378 -1.830355 -1.000000
v -1.993408 -1.791433 1.000000
v -1.993408 -1.791433 -1.000000
v -2.027952 -1.757702 1.000000
v -2.027952 -1.757702 -1.000000
v -2.059010 -1.729159 1.000000
v -2.059010 -1.729159 -1.000000
v -2.086582 -1.705806 1.000000
v -2.086582 -1.705806 -1.000000
v -2.110668 -1.687643 1.000000
v -2.110668 -1.687643 -1.000000
v -2.131267 -1.674669 1.000000
v -2.131267 -1.674669 -1.000000
v -2.148381 -1.666885 1.000000
v -2.148381 -1.666885 -1.000000
v -2.162008 -1.664290 1.000000
v -2.162008 -1.664290 -1.000000
v -2.173397 -1.666073 1.000000
v -2.173397 -1.666073 -1.000000
v -2.188550 -1.671421 1.000000
v -2.188550 -1.671421 -1.000000
v -2.207466 -1.680334 1.000000
v -2.207466 -1.680334 -1.000000
v -2.230145 -1.692813 1.000000
v -2.230145 -1.692813 -1.000000
v -2.256588 -1.708857 1.000000
v -2.256588 -1.708857 -1.000000
v -2.286794 -1.728466 1.000000
v -2.286794 -1.728466 -1.000000
v -2.320763 -1.751640 1.000000
v -2.320763 -1.751640 -1.000000
v -2.358496 -1.778380 1.000000
v -2.358496 -1.778380 -1.000000
v -2.399992 -1.808685 1.000000
v -2.399992 -1.808685 -1.000000
v -2.445252 -1.842556 1.000000
v -2.445252 -1.842556 -1.000000
v -2.494275 -1.879992 1.000000
v -2.494275 -1.879992 -1.000000
v -2.547062 -1.920993 1.000000
v -2.547062 -1.920993 -1.000000
v -2.573941 -1.943256 1.000000
v -2.573941 -1.943256 -1.000000
v -2.598482 -1.964411 1.000000
v -2.598482 -1.964411 -1.000000
v -2.620686 -1.984456 1.000000
v -2.620686 -1.984456 -1.000000
v -2.640553 -2.003392 1.000000
v -2.640553 -2.003392 -1.000000
v -2.658082 -2.021218 1.000000
v -2.658082 -2.021218 -1.000000
v -2.673275 -2.037935 1.000000
v -2.673275 -2.037935 -1.000000
v -2.686129 -2.053544 1.000000
v -2.686129 -2.053544 -1.000000
v -2.696647 -2.068043 1.000000
v -2.696647 -2.068043 -1.000000
v -2.704827 -2.081432 1.000000
v -2.704827 -2.081432 -1.000000
v -2.710670 -2.093713 1.000000
v -2.710670 -2.093713 -1.000000
v -2.714176 -2.104884 1.000000
v -2.714176 -2.104884 -1.000000
v -2.715345 -2.114946 1.000000
v -2.715345 -2.114946 -1.000000
v -2.714830 -2.124058 1.000000
v -2.714830 -2.124058 -1.000000
v -2.713285 -2.132377 1.000000
v -2.713285 -2.132377 -1.000000
v -2.710710 -2.139904 1.000000
v -2.710710 -2.139904 -1.000000
v -2.707105 -2.146638 1.000000
v -2.707105 -2.146638 -1.000000
v -2.702470 -2.152580 1.000000
v -2.702470 -2.152580 -1.000000
v -2.696805 -2.157730 1.000000
v -2.696805 -2.157730 -1.000000
v -2.690111 -2.162088 1.000000
v -2.690111 -2.162088 -1.000000
v -2.682386 -2.165653 1.000000
v -2.682386 -2.165653 -1.000000
v -2.673631 -2.168426 1.000000
v -2.673631 -2.168426 -1.000000
v -2.663846 -2.170407 1.000000
v -2.663846 -2.170407 -1.000000
v -2.653032 -2.171595 1.000000
v -2.653032 -2.171595 -1.000000
v -2.641187 -2.171991 1.000000
v -2.641187 -2.171991 -1.000000
v 2.207644 -2.171991 1.000000
v 2.207644 -2.171991 -1.000000
v 2.236226 -2.172229 1.000000
v 2.236226 -2.172229 -1.000000
v 2.265878 -2.172942 1.000000
v 2.265878 -2.172942 -1.000000
v 2.296599 -2.174131 1.000000
v 2.296599 -2.174131 -1.000000
v 2.328390 -2.175795 1.000000
v 2.328390 -2.175795 -1.000000
v 2.361250 -2.177934 1.000000
v 2.361250 -2.177934 -1.000000
v 2.395180 -2.180548 1.000000
v 2.395180 -2.180548 -1.000000
v 2.430179 -2.183638 1.000000
v 2.430179 -2.183638 -1.000000
v 2.466249 -2.187203 1.000000
v 2.466249 -2.187203 -1.000000
v 2.503387 -2.191244 1.000000
v 2.503387 -2.191244 -1.000000
v 2.541595 -2.195760 1.000000
v 2.541595 -2.195760 -1.000000
v 2.580873 -2.200752 1.000000
v 2.580873 -2.200752 -1.000000
v 2.621221 -2.206218 1.000000
v 2.621221 -2.206218 -1.000000
v 2.686823 -1.992299 1.000000
v 2.686823 -1.992299 -1.000000
v 2.644237 -1.999588 1.000000
v 2.644237 -1.999588 -1.000000
v 2.602047 -2.006244 1.000000
v 2.602047 -2.006244 -1.000000
v 2.560254 -2.012265 1.000000
v 2.560254 -2.012265 -1.000000
v 2.518857 -2.017653 1.000000
v 2.518857 -2.017653 -1.000000
v 2.477856 -2.022407 1.000000
v 2.477856 -2.022407 -1.000000
v 2.437251 -2.026526 1.000000
v 2.437251 -2.026526 -1.000000
v 2.397042 -2.030013 1.000000
v 2.397042 -2.030013 -1.000000
v 2.357229 -2.032865 1.000000
v 2.357229 -2.032865 -1.000000
v 2.317812 -2.035083 1.000000
v 2.317812 -2.035083 -1.000000
v 2.278792 -2.036668 1.000000
v 2.278792 -2.036668 -1.000000
v 2.240168 -2.037619 1.000000
v 2.240168 -2.037619 -1.000000
v 2.201940 -2.037935 1.000000
v 2.201940 -2.037935 -1.000000
v 0.322305 -2.037935 1.000000
v 0.322305 -2.037935 -1.000000
v 0.322305 -1.418996 1.000000
v 0.322305 -1.418996 -1.000000
v 1.899601 -1.418996 1.000000
v 1.899601 -1.418996 -1.000000
v 1.919051 -1.419234 1.000000
v 1.919052 -1.419234 -1.000000
v 1.939374 -1.419947 1.000000
v 1.939374 -1.419947 -1.000000
v 1.960568 -1.421136 1.000000
v 1.960568 -1.421136 -1.000000
v 1.982633 -1.422799 1.000000
v 1.982633 -1.422799 -1.000000
v 2.005570 -1.424939 1.000000
v 2.005570 -1.424939 -1.000000
v 2.029378 -1.427553 1.000000
v 2.029378 -1.427553 -1.000000
v 2.054058 -1.430643 1.000000
v 2.054058 -1.430643 -1.000000
v 2.079610 -1.434208 1.000000
v 2.079610 -1.434208 -1.000000
v 2.106033 -1.438249 1.000000
v 2.106033 -1.438249 -1.000000
v 2.133327 -1.442765 1.000000
v 2.133327 -1.442765 -1.000000
v 2.161493 -1.447757 1.000000
v 2.161493 -1.447757 -1.000000
v 2.190531 -1.453223 1.000000
v 2.190531 -1.453223 -1.000000
v 2.253280 -1.239304 1.000000
v 2.253280 -1.239304 -1.000000
v 2.221093 -1.246593 1.000000
v 2.221093 -1.246593 -1.000000
v 2.189184 -1.253249 1.000000
v 2.189184 -1.253249 -1.000000
v 2.157552 -1.259270 1.000000
v 2.157552 -1.259270 -1.000000
v 2.126197 -1.264658 1.000000
v 2.126197 -1.264658 -1.000000
v 2.095119 -1.269411 1.000000
v 2.095119 -1.269411 -1.000000
v 2.064319 -1.273531 1.000000
v 2.064319 -1.273531 -1.000000
v 2.033796 -1.277017 1.000000
v 2.033796 -1.277017 -1.000000
v 2.003550 -1.279869 1.000000
v 2.003550 -1.279869 -1.000000
v 1.973581 -1.282088 1.000000
v 1.973582 -1.282088 -1.000000
v 1.943890 -1.283672 1.000000
v 1.943890 -1.283672 -1.000000
v 1.914476 -1.284623 1.000000
v 1.914477 -1.284623 -1.000000
v 1.885339 -1.284940 1.000000
v 1.885340 -1.284940 -1.000000
v 0.322305 -1.284940 1.000000
v 0.322305 -1.284940 -1.000000
v 0.322305 -0.671706 1.000000
v 0.322305 -0.671706 -1.000000
v 1.360525 -0.671706 1.000000
v 1.360525 -0.671706 -1.000000
v 1.360525 -0.743012 1.000000
v 1.360525 -0.743012 -1.000000
v 1.363001 -0.775358 1.000000
v 1.363001 -0.775358 -1.000000
v 1.370428 -0.804890 1.000000
v 1.370429 -0.804891 -1.000000
v 1.382808 -0.831610 1.000000
v 1.382808 -0.831611 -1.000000
v 1.400139 -0.855518 1.000000
v 1.400139 -0.855518 -1.000000
v 1.422422 -0.876613 1.000000
v 1.422423 -0.876613 -1.000000
v 1.449657 -0.894895 1.000000
v 1.449658 -0.894895 -1.000000
v 1.481844 -0.910364 1.000000
v 1.481845 -0.910364 -1.000000
v 1.518983 -0.923021 1.000000
v 1.518983 -0.923021 -1.000000
v 1.561074 -0.932865 1.000000
v 1.561074 -0.932865 -1.000000
v 1.608116 -0.939897 1.000000
v 1.608116 -0.939897 -1.000000
v 1.660110 -0.944116 1.000000
v 1.660110 -0.944116 -1.000000
v 1.717057 -0.945522 1.000000
v 1.717057 -0.945522 -1.000000
v 1.749857 -0.944393 1.000000
v 1.749858 -0.944393 -1.000000
v 1.779806 -0.941006 1.000000
v 1.779806 -0.941006 -1.000000
v 1.806902 -0.935361 1.000000
v 1.806903 -0.935361 -1.000000
v 1.831147 -0.927458 1.000000
v 1.831147 -0.927458 -1.000000
v 1.852538 -0.917297 1.000000
v 1.852539 -0.917297 -1.000000
v 1.871078 -0.904878 1.000000
v 1.871078 -0.904878 -1.000000
v 1.886765 -0.890200 1.000000
v 1.886766 -0.890201 -1.000000
v 1.899601 -0.873265 1.000000
v 1.899601 -0.873265 -1.000000
v 1.909584 -0.854072 1.000000
v 1.909584 -0.854072 -1.000000
v 1.916714 -0.832621 1.000000
v 1.916714 -0.832621 -1.000000
v 1.920993 -0.808911 1.000000
v 1.920993 -0.808911 -1.000000
v 1.922419 -0.782944 1.000000
v 1.922419 -0.782944 -1.000000
v 1.891044 0.648887 1.000000
v 1.891044 0.648887 -1.000000
v 1.891262 0.712389 1.000000
v 1.891262 0.712389 -1.000000
v 1.891916 0.774545 1.000000
v 1.891916 0.774545 -1.000000
v 1.893005 0.835353 1.000000
v 1.893005 0.835353 -1.000000
v 1.894530 0.894815 1.000000
v 1.894530 0.894815 -1.000000
v 1.896491 0.952930 1.000000
v 1.896491 0.952929 -1.000000
v 1.898888 1.009697 1.000000
v 1.898888 1.009697 -1.000000
v 1.901720 1.065118 1.000000
v 1.901720 1.065118 -1.000000
v 1.904988 1.119192 1.000000
v 1.904989 1.119192 -1.000000
v 1.908692 1.171919 1.000000
v 1.908693 1.171919 -1.000000
v 1.912832 1.223299 1.000000
v 1.912832 1.223299 -1.000000
v 1.917408 1.273333 1.000000
v 1.917408 1.273333 -1.000000
v 1.922419 1.322019 1.000000
v 1.922419 1.322019 -1.000000
v 1.868166 1.298310 1.000000
v 1.868167 1.298310 -1.000000
v 1.814746 1.274719 1.000000
v 1.814746 1.274719 -1.000000
v 1.762158 1.251247 1.000000
v 1.762158 1.251247 -1.000000
v 1.710401 1.227895 1.000000
v 1.710401 1.227895 -1.000000
v 1.659477 1.204661 1.000000
v 1.659477 1.204661 -1.000000
v 1.609384 1.181545 1.000000
v 1.609384 1.181545 -1.000000
v 1.560123 1.158549 1.000000
v 1.560123 1.158549 -1.000000
v 1.511694 1.135672 1.000000
v 1.511694 1.135672 -1.000000
v 1.464097 1.112913 1.000000
v 1.464097 1.112913 -1.000000
v 1.417332 1.090273 1.000000
v 1.417332 1.090273 -1.000000
v 1.371399 1.067752 1.000000
v 1.371399 1.067752 -1.000000
v 1.326298 1.045350 1.000000
v 1.326298 1.045350 -1.000000
v 0.322305 1.045350 1.000000
v 0.322305 1.045350 -1.000000
v 0.322305 1.590131 1.000000
v 0.322305 1.590131 -1.000000
v 2.230462 1.590131 1.000000
v 2.230462 1.590131 -1.000000
v 2.250368 1.589893 1.000000
v 2.250368 1.589893 -1.000000
v 2.271107 1.589180 1.000000
v 2.271107 1.589180 -1.000000
v 2.292677 1.587992 1.000000
v 2.292677 1.587992 -1.000000
v 2.315079 1.586328 1.000000
v 2.315079 1.586328 -1.000000
v 2.338313 1.584189 1.000000
v 2.338313 1.584189 -1.000000
v 2.362379 1.581574 1.000000
v 2.362379 1.581574 -1.000000
v 2.387277 1.578484 1.000000
v 2.387277 1.578484 -1.000000
v 2.413006 1.574919 1.000000
v 2.413006 1.574919 -1.000000
v 2.439568 1.570878 1.000000
v 2.439568 1.570878 -1.000000
v 2.466962 1.566362 1.000000
v 2.466962 1.566362 -1.000000
v 2.495187 1.561371 1.000000
v 2.495187 1.561371 -1.000000
v 2.524244 1.555904 1.000000
v 2.524244 1.555904 -1.000000
v 2.586994 1.769823 1.000000
v 2.586994 1.769823 -1.000000
v 2.554807 1.762534 1.000000
v 2.554807 1.762534 -1.000000
v 2.522897 1.755879 1.000000
v 2.522897 1.755879 -1.000000
v 2.491265 1.749857 1.000000
v 2.491265 1.749857 -1.000000
v 2.459910 1.744470 1.000000
v 2.459910 1.744470 -1.000000
v 2.428833 1.739716 1.000000
v 2.428833 1.739716 -1.000000
v 2.398032 1.735596 1.000000
v 2.398032 1.735596 -1.000000
v 2.367509 1.732110 1.000000
v 2.367509 1.732110 -1.000000
v 2.337263 1.729257 1.000000
v 2.337263 1.729257 -1.000000
v 2.307295 1.727039 1.000000
v 2.307295 1.727039 -1.000000
v 2.277604 1.725455 1.000000
v 2.277604 1.725455 -1.000000
v 2.248190 1.724504 1.000000
v 2.248190 1.724504 -1.000000
v 2.219053 1.724187 1.000000
v 2.219053 1.724187 -1.000000
v 0.322305 1.724187 1.000000
v 0.322305 1.724187 -1.000000
v 0.322305 2.231888 1.000000
v 0.322305 2.231888 -1.000000
v 0.411972 2.225510 1.000000
v 0.411972 2.225510 -1.000000
v 0.502234 2.219687 1.000000
v 0.502234 2.219687 -1.000000
v 0.593090 2.214418 1.000000
v 0.593090 2.214418 -1.000000
v 0.684541 2.209703 1.000000
v 0.684541 2.209703 -1.000000
v 0.776585 2.205544 1.000000
v 0.776586 2.205544 -1.000000
v 0.869224 2.201939 1.000000
v 0.869224 2.201939 -1.000000
v 0.962457 2.198889 1.000000
v 0.962457 2.198889 -1.000000
v 1.056285 2.196393 1.000000
v 1.056285 2.196393 -1.000000
v 1.150706 2.194452 1.000000
v 1.150706 2.194452 -1.000000
v 1.245722 2.193065 1.000000
v 1.245722 2.193065 -1.000000
v 1.341332 2.192233 1.000000
v 1.341332 2.192233 -1.000000
v 1.437536 2.191956 1.000000
v 1.437536 2.191956 -1.000000
v 1.486658 2.192035 1.000000
v 1.486658 2.192035 -1.000000
v 1.537048 2.192273 1.000000
v 1.537048 2.192273 -1.000000
v 1.588705 2.192669 1.000000
v 1.588705 2.192669 -1.000000
v 1.641630 2.193224 1.000000
v 1.641630 2.193224 -1.000000
v 1.695823 2.193937 1.000000
v 1.695823 2.193937 -1.000000
v 1.751283 2.194808 1.000000
v 1.751284 2.194808 -1.000000
v 1.808011 2.195838 1.000000
v 1.808012 2.195838 -1.000000
v 1.866007 2.197027 1.000000
v 1.866007 2.197027 -1.000000
v 1.925271 2.198374 1.000000
v 1.925271 2.198374 -1.000000
v 1.985802 2.199879 1.000000
v 1.985802 2.199879 -1.000000
v 2.047601 2.201543 1.000000
v 2.047601 2.201543 -1.000000
v 2.110667 2.203365 1.000000
v 2.110667 2.203365 -1.000000
v 2.114768 2.203702 1.000000
v 2.114768 2.203702 -1.000000
v 2.118511 2.204712 1.000000
v 2.118511 2.204712 -1.000000
v 2.121898 2.206396 1.000000
v 2.121898 2.206396 -1.000000
v 2.124929 2.208753 1.000000
v 2.124929 2.208753 -1.000000
v 2.127603 2.211784 1.000000
v 2.127603 2.211784 -1.000000
v 2.129920 2.215488 1.000000
v 2.129920 2.215488 -1.000000
v 2.131881 2.219865 1.000000
v 2.131881 2.219865 -1.000000
v 2.133486 2.224916 1.000000
v 2.133486 2.224916 -1.000000
v 2.134733 2.230640 1.000000
v 2.134733 2.230640 -1.000000
v 2.135625 2.237038 1.000000
v 2.135625 2.237038 -1.000000
v 2.136160 2.244109 1.000000
v 2.136160 2.244109 -1.000000
v 2.136338 2.251854 1.000000
v 2.136338 2.251854 -1.000000
v 2.136199 2.257776 1.000000
v 2.136199 2.257776 -1.000000
v 2.135783 2.263183 1.000000
v 2.135783 2.263183 -1.000000
v 2.135090 2.268076 1.000000
v 2.135090 2.268076 -1.000000
v 2.134119 2.272453 1.000000
v 2.134119 2.272453 -1.000000
v 2.132871 2.276315 1.000000
v 2.132871 2.276315 -1.000000
v 2.131346 2.279663 1.000000
v 2.131346 2.279663 -1.000000
v 2.129544 2.282495 1.000000
v 2.129544 2.282495 -1.000000
v 2.127464 2.284813 1.000000
v 2.127464 2.284813 -1.000000
v 2.125107 2.286615 1.000000
v 2.125107 2.286615 -1.000000
v 2.122473 2.287903 1.000000
v 2.122473 2.287903 -1.000000
v 2.119561 2.288675 1.000000
v 2.119561 2.288675 -1.000000
v 2.116372 2.288933 1.000000
v 2.116372 2.288933 -1.000000
v 1.833385 2.315019 1.000000
v 1.833385 2.315019 -1.000000
v 1.559628 2.343839 1.000000
v 1.559628 2.343839 -1.000000
v 1.295101 2.375392 1.000000
v 1.295101 2.375392 -1.000000
v 1.039805 2.409678 1.000000
v 1.039805 2.409678 -1.000000
v 0.793738 2.446698 1.000000
v 0.793738 2.446698 -1.000000
v 0.556902 2.486452 1.000000
v 0.556902 2.486452 -1.000000
v 0.329296 2.528938 1.000000
v 0.329296 2.528938 -1.000000
v 0.110921 2.574158 1.000000
v 0.110921 2.574158 -1.000000
v -0.098225 2.622112 1.000000
v -0.098225 2.622112 -1.000000
v -0.298140 2.672799 1.000000
v -0.298140 2.672799 -1.000000
v -0.488825 2.726219 1.000000
v -0.488825 2.726219 -1.000000
v -0.670280 2.782373 1.000000
v -0.670280 2.782373 -1.000000
v -0.730316 2.802735 1.000000
v -0.730316 2.802735 -1.000000
v -0.787777 2.822938 1.000000
v -0.787777 2.822938 -1.000000
v -0.842663 2.842983 1.000000
v -0.842663 2.842983 -1.000000
v -0.894974 2.862870 1.000000
v -0.894974 2.862870 -1.000000
v -0.944710 2.882598 1.000000
v -0.944710 2.882598 -1.000000
v -0.991871 2.902168 1.000000
v -0.991871 2.902168 -1.000000
v -1.036458 2.921579 1.000000
v -1.036457 2.921579 -1.000000
v -1.078469 2.940831 1.000000
v -1.078469 2.940831 -1.000000
v -1.117905 2.959926 1.000000
v -1.117905 2.959926 -1.000000
v -1.154767 2.978861 1.000000
v -1.154766 2.978861 -1.000000
v -1.189053 2.997639 1.000000
v -1.189053 2.997639 -1.000000
v -1.220765 3.016258 1.000000
v -1.220764 3.016258 -1.000000
v -1.282583 2.973652 1.000000
v -1.282583 2.973652 -1.000000
v -1.340638 2.933305 1.000000
v -1.340638 2.933305 -1.000000
v -1.394930 2.895215 1.000000
v -1.394930 2.895215 -1.000000
v -1.445459 2.859384 1.000000
v -1.445458 2.859384 -1.000000
v -1.492224 2.825810 1.000000
v -1.492224 2.825810 -1.000000
v -1.535225 2.794495 1.000000
v -1.535225 2.794495 -1.000000
v -1.574464 2.765438 1.000000
v -1.574463 2.765438 -1.000000
v -1.609939 2.738638 1.000000
v -1.609938 2.738638 -1.000000
v -1.641650 2.714097 1.000000
v -1.641650 2.714097 -1.000000
v -1.669598 2.691814 1.000000
v -1.669598 2.691814 -1.000000
v -1.693783 2.671788 1.000000
v -1.693783 2.671788 -1.000000
v -1.714204 2.654021 1.000000
v -1.714204 2.654021 -1.000000
v -1.730605 2.639027 1.000000
v -1.730605 2.639027 -1.000000
v -1.745579 2.624469 1.000000
v -1.745579 2.624469 -1.000000
v -1.759127 2.610346 1.000000
v -1.759127 2.610346 -1.000000
v -1.771250 2.596659 1.000000
v -1.771249 2.596659 -1.000000
v -1.781945 2.583408 1.000000
v -1.781945 2.583408 -1.000000
v -1.791215 2.570593 1.000000
v -1.791215 2.570593 -1.000000
v -1.799059 2.558213 1.000000
v -1.799059 2.558213 -1.000000
v -1.805477 2.546270 1.000000
v -1.805476 2.546270 -1.000000
v -1.810468 2.534762 1.000000
v -1.810468 2.534762 -1.000000
v -1.814033 2.523689 1.000000
v -1.814033 2.523689 -1.000000
v -1.816173 2.513053 1.000000
v -1.816172 2.513053 -1.000000
v -1.816886 2.502852 1.000000
v -1.816885 2.502852 -1.000000
v -1.816074 2.490552 1.000000
v -1.816073 2.490552 -1.000000
v -1.813637 2.479321 1.000000
v -1.813637 2.479321 -1.000000
v -1.809577 2.469160 1.000000
v -1.809577 2.469160 -1.000000
v -1.803892 2.460068 1.000000
v -1.803892 2.460068 -1.000000
v -1.796583 2.452046 1.000000
v -1.796583 2.452046 -1.000000
v -1.787650 2.445094 1.000000
v -1.787650 2.445094 -1.000000
v -1.777093 2.439211 1.000000
v -1.777092 2.439211 -1.000000
v -1.764911 2.434398 1.000000
v -1.764911 2.434398 -1.000000
v -1.751105 2.430654 1.000000
v -1.751105 2.430654 -1.000000
v -1.735675 2.427980 1.000000
v -1.735675 2.427980 -1.000000
v -1.718621 2.426376 1.000000
v -1.718621 2.426376 -1.000000
v -1.699943 2.425841 1.000000
v -1.699943 2.425841 -1.000000
v -1.685167 2.426079 1.000000
v -1.685167 2.426079 -1.000000
v -1.670311 2.426792 1.000000
v -1.670311 2.426792 -1.000000
v -1.655377 2.427980 1.000000
v -1.655377 2.427980 -1.000000
v -1.640363 2.429644 1.000000
v -1.640363 2.429644 -1.000000
v -1.625270 2.431783 1.000000
v -1.625269 2.431783 -1.000000
v -1.610097 2.434398 1.000000
v -1.610097 2.434398 -1.000000
v -1.594846 2.437488 1.000000
v -1.594845 2.437488 -1.000000
v -1.579515 2.441053 1.000000
v -1.579515 2.441053 -1.000000
v -1.564105 2.445094 1.000000
v -1.564104 2.445094 -1.000000
v -1.548615 2.449610 1.000000
v -1.548615 2.449610 -1.000000
v -1.533047 2.454602 1.000000
v -1.533046 2.454602 -1.000000
v -1.517399 2.460068 1.000000
v -1.517398 2.460068 -1.000000
v -1.403210 2.440954 1.000000
v -1.403209 2.440954 -1.000000
v -1.289773 2.422593 1.000000
v -1.289773 2.422593 -1.000000
v -1.177089 2.404984 1.000000
v -1.177089 2.404984 -1.000000
v -1.065158 2.388128 1.000000
v -1.065158 2.388128 -1.000000
v -0.953980 2.372025 1.000000
v -0.953980 2.372025 -1.000000
v -0.843554 2.356674 1.000000
v -0.843554 2.356674 -1.000000
v -0.733881 2.342076 1.000000
v -0.733881 2.342076 -1.000000
v -0.624961 2.328231 1.000000
v -0.624960 2.328231 -1.000000
v -0.516793 2.315138 1.000000
v -0.516793 2.315138 -1.000000
v -0.409378 2.302798 1.000000
v -0.409378 2.302798 -1.000000
v -0.302716 2.291211 1.000000
v -0.302715 2.291211 -1.000000
v -0.196806 2.280376 1.000000
v -0.196806 2.280376 -1.000000
v -0.196806 1.724187 1.000000
v -0.196806 1.724187 -1.000000
v -1.705648 1.724187 1.000000
v -1.705647 1.724187 -1.000000
v -1.749006 1.781133 1.000000
v -1.749006 1.781133 -1.000000
v -1.789710 1.833127 1.000000
v -1.789710 1.833127 -1.000000
v -1.827760 1.880169 1.000000
v -1.827759 1.880169 -1.000000
v -1.863155 1.922260 1.000000
v -1.863155 1.922260 -1.000000
v -1.895897 1.959399 1.000000
v -1.895897 1.959399 -1.000000
v -1.925984 1.991585 1.000000
v -1.925984 1.991585 -1.000000
v -1.953417 2.018821 1.000000
v -1.953417 2.018821 -1.000000
v -1.978196 2.041104 1.000000
v -1.978196 2.041104 -1.000000
v -2.000321 2.058435 1.000000
v -2.000321 2.058435 -1.000000
v -2.019792 2.070815 1.000000
v -2.019792 2.070815 -1.000000
v -2.036608 2.078243 1.000000
v -2.036608 2.078243 -1.000000
v -2.050770 2.080719 1.000000
v -2.050770 2.080719 -1.000000
v -2.061724 2.078975 1.000000
v -2.061724 2.078975 -1.000000
v -2.076520 2.073746 1.000000
v -2.076520 2.073746 -1.000000
v -2.095158 2.065031 1.000000
v -2.095158 2.065031 -1.000000
v -2.117640 2.052830 1.000000
v -2.117640 2.052830 -1.000000
v -2.143963 2.037142 1.000000
v -2.143963 2.037142 -1.000000
v -2.174130 2.017969 1.000000
v -2.174130 2.017969 -1.000000
v -2.208139 1.995309 1.000000
v -2.208139 1.995309 -1.000000
v -2.245991 1.969164 1.000000
v -2.245991 1.969164 -1.000000
v -2.287685 1.939532 1.000000
v -2.287685 1.939532 -1.000000
v -2.333222 1.906414 1.000000
v -2.333222 1.906414 -1.000000
v -2.382602 1.869810 1.000000
v -2.382602 1.869810 -1.000000
v -2.435824 1.829720 1.000000
v -2.435824 1.829720 -1.000000
v -2.461792 1.808408 1.000000
v -2.461792 1.808408 -1.000000
v -2.485501 1.788204 1.000000
v -2.485501 1.788204 -1.000000
v -2.506952 1.769110 1.000000
v -2.506952 1.769110 -1.000000
v -2.526146 1.751125 1.000000
v -2.526146 1.751125 -1.000000
v -2.543081 1.734249 1.000000
v -2.543081 1.734249 -1.000000
v -2.557758 1.718482 1.000000
v -2.557758 1.718482 -1.000000
v -2.570178 1.703825 1.000000
v -2.570178 1.703825 -1.000000
v -2.580339 1.690277 1.000000
v -2.580339 1.690277 -1.000000
v -2.588242 1.677838 1.000000
v -2.588242 1.677838 -1.000000
v -2.593887 1.666508 1.000000
v -2.593887 1.666508 -1.000000
v -2.597274 1.656287 1.000000
v -2.597274 1.656287 -1.000000
v -2.598403 1.647176 1.000000
v -2.598403 1.647176 -1.000000
v -2.597888 1.638065 1.000000
v -2.597888 1.638065 -1.000000
v -2.596343 1.629745 1.000000
v -2.596343 1.629745 -1.000000
v -2.593768 1.622219 1.000000
v -2.593768 1.622219 -1.000000
v -2.590163 1.615484 1.000000
v -2.590163 1.615484 -1.000000
v -2.585528 1.609542 1.000000
v -2.585528 1.609542 -1.000000
v -2.579864 1.604392 1.000000
v -2.579864 1.604392 -1.000000
v -2.573169 1.600035 1.000000
v -2.573169 1.600035 -1.000000
v -2.565444 1.596469 1.000000
v -2.565444 1.596469 -1.000000
v -2.556689 1.593696 1.000000
v -2.556689 1.593696 -1.000000
v -2.546905 1.591715 1.000000
v -2.546905 1.591715 -1.000000
v -2.536090 1.590527 1.000000
v -2.536090 1.590527 -1.000000
v -2.524244 1.590131 1.000000
v -2.524244 1.590131 -1.000000
v -0.196806 1.590131 1.000000
v -0.196806 1.590131 -1.000000
v -0.196806 1.045350 1.000000
v -0.196806 1.045350 -1.000000
v -1.266401 1.045350 1.000000
v -1.266400 1.045350 -1.000000
v -1.304649 1.087263 1.000000
v -1.304648 1.087263 -1.000000
v -1.340480 1.125530 1.000000
v -1.340480 1.125530 -1.000000
v -1.373895 1.160154 1.000000
v -1.373895 1.160154 -1.000000
v -1.404894 1.191132 1.000000
v -1.404893 1.191132 -1.000000
v -1.433475 1.218467 1.000000
v -1.433475 1.218467 -1.000000
v -1.459641 1.242156 1.000000
v -1.459641 1.242156 -1.000000
v -1.483390 1.262201 1.000000
v -1.483390 1.262201 -1.000000
v -1.504722 1.278602 1.000000
v -1.504722 1.278602 -1.000000
v -1.523638 1.291357 1.000000
v -1.523638 1.291357 -1.000000
v -1.540138 1.300469 1.000000
v -1.540138 1.300469 -1.000000
v -1.554221 1.305936 1.000000
v -1.554221 1.305936 -1.000000
v -1.565887 1.307758 1.000000
v -1.565887 1.307758 -1.000000
v -1.577752 1.306252 1.000000
v -1.577751 1.306252 -1.000000
v -1.592429 1.301736 1.000000
v -1.592429 1.301736 -1.000000
v -1.609919 1.294210 1.000000
v -1.609918 1.294210 -1.000000
v -1.630221 1.283672 1.000000
v -1.630221 1.283672 -1.000000
v -1.653336 1.270124 1.000000
v -1.653336 1.270124 -1.000000
v -1.679264 1.253565 1.000000
v -1.679264 1.253565 -1.000000
v -1.708004 1.233995 1.000000
v -1.708004 1.233995 -1.000000
v -1.739558 1.211415 1.000000
v -1.739557 1.211415 -1.000000
v -1.773923 1.185824 1.000000
v -1.773923 1.185824 -1.000000
v -1.811102 1.157222 1.000000
v -1.811101 1.157222 -1.000000
v -1.851093 1.125610 1.000000
v -1.851092 1.125610 -1.000000
v -1.893896 1.090986 1.000000
v -1.893896 1.090986 -1.000000
v -1.915308 1.072823 1.000000
v -1.915308 1.072823 -1.000000
v -1.934858 1.055413 1.000000
v -1.934858 1.055413 -1.000000
v -1.952546 1.038755 1.000000
v -1.952546 1.038755 -1.000000
v -1.968372 1.022849 1.000000
v -1.968372 1.022849 -1.000000
v -1.982336 1.007697 1.000000
v -1.982336 1.007697 -1.000000
v -1.994438 0.993297 1.000000
v -1.994438 0.993297 -1.000000
v -2.004678 0.979650 1.000000
v -2.004678 0.979649 -1.000000
v -2.013057 0.966755 1.000000
v -2.013057 0.966755 -1.000000
v -2.019574 0.954613 1.000000
v -2.019574 0.954613 -1.000000
v -2.024228 0.943224 1.000000
v -2.024228 0.943224 -1.000000
v -2.027021 0.932587 1.000000
v -2.027021 0.932587 -1.000000
v -2.027952 0.922704 1.000000
v -2.027952 0.922703 -1.000000
v -2.026724 0.910859 1.000000
v -2.026724 0.910859 -1.000000
v -2.023040 0.898142 1.000000
v -2.023040 0.898142 -1.000000
v -2.016900 0.884555 1.000000
v -2.016900 0.884555 -1.000000
v -2.008303 0.870095 1.000000
v -2.008303 0.870095 -1.000000
v -1.997251 0.854765 1.000000
v -1.997251 0.854764 -1.000000
v -1.983742 0.838562 1.000000
v -1.983742 0.838562 -1.000000
v -1.967778 0.821488 1.000000
v -1.967777 0.821488 -1.000000
v -1.949357 0.803543 1.000000
v -1.949357 0.803543 -1.000000
v -1.928480 0.784726 1.000000
v -1.928480 0.784726 -1.000000
v -1.905147 0.765037 1.000000
v -1.905147 0.765037 -1.000000
v -1.879358 0.744477 1.000000
v -1.879358 0.744477 -1.000000
v -1.851113 0.723046 1.000000
v -1.851112 0.723046 -1.000000
v -1.851113 0.492013 1.000000
v -1.851112 0.492013 -1.000000
v -1.882487 -0.671706 1.000000
v -1.882487 -0.671706 -1.000000
v -1.880091 -0.707240 1.000000
v -1.880090 -0.707240 -1.000000
v -1.872901 -0.739685 1.000000
v -1.872900 -0.739685 -1.000000
v -1.860917 -0.769039 1.000000
v -1.860917 -0.769039 -1.000000
v -1.844140 -0.795304 1.000000
v -1.844140 -0.795304 -1.000000
v -1.822570 -0.818478 1.000000
v -1.822570 -0.818478 -1.000000
v -1.796207 -0.838563 1.000000
v -1.796206 -0.838563 -1.000000
v -1.765050 -0.855557 1.000000
v -1.765049 -0.855558 -1.000000
v -1.729099 -0.869462 1.000000
v -1.729099 -0.869462 -1.000000
v -1.688356 -0.880277 1.000000
v -1.688356 -0.880277 -1.000000
v -1.642819 -0.888002 1.000000
v -1.642819 -0.888002 -1.000000
v -1.592489 -0.892637 1.000000
v -1.592488 -0.892637 -1.000000
v -1.537365 -0.894182 1.000000
v -1.537365 -0.894182 -1.000000
v -1.504564 -0.893092 1.000000
v -1.504564 -0.893092 -1.000000
v -1.474615 -0.889824 1.000000
v -1.474615 -0.889824 -1.000000
v -1.447519 -0.884377 1.000000
v -1.447519 -0.884377 -1.000000
v -1.423275 -0.876751 1.000000
v -1.423274 -0.876751 -1.000000
v -1.401883 -0.866947 1.000000
v -1.401883 -0.866947 -1.000000
v -1.383343 -0.854963 1.000000
v -1.383343 -0.854963 -1.000000
v -1.367656 -0.840801 1.000000
v -1.367656 -0.840801 -1.000000
v -1.354821 -0.824460 1.000000
v -1.354820 -0.824460 -1.000000
v -1.344838 -0.805940 1.000000
v -1.344837 -0.805940 -1.000000
v -1.337707 -0.785242 1.000000
v -1.337707 -0.785242 -1.000000
v -1.333429 -0.762364 1.000000
v -1.333428 -0.762364 -1.000000
v -0.196806 -0.537650 1.000000
v -0.196806 -0.537650 -1.000000
v -1.332002 -0.537650 1.000000
v -1.332002 -0.537650 -1.000000
v -1.332002 0.141186 1.000000
v -1.332002 0.141186 -1.000000
v -0.196806 0.141186 1.000000
v -0.196806 0.141186 -1.000000
v -0.196806 0.275242 1.000000
v -0.196806 0.275242 -1.000000
v -1.332002 0.275242 1.000000
v -1.332002 0.275242 -1.000000
v -1.332002 0.911295 1.000000
v -1.332002 0.911294 -1.000000
v -0.196806 0.911295 1.000000
v -0.196806 0.911294 -1.000000
v 0.322305 0.275242 1.000000
v 0.322305 0.275242 -1.000000
v 0.322305 0.911295 1.000000
v 0.322305 0.911294 -1.000000
v 1.360525 0.911295 1.000000
v 1.360525 0.911294 -1.000000
v 1.360525 0.275242 1.000000
v 1.360525 0.275242 -1.000000
v 0.322305 0.141186 1.000000
v 0.322305 0.141186 -1.000000
v 1.360525 0.141186 1.000000
v 1.360525 0.141186 -1.000000
v 1.360525 -0.537650 1.000000
v 1.360525 -0.537650 -1.000000
v 0.322305 -0.537650 1.000000
v 0.322305 -0.537650 -1.000000
vn -0.0000 -0.0000 -1.0000
vn -0.0000 -0.0000 1.0000
vn 0.9996 -0.0284 -0.0000
vn 0.7071 -0.7071 -0.0000
vn -0.7071 -0.7071 -0.0000
vn -0.7071 0.7071 -0.0000
vn 0.4229 0.9062 -0.0000
vn 0.7626 0.6468 -0.0000
vn 0.7543 0.6566 -0.0000
vn 0.7441 0.6680 -0.0000
vn 0.7316 0.6818 -0.0000
vn 0.7157 0.6984 -0.0000
vn 0.6949 0.7191 -0.0000
vn 0.6668 0.7452 -0.0000
vn 0.6270 0.7790 -0.0000
vn 0.5669 0.8238 -0.0000
vn 0.4689 0.8833 -0.0000
vn 0.2944 0.9557 -0.0000
vn 0.0151 0.9999 -0.0000
vn -0.2375 0.9714 -0.0000
vn -0.3715 0.9285 -0.0000
vn -0.4464 0.8949 -0.0000
vn -0.4933 0.8699 -0.0000
vn -0.5252 0.8510 -0.0000
vn -0.5482 0.8364 -0.0000
vn -0.5655 0.8248 -0.0000
vn -0.5790 0.8153 -0.0000
vn -0.5898 0.8075 -0.0000
vn -0.5987 0.8010 -0.0000
vn -0.6061 0.7954 -0.0000
vn -0.6187 0.7856 -0.0000
vn -0.6350 0.7725 -0.0000
vn -0.6503 0.7597 -0.0000
vn -0.6680 0.7442 -0.0000
vn -0.6886 0.7251 -0.0000
vn -0.7130 0.7012 -0.0000
vn -0.7419 0.6705 -0.0000
vn -0.7765 0.6301 -0.0000
vn -0.8180 0.5752 -0.0000
vn -0.8670 0.4982 -0.0000
vn -0.9221 0.3869 -0.0000
vn -0.9747 0.2234 -0.0000
vn -0.9994 0.0334 -0.0000
vn -0.9923 -0.1242 -0.0000
vn -0.9648 -0.2628 -0.0000
vn -0.9113 -0.4117 -0.0000
vn -0.8287 -0.5597 -0.0000
vn -0.7205 -0.6934 -0.0000
vn -0.5968 -0.8024 -0.0000
vn -0.4698 -0.8828 -0.0000
vn -0.3496 -0.9369 -0.0000
vn -0.2419 -0.9703 -0.0000
vn -0.1484 -0.9889 -0.0000
vn -0.0688 -0.9976 -0.0000
vn -0.0161 -0.9999 -0.0000
vn 0.4143 0.9102 -0.0000
vn 0.7506 0.6608 -0.0000
vn 0.7428 0.6695 -0.0000
vn 0.7334 0.6798 -0.0000
vn 0.7218 0.6921 -0.0000
vn 0.7070 0.7072 -0.0000
vn 0.6877 0.7260 -0.0000
vn 0.6616 0.7498 -0.0000
vn 0.6245 0.7811 -0.0000
vn 0.5680 0.8230 -0.0000
vn 0.4746 0.8802 -0.0000
vn 0.3027 0.9531 -0.0000
vn 0.0164 0.9999 -0.0000
vn -0.2448 0.9696 -0.0000
vn -0.3800 0.9250 -0.0000
vn -0.4544 0.8908 -0.0000
vn -0.5005 0.8657 -0.0000
vn -0.5317 0.8469 -0.0000
vn -0.5541 0.8325 -0.0000
vn -0.5709 0.8210 -0.0000
vn -0.5840 0.8118 -0.0000
vn -0.5945 0.8041 -0.0000
vn -0.6030 0.7977 -0.0000
vn -0.6102 0.7923 -0.0000
vn -0.6257 0.7800 -0.0000
vn -0.6454 0.7638 -0.0000
vn -0.6615 0.7499 -0.0000
vn -0.6801 0.7331 -0.0000
vn -0.7016 0.7126 -0.0000
vn -0.7267 0.6870 -0.0000
vn -0.7562 0.6543 -0.0000
vn -0.7911 0.6117 -0.0000
vn -0.8321 0.5547 -0.0000
vn -0.8794 0.4761 -0.0000
vn -0.9308 0.3654 -0.0000
vn -0.9781 0.2083 -0.0000
vn -0.9996 0.0296 -0.0000
vn -0.9928 -0.1198 -0.0000
vn -0.9673 -0.2538 -0.0000
vn -0.9169 -0.3991 -0.0000
vn -0.8381 -0.5455 -0.0000
vn -0.7333 -0.6800 -0.0000
vn -0.6111 -0.7916 -0.0000
vn -0.4836 -0.8753 -0.0000
vn -0.3612 -0.9325 -0.0000
vn -0.2505 -0.9681 -0.0000
vn -0.1540 -0.9881 -0.0000
vn -0.0714 -0.9974 -0.0000
vn -0.0167 -0.9999 -0.0000
vn -0.0042 -1.0000 -0.0000
vn -0.0162 -0.9999 -0.0000
vn -0.0314 -0.9995 -0.0000
vn -0.0455 -0.9990 -0.0000
vn -0.0586 -0.9983 -0.0000
vn -0.0709 -0.9975 -0.0000
vn -0.0824 -0.9966 -0.0000
vn -0.0932 -0.9957 -0.0000
vn -0.1033 -0.9947 -0.0000
vn -0.1128 -0.9936 -0.0000
vn -0.1217 -0.9926 -0.0000
vn -0.1302 -0.9915 -0.0000
vn 0.5390 -0.8423 -0.0000
vn 0.7509 0.6604 -0.0000
vn -0.1623 0.9867 -0.0000
vn -0.1492 0.9888 -0.0000
vn -0.1358 0.9907 -0.0000
vn -0.1221 0.9925 -0.0000
vn -0.1081 0.9941 -0.0000
vn -0.0937 0.9956 -0.0000
vn -0.0789 0.9969 -0.0000
vn -0.0638 0.9980 -0.0000
vn -0.0484 0.9988 -0.0000
vn -0.0326 0.9995 -0.0000
vn -0.0164 0.9999 -0.0000
vn -0.0041 1.0000 -0.0000
vn 0.7071 0.7071 -0.0000
vn -0.0061 -1.0000 -0.0000
vn -0.0236 -0.9997 -0.0000
vn -0.0656 -0.9978 -0.0000
vn -0.0840 -0.9965 -0.0000
vn -0.1010 -0.9949 -0.0000
vn -0.1167 -0.9932 -0.0000
vn -0.1312 -0.9914 -0.0000
vn -0.1447 -0.9895 -0.0000
vn -0.1572 -0.9876 -0.0000
vn -0.1689 -0.9856 -0.0000
vn -0.1798 -0.9837 -0.0000
vn 0.5224 -0.8527 -0.0000
vn 0.7289 0.6846 -0.0000
vn -0.2125 0.9772 -0.0000
vn -0.1956 0.9807 -0.0000
vn -0.1782 0.9840 -0.0000
vn -0.1603 0.9871 -0.0000
vn -0.1419 0.9899 -0.0000
vn -0.1230 0.9924 -0.0000
vn -0.1037 0.9946 -0.0000
vn -0.0839 0.9965 -0.0000
vn -0.0636 0.9980 -0.0000
vn -0.0428 0.9991 -0.0000
vn -0.0216 0.9998 -0.0000
vn -0.0054 1.0000 -0.0000
vn -0.9993 -0.0382 -0.0000
vn -0.9870 -0.1607 -0.0000
vn -0.9427 -0.3336 -0.0000
vn -0.8625 -0.5060 -0.0000
vn -0.7518 -0.6594 -0.0000
vn -0.6246 -0.7810 -0.0000
vn -0.4965 -0.8680 -0.0000
vn -0.3786 -0.9256 -0.0000
vn -0.2755 -0.9613 -0.0000
vn -0.1879 -0.9822 -0.0000
vn -0.1144 -0.9934 -0.0000
vn -0.0528 -0.9986 -0.0000
vn 0.0049 -1.0000 -0.0000
vn 0.0734 -0.9973 -0.0000
vn 0.1583 -0.9874 -0.0000
vn 0.2573 -0.9663 -0.0000
vn 0.3703 -0.9289 -0.0000
vn 0.4941 -0.8694 -0.0000
vn 0.6219 -0.7831 -0.0000
vn 0.7428 -0.6695 -0.0000
vn 0.8451 -0.5346 -0.0000
vn 0.9210 -0.3897 -0.0000
vn 0.9690 -0.2471 -0.0000
vn 0.9932 -0.1164 -0.0000
vn 0.9999 -0.0165 -0.0000
vn 1.0000 0.0092 -0.0000
vn 1.0000 -0.0070 -0.0000
vn 0.9999 -0.0142 -0.0000
vn 0.9998 -0.0218 -0.0000
vn 0.9996 -0.0297 -0.0000
vn 0.9993 -0.0380 -0.0000
vn 0.9989 -0.0466 -0.0000
vn 0.9984 -0.0557 -0.0000
vn 0.9979 -0.0652 -0.0000
vn 0.9972 -0.0752 -0.0000
vn 0.9963 -0.0857 -0.0000
vn 0.9953 -0.0967 -0.0000
vn 0.5897 0.8076 -0.0000
vn -0.4022 0.9155 -0.0000
vn -0.4058 0.9140 -0.0000
vn -0.4094 0.9123 -0.0000
vn -0.4132 0.9106 -0.0000
vn -0.4170 0.9089 -0.0000
vn -0.4210 0.9071 -0.0000
vn -0.4251 0.9052 -0.0000
vn -0.4293 0.9032 -0.0000
vn -0.4336 0.9011 -0.0000
vn -0.4380 0.8990 -0.0000
vn -0.4425 0.8967 -0.0000
vn -0.2285 0.9736 -0.0000
vn -0.0060 -1.0000 -0.0000
vn -0.0232 -0.9997 -0.0000
vn -0.0447 -0.9990 -0.0000
vn -0.0645 -0.9979 -0.0000
vn -0.0829 -0.9966 -0.0000
vn -0.0998 -0.9950 -0.0000
vn -0.1156 -0.9933 -0.0000
vn -0.1438 -0.9896 -0.0000
vn -0.1565 -0.9877 -0.0000
vn -0.1684 -0.9857 -0.0000
vn -0.1795 -0.9838 -0.0000
vn 0.5225 -0.8527 -0.0000
vn 0.6816 -0.7318 -0.0000
vn -0.0677 -0.9977 -0.0000
vn -0.0611 -0.9981 -0.0000
vn -0.0547 -0.9985 -0.0000
vn -0.0483 -0.9988 -0.0000
vn -0.0420 -0.9991 -0.0000
vn -0.0358 -0.9994 -0.0000
vn -0.0296 -0.9996 -0.0000
vn -0.0176 -0.9998 -0.0000
vn -0.0116 -0.9999 -0.0000
vn -0.0058 -1.0000 -0.0000
vn -0.0006 -1.0000 -0.0000
vn 0.0032 -1.0000 -0.0000
vn 0.0062 -1.0000 -0.0000
vn 0.0091 -1.0000 -0.0000
vn 0.0118 -0.9999 -0.0000
vn 0.0144 -0.9999 -0.0000
vn 0.0169 -0.9999 -0.0000
vn 0.0193 -0.9998 -0.0000
vn 0.0216 -0.9998 -0.0000
vn 0.0238 -0.9997 -0.0000
vn 0.0259 -0.9997 -0.0000
vn 0.0279 -0.9996 -0.0000
vn 0.0554 -0.9985 -0.0000
vn 0.1719 -0.9851 -0.0000
vn 0.3546 -0.9350 -0.0000
vn 0.5322 -0.8466 -0.0000
vn 0.6849 -0.7287 -0.0000
vn 0.8015 -0.5980 -0.0000
vn 0.8823 -0.4707 -0.0000
vn 0.9344 -0.3564 -0.0000
vn 0.9661 -0.2581 -0.0000
vn 0.9845 -0.1756 -0.0000
vn 0.9943 -0.1068 -0.0000
vn 0.9988 -0.0492 -0.0000
vn 1.0000 0.0002 -0.0000
vn 0.9987 0.0501 -0.0000
vn 0.9941 0.1086 -0.0000
vn 0.9839 0.1785 -0.0000
vn 0.9650 0.2622 -0.0000
vn 0.9323 0.3616 -0.0000
vn 0.8790 0.4769 -0.0000
vn 0.7967 0.6044 -0.0000
vn 0.6788 0.7343 -0.0000
vn 0.5259 0.8506 -0.0000
vn 0.3494 0.9370 -0.0000
vn 0.1692 0.9856 -0.0000
vn 0.0862 0.9963 -0.0000
vn 0.0982 0.9952 -0.0000
vn 0.1116 0.9938 -0.0000
vn 0.1258 0.9921 -0.0000
vn 0.1409 0.9900 -0.0000
vn 0.1572 0.9876 -0.0000
vn 0.1745 0.9847 -0.0000
vn 0.1931 0.9812 -0.0000
vn 0.2131 0.9770 -0.0000
vn 0.2346 0.9721 -0.0000
vn 0.2578 0.9662 -0.0000
vn 0.2827 0.9592 -0.0000
vn 0.3084 0.9512 -0.0000
vn 0.3264 0.9452 -0.0000
vn 0.3374 0.9414 -0.0000
vn 0.3492 0.9370 -0.0000
vn 0.3620 0.9322 -0.0000
vn 0.3760 0.9266 -0.0000
vn 0.3912 0.9203 -0.0000
vn 0.4079 0.9130 -0.0000
vn 0.4262 0.9046 -0.0000
vn 0.4464 0.8948 -0.0000
vn 0.4687 0.8834 -0.0000
vn 0.4934 0.8698 -0.0000
vn -0.0363 0.9993 -0.0000
vn -0.5691 0.8223 -0.0000
vn -0.5725 0.8199 -0.0000
vn -0.5764 0.8172 -0.0000
vn -0.5808 0.8140 -0.0000
vn -0.5859 0.8104 -0.0000
vn -0.5919 0.8060 -0.0000
vn -0.5990 0.8008 -0.0000
vn -0.6074 0.7944 -0.0000
vn -0.6177 0.7864 -0.0000
vn -0.6306 0.7761 -0.0000
vn -0.6471 0.7624 -0.0000
vn -0.6656 0.7463 -0.0000
vn -0.6860 0.7276 -0.0000
vn -0.7095 0.7047 -0.0000
vn -0.7353 0.6778 -0.0000
vn -0.7636 0.6457 -0.0000
vn -0.7945 0.6073 -0.0000
vn -0.8279 0.5609 -0.0000
vn -0.8634 0.5046 -0.0000
vn -0.8999 0.4360 -0.0000
vn -0.9358 0.3526 -0.0000
vn -0.9677 0.2522 -0.0000
vn -0.9910 0.1337 -0.0000
vn -1.0000 0.0019 -0.0000
vn -0.9902 -0.1393 -0.0000
vn -0.9562 -0.2926 -0.0000
vn -0.8918 -0.4524 -0.0000
vn -0.7968 -0.6043 -0.0000
vn -0.6792 -0.7340 -0.0000
vn -0.5521 -0.8338 -0.0000
vn -0.4280 -0.9038 -0.0000
vn -0.3151 -0.9491 -0.0000
vn -0.2165 -0.9763 -0.0000
vn -0.1323 -0.9912 -0.0000
vn -0.0612 -0.9981 -0.0000
vn -0.0063 -1.0000 -0.0000
vn 0.0320 -0.9995 -0.0000
vn 0.0636 -0.9980 -0.0000
vn 0.0948 -0.9955 -0.0000
vn 0.1253 -0.9921 -0.0000
vn 0.1551 -0.9879 -0.0000
vn 0.1842 -0.9829 -0.0000
vn 0.2126 -0.9771 -0.0000
vn 0.2401 -0.9707 -0.0000
vn 0.2668 -0.9638 -0.0000
vn 0.2926 -0.9562 -0.0000
vn 0.3176 -0.9482 -0.0000
vn 0.0850 -0.9964 -0.0000
vn -0.1624 -0.9867 -0.0000
vn -0.1571 -0.9876 -0.0000
vn -0.1517 -0.9884 -0.0000
vn -0.1461 -0.9893 -0.0000
vn -0.1405 -0.9901 -0.0000
vn -0.1348 -0.9909 -0.0000
vn -0.1290 -0.9916 -0.0000
vn -0.1231 -0.9924 -0.0000
vn -0.1171 -0.9931 -0.0000
vn -0.1111 -0.9938 -0.0000
vn -0.1049 -0.9945 -0.0000
vn -0.7422 -0.6702 -0.0000
vn 0.4440 0.8960 -0.0000
vn 0.7915 0.6111 -0.0000
vn 0.7825 0.6227 -0.0000
vn 0.7715 0.6363 -0.0000
vn 0.7578 0.6525 -0.0000
vn 0.7404 0.6722 -0.0000
vn 0.7177 0.6964 -0.0000
vn 0.6868 0.7268 -0.0000
vn 0.6430 0.7658 -0.0000
vn 0.5773 0.8165 -0.0000
vn 0.4716 0.8818 -0.0000
vn 0.2903 0.9569 -0.0000
vn 0.0076 1.0000 -0.0000
vn -0.2462 0.9692 -0.0000
vn -0.3788 0.9255 -0.0000
vn -0.4505 0.8928 -0.0000
vn -0.4946 0.8691 -0.0000
vn -0.5242 0.8516 -0.0000
vn -0.5455 0.8381 -0.0000
vn -0.5614 0.8275 -0.0000
vn -0.5738 0.8190 -0.0000
vn -0.5837 0.8119 -0.0000
vn -0.5918 0.8061 -0.0000
vn -0.5986 0.8011 -0.0000
vn -0.6182 0.7860 -0.0000
vn -0.6415 0.7671 -0.0000
vn -0.6568 0.7541 -0.0000
vn -0.6744 0.7384 -0.0000
vn -0.6949 0.7191 -0.0000
vn -0.7190 0.6950 -0.0000
vn -0.7477 0.6641 -0.0000
vn -0.7818 0.6235 -0.0000
vn -0.8226 0.5686 -0.0000
vn -0.8707 0.4918 -0.0000
vn -0.9245 0.3812 -0.0000
vn -0.9755 0.2198 -0.0000
vn 0.4037 0.9149 -0.0000
vn 0.7343 0.6788 -0.0000
vn 0.7248 0.6890 -0.0000
vn 0.7132 0.7009 -0.0000
vn 0.6991 0.7151 -0.0000
vn 0.6812 0.7321 -0.0000
vn 0.6582 0.7529 -0.0000
vn 0.6274 0.7787 -0.0000
vn 0.5846 0.8113 -0.0000
vn 0.5218 0.8531 -0.0000
vn 0.4236 0.9059 -0.0000
vn 0.2596 0.9657 -0.0000
vn 0.0144 0.9999 -0.0000
vn -0.2108 0.9775 -0.0000
vn -0.3452 0.9385 -0.0000
vn -0.4283 0.9037 -0.0000
vn -0.4833 0.8754 -0.0000
vn -0.5221 0.8529 -0.0000
vn -0.5506 0.8348 -0.0000
vn -0.5724 0.8200 -0.0000
vn -0.5896 0.8077 -0.0000
vn -0.6035 0.7973 -0.0000
vn -0.6150 0.7886 -0.0000
vn -0.6245 0.7810 -0.0000
vn -0.6379 0.7701 -0.0000
vn -0.6560 0.7547 -0.0000
vn -0.6754 0.7375 -0.0000
vn -0.6973 0.7168 -0.0000
vn -0.7222 0.6916 -0.0000
vn -0.7506 0.6607 -0.0000
vn -0.7830 0.6220 -0.0000
vn -0.8197 0.5728 -0.0000
vn -0.8606 0.5093 -0.0000
vn -0.9046 0.4262 -0.0000
vn -0.9485 0.3168 -0.0000
vn -0.9847 0.1744 -0.0000
vn -1.0000 -0.0047 -0.0000
vn -0.9815 -0.1915 -0.0000
vn -0.9383 -0.3459 -0.0000
vn -0.8868 -0.4621 -0.0000
vn -0.8362 -0.5485 -0.0000
vn -0.7901 -0.6130 -0.0000
vn -0.7496 -0.6619 -0.0000
vn -0.7143 -0.6998 -0.0000
vn -0.6838 -0.7297 -0.0000
vn -0.6573 -0.7536 -0.0000
vn -0.6342 -0.7732 -0.0000
vn -0.6140 -0.7893 -0.0000
vn -0.8957 -0.4447 -0.0000
vn -0.9999 0.0135 -0.0000
vn -0.9998 -0.0202 -0.0000
vn -0.9898 -0.1422 -0.0000
vn -0.9545 -0.2982 -0.0000
vn -0.8879 -0.4600 -0.0000
vn -0.7906 -0.6123 -0.0000
vn -0.6714 -0.7411 -0.0000
vn -0.5440 -0.8391 -0.0000
vn -0.4207 -0.9072 -0.0000
vn -0.3091 -0.9510 -0.0000
vn -0.2121 -0.9772 -0.0000
vn -0.1296 -0.9916 -0.0000
vn -0.0599 -0.9982 -0.0000
vn 0.0026 -1.0000 -0.0000
vn 0.0709 -0.9975 -0.0000
vn 0.1529 -0.9882 -0.0000
vn 0.2489 -0.9685 -0.0000
vn 0.3591 -0.9333 -0.0000
vn 0.4810 -0.8767 -0.0000
vn 0.6084 -0.7936 -0.0000
vn 0.7309 -0.6825 -0.0000
vn 0.8364 -0.5481 -0.0000
vn 0.9159 -0.4014 -0.0000
vn 0.9668 -0.2555 -0.0000
vn 0.9927 -0.1206 -0.0000
vt 0.638200 0.309170
vt 0.642832 0.306849
vt 0.640075 0.309786
vt 0.636189 0.308576
vt 0.634041 0.308002
vt 0.645417 0.304074
vt 0.631756 0.307449
vt 0.629334 0.306917
vt 0.647831 0.301459
vt 0.626776 0.306406
vt 0.624080 0.305916
vt 0.650073 0.299006
vt 0.621248 0.305448
vt 0.618279 0.305000
vt 0.652143 0.296714
vt 0.615173 0.304573
vt 0.654042 0.294583
vt 0.611930 0.304166
vt 0.608551 0.303781
vt 0.655769 0.292613
vt 0.598398 0.302900
vt 0.657325 0.290804
vt 0.658708 0.289157
vt 0.587792 0.302267
vt 0.659920 0.287671
vt 0.660961 0.286346
vt 0.576733 0.301882
vt 0.661830 0.285182
vt 0.662519 0.284209
vt 0.663139 0.283276
vt 0.663689 0.282381
vt 0.565221 0.301746
vt 0.664169 0.281525
vt 0.664579 0.280709
vt 0.664919 0.279932
vt 0.553257 0.301858
vt 0.665190 0.279193
vt 0.665390 0.278494
vt 0.665521 0.277834
vt 0.665582 0.277213
vt 0.540839 0.302218
vt 0.665574 0.276631
vt 0.665495 0.276088
vt 0.665312 0.275452
vt 0.665057 0.274891
vt 0.527969 0.302826
vt 0.664729 0.274404
vt 0.649305 0.277250
vt 0.664327 0.273992
vt 0.643100 0.277546
vt 0.650063 0.276785
vt 0.663853 0.273655
vt 0.650823 0.276346
vt 0.663305 0.273392
vt 0.651584 0.275933
vt 0.514645 0.303683
vt 0.652346 0.275546
vt 0.662685 0.273203
vt 0.653109 0.275185
vt 0.636943 0.277873
vt 0.661991 0.273089
vt 0.653874 0.274850
vt 0.654639 0.274540
vt 0.661225 0.273050
vt 0.655407 0.274256
vt 0.660385 0.273085
vt 0.656175 0.273998
vt 0.656944 0.273766
vt 0.659473 0.273195
vt 0.657715 0.273560
vt 0.658487 0.273379
vt 0.630834 0.278231
vt 0.500869 0.304788
vt 0.624774 0.278619
vt 0.618761 0.279039
vt 0.486640 0.306141
vt 0.612796 0.279490
vt 0.606880 0.279971
vt 0.471957 0.307743
vt 0.601011 0.280484
vt 0.595190 0.281027
vt 0.589418 0.281601
vt 0.456822 0.309592
vt 0.583693 0.282207
vt 0.578016 0.282843
vt 0.455361 0.309786
vt 0.454878 0.309763
vt 0.454601 0.309695
vt 0.454413 0.309606
vt 0.454276 0.309506
vt 0.454148 0.309376
vt 0.549846 0.286188
vt 0.571669 0.253253
vt 0.454029 0.309215
vt 0.453918 0.309024
vt 0.453816 0.308802
vt 0.453724 0.308550
vt 0.453640 0.308267
vt 0.453565 0.307954
vt 0.453486 0.307539
vt 0.453434 0.307157
vt 0.453408 0.306807
vt 0.545003 0.286872
vt 0.544051 0.259177
vt 0.453409 0.306488
vt 0.540134 0.287592
vt 0.453437 0.306201
vt 0.453491 0.305946
vt 0.535240 0.288349
vt 0.453572 0.305722
vt 0.530321 0.289142
vt 0.453680 0.305530
vt 0.525377 0.289971
vt 0.453814 0.305370
vt 0.453975 0.305242
vt 0.520407 0.290836
vt 0.454208 0.305122
vt 0.455004 0.304882
vt 0.458307 0.304076
vt 0.515460 0.291725
vt 0.461544 0.303293
vt 0.464717 0.302533
vt 0.510487 0.292649
vt 0.467824 0.301795
vt 0.470867 0.301080
vt 0.505490 0.293610
vt 0.473845 0.300387
vt 0.476757 0.299715
vt 0.500466 0.294602
vt 0.479602 0.299055
vt 0.482382 0.298418
vt 0.495412 0.295602
vt 0.485095 0.297792
vt 0.487744 0.297194
vt 0.490329 0.296626
vt 0.669624 0.251257
vt 0.670917 0.251020
vt 0.670376 0.251228
vt 0.671616 0.250591
vt 0.668683 0.251060
vt 0.672474 0.249941
vt 0.667552 0.250640
vt 0.673491 0.249072
vt 0.666231 0.249995
vt 0.674665 0.247982
vt 0.664721 0.249127
vt 0.675999 0.246672
vt 0.663020 0.248034
vt 0.677490 0.245141
vt 0.679140 0.243390
vt 0.661130 0.246716
vt 0.680949 0.241420
vt 0.659050 0.245175
vt 0.682916 0.239228
vt 0.656780 0.243409
vt 0.685041 0.236817
vt 0.654320 0.241419
vt 0.687325 0.234185
vt 0.651670 0.239205
vt 0.688420 0.232811
vt 0.689412 0.231519
vt 0.690300 0.230308
vt 0.648830 0.236766
vt 0.419480 0.276210
vt 0.420256 0.288077
vt 0.418552 0.288869
vt 0.691085 0.229179
vt 0.421952 0.287324
vt 0.423641 0.286610
vt 0.691767 0.228131
vt 0.425321 0.285934
vt 0.426994 0.285297
vt 0.428659 0.284698
vt 0.430316 0.284139
vt 0.692345 0.227164
vt 0.431965 0.283617
vt 0.433607 0.283134
vt 0.435240 0.282690
vt 0.436866 0.282285
vt 0.438484 0.281918
vt 0.421163 0.276166
vt 0.422794 0.276106
vt 0.424372 0.276029
vt 0.425899 0.275935
vt 0.427374 0.275825
vt 0.428797 0.275699
vt 0.430167 0.275556
vt 0.431486 0.275396
vt 0.432753 0.275220
vt 0.438830 0.274237
vt 0.445052 0.273124
vt 0.692820 0.226279
vt 0.693191 0.225475
vt 0.693460 0.224753
vt 0.693624 0.224111
vt 0.693686 0.223552
vt 0.458527 0.270193
vt 0.693647 0.223098
vt 0.693528 0.222660
vt 0.693367 0.222272
vt 0.693164 0.221933
vt 0.692919 0.221643
vt 0.692633 0.221403
vt 0.692305 0.221211
vt 0.691895 0.221053
vt 0.691338 0.220927
vt 0.690553 0.220851
vt 0.689359 0.220864
vt 0.687222 0.221081
vt 0.680518 0.222288
vt 0.547414 0.250037
vt 0.541740 0.224641
vt 0.571614 0.244631
vt 0.565940 0.219234
vt 0.469755 0.251882
vt 0.472311 0.252533
vt 0.470029 0.254204
vt 0.631930 0.217220
vt 0.633030 0.216990
vt 0.632492 0.217184
vt 0.633667 0.216626
vt 0.631216 0.217112
vt 0.634404 0.216093
vt 0.630352 0.216859
vt 0.474555 0.250877
vt 0.635240 0.215390
vt 0.629337 0.216462
vt 0.636177 0.214518
vt 0.628172 0.215920
vt 0.476763 0.249235
vt 0.469447 0.249502
vt 0.637213 0.213476
vt 0.626856 0.215233
vt 0.638348 0.212264
vt 0.478932 0.247608
vt 0.625389 0.214401
vt 0.639584 0.210883
vt 0.481064 0.245994
vt 0.469105 0.247063
vt 0.623772 0.213425
vt 0.640919 0.209332
vt 0.483159 0.244395
vt 0.622004 0.212304
vt 0.642354 0.207611
vt 0.485215 0.242810
vt 0.468729 0.244567
vt 0.620086 0.211038
vt 0.487235 0.241239
vt 0.643889 0.205720
vt 0.489217 0.239682
vt 0.645523 0.203660
vt 0.618017 0.209628
vt 0.468318 0.242012
vt 0.491161 0.238140
vt 0.646332 0.202591
vt 0.493068 0.236611
vt 0.615797 0.208073
vt 0.647062 0.201575
vt 0.494937 0.235097
vt 0.467873 0.239399
vt 0.647713 0.200614
vt 0.648285 0.199708
vt 0.648778 0.198856
vt 0.467393 0.236728
vt 0.649192 0.198059
vt 0.649527 0.197316
vt 0.649783 0.196627
vt 0.649961 0.195993
vt 0.650059 0.195414
vt 0.466875 0.233997
vt 0.492025 0.229176
vt 0.650078 0.194891
vt 0.650018 0.194422
vt 0.540392 0.217923
vt 0.564438 0.212431
vt 0.617313 0.200938
vt 0.649836 0.193878
vt 0.485287 0.199351
vt 0.533689 0.188456
vt 0.557831 0.183027
vt 0.610794 0.171127
vt 0.649532 0.193319
vt 0.649105 0.192744
vt 0.466314 0.231200
vt 0.648553 0.192152
vt 0.647878 0.191545
vt 0.647079 0.190923
vt 0.639722 0.186776
vt 0.646162 0.190274
vt 0.465719 0.228345
vt 0.645122 0.189609
vt 0.643958 0.188927
vt 0.642670 0.188227
vt 0.465089 0.225431
vt 0.641258 0.187510
vt 0.637335 0.175939
vt 0.464424 0.222459
vt 0.447904 0.155863
vt 0.626628 0.121190
vt 0.483870 0.193090
vt 0.532275 0.182211
vt 0.556480 0.176771
vt 0.609397 0.164875
vt 0.476725 0.161408
vt 0.525160 0.150534
vt 0.549373 0.145100
vt 0.602323 0.133217
vt 0.475317 0.155151
vt 0.474568 0.151820
vt 0.523628 0.143704
vt 0.516984 0.115141
vt 0.547807 0.138080
vt 0.541163 0.109517
vt 0.600824 0.126403
vt 0.600202 0.123328
vt 0.626179 0.119547
vt 0.625535 0.118095
vt 0.600032 0.122140
vt 0.624695 0.116832
vt 0.474112 0.150336
vt 0.600016 0.121027
vt 0.623660 0.115760
vt 0.473455 0.149034
vt 0.447697 0.154635
vt 0.600154 0.119989
vt 0.622430 0.114878
vt 0.472595 0.147917
vt 0.600447 0.119027
vt 0.447648 0.153483
vt 0.621004 0.114186
vt 0.600894 0.118139
vt 0.471535 0.146982
vt 0.447755 0.152406
vt 0.619382 0.113684
vt 0.601495 0.117327
vt 0.448020 0.151404
vt 0.602250 0.116589
vt 0.470272 0.146231
vt 0.617565 0.113373
vt 0.603160 0.115927
vt 0.615553 0.113252
vt 0.448441 0.150479
vt 0.468808 0.145664
vt 0.604225 0.115340
vt 0.613345 0.113321
vt 0.605443 0.114828
vt 0.610942 0.113580
vt 0.606816 0.114391
vt 0.449020 0.149628
vt 0.608343 0.114030
vt 0.467142 0.145280
vt 0.449755 0.148853
vt 0.465274 0.145079
vt 0.450647 0.148154
vt 0.463205 0.145062
vt 0.451697 0.147530
vt 0.460934 0.145228
vt 0.616031 0.107721
vt 0.617084 0.107510
vt 0.616622 0.107693
vt 0.452903 0.146981
vt 0.617665 0.107149
vt 0.615263 0.107572
vt 0.458461 0.145577
vt 0.618366 0.106607
vt 0.454266 0.146508
vt 0.614318 0.107247
vt 0.455786 0.146110
vt 0.619186 0.105887
vt 0.613197 0.106745
vt 0.620125 0.104987
vt 0.611900 0.106067
vt 0.621183 0.103908
vt 0.610425 0.105213
vt 0.622361 0.102649
vt 0.623658 0.101212
vt 0.608774 0.104182
vt 0.625075 0.099594
vt 0.606947 0.102975
vt 0.626610 0.097798
vt 0.604943 0.101591
vt 0.628265 0.095822
vt 0.602762 0.100031
vt 0.630040 0.093667
vt 0.600404 0.098295
vt 0.630950 0.092507
vt 0.631773 0.091417
vt 0.632511 0.090396
vt 0.597870 0.096382
vt 0.424243 0.128173
vt 0.425103 0.138566
vt 0.423621 0.139285
vt 0.633162 0.089444
vt 0.426579 0.137880
vt 0.428048 0.137228
vt 0.633726 0.088562
vt 0.429512 0.136610
vt 0.430969 0.136026
vt 0.432419 0.135476
vt 0.433864 0.134960
vt 0.634204 0.087749
vt 0.435302 0.134478
vt 0.436734 0.134029
vt 0.438159 0.133615
vt 0.439578 0.133235
vt 0.440991 0.132889
vt 0.425717 0.128109
vt 0.427143 0.128031
vt 0.428521 0.127941
vt 0.429851 0.127838
vt 0.431134 0.127721
vt 0.432369 0.127591
vt 0.433556 0.127448
vt 0.434696 0.127291
vt 0.439200 0.126547
vt 0.444759 0.125519
vt 0.453074 0.123787
vt 0.634596 0.087005
vt 0.634901 0.086331
vt 0.635120 0.085726
vt 0.635253 0.085191
vt 0.635299 0.084725
vt 0.635259 0.084328
vt 0.462948 0.121468
vt 0.635153 0.083967
vt 0.635012 0.083647
vt 0.634835 0.083369
vt 0.634622 0.083133
vt 0.634374 0.082938
vt 0.634090 0.082786
vt 0.633770 0.082675
vt 0.633345 0.082592
vt 0.632747 0.082550
vt 0.631838 0.082580
vt 0.630212 0.082778
vt 0.625123 0.083785
vt 0.523760 0.106637
vt 0.518023 0.082755
vt 0.543790 0.101826
vt 0.538054 0.077943
vt 0.610191 0.074617
vt 0.611083 0.074435
vt 0.610695 0.074594
vt 0.611573 0.074118
vt 0.609520 0.074486
vt 0.612167 0.073643
vt 0.608683 0.074201
vt 0.612864 0.073011
vt 0.607678 0.073761
vt 0.613664 0.072221
vt 0.606506 0.073168
vt 0.614567 0.071273
vt 0.615573 0.070167
vt 0.605167 0.072420
vt 0.616681 0.068903
vt 0.603661 0.071519
vt 0.617893 0.067482
vt 0.601989 0.070463
vt 0.619208 0.065903
vt 0.600149 0.069253
vt 0.620626 0.064166
vt 0.598142 0.067889
vt 0.622147 0.062271
vt 0.622910 0.061257
vt 0.595968 0.066371
vt 0.623600 0.060303
vt 0.624216 0.059407
vt 0.593627 0.064698
vt 0.624759 0.058570
vt 0.424054 0.098268
vt 0.425131 0.106791
vt 0.423491 0.107496
vt 0.426761 0.106115
vt 0.625229 0.057791
vt 0.428382 0.105468
vt 0.429992 0.104851
vt 0.431593 0.104262
vt 0.625625 0.057072
vt 0.433184 0.103703
vt 0.434765 0.103174
vt 0.436337 0.102674
vt 0.437899 0.102203
vt 0.439451 0.101761
vt 0.440993 0.101349
vt 0.442525 0.100965
vt 0.425727 0.098097
vt 0.427353 0.097917
vt 0.428932 0.097728
vt 0.430463 0.097531
vt 0.431946 0.097324
vt 0.433382 0.097109
vt 0.434770 0.096886
vt 0.439337 0.096030
vt 0.444733 0.094944
vt 0.449832 0.093924
vt 0.625948 0.056412
vt 0.459392 0.091714
vt 0.626186 0.055840
vt 0.626354 0.055324
vt 0.626453 0.054865
vt 0.626482 0.054461
vt 0.626441 0.054113
vt 0.626351 0.053811
vt 0.468451 0.089491
vt 0.626238 0.053556
vt 0.626099 0.053335
vt 0.625933 0.053146
vt 0.625739 0.052991
vt 0.625519 0.052869
vt 0.625240 0.052769
vt 0.624863 0.052692
vt 0.624332 0.052653
vt 0.623526 0.052679
vt 0.622087 0.052859
vt 0.617579 0.053776
vt 0.474034 0.566662
vt 0.472160 0.567278
vt 0.469403 0.564341
vt 0.476045 0.566068
vt 0.478193 0.565494
vt 0.466818 0.561566
vt 0.480478 0.564941
vt 0.482899 0.564409
vt 0.464404 0.558952
vt 0.485458 0.563898
vt 0.488153 0.563409
vt 0.462163 0.556498
vt 0.490985 0.562940
vt 0.493954 0.562492
vt 0.460092 0.554207
vt 0.497059 0.562065
vt 0.458194 0.552076
vt 0.500301 0.561659
vt 0.503681 0.561274
vt 0.456467 0.550106
vt 0.513833 0.560393
vt 0.454912 0.548298
vt 0.453528 0.546651
vt 0.524438 0.559760
vt 0.452316 0.545165
vt 0.451276 0.543840
vt 0.535495 0.559375
vt 0.450407 0.542676
vt 0.449718 0.541703
vt 0.449098 0.540770
vt 0.448548 0.539875
vt 0.547006 0.559238
vt 0.448068 0.539020
vt 0.447658 0.538204
vt 0.447318 0.537426
vt 0.558969 0.559350
vt 0.447047 0.536688
vt 0.446847 0.535989
vt 0.446716 0.535329
vt 0.446655 0.534708
vt 0.571386 0.559710
vt 0.446664 0.534126
vt 0.446742 0.533583
vt 0.446925 0.532947
vt 0.447180 0.532386
vt 0.584255 0.560319
vt 0.447508 0.531899
vt 0.462930 0.534744
vt 0.447910 0.531487
vt 0.469134 0.535040
vt 0.462172 0.534280
vt 0.448384 0.531150
vt 0.461412 0.533841
vt 0.448931 0.530887
vt 0.460651 0.533428
vt 0.597577 0.561175
vt 0.459889 0.533041
vt 0.449552 0.530699
vt 0.459126 0.532680
vt 0.475290 0.535367
vt 0.450245 0.530585
vt 0.458362 0.532345
vt 0.457596 0.532035
vt 0.451012 0.530545
vt 0.456829 0.531751
vt 0.451851 0.530581
vt 0.456061 0.531493
vt 0.455291 0.531261
vt 0.452763 0.530690
vt 0.454521 0.531055
vt 0.453749 0.530875
vt 0.481398 0.535725
vt 0.611352 0.562280
vt 0.487458 0.536114
vt 0.493471 0.536534
vt 0.625580 0.563633
vt 0.499435 0.536984
vt 0.505351 0.537466
vt 0.640261 0.565234
vt 0.511219 0.537978
vt 0.517039 0.538521
vt 0.522811 0.539096
vt 0.655394 0.567084
vt 0.528535 0.539701
vt 0.534211 0.540337
vt 0.656855 0.567278
vt 0.657338 0.567255
vt 0.657615 0.567186
vt 0.657803 0.567098
vt 0.657940 0.566998
vt 0.658068 0.566868
vt 0.562379 0.543681
vt 0.540558 0.510749
vt 0.658188 0.566707
vt 0.658298 0.566516
vt 0.658400 0.566294
vt 0.658493 0.566042
vt 0.658576 0.565759
vt 0.658651 0.565445
vt 0.658730 0.565031
vt 0.658782 0.564649
vt 0.658808 0.564299
vt 0.567222 0.544365
vt 0.568173 0.516674
vt 0.658807 0.563980
vt 0.572089 0.545086
vt 0.658779 0.563693
vt 0.658725 0.563438
vt 0.576983 0.545842
vt 0.658644 0.563214
vt 0.581901 0.546635
vt 0.658536 0.563022
vt 0.586845 0.547464
vt 0.658402 0.562862
vt 0.658241 0.562734
vt 0.591814 0.548330
vt 0.658008 0.562614
vt 0.657212 0.562374
vt 0.653910 0.561568
vt 0.596761 0.549218
vt 0.650672 0.560785
vt 0.647499 0.560025
vt 0.601733 0.550142
vt 0.644392 0.559287
vt 0.641349 0.558572
vt 0.606730 0.551102
vt 0.638372 0.557879
vt 0.635460 0.557207
vt 0.611753 0.552094
vt 0.632615 0.556548
vt 0.629835 0.555910
vt 0.616807 0.553095
vt 0.627123 0.555285
vt 0.624474 0.554686
vt 0.621889 0.554118
vt 0.442612 0.508753
vt 0.441860 0.508725
vt 0.441319 0.508516
vt 0.440620 0.508087
vt 0.443553 0.508557
vt 0.439762 0.507438
vt 0.444684 0.508137
vt 0.438746 0.506569
vt 0.446004 0.507492
vt 0.437571 0.505479
vt 0.447515 0.506624
vt 0.436238 0.504169
vt 0.449215 0.505531
vt 0.434747 0.502639
vt 0.433097 0.500888
vt 0.451105 0.504214
vt 0.431288 0.498917
vt 0.453185 0.502672
vt 0.429322 0.496726
vt 0.455455 0.500907
vt 0.427197 0.494315
vt 0.457915 0.498917
vt 0.424913 0.491684
vt 0.460564 0.496703
vt 0.423818 0.490310
vt 0.422826 0.489018
vt 0.421938 0.487807
vt 0.463403 0.494265
vt 0.692732 0.533705
vt 0.693659 0.546362
vt 0.691956 0.545571
vt 0.421153 0.486678
vt 0.690259 0.544818
vt 0.688571 0.544104
vt 0.420472 0.485630
vt 0.686891 0.543428
vt 0.685218 0.542791
vt 0.683554 0.542192
vt 0.681897 0.541632
vt 0.419893 0.484663
vt 0.680248 0.541111
vt 0.678607 0.540628
vt 0.676973 0.540184
vt 0.675348 0.539779
vt 0.673730 0.539412
vt 0.691049 0.533661
vt 0.689418 0.533600
vt 0.687840 0.533523
vt 0.686313 0.533430
vt 0.684839 0.533320
vt 0.683416 0.533193
vt 0.682045 0.533050
vt 0.680727 0.532891
vt 0.679460 0.532715
vt 0.673382 0.531731
vt 0.667160 0.530619
vt 0.419418 0.483778
vt 0.419047 0.482974
vt 0.418779 0.482252
vt 0.418614 0.481611
vt 0.418552 0.481051
vt 0.653684 0.527687
vt 0.418591 0.480597
vt 0.418711 0.480160
vt 0.418871 0.479772
vt 0.419074 0.479433
vt 0.419319 0.479143
vt 0.419605 0.478902
vt 0.419934 0.478711
vt 0.420343 0.478553
vt 0.420899 0.478427
vt 0.421684 0.478351
vt 0.422878 0.478363
vt 0.425015 0.478581
vt 0.431719 0.479788
vt 0.564807 0.507534
vt 0.570480 0.482140
vt 0.540609 0.502128
vt 0.546283 0.476734
vt 0.642458 0.509378
vt 0.642184 0.511700
vt 0.639902 0.510030
vt 0.480298 0.474720
vt 0.479736 0.474684
vt 0.479198 0.474490
vt 0.478561 0.474126
vt 0.481012 0.474612
vt 0.477824 0.473593
vt 0.481876 0.474359
vt 0.637658 0.508374
vt 0.476988 0.472890
vt 0.482890 0.473962
vt 0.476052 0.472018
vt 0.484056 0.473420
vt 0.635451 0.506732
vt 0.642765 0.506998
vt 0.475016 0.470976
vt 0.485372 0.472733
vt 0.473880 0.469764
vt 0.633282 0.505105
vt 0.486838 0.471901
vt 0.472645 0.468383
vt 0.631150 0.503491
vt 0.643108 0.504560
vt 0.488455 0.470925
vt 0.471309 0.466832
vt 0.629056 0.501892
vt 0.490223 0.469804
vt 0.469874 0.465111
vt 0.626999 0.500307
vt 0.643484 0.502064
vt 0.492141 0.468539
vt 0.624980 0.498736
vt 0.468340 0.463221
vt 0.622998 0.497180
vt 0.466706 0.461161
vt 0.494210 0.467128
vt 0.643895 0.499509
vt 0.621054 0.495638
vt 0.465897 0.460092
vt 0.619148 0.494109
vt 0.496430 0.465573
vt 0.465167 0.459076
vt 0.617279 0.492596
vt 0.644340 0.496897
vt 0.464516 0.458116
vt 0.463944 0.457209
vt 0.463451 0.456357
vt 0.644820 0.494226
vt 0.463037 0.455560
vt 0.462702 0.454817
vt 0.462446 0.454129
vt 0.462269 0.453495
vt 0.462170 0.452916
vt 0.645336 0.491493
vt 0.620179 0.486673
vt 0.462151 0.452392
vt 0.462211 0.451923
vt 0.571847 0.475427
vt 0.547794 0.469932
vt 0.494916 0.458439
vt 0.462392 0.451380
vt 0.626950 0.456855
vt 0.578530 0.445955
vt 0.554396 0.440527
vt 0.501436 0.428626
vt 0.462695 0.450821
vt 0.463122 0.450245
vt 0.645897 0.488698
vt 0.463673 0.449654
vt 0.464349 0.449047
vt 0.465148 0.448424
vt 0.472504 0.444278
vt 0.466064 0.447776
vt 0.646493 0.485844
vt 0.467104 0.447111
vt 0.468268 0.446428
vt 0.469556 0.445729
vt 0.647124 0.482932
vt 0.470968 0.445012
vt 0.474891 0.433439
vt 0.647789 0.479962
vt 0.664340 0.413374
vt 0.485601 0.378681
vt 0.628368 0.450594
vt 0.579962 0.439713
vt 0.555756 0.434272
vt 0.502832 0.422373
vt 0.635518 0.418914
vt 0.587079 0.408036
vt 0.562865 0.402599
vt 0.509910 0.390711
vt 0.636926 0.412657
vt 0.637676 0.409326
vt 0.588611 0.401205
vt 0.595258 0.372639
vt 0.564429 0.395578
vt 0.571076 0.367012
vt 0.511407 0.383896
vt 0.512029 0.380821
vt 0.486050 0.377037
vt 0.486695 0.375585
vt 0.512200 0.379632
vt 0.487534 0.374322
vt 0.638132 0.407842
vt 0.512216 0.378519
vt 0.488570 0.373250
vt 0.638790 0.406540
vt 0.664547 0.412146
vt 0.512078 0.377482
vt 0.489801 0.372368
vt 0.639649 0.405423
vt 0.511785 0.376519
vt 0.664596 0.410994
vt 0.491227 0.371676
vt 0.511338 0.375631
vt 0.640710 0.404488
vt 0.664489 0.409917
vt 0.492848 0.371174
vt 0.510737 0.374819
vt 0.664225 0.408915
vt 0.509981 0.374081
vt 0.641973 0.403738
vt 0.494665 0.370863
vt 0.509071 0.373419
vt 0.496678 0.370742
vt 0.663803 0.407989
vt 0.643437 0.403170
vt 0.508007 0.372832
vt 0.498886 0.370811
vt 0.506788 0.372320
vt 0.501289 0.371071
vt 0.505415 0.371883
vt 0.663225 0.407139
vt 0.503888 0.371521
vt 0.645103 0.402786
vt 0.662490 0.406363
vt 0.646971 0.402586
vt 0.661598 0.405664
vt 0.649041 0.402569
vt 0.660549 0.405039
vt 0.651312 0.402736
vt 0.496201 0.365210
vt 0.495610 0.365182
vt 0.495148 0.364999
vt 0.659342 0.404491
vt 0.494566 0.364638
vt 0.496969 0.365061
vt 0.653785 0.403086
vt 0.493866 0.364096
vt 0.657979 0.404017
vt 0.497913 0.364736
vt 0.656459 0.403619
vt 0.493046 0.363376
vt 0.499035 0.364235
vt 0.492107 0.362476
vt 0.500333 0.363557
vt 0.491048 0.361396
vt 0.501807 0.362702
vt 0.489870 0.360138
vt 0.488573 0.358700
vt 0.503458 0.361672
vt 0.487157 0.357082
vt 0.505286 0.360464
vt 0.485621 0.355285
vt 0.507291 0.359081
vt 0.483966 0.353309
vt 0.509472 0.357521
vt 0.482192 0.351154
vt 0.511830 0.355784
vt 0.481282 0.349994
vt 0.480458 0.348903
vt 0.479721 0.347882
vt 0.514364 0.353871
vt 0.688008 0.385679
vt 0.688629 0.396793
vt 0.687146 0.396073
vt 0.479070 0.346930
vt 0.685671 0.395387
vt 0.684201 0.394735
vt 0.478505 0.346048
vt 0.682738 0.394117
vt 0.681280 0.393533
vt 0.679830 0.392983
vt 0.678385 0.392466
vt 0.478027 0.345235
vt 0.676947 0.391984
vt 0.675515 0.391536
vt 0.674089 0.391122
vt 0.672670 0.390741
vt 0.671257 0.390395
vt 0.686534 0.385615
vt 0.685108 0.385538
vt 0.683729 0.385448
vt 0.682398 0.385344
vt 0.681116 0.385227
vt 0.679880 0.385097
vt 0.678693 0.384953
vt 0.677554 0.384797
vt 0.673049 0.384052
vt 0.667488 0.383024
vt 0.659171 0.381290
vt 0.477636 0.344491
vt 0.477330 0.343817
vt 0.477111 0.343212
vt 0.476979 0.342677
vt 0.476933 0.342210
vt 0.476973 0.341814
vt 0.649294 0.378970
vt 0.477079 0.341452
vt 0.477220 0.341133
vt 0.477397 0.340855
vt 0.477610 0.340618
vt 0.477858 0.340424
vt 0.478142 0.340271
vt 0.478462 0.340160
vt 0.478886 0.340077
vt 0.479485 0.340035
vt 0.480394 0.340066
vt 0.482019 0.340264
vt 0.487109 0.341271
vt 0.588478 0.364133
vt 0.594218 0.340248
vt 0.568445 0.359320
vt 0.574185 0.335434
vt 0.502038 0.332101
vt 0.501534 0.332078
vt 0.501146 0.331919
vt 0.500656 0.331602
vt 0.502709 0.331970
vt 0.500062 0.331128
vt 0.503547 0.331685
vt 0.499365 0.330495
vt 0.504552 0.331246
vt 0.498565 0.329705
vt 0.505724 0.330653
vt 0.497662 0.328756
vt 0.496656 0.327650
vt 0.507063 0.329905
vt 0.495547 0.326387
vt 0.508569 0.329003
vt 0.494335 0.324965
vt 0.510242 0.327948
vt 0.493020 0.323386
vt 0.512082 0.326738
vt 0.491602 0.321648
vt 0.514089 0.325374
vt 0.490081 0.319753
vt 0.489318 0.318739
vt 0.516263 0.323855
vt 0.488628 0.317784
vt 0.488012 0.316888
vt 0.518605 0.322183
vt 0.487469 0.316051
vt 0.688200 0.355771
vt 0.688762 0.365000
vt 0.687122 0.364294
vt 0.685491 0.363618
vt 0.487000 0.315273
vt 0.683871 0.362971
vt 0.682260 0.362354
vt 0.680659 0.361765
vt 0.486603 0.314553
vt 0.679068 0.361206
vt 0.677486 0.360676
vt 0.675914 0.360176
vt 0.674353 0.359705
vt 0.672800 0.359263
vt 0.671258 0.358850
vt 0.669725 0.358467
vt 0.686526 0.355599
vt 0.684900 0.355419
vt 0.683321 0.355230
vt 0.681790 0.355032
vt 0.680306 0.354826
vt 0.678870 0.354611
vt 0.677482 0.354387
vt 0.672914 0.353530
vt 0.667517 0.352445
vt 0.662416 0.351424
vt 0.486280 0.313893
vt 0.652853 0.349212
vt 0.486042 0.313321
vt 0.485874 0.312805
vt 0.485775 0.312345
vt 0.485747 0.311941
vt 0.485788 0.311593
vt 0.485878 0.311291
vt 0.643792 0.346988
vt 0.485990 0.311036
vt 0.486129 0.310815
vt 0.486296 0.310627
vt 0.486489 0.310472
vt 0.486709 0.310350
vt 0.486988 0.310249
vt 0.487366 0.310173
vt 0.487897 0.310133
vt 0.488703 0.310160
vt 0.490142 0.310339
vt 0.494651 0.311257
vt 0.004570 0.610368
vt 0.004491 0.610114
vt 0.010958 0.611998
vt 0.010912 0.612156
vt 0.005447 0.606318
vt 0.013446 0.610069
vt 0.005373 0.603555
vt 0.015572 0.606889
vt 0.006378 0.596374
vt 0.017417 0.599370
vt 0.005928 0.595437
vt 0.017763 0.598774
vt 0.005505 0.594496
vt 0.018091 0.598193
vt 0.005106 0.593556
vt 0.018400 0.597631
vt 0.004728 0.592623
vt 0.018689 0.597089
vt 0.004367 0.591704
vt 0.018956 0.596570
vt 0.004019 0.590804
vt 0.019201 0.596075
vt 0.003680 0.589927
vt 0.019422 0.595606
vt 0.003347 0.589077
vt 0.019618 0.595165
vt 0.003015 0.588258
vt 0.019789 0.594752
vt 0.002681 0.587473
vt 0.019932 0.594368
vt 0.002342 0.586723
vt 0.020048 0.594013
vt 0.001997 0.586005
vt 0.020138 0.593684
vt 0.001650 0.585302
vt 0.020230 0.593247
vt 0.001329 0.584554
vt 0.020323 0.592901
vt 0.001038 0.583755
vt 0.020436 0.592519
vt 0.000782 0.582901
vt 0.020570 0.592102
vt 0.000564 0.581990
vt 0.020726 0.591648
vt 0.000390 0.581018
vt 0.020905 0.591157
vt 0.000264 0.579984
vt 0.021108 0.590627
vt 0.000190 0.578884
vt 0.021336 0.590059
vt 0.000173 0.577718
vt 0.021590 0.589451
vt 0.000219 0.576485
vt 0.021872 0.588805
vt 0.000333 0.575182
vt 0.022184 0.588120
vt 0.000519 0.573811
vt 0.022527 0.587397
vt 0.000532 0.572761
vt 0.022697 0.586940
vt 0.000549 0.571733
vt 0.022854 0.586507
vt 0.000569 0.570725
vt 0.022997 0.586098
vt 0.000589 0.569740
vt 0.023126 0.585713
vt 0.000607 0.568777
vt 0.023240 0.585352
vt 0.000621 0.567838
vt 0.023340 0.585015
vt 0.000629 0.566922
vt 0.023425 0.584702
vt 0.000629 0.566029
vt 0.023495 0.584412
vt 0.000620 0.565160
vt 0.023550 0.584145
vt 0.000601 0.564313
vt 0.023590 0.583900
vt 0.000571 0.563486
vt 0.023616 0.583677
vt 0.000531 0.562677
vt 0.023630 0.583473
vt 0.000498 0.561866
vt 0.023643 0.583276
vt 0.000464 0.561063
vt 0.023650 0.583088
vt 0.000430 0.560264
vt 0.023651 0.582908
vt 0.000398 0.559467
vt 0.023647 0.582735
vt 0.000372 0.558670
vt 0.023640 0.582566
vt 0.000353 0.557870
vt 0.023630 0.582402
vt 0.000344 0.557064
vt 0.023620 0.582241
vt 0.000349 0.556251
vt 0.023610 0.582082
vt 0.000369 0.555429
vt 0.023601 0.581923
vt 0.000408 0.554596
vt 0.023594 0.581766
vt 0.000467 0.553751
vt 0.023593 0.581609
vt 0.000549 0.552893
vt 0.023597 0.581452
vt 0.031189 0.527890
vt 0.061609 0.581268
vt 0.035072 0.504284
vt 0.093077 0.567678
vt 0.079672 0.439071
vt 0.147222 0.509311
vt 0.082295 0.423723
vt 0.152487 0.505863
vt 0.085620 0.408584
vt 0.157508 0.502468
vt 0.089528 0.393692
vt 0.162257 0.499147
vt 0.093902 0.379076
vt 0.166707 0.495914
vt 0.098628 0.364753
vt 0.170829 0.492778
vt 0.103594 0.350733
vt 0.174599 0.489743
vt 0.108690 0.337016
vt 0.177994 0.486811
vt 0.113811 0.323594
vt 0.180994 0.483981
vt 0.118857 0.310454
vt 0.183581 0.481249
vt 0.123736 0.297574
vt 0.185744 0.478608
vt 0.128374 0.284927
vt 0.187479 0.476048
vt 0.132738 0.272474
vt 0.188852 0.473509
vt 0.137020 0.260126
vt 0.190488 0.470397
vt 0.141945 0.247699
vt 0.191956 0.467849
vt 0.147624 0.235212
vt 0.193808 0.465203
vt 0.154156 0.222689
vt 0.196062 0.462466
vt 0.161632 0.210163
vt 0.198730 0.459650
vt 0.170140 0.197669
vt 0.201825 0.456769
vt 0.179766 0.185251
vt 0.205356 0.453843
vt 0.190597 0.172957
vt 0.209331 0.450893
vt 0.202715 0.160843
vt 0.213756 0.447948
vt 0.216203 0.148973
vt 0.218635 0.445040
vt 0.231142 0.137419
vt 0.223970 0.442205
vt 0.247613 0.126262
vt 0.229759 0.439488
vt 0.259668 0.115145
vt 0.232097 0.437135
vt 0.271707 0.104216
vt 0.234130 0.434866
vt 0.283691 0.093456
vt 0.235855 0.432670
vt 0.295583 0.082839
vt 0.237271 0.430536
vt 0.307346 0.072341
vt 0.238379 0.428456
vt 0.318948 0.061938
vt 0.239179 0.426417
vt 0.330358 0.051603
vt 0.239673 0.424412
vt 0.341551 0.041312
vt 0.239865 0.422429
vt 0.352508 0.031040
vt 0.239763 0.420462
vt 0.363221 0.020767
vt 0.239379 0.418505
vt 0.373697 0.010479
vt 0.238730 0.416555
vt 0.383973 0.000173
vt 0.237847 0.414614
vt 0.388324 0.030419
vt 0.236803 0.412683
vt 0.392288 0.060635
vt 0.235652 0.410754
vt 0.395921 0.090832
vt 0.234413 0.408832
vt 0.399274 0.121020
vt 0.233106 0.406922
vt 0.402387 0.151216
vt 0.231749 0.405035
vt 0.405291 0.181438
vt 0.230357 0.403179
vt 0.408001 0.211704
vt 0.228940 0.401364
vt 0.410516 0.242032
vt 0.227504 0.399601
vt 0.412823 0.272437
vt 0.226062 0.397905
vt 0.414896 0.302932
vt 0.224616 0.396287
vt 0.416704 0.333527
vt 0.223159 0.394751
vt 0.418205 0.364231
vt 0.221686 0.393302
vt 0.418205 0.873020
vt 0.219164 0.873754
vt 0.408666 0.878916
vt 0.221034 0.880260
vt 0.399037 0.884632
vt 0.223029 0.887430
vt 0.389320 0.890151
vt 0.225245 0.895870
vt 0.379518 0.895451
vt 0.227945 0.907328
vt 0.369634 0.900509
vt 0.230837 0.919179
vt 0.359673 0.905301
vt 0.233944 0.931434
vt 0.349640 0.909800
vt 0.237171 0.943335
vt 0.339543 0.913982
vt 0.240236 0.953074
vt 0.329388 0.917820
vt 0.243282 0.961780
vt 0.319180 0.921288
vt 0.246366 0.969874
vt 0.308926 0.924361
vt 0.249517 0.977556
vt 0.298636 0.927012
vt 0.252788 0.985205
vt 0.293475 0.932337
vt 0.245069 0.999826
vt 0.282422 0.931618
vt 0.250254 0.983853
vt 0.271427 0.930369
vt 0.255145 0.967828
vt 0.260501 0.928618
vt 0.259752 0.951749
vt 0.249655 0.926388
vt 0.264085 0.935616
vt 0.238895 0.923706
vt 0.268151 0.919427
vt 0.228232 0.920594
vt 0.271960 0.903180
vt 0.217670 0.917076
vt 0.275515 0.886873
vt 0.207218 0.913173
vt 0.278824 0.870507
vt 0.196881 0.908907
vt 0.281891 0.854078
vt 0.186664 0.904298
vt 0.282654 0.843899
vt 0.176573 0.899360
vt 0.283268 0.833724
vt 0.166612 0.894106
vt 0.283779 0.823573
vt 0.094758 0.772777
vt 0.199286 0.677164
vt 0.087267 0.743676
vt 0.142138 0.644913
vt 0.037440 0.715164
vt 0.071313 0.653991
vt 0.036761 0.712955
vt 0.071659 0.655164
vt 0.036095 0.710729
vt 0.071377 0.655355
vt 0.035442 0.708485
vt 0.070850 0.655168
vt 0.034806 0.706224
vt 0.070214 0.654815
vt 0.034189 0.703946
vt 0.069512 0.654369
vt 0.033593 0.701651
vt 0.068764 0.653862
vt 0.033021 0.699339
vt 0.067982 0.653311
vt 0.032475 0.697012
vt 0.067173 0.652728
vt 0.031958 0.694671
vt 0.066339 0.652119
vt 0.031472 0.692315
vt 0.065485 0.651489
vt 0.031020 0.689946
vt 0.064620 0.650862
vt 0.030605 0.687566
vt 0.063746 0.650238
vt 0.026818 0.682001
vt 0.059837 0.649144
vt 0.026392 0.679583
vt 0.058839 0.648027
vt 0.026034 0.677176
vt 0.057841 0.646921
vt 0.025743 0.674780
vt 0.056842 0.645825
vt 0.025518 0.672397
vt 0.055843 0.644741
vt 0.025358 0.670027
vt 0.054838 0.643669
vt 0.025263 0.667672
vt 0.053829 0.642611
vt 0.025230 0.665332
vt 0.052814 0.641566
vt 0.025261 0.663007
vt 0.051794 0.640535
vt 0.025353 0.660699
vt 0.050769 0.639517
vt 0.025505 0.658408
vt 0.049738 0.638513
vt 0.025718 0.656135
vt 0.048701 0.637523
vt 0.025989 0.653881
vt 0.047657 0.636547
vt 0.014504 0.635447
vt 0.033758 0.617014
vt 0.012518 0.629919
vt 0.024662 0.614702
vt 0.008041 0.624250
vt 0.018400 0.615317
vt 0.007973 0.623725
vt 0.017977 0.615299
vt 0.008077 0.623407
vt 0.017672 0.615325
vt 0.008195 0.623107
vt 0.017383 0.615355
vt 0.008321 0.622818
vt 0.017106 0.615386
vt 0.008451 0.622535
vt 0.016838 0.615416
vt 0.008582 0.622255
vt 0.016578 0.615443
vt 0.008711 0.621974
vt 0.016324 0.615467
vt 0.008835 0.621690
vt 0.016073 0.615485
vt 0.008954 0.621402
vt 0.015827 0.615499
vt 0.009068 0.621110
vt 0.015583 0.615507
vt 0.009175 0.620815
vt 0.015345 0.615512
vt 0.009278 0.620518
vt 0.015104 0.615510
vt 0.009377 0.620219
vt 0.014949 0.615561
vt 0.009537 0.619998
vt 0.014724 0.615622
vt 0.009708 0.619792
vt 0.014502 0.615689
vt 0.009887 0.619598
vt 0.014283 0.615759
vt 0.010074 0.619416
vt 0.014065 0.615834
vt 0.010268 0.619242
vt 0.013849 0.615911
vt 0.010466 0.619077
vt 0.013633 0.615991
vt 0.010669 0.618918
vt 0.013417 0.616072
vt 0.010875 0.618764
vt 0.013200 0.616155
vt 0.011083 0.618615
vt 0.012983 0.616238
vt 0.011292 0.618470
vt 0.012765 0.616321
vt 0.011503 0.618330
vt 0.012545 0.616405
vt 0.011716 0.618195
vt 0.012323 0.616489
vt 0.010819 0.617804
vt 0.011344 0.616615
vt 0.010760 0.617755
vt 0.011296 0.616595
vt 0.010704 0.617706
vt 0.011249 0.616575
vt 0.010650 0.617655
vt 0.011204 0.616554
vt 0.010600 0.617604
vt 0.011160 0.616534
vt 0.010552 0.617552
vt 0.011117 0.616514
vt 0.010507 0.617500
vt 0.011075 0.616494
vt 0.010464 0.617447
vt 0.011034 0.616474
vt 0.010424 0.617393
vt 0.010995 0.616455
vt 0.010387 0.617340
vt 0.010956 0.616435
vt 0.010353 0.617286
vt 0.010919 0.616416
vt 0.010321 0.617231
vt 0.010882 0.616396
vt 0.010292 0.617177
vt 0.010846 0.616377
vt 0.010260 0.617119
vt 0.010806 0.616341
vt 0.010232 0.617062
vt 0.010765 0.616305
vt 0.010206 0.617004
vt 0.010724 0.616270
vt 0.010183 0.616946
vt 0.010682 0.616236
vt 0.010163 0.616888
vt 0.010641 0.616202
vt 0.010146 0.616831
vt 0.010599 0.616170
vt 0.010131 0.616773
vt 0.010557 0.616138
vt 0.010119 0.616717
vt 0.010514 0.616106
vt 0.010110 0.616660
vt 0.010472 0.616076
vt 0.010103 0.616604
vt 0.010429 0.616046
vt 0.010099 0.616549
vt 0.010385 0.616017
vt 0.010098 0.616494
vt 0.010342 0.615989
vt 0.009881 0.616330
vt 0.010066 0.615769
vt 0.009817 0.616270
vt 0.009822 0.615755
vt 0.009445 0.616313
vt 0.009393 0.615933
vt 0.009440 0.616304
vt 0.009397 0.615938
vt 0.009435 0.616295
vt 0.009398 0.615943
vt 0.009430 0.616287
vt 0.009398 0.615947
vt 0.009425 0.616278
vt 0.009398 0.615952
vt 0.009420 0.616270
vt 0.009398 0.615956
vt 0.009416 0.616261
vt 0.009397 0.615961
vt 0.009411 0.616252
vt 0.009397 0.615965
vt 0.009406 0.616244
vt 0.009396 0.615969
vt 0.009402 0.616235
vt 0.009395 0.615974
vt 0.009397 0.616226
vt 0.009394 0.615978
vt 0.009393 0.616218
vt 0.009393 0.615982
vt 0.009389 0.616209
vt 0.009393 0.615986
vt 0.009364 0.616200
vt 0.009381 0.615993
vt 0.009360 0.616192
vt 0.009379 0.615996
vt 0.009356 0.616184
vt 0.009377 0.615999
vt 0.009353 0.616177
vt 0.009376 0.616001
vt 0.009350 0.616169
vt 0.009374 0.616004
vt 0.009347 0.616161
vt 0.009373 0.616007
vt 0.009344 0.616153
vt 0.009371 0.616009
vt 0.009342 0.616146
vt 0.009370 0.616012
vt 0.009340 0.616138
vt 0.009369 0.616015
vt 0.009338 0.616130
vt 0.009367 0.616018
vt 0.009336 0.616122
vt 0.009366 0.616020
vt 0.009335 0.616114
vt 0.009365 0.616023
vt 0.009333 0.616107
vt 0.009364 0.616026
vt 0.009264 0.616071
vt 0.009295 0.615996
vt 0.009249 0.616061
vt 0.009280 0.616000
vt 0.009247 0.616058
vt 0.009278 0.616001
vt 0.009246 0.616055
vt 0.009276 0.616001
vt 0.009244 0.616053
vt 0.009274 0.616002
vt 0.009243 0.616050
vt 0.009273 0.616003
vt 0.009242 0.616048
vt 0.009271 0.616004
vt 0.009241 0.616045
vt 0.009270 0.616004
vt 0.009240 0.616043
vt 0.009269 0.616004
vt 0.009239 0.616041
vt 0.009268 0.616003
vt 0.009238 0.616039
vt 0.009267 0.616003
vt 0.009237 0.616036
vt 0.009266 0.616003
vt 0.009236 0.616034
vt 0.009265 0.616003
vt 0.009235 0.616032
vt 0.009265 0.616002
vt 0.009236 0.616031
vt 0.009264 0.616002
vt 0.009236 0.616030
vt 0.009264 0.616002
vt 0.009236 0.616028
vt 0.009263 0.616002
vt 0.009236 0.616027
vt 0.009263 0.616002
vt 0.009236 0.616026
vt 0.009262 0.616002
vt 0.009236 0.616025
vt 0.009262 0.616002
vt 0.009236 0.616024
vt 0.009261 0.616002
vt 0.009236 0.616023
vt 0.009261 0.616002
vt 0.009236 0.616022
vt 0.009261 0.616002
vt 0.009236 0.616021
vt 0.009260 0.616002
vt 0.009236 0.616020
vt 0.009260 0.616001
vt 0.009237 0.616019
vt 0.009259 0.616001
vt 0.009237 0.616018
vt 0.009259 0.616002
vt 0.009238 0.616018
vt 0.009259 0.616002
vt 0.009239 0.616018
vt 0.009259 0.616002
vt 0.009239 0.616017
vt 0.009259 0.616002
vt 0.009240 0.616017
vt 0.009259 0.616003
vt 0.009241 0.616017
vt 0.009258 0.616003
vt 0.009241 0.616017
vt 0.009258 0.616003
vt 0.009242 0.616016
vt 0.009258 0.616004
vt 0.009243 0.616016
vt 0.009258 0.616004
vt 0.009243 0.616016
vt 0.009258 0.616004
vt 0.009244 0.616015
vt 0.009258 0.616004
vt 0.009245 0.616015
vt 0.009257 0.616005
vt 0.009245 0.616015
vt 0.009257 0.616005
vt 0.009246 0.616015
vt 0.009257 0.616005
vt 0.009246 0.616014
vt 0.009257 0.616006
vt 0.009247 0.616014
vt 0.009257 0.616006
vt 0.009248 0.616014
vt 0.009257 0.616006
vt 0.009249 0.616014
vt 0.009257 0.616007
vt 0.009249 0.616013
vt 0.009256 0.616007
vt 0.009250 0.616013
vt 0.009256 0.616007
vt 0.009251 0.616013
vt 0.009256 0.616007
vt 0.009251 0.616013
vt 0.009256 0.616008
vt 0.009252 0.616012
vt 0.009256 0.616008
vt 0.009253 0.616012
vt 0.009256 0.616008
vt 0.009253 0.616012
vt 0.009255 0.616009
vt 0.009253 0.616011
vt 0.009255 0.616009
vt 0.009253 0.616011
vt 0.009254 0.616009
vt 0.009254 0.616011
vt 0.009254 0.616010
vt 0.009254 0.616011
vt 0.009254 0.616010
vt 0.009254 0.616011
vt 0.009253 0.616010
vt 0.009254 0.616012
vt 0.009253 0.616010
vt 0.009254 0.616012
vt 0.009253 0.616011
vt 0.009255 0.616012
vt 0.009253 0.616011
vt 0.009255 0.616013
vt 0.009253 0.616011
vt 0.009255 0.616013
vt 0.009253 0.616012
vt 0.009255 0.616013
vt 0.009253 0.616012
vt 0.009255 0.616014
vt 0.009253 0.616012
vt 0.009255 0.616014
vt 0.009253 0.616012
vt 0.009255 0.616015
vt 0.009253 0.616012
vt 0.009255 0.616015
vt 0.009253 0.616012
vt 0.009255 0.616015
vt 0.009254 0.616013
vt 0.009255 0.616016
vt 0.009254 0.616013
vt 0.009255 0.616016
vt 0.009254 0.616013
vt 0.009255 0.616017
vt 0.009254 0.616013
vt 0.009255 0.616017
vt 0.009254 0.616013
vt 0.009255 0.616017
vt 0.009254 0.616013
vt 0.009255 0.616018
vt 0.009254 0.616013
vt 0.009255 0.616018
vt 0.009254 0.616013
vt 0.009254 0.616018
vt 0.009254 0.616014
vt 0.009254 0.616019
vt 0.009254 0.616014
vt 0.009254 0.616019
vt 0.009254 0.616014
vt 0.009254 0.616020
vt 0.009254 0.616014
vt 0.009254 0.616020
vt 0.009254 0.616014
vt 0.009253 0.616020
vt 0.009254 0.616014
vt 0.009253 0.616021
vt 0.009254 0.616014
vt 0.009253 0.616021
vt 0.009254 0.616015
vt 0.009252 0.616022
vt 0.009254 0.616015
vt 0.009252 0.616022
vt 0.009254 0.616015
vt 0.009252 0.616022
vt 0.009254 0.616015
vt 0.009252 0.616023
vt 0.009254 0.616015
vt 0.009251 0.616023
vt 0.009254 0.616015
vt 0.009251 0.616023
vt 0.009254 0.616015
vt 0.009251 0.616024
vt 0.009254 0.616015
vt 0.009251 0.616024
vt 0.009254 0.616015
vt 0.009250 0.616024
vt 0.009254 0.616015
vt 0.009250 0.616025
vt 0.009254 0.616015
vt 0.009250 0.616025
vt 0.009254 0.616015
vt 0.009250 0.616026
vt 0.009254 0.616015
vt 0.009249 0.616026
vt 0.009254 0.616015
vt 0.009249 0.616026
vt 0.009254 0.616015
vt 0.009249 0.616027
vt 0.009254 0.616015
vt 0.009249 0.616027
vt 0.009254 0.616015
vt 0.009248 0.616027
vt 0.009254 0.616015
vt 0.009248 0.616028
vt 0.009254 0.616015
vt 0.009248 0.616028
vt 0.009254 0.616015
vt 0.009247 0.616028
vt 0.009254 0.616015
vt 0.009247 0.616029
vt 0.009254 0.616015
vt 0.009247 0.616029
vt 0.009254 0.616015
vt 0.009247 0.616029
vt 0.009254 0.616015
vt 0.009246 0.616030
vt 0.009254 0.616015
vt 0.009246 0.616030
vt 0.009254 0.616015
vt 0.009246 0.616030
vt 0.009254 0.616015
vt 0.009245 0.616031
vt 0.009254 0.616015
vt 0.009245 0.616031
vt 0.009254 0.616015
vt 0.009244 0.616031
vt 0.009254 0.616015
vt 0.009244 0.616031
vt 0.009254 0.616015
vt 0.009244 0.616032
vt 0.009254 0.616015
vt 0.009243 0.616032
vt 0.009254 0.616015
vt 0.009243 0.616032
vt 0.009254 0.616015
vt 0.009243 0.616033
vt 0.009254 0.616015
vt 0.009242 0.616033
vt 0.009254 0.616015
vt 0.009242 0.616033
vt 0.009254 0.616015
vt 0.009241 0.616033
vt 0.009254 0.616015
vt 0.009241 0.616034
vt 0.009254 0.616015
vt 0.009240 0.616034
vt 0.009254 0.616015
vt 0.009240 0.616034
vt 0.009254 0.616015
vt 0.009239 0.616034
vt 0.009253 0.616015
vt 0.009237 0.616033
vt 0.009253 0.616014
vt 0.009236 0.616033
vt 0.009253 0.616014
vt 0.009234 0.616032
vt 0.009252 0.616013
vt 0.009233 0.616032
vt 0.009252 0.616013
vt 0.009231 0.616031
vt 0.009252 0.616012
vt 0.009229 0.616030
vt 0.009252 0.616011
vt 0.009228 0.616029
vt 0.009252 0.616010
vt 0.009226 0.616029
vt 0.009252 0.616009
vt 0.009224 0.616028
vt 0.009252 0.616008
vt 0.009222 0.616027
vt 0.009253 0.616007
vt 0.009221 0.616026
vt 0.009253 0.616006
vt 0.009214 0.616017
vt 0.009250 0.615995
vt 0.009196 0.615991
vt 0.009231 0.615968
vt 0.009194 0.615990
vt 0.009231 0.615966
vt 0.009192 0.615988
vt 0.009230 0.615965
vt 0.009191 0.615987
vt 0.009230 0.615963
vt 0.009190 0.615986
vt 0.009229 0.615962
vt 0.009188 0.615984
vt 0.009229 0.615961
vt 0.009187 0.615983
vt 0.009229 0.615960
vt 0.009186 0.615982
vt 0.009228 0.615959
vt 0.009185 0.615982
vt 0.009228 0.615958
vt 0.009184 0.615981
vt 0.009228 0.615957
vt 0.009183 0.615980
vt 0.009227 0.615957
vt 0.009182 0.615979
vt 0.009227 0.615956
vt 0.009181 0.615979
vt 0.009227 0.615956
vt 0.009180 0.615978
vt 0.009226 0.615955
vt 0.009179 0.615978
vt 0.009226 0.615955
vt 0.009178 0.615977
vt 0.009226 0.615954
vt 0.009177 0.615976
vt 0.009225 0.615954
vt 0.009176 0.615975
vt 0.009225 0.615953
vt 0.009175 0.615974
vt 0.009224 0.615952
vt 0.009174 0.615973
vt 0.009224 0.615951
vt 0.009173 0.615971
vt 0.009223 0.615950
vt 0.009172 0.615970
vt 0.009223 0.615949
vt 0.009171 0.615968
vt 0.009222 0.615947
vt 0.009169 0.615966
vt 0.009221 0.615946
vt 0.009168 0.615964
vt 0.009221 0.615944
vt 0.009167 0.615962
vt 0.009220 0.615943
vt 0.009166 0.615961
vt 0.009220 0.615942
vt 0.009165 0.615960
vt 0.009220 0.615942
vt 0.009164 0.615959
vt 0.009219 0.615941
vt 0.009164 0.615958
vt 0.009219 0.615940
vt 0.009163 0.615957
vt 0.009219 0.615940
vt 0.009162 0.615956
vt 0.009219 0.615939
vt 0.009161 0.615955
vt 0.009218 0.615939
vt 0.009161 0.615954
vt 0.009218 0.615939
vt 0.009160 0.615953
vt 0.009218 0.615938
vt 0.009159 0.615952
vt 0.009218 0.615938
vt 0.009159 0.615952
vt 0.009217 0.615938
vt 0.009158 0.615951
vt 0.009217 0.615938
vt 0.009157 0.615950
vt 0.009217 0.615937
vt 0.009157 0.615949
vt 0.009217 0.615937
vt 0.009156 0.615949
vt 0.009217 0.615937
vt 0.009155 0.615948
vt 0.009217 0.615937
vt 0.009155 0.615947
vt 0.009217 0.615937
vt 0.009154 0.615946
vt 0.009217 0.615937
vt 0.009154 0.615946
vt 0.009216 0.615937
vt 0.009153 0.615945
vt 0.009216 0.615937
vt 0.009152 0.615944
vt 0.009216 0.615937
vt 0.009152 0.615943
vt 0.009216 0.615937
vt 0.009151 0.615942
vt 0.009216 0.615937
vt 0.009145 0.615866
vt 0.009266 0.615871
vt 0.009103 0.615843
vt 0.009284 0.615811
vt 0.009039 0.615743
vt 0.009273 0.615699
vt 0.008997 0.615738
vt 0.009287 0.615683
vt 0.008954 0.615732
vt 0.009301 0.615667
vt 0.008912 0.615724
vt 0.009314 0.615652
vt 0.008870 0.615715
vt 0.009328 0.615636
vt 0.008828 0.615705
vt 0.009341 0.615622
vt 0.008786 0.615695
vt 0.009355 0.615607
vt 0.008744 0.615685
vt 0.009368 0.615593
vt 0.008702 0.615675
vt 0.009382 0.615580
vt 0.008661 0.615665
vt 0.009395 0.615568
vt 0.008620 0.615656
vt 0.009408 0.615556
vt 0.008579 0.615648
vt 0.009421 0.615545
vt 0.008538 0.615641
vt 0.009434 0.615534
vt 0.008498 0.615633
vt 0.009447 0.615520
vt 0.008457 0.615623
vt 0.009460 0.615509
vt 0.008416 0.615610
vt 0.009473 0.615496
vt 0.008375 0.615595
vt 0.009486 0.615482
vt 0.008334 0.615576
vt 0.009499 0.615467
vt 0.008292 0.615554
vt 0.009512 0.615450
vt 0.008251 0.615528
vt 0.009525 0.615432
vt 0.008209 0.615498
vt 0.009539 0.615412
vt 0.008168 0.615464
vt 0.009553 0.615390
vt 0.008127 0.615425
vt 0.009567 0.615366
vt 0.008085 0.615381
vt 0.009582 0.615340
vt 0.008045 0.615333
vt 0.009598 0.615312
vt 0.008004 0.615303
vt 0.009612 0.615296
vt 0.007964 0.615274
vt 0.009627 0.615281
vt 0.007924 0.615245
vt 0.009642 0.615266
vt 0.007884 0.615217
vt 0.009656 0.615253
vt 0.007845 0.615190
vt 0.009671 0.615240
vt 0.007805 0.615164
vt 0.009685 0.615228
vt 0.007766 0.615139
vt 0.009700 0.615216
vt 0.007727 0.615114
vt 0.009714 0.615206
vt 0.007687 0.615091
vt 0.009729 0.615197
vt 0.007648 0.615068
vt 0.009743 0.615188
vt 0.007609 0.615047
vt 0.009757 0.615180
vt 0.007570 0.615026
vt 0.009771 0.615173
vt 0.007531 0.615003
vt 0.009785 0.615165
vt 0.007492 0.614977
vt 0.009800 0.615157
vt 0.007454 0.614949
vt 0.009814 0.615147
vt 0.007416 0.614919
vt 0.009829 0.615137
vt 0.007378 0.614885
vt 0.009844 0.615126
vt 0.007341 0.614847
vt 0.009859 0.615113
vt 0.007305 0.614806
vt 0.009875 0.615100
vt 0.007269 0.614761
vt 0.009891 0.615085
vt 0.007234 0.614711
vt 0.009908 0.615068
vt 0.007199 0.614658
vt 0.009925 0.615051
vt 0.007166 0.614599
vt 0.009944 0.615031
vt 0.007133 0.614536
vt 0.009903 0.615039
vt 0.007152 0.614196
vt 0.009945 0.614786
vt 0.007461 0.612521
vt 0.010489 0.613273
vt 0.007341 0.612474
vt 0.010502 0.613208
vt 0.007220 0.612426
vt 0.010517 0.613148
vt 0.007098 0.612377
vt 0.010533 0.613093
vt 0.006975 0.612324
vt 0.010551 0.613041
vt 0.006853 0.612266
vt 0.010571 0.612993
vt 0.006731 0.612201
vt 0.010594 0.612947
vt 0.006611 0.612126
vt 0.010619 0.612901
vt 0.006491 0.612041
vt 0.010647 0.612856
vt 0.006374 0.611943
vt 0.010679 0.612811
vt 0.006259 0.611830
vt 0.010714 0.612765
vt 0.006146 0.611701
vt 0.010754 0.612717
vt 0.006037 0.611554
vt 0.010800 0.612666
vt 0.005916 0.611454
vt 0.010816 0.612629
vt 0.005794 0.611356
vt 0.010830 0.612593
vt 0.005671 0.611260
vt 0.010843 0.612557
vt 0.005548 0.611166
vt 0.010854 0.612521
vt 0.005424 0.611074
vt 0.010864 0.612485
vt 0.005299 0.610983
vt 0.010873 0.612448
vt 0.005175 0.610891
vt 0.010881 0.612408
vt 0.005051 0.610798
vt 0.010888 0.612367
vt 0.004928 0.610700
vt 0.010895 0.612321
vt 0.004806 0.610598
vt 0.010901 0.612272
vt 0.004687 0.610487
vt 0.010906 0.612217
vt 0.418552 0.666794
vt 0.598964 0.666794
vt 0.515032 0.719342
vt 0.515716 0.718827
vt 0.611697 0.771012
vt 0.514510 0.718954
vt 0.431309 0.770946
vt 0.515173 0.718441
vt 0.418552 0.567625
vt 0.603355 0.567625
vt 0.517571 0.618035
vt 0.519256 0.616771
vt 0.617367 0.666447
vt 0.516220 0.617084
vt 0.432265 0.666146
vt 0.517901 0.615888
vt 0.590809 0.771359
vt 0.602507 0.871365
vt 0.509776 0.821403
vt 0.510415 0.821873
vt 0.430183 0.871296
vt 0.510548 0.820815
vt 0.418552 0.771359
vt 0.511187 0.821269
vt 0.787350 0.013058
vt 0.674407 0.052306
vt 0.486726 0.015604
vt 0.418552 0.000173
vt 0.640367 0.014757
vt 0.498536 0.009801
vt 0.679859 0.000173
vt 0.474868 0.014080
s 0
usemtl マテリアル.003
f 312/1/1 314/2/1 313/3/1
f 311/4/1 314/2/1 312/1/1
f 310/5/1 314/2/1 311/4/1
f 310/5/1 315/6/1 314/2/1
f 309/7/1 315/6/1 310/5/1
f 308/8/1 315/6/1 309/7/1
f 308/8/1 316/9/1 315/6/1
f 307/10/1 316/9/1 308/8/1
f 306/11/1 316/9/1 307/10/1
f 306/11/1 317/12/1 316/9/1
f 305/13/1 317/12/1 306/11/1
f 304/14/1 317/12/1 305/13/1
f 304/14/1 318/15/1 317/12/1
f 303/16/1 318/15/1 304/14/1
f 303/16/1 319/17/1 318/15/1
f 302/18/1 319/17/1 303/16/1
f 301/19/1 319/17/1 302/18/1
f 301/19/1 320/20/1 319/17/1
f 300/21/1 320/20/1 301/19/1
f 300/21/1 321/22/1 320/20/1
f 300/21/1 322/23/1 321/22/1
f 299/24/1 322/23/1 300/21/1
f 299/24/1 323/25/1 322/23/1
f 299/24/1 324/26/1 323/25/1
f 298/27/1 324/26/1 299/24/1
f 298/27/1 325/28/1 324/26/1
f 298/27/1 326/29/1 325/28/1
f 298/27/1 327/30/1 326/29/1
f 298/27/1 328/31/1 327/30/1
f 297/32/1 328/31/1 298/27/1
f 297/32/1 329/33/1 328/31/1
f 297/32/1 330/34/1 329/33/1
f 297/32/1 331/35/1 330/34/1
f 296/36/1 331/35/1 297/32/1
f 296/36/1 332/37/1 331/35/1
f 296/36/1 333/38/1 332/37/1
f 296/36/1 334/39/1 333/38/1
f 296/36/1 335/40/1 334/39/1
f 295/41/1 335/40/1 296/36/1
f 295/41/1 336/42/1 335/40/1
f 295/41/1 337/43/1 336/42/1
f 295/41/1 338/44/1 337/43/1
f 295/41/1 339/45/1 338/44/1
f 294/46/1 339/45/1 295/41/1
f 294/46/1 340/47/1 339/45/1
f 294/46/1 361/48/1 340/47/1
f 361/48/1 341/49/1 340/47/1
f 294/46/1 362/50/1 361/48/1
f 360/51/1 341/49/1 361/48/1
f 360/51/1 342/52/1 341/49/1
f 359/53/1 342/52/1 360/51/1
f 359/53/1 343/54/1 342/52/1
f 358/55/1 343/54/1 359/53/1
f 293/56/1 362/50/1 294/46/1
f 357/57/1 343/54/1 358/55/1
f 357/57/1 344/58/1 343/54/1
f 356/59/1 344/58/1 357/57/1
f 293/56/1 363/60/1 362/50/1
f 356/59/1 345/61/1 344/58/1
f 355/62/1 345/61/1 356/59/1
f 354/63/1 345/61/1 355/62/1
f 354/63/1 346/64/1 345/61/1
f 353/65/1 346/64/1 354/63/1
f 353/65/1 347/66/1 346/64/1
f 352/67/1 347/66/1 353/65/1
f 351/68/1 347/66/1 352/67/1
f 351/68/1 348/69/1 347/66/1
f 350/70/1 348/69/1 351/68/1
f 350/70/1 349/71/1 348/69/1
f 293/56/1 364/72/1 363/60/1
f 292/73/1 364/72/1 293/56/1
f 292/73/1 365/74/1 364/72/1
f 292/73/1 366/75/1 365/74/1
f 291/76/1 366/75/1 292/73/1
f 291/76/1 367/77/1 366/75/1
f 291/76/1 368/78/1 367/77/1
f 290/79/1 368/78/1 291/76/1
f 290/79/1 369/80/1 368/78/1
f 290/79/1 370/81/1 369/80/1
f 290/79/1 371/82/1 370/81/1
f 289/83/1 371/82/1 290/79/1
f 289/83/1 372/84/1 371/82/1
f 289/83/1 373/85/1 372/84/1
f 288/86/1 373/85/1 289/83/1
f 287/87/1 373/85/1 288/86/1
f 286/88/1 373/85/1 287/87/1
f 285/89/1 373/85/1 286/88/1
f 284/90/1 373/85/1 285/89/1
f 283/91/1 373/85/1 284/90/1
f 283/91/1 241/92/1 373/85/1
f 241/92/1 374/93/1 373/85/1
f 282/94/1 241/92/1 283/91/1
f 281/95/1 241/92/1 282/94/1
f 280/96/1 241/92/1 281/95/1
f 279/97/1 241/92/1 280/96/1
f 278/98/1 241/92/1 279/97/1
f 277/99/1 241/92/1 278/98/1
f 276/100/1 241/92/1 277/99/1
f 275/101/1 241/92/1 276/100/1
f 274/102/1 241/92/1 275/101/1
f 274/102/1 242/103/1 241/92/1
f 240/104/1 374/93/1 241/92/1
f 273/105/1 242/103/1 274/102/1
f 273/105/1 243/106/1 242/103/1
f 272/107/1 243/106/1 273/105/1
f 271/108/1 243/106/1 272/107/1
f 271/108/1 244/109/1 243/106/1
f 270/110/1 244/109/1 271/108/1
f 270/110/1 245/111/1 244/109/1
f 269/112/1 245/111/1 270/110/1
f 269/112/1 246/113/1 245/111/1
f 268/114/1 246/113/1 269/112/1
f 267/115/1 246/113/1 268/114/1
f 267/115/1 247/116/1 246/113/1
f 266/117/1 247/116/1 267/115/1
f 265/118/1 247/116/1 266/117/1
f 264/119/1 247/116/1 265/118/1
f 264/119/1 248/120/1 247/116/1
f 263/121/1 248/120/1 264/119/1
f 262/122/1 248/120/1 263/121/1
f 262/122/1 249/123/1 248/120/1
f 261/124/1 249/123/1 262/122/1
f 260/125/1 249/123/1 261/124/1
f 260/125/1 250/126/1 249/123/1
f 259/127/1 250/126/1 260/125/1
f 258/128/1 250/126/1 259/127/1
f 258/128/1 251/129/1 250/126/1
f 257/130/1 251/129/1 258/128/1
f 256/131/1 251/129/1 257/130/1
f 256/131/1 252/132/1 251/129/1
f 255/133/1 252/132/1 256/131/1
f 254/134/1 252/132/1 255/133/1
f 254/134/1 253/135/1 252/132/1
f 386/136/1 388/137/1 387/138/1
f 386/136/1 389/139/1 388/137/1
f 385/140/1 389/139/1 386/136/1
f 385/140/1 390/141/1 389/139/1
f 384/142/1 390/141/1 385/140/1
f 384/142/1 391/143/1 390/141/1
f 383/144/1 391/143/1 384/142/1
f 383/144/1 392/145/1 391/143/1
f 382/146/1 392/145/1 383/144/1
f 382/146/1 393/147/1 392/145/1
f 381/148/1 393/147/1 382/146/1
f 381/148/1 394/149/1 393/147/1
f 381/148/1 395/150/1 394/149/1
f 380/151/1 395/150/1 381/148/1
f 380/151/1 396/152/1 395/150/1
f 379/153/1 396/152/1 380/151/1
f 379/153/1 397/154/1 396/152/1
f 378/155/1 397/154/1 379/153/1
f 378/155/1 398/156/1 397/154/1
f 377/157/1 398/156/1 378/155/1
f 377/157/1 399/158/1 398/156/1
f 376/159/1 399/158/1 377/157/1
f 376/159/1 400/160/1 399/158/1
f 376/159/1 401/161/1 400/160/1
f 376/159/1 402/162/1 401/161/1
f 375/163/1 402/162/1 376/159/1
f 226/164/1 228/165/1 227/166/1
f 375/163/1 403/167/1 402/162/1
f 226/164/1 229/168/1 228/165/1
f 226/164/1 230/169/1 229/168/1
f 375/163/1 404/170/1 403/167/1
f 226/164/1 231/171/1 230/169/1
f 226/164/1 232/172/1 231/171/1
f 226/164/1 233/173/1 232/172/1
f 226/164/1 234/174/1 233/173/1
f 375/163/1 405/175/1 404/170/1
f 226/164/1 235/176/1 234/174/1
f 226/164/1 236/177/1 235/176/1
f 226/164/1 237/178/1 236/177/1
f 226/164/1 238/179/1 237/178/1
f 226/164/1 239/180/1 238/179/1
f 226/164/1 225/181/1 239/180/1
f 225/181/1 224/182/1 239/180/1
f 224/182/1 223/183/1 239/180/1
f 223/183/1 222/184/1 239/180/1
f 222/184/1 221/185/1 239/180/1
f 221/185/1 220/186/1 239/180/1
f 220/186/1 219/187/1 239/180/1
f 219/187/1 218/188/1 239/180/1
f 218/188/1 217/189/1 239/180/1
f 217/189/1 240/104/1 239/180/1
f 217/189/1 216/190/1 240/104/1
f 216/190/1 374/93/1 240/104/1
f 216/190/1 215/191/1 374/93/1
f 215/191/1 375/163/1 374/93/1
f 215/191/1 405/175/1 375/163/1
f 215/191/1 406/192/1 405/175/1
f 215/191/1 407/193/1 406/192/1
f 215/191/1 408/194/1 407/193/1
f 215/191/1 409/195/1 408/194/1
f 215/191/1 410/196/1 409/195/1
f 215/191/1 214/197/1 410/196/1
f 214/197/1 411/198/1 410/196/1
f 214/197/1 412/199/1 411/198/1
f 214/197/1 413/200/1 412/199/1
f 214/197/1 414/201/1 413/200/1
f 214/197/1 415/202/1 414/201/1
f 214/197/1 416/203/1 415/202/1
f 214/197/1 417/204/1 416/203/1
f 214/197/1 418/205/1 417/204/1
f 214/197/1 419/206/1 418/205/1
f 214/197/1 420/207/1 419/206/1
f 214/197/1 421/208/1 420/207/1
f 214/197/1 422/209/1 421/208/1
f 214/197/1 423/210/1 422/209/1
f 213/211/2 423/210/2 214/197/2
f 212/212/1 424/213/1 213/211/1
f 424/213/1 423/210/1 213/211/1
f 212/212/1 425/214/1 424/213/1
f 198/215/1 200/216/1 199/217/1
f 437/218/1 439/219/1 438/220/1
f 437/218/1 440/221/1 439/219/1
f 436/222/1 440/221/1 437/218/1
f 436/222/1 441/223/1 440/221/1
f 435/224/1 441/223/1 436/222/1
f 198/215/1 201/225/1 200/216/1
f 435/224/1 442/226/1 441/223/1
f 434/227/1 442/226/1 435/224/1
f 434/227/1 443/228/1 442/226/1
f 433/229/1 443/228/1 434/227/1
f 198/215/1 202/230/1 201/225/1
f 197/231/1 202/230/1 198/215/1
f 433/229/1 444/232/1 443/228/1
f 432/233/1 444/232/1 433/229/1
f 432/233/1 445/234/1 444/232/1
f 197/231/1 203/235/1 202/230/1
f 431/236/1 445/234/1 432/233/1
f 431/236/1 446/237/1 445/234/1
f 197/231/1 204/238/1 203/235/1
f 196/239/1 204/238/1 197/231/1
f 430/240/1 446/237/1 431/236/1
f 430/240/1 447/241/1 446/237/1
f 196/239/1 205/242/1 204/238/1
f 429/243/1 447/241/1 430/240/1
f 429/243/1 448/244/1 447/241/1
f 196/239/1 206/245/1 205/242/1
f 195/246/1 206/245/1 196/239/1
f 428/247/1 448/244/1 429/243/1
f 195/246/1 207/248/1 206/245/1
f 428/247/1 449/249/1 448/244/1
f 195/246/1 208/250/1 207/248/1
f 428/247/1 450/251/1 449/249/1
f 427/252/1 450/251/1 428/247/1
f 194/253/1 208/250/1 195/246/1
f 194/253/1 209/254/1 208/250/1
f 427/252/1 451/255/1 450/251/1
f 194/253/1 210/256/1 209/254/1
f 426/257/1 451/255/1 427/252/1
f 426/257/1 452/258/1 451/255/1
f 194/253/1 211/259/1 210/256/1
f 193/260/1 211/259/1 194/253/1
f 426/257/1 453/261/1 452/258/1
f 193/260/1 212/212/1 211/259/1
f 193/260/1 425/214/1 212/212/1
f 193/260/1 426/257/1 425/214/1
f 193/260/1 453/261/1 426/257/1
f 193/260/1 454/262/1 453/261/1
f 193/260/1 455/263/1 454/262/1
f 192/264/1 455/263/1 193/260/1
f 192/264/1 456/265/1 455/263/1
f 192/264/1 457/266/1 456/265/1
f 192/264/1 458/267/1 457/266/1
f 192/264/1 459/268/1 458/267/1
f 192/264/1 460/269/1 459/268/1
f 191/270/1 510/271/1 192/264/1
f 510/271/1 460/269/1 192/264/1
f 510/271/1 461/272/1 460/269/1
f 510/271/1 462/273/1 461/272/1
f 510/271/1 509/274/1 462/273/1
f 509/274/1 507/275/1 462/273/1
f 507/275/1 506/276/1 462/273/1
f 506/276/1 463/277/1 462/273/1
f 191/270/1 511/278/1 510/271/1
f 508/279/1 507/275/1 509/274/1
f 508/279/1 504/280/1 507/275/1
f 505/281/1 463/277/1 506/276/1
f 505/281/1 464/282/1 463/277/1
f 505/281/1 465/283/1 464/282/1
f 190/284/1 511/278/1 191/270/1
f 505/281/1 466/285/1 465/283/1
f 505/281/1 467/286/1 466/285/1
f 505/281/1 468/287/1 467/286/1
f 505/281/1 474/288/1 468/287/1
f 474/288/1 469/289/1 468/287/1
f 189/290/1 511/278/1 190/284/1
f 474/288/1 470/291/1 469/289/1
f 474/288/1 471/292/1 470/291/1
f 474/288/1 472/293/1 471/292/1
f 188/294/1 511/278/1 189/290/1
f 474/288/1 473/295/1 472/293/1
f 505/281/1 475/296/1 474/288/1
f 187/297/1 511/278/1 188/294/1
f 186/298/1 511/278/1 187/297/1
f 505/281/1 476/299/1 475/296/1
f 186/298/1 513/300/1 511/278/1
f 513/300/1 508/279/1 511/278/1
f 513/300/1 504/280/1 508/279/1
f 513/300/1 505/281/1 504/280/1
f 513/300/1 512/301/1 505/281/1
f 512/301/1 503/302/1 505/281/1
f 503/302/1 502/303/1 505/281/1
f 502/303/1 476/299/1 505/281/1
f 186/298/1 514/304/1 513/300/1
f 515/305/1 503/302/1 512/301/1
f 515/305/1 500/306/1 503/302/1
f 501/307/1 476/299/1 502/303/1
f 186/298/1 161/308/1 514/304/1
f 161/308/1 515/305/1 514/304/1
f 161/308/1 500/306/1 515/305/1
f 161/308/1 501/307/1 500/306/1
f 161/308/1 476/299/1 501/307/1
f 186/298/1 162/309/1 161/308/1
f 160/310/1 476/299/1 161/308/1
f 159/311/1 3/312/1 160/310/1
f 3/312/1 476/299/1 160/310/1
f 159/311/1 4/313/1 3/312/1
f 2/314/1 476/299/1 3/312/1
f 1/315/1 476/299/1 2/314/1
f 1/315/1 477/316/1 476/299/1
f 1/315/1 478/317/1 477/316/1
f 499/318/1 478/317/1 1/315/1
f 499/318/1 479/319/1 478/317/1
f 186/298/1 163/320/1 162/309/1
f 498/321/1 479/319/1 499/318/1
f 498/321/1 480/322/1 479/319/1
f 186/298/1 164/323/1 163/320/1
f 185/324/1 164/323/1 186/298/1
f 497/325/1 480/322/1 498/321/1
f 497/325/1 481/326/1 480/322/1
f 185/324/1 165/327/1 164/323/1
f 496/328/1 481/326/1 497/325/1
f 184/329/1 165/327/1 185/324/1
f 496/328/1 482/330/1 481/326/1
f 495/331/1 482/330/1 496/328/1
f 184/329/1 166/332/1 165/327/1
f 183/333/1 166/332/1 184/329/1
f 495/331/1 483/334/1 482/330/1
f 494/335/1 483/334/1 495/331/1
f 182/336/1 166/332/1 183/333/1
f 493/337/1 483/334/1 494/335/1
f 182/336/1 167/338/1 166/332/1
f 493/337/1 484/339/1 483/334/1
f 492/340/1 484/339/1 493/337/1
f 492/340/1 485/341/1 484/339/1
f 181/342/1 167/338/1 182/336/1
f 181/342/1 168/343/1 167/338/1
f 491/344/1 485/341/1 492/340/1
f 491/344/1 486/345/1 485/341/1
f 490/346/1 486/345/1 491/344/1
f 490/346/1 487/347/1 486/345/1
f 489/348/1 487/347/1 490/346/1
f 180/349/1 168/343/1 181/342/1
f 489/348/1 488/350/1 487/347/1
f 180/349/1 169/351/1 168/343/1
f 179/352/1 169/351/1 180/349/1
f 179/352/1 170/353/1 169/351/1
f 178/354/1 170/353/1 179/352/1
f 178/354/1 171/355/1 170/353/1
f 177/356/1 171/355/1 178/354/1
f 177/356/1 172/357/1 171/355/1
f 16/358/1 18/359/1 17/360/1
f 176/361/1 172/357/1 177/356/1
f 16/358/1 19/362/1 18/359/1
f 15/363/1 19/362/1 16/358/1
f 176/361/1 173/364/1 172/357/1
f 15/363/1 20/365/1 19/362/1
f 175/366/1 173/364/1 176/361/1
f 14/367/1 20/365/1 15/363/1
f 175/366/1 174/368/1 173/364/1
f 14/367/1 21/369/1 20/365/1
f 13/370/1 21/369/1 14/367/1
f 13/370/1 22/371/1 21/369/1
f 12/372/1 22/371/1 13/370/1
f 12/372/1 23/373/1 22/371/1
f 11/374/1 23/373/1 12/372/1
f 11/374/1 24/375/1 23/373/1
f 11/374/1 25/376/1 24/375/1
f 10/377/1 25/376/1 11/374/1
f 10/377/1 26/378/1 25/376/1
f 9/379/1 26/378/1 10/377/1
f 9/379/1 27/380/1 26/378/1
f 8/381/1 27/380/1 9/379/1
f 8/381/1 28/382/1 27/380/1
f 7/383/1 28/382/1 8/381/1
f 7/383/1 29/384/1 28/382/1
f 6/385/1 29/384/1 7/383/1
f 6/385/1 30/386/1 29/384/1
f 6/385/1 31/387/1 30/386/1
f 6/385/1 32/388/1 31/387/1
f 5/389/1 32/388/1 6/385/1
f 145/390/1 147/391/1 146/392/1
f 5/389/1 33/393/1 32/388/1
f 145/390/1 148/394/1 147/391/1
f 145/390/1 149/395/1 148/394/1
f 5/389/1 34/396/1 33/393/1
f 145/390/1 150/397/1 149/395/1
f 145/390/1 151/398/1 150/397/1
f 145/390/1 152/399/1 151/398/1
f 145/390/1 153/400/1 152/399/1
f 5/389/1 35/401/1 34/396/1
f 145/390/1 154/402/1 153/400/1
f 145/390/1 155/403/1 154/402/1
f 145/390/1 156/404/1 155/403/1
f 145/390/1 157/405/1 156/404/1
f 145/390/1 158/406/1 157/405/1
f 145/390/1 144/407/1 158/406/1
f 144/407/1 143/408/1 158/406/1
f 143/408/1 142/409/1 158/406/1
f 142/409/1 141/410/1 158/406/1
f 141/410/1 140/411/1 158/406/1
f 140/411/1 139/412/1 158/406/1
f 139/412/1 138/413/1 158/406/1
f 138/413/1 137/414/1 158/406/1
f 137/414/1 159/311/1 158/406/1
f 137/414/1 136/415/1 159/311/1
f 136/415/1 4/313/1 159/311/1
f 136/415/1 135/416/1 4/313/1
f 135/416/1 5/389/1 4/313/1
f 135/416/1 134/417/1 5/389/1
f 134/417/1 35/401/1 5/389/1
f 134/417/1 36/418/1 35/401/1
f 134/417/1 37/419/1 36/418/1
f 134/417/1 38/420/1 37/419/1
f 134/417/1 39/421/1 38/420/1
f 134/417/1 40/422/1 39/421/1
f 134/417/1 41/423/1 40/422/1
f 134/417/1 133/424/1 41/423/1
f 133/424/1 42/425/1 41/423/1
f 133/424/1 43/426/1 42/425/1
f 133/424/1 44/427/1 43/426/1
f 133/424/1 45/428/1 44/427/1
f 133/424/1 46/429/1 45/428/1
f 133/424/1 47/430/1 46/429/1
f 133/424/1 48/431/1 47/430/1
f 133/424/1 49/432/1 48/431/1
f 133/424/1 50/433/1 49/432/1
f 133/424/1 51/434/1 50/433/1
f 133/424/1 52/435/1 51/434/1
f 133/424/1 53/436/1 52/435/1
f 132/437/1 53/436/1 133/424/1
f 131/438/1 54/439/1 132/437/1
f 54/439/1 53/436/1 132/437/1
f 131/438/1 55/440/1 54/439/1
f 67/441/1 69/442/1 68/443/1
f 67/441/1 70/444/1 69/442/1
f 66/445/1 70/444/1 67/441/1
f 66/445/1 71/446/1 70/444/1
f 65/447/1 71/446/1 66/445/1
f 65/447/1 72/448/1 71/446/1
f 64/449/1 72/448/1 65/447/1
f 64/449/1 73/450/1 72/448/1
f 63/451/1 73/450/1 64/449/1
f 63/451/1 74/452/1 73/450/1
f 63/451/1 75/453/1 74/452/1
f 62/454/1 75/453/1 63/451/1
f 62/454/1 76/455/1 75/453/1
f 61/456/1 76/455/1 62/454/1
f 61/456/1 77/457/1 76/455/1
f 60/458/1 77/457/1 61/456/1
f 60/458/1 78/459/1 77/457/1
f 59/460/1 78/459/1 60/458/1
f 59/460/1 79/461/1 78/459/1
f 58/462/1 79/461/1 59/460/1
f 58/462/1 80/463/1 79/461/1
f 58/462/1 81/464/1 80/463/1
f 57/465/1 81/464/1 58/462/1
f 57/465/1 82/466/1 81/464/1
f 57/465/1 83/467/1 82/466/1
f 56/468/1 83/467/1 57/465/1
f 56/468/1 84/469/1 83/467/1
f 117/470/1 119/471/1 118/472/1
f 117/470/1 120/473/1 119/471/1
f 56/468/1 85/474/1 84/469/1
f 117/470/1 121/475/1 120/473/1
f 117/470/1 122/476/1 121/475/1
f 117/470/1 123/477/1 122/476/1
f 56/468/1 86/478/1 85/474/1
f 117/470/1 124/479/1 123/477/1
f 117/470/1 125/480/1 124/479/1
f 117/470/1 126/481/1 125/480/1
f 117/470/1 127/482/1 126/481/1
f 117/470/1 128/483/1 127/482/1
f 117/470/1 129/484/1 128/483/1
f 117/470/1 130/485/1 129/484/1
f 117/470/1 116/486/1 130/485/1
f 116/486/1 115/487/1 130/485/1
f 115/487/1 114/488/1 130/485/1
f 114/488/1 113/489/1 130/485/1
f 113/489/1 112/490/1 130/485/1
f 112/490/1 111/491/1 130/485/1
f 111/491/1 110/492/1 130/485/1
f 110/492/1 131/438/1 130/485/1
f 110/492/1 109/493/1 131/438/1
f 109/493/1 55/440/1 131/438/1
f 109/493/1 108/494/1 55/440/1
f 108/494/1 107/495/1 55/440/1
f 107/495/1 56/468/1 55/440/1
f 107/495/1 86/478/1 56/468/1
f 107/495/1 87/496/1 86/478/1
f 107/495/1 106/497/1 87/496/1
f 106/497/1 88/498/1 87/496/1
f 106/497/1 89/499/1 88/498/1
f 106/497/1 90/500/1 89/499/1
f 106/497/1 91/501/1 90/500/1
f 106/497/1 92/502/1 91/501/1
f 106/497/1 93/503/1 92/502/1
f 106/497/1 105/504/1 93/503/1
f 105/504/1 94/505/1 93/503/1
f 105/504/1 95/506/1 94/505/1
f 105/504/1 96/507/1 95/506/1
f 105/504/1 97/508/1 96/507/1
f 105/504/1 98/509/1 97/508/1
f 105/504/1 99/510/1 98/509/1
f 105/504/1 100/511/1 99/510/1
f 105/504/1 101/512/1 100/511/1
f 105/504/1 102/513/1 101/512/1
f 105/504/1 103/514/1 102/513/1
f 105/504/1 104/515/1 103/514/1
f 827/516/2 828/517/2 829/518/2
f 826/519/2 827/516/2 829/518/2
f 825/520/2 826/519/2 829/518/2
f 825/520/2 829/518/2 830/521/2
f 824/522/2 825/520/2 830/521/2
f 823/523/2 824/522/2 830/521/2
f 823/523/2 830/521/2 831/524/2
f 822/525/2 823/523/2 831/524/2
f 821/526/2 822/525/2 831/524/2
f 821/526/2 831/524/2 832/527/2
f 820/528/2 821/526/2 832/527/2
f 819/529/2 820/528/2 832/527/2
f 819/529/2 832/527/2 833/530/2
f 818/531/2 819/529/2 833/530/2
f 818/531/2 833/530/2 834/532/2
f 817/533/2 818/531/2 834/532/2
f 816/534/2 817/533/2 834/532/2
f 816/534/2 834/532/2 835/535/2
f 815/536/2 816/534/2 835/535/2
f 815/536/2 835/535/2 836/537/2
f 815/536/2 836/537/2 837/538/2
f 814/539/2 815/536/2 837/538/2
f 814/539/2 837/538/2 838/540/2
f 814/539/2 838/540/2 839/541/2
f 813/542/2 814/539/2 839/541/2
f 813/542/2 839/541/2 840/543/2
f 813/542/2 840/543/2 841/544/2
f 813/542/2 841/544/2 842/545/2
f 813/542/2 842/545/2 843/546/2
f 812/547/2 813/542/2 843/546/2
f 812/547/2 843/546/2 844/548/2
f 812/547/2 844/548/2 845/549/2
f 812/547/2 845/549/2 846/550/2
f 811/551/2 812/547/2 846/550/2
f 811/551/2 846/550/2 847/552/2
f 811/551/2 847/552/2 848/553/2
f 811/551/2 848/553/2 849/554/2
f 811/551/2 849/554/2 850/555/2
f 810/556/2 811/551/2 850/555/2
f 810/556/2 850/555/2 851/557/2
f 810/556/2 851/557/2 852/558/2
f 810/556/2 852/558/2 853/559/2
f 810/556/2 853/559/2 854/560/2
f 809/561/2 810/556/2 854/560/2
f 809/561/2 854/560/2 855/562/2
f 809/561/2 855/562/2 876/563/2
f 876/563/2 855/562/2 856/564/2
f 809/561/2 876/563/2 877/565/2
f 875/566/2 876/563/2 856/564/2
f 875/566/2 856/564/2 857/567/2
f 874/568/2 875/566/2 857/567/2
f 874/568/2 857/567/2 858/569/2
f 873/570/2 874/568/2 858/569/2
f 808/571/2 809/561/2 877/565/2
f 872/572/2 873/570/2 858/569/2
f 872/572/2 858/569/2 859/573/2
f 871/574/2 872/572/2 859/573/2
f 808/571/2 877/565/2 878/575/2
f 871/574/2 859/573/2 860/576/2
f 870/577/2 871/574/2 860/576/2
f 869/578/2 870/577/2 860/576/2
f 869/578/2 860/576/2 861/579/2
f 868/580/2 869/578/2 861/579/2
f 868/580/2 861/579/2 862/581/2
f 867/582/2 868/580/2 862/581/2
f 866/583/2 867/582/2 862/581/2
f 866/583/2 862/581/2 863/584/2
f 865/585/2 866/583/2 863/584/2
f 865/585/2 863/584/2 864/586/2
f 808/571/2 878/575/2 879/587/2
f 807/588/2 808/571/2 879/587/2
f 807/588/2 879/587/2 880/589/2
f 807/588/2 880/589/2 881/590/2
f 806/591/2 807/588/2 881/590/2
f 806/591/2 881/590/2 882/592/2
f 806/591/2 882/592/2 883/593/2
f 805/594/2 806/591/2 883/593/2
f 805/594/2 883/593/2 884/595/2
f 805/594/2 884/595/2 885/596/2
f 805/594/2 885/596/2 886/597/2
f 804/598/2 805/594/2 886/597/2
f 804/598/2 886/597/2 887/599/2
f 804/598/2 887/599/2 888/600/2
f 803/601/2 804/598/2 888/600/2
f 802/602/2 803/601/2 888/600/2
f 801/603/2 802/602/2 888/600/2
f 800/604/2 801/603/2 888/600/2
f 799/605/2 800/604/2 888/600/2
f 798/606/2 799/605/2 888/600/2
f 798/606/2 888/600/2 756/607/2
f 756/607/2 888/600/2 889/608/2
f 797/609/2 798/606/2 756/607/2
f 796/610/2 797/609/2 756/607/2
f 795/611/2 796/610/2 756/607/2
f 794/612/2 795/611/2 756/607/2
f 793/613/2 794/612/2 756/607/2
f 792/614/2 793/613/2 756/607/2
f 791/615/2 792/614/2 756/607/2
f 790/616/2 791/615/2 756/607/2
f 789/617/2 790/616/2 756/607/2
f 789/617/2 756/607/2 757/618/2
f 755/619/2 756/607/2 889/608/2
f 788/620/2 789/617/2 757/618/2
f 788/620/2 757/618/2 758/621/2
f 787/622/2 788/620/2 758/621/2
f 786/623/2 787/622/2 758/621/2
f 786/623/2 758/621/2 759/624/2
f 785/625/2 786/623/2 759/624/2
f 785/625/2 759/624/2 760/626/2
f 784/627/2 785/625/2 760/626/2
f 784/627/2 760/626/2 761/628/2
f 783/629/2 784/627/2 761/628/2
f 782/630/2 783/629/2 761/628/2
f 782/630/2 761/628/2 762/631/2
f 781/632/2 782/630/2 762/631/2
f 780/633/2 781/632/2 762/631/2
f 779/634/2 780/633/2 762/631/2
f 779/634/2 762/631/2 763/635/2
f 778/636/2 779/634/2 763/635/2
f 777/637/2 778/636/2 763/635/2
f 777/637/2 763/635/2 764/638/2
f 776/639/2 777/637/2 764/638/2
f 775/640/2 776/639/2 764/638/2
f 775/640/2 764/638/2 765/641/2
f 774/642/2 775/640/2 765/641/2
f 773/643/2 774/642/2 765/641/2
f 773/643/2 765/641/2 766/644/2
f 772/645/2 773/643/2 766/644/2
f 771/646/2 772/645/2 766/644/2
f 771/646/2 766/644/2 767/647/2
f 770/648/2 771/646/2 767/647/2
f 769/649/2 770/648/2 767/647/2
f 769/649/2 767/647/2 768/650/2
f 901/651/2 902/652/2 903/653/2
f 901/651/2 903/653/2 904/654/2
f 900/655/2 901/651/2 904/654/2
f 900/655/2 904/654/2 905/656/2
f 899/657/2 900/655/2 905/656/2
f 899/657/2 905/656/2 906/658/2
f 898/659/2 899/657/2 906/658/2
f 898/659/2 906/658/2 907/660/2
f 897/661/2 898/659/2 907/660/2
f 897/661/2 907/660/2 908/662/2
f 896/663/2 897/661/2 908/662/2
f 896/663/2 908/662/2 909/664/2
f 896/663/2 909/664/2 910/665/2
f 895/666/2 896/663/2 910/665/2
f 895/666/2 910/665/2 911/667/2
f 894/668/2 895/666/2 911/667/2
f 894/668/2 911/667/2 912/669/2
f 893/670/2 894/668/2 912/669/2
f 893/670/2 912/669/2 913/671/2
f 892/672/2 893/670/2 913/671/2
f 892/672/2 913/671/2 914/673/2
f 891/674/2 892/672/2 914/673/2
f 891/674/2 914/673/2 915/675/2
f 891/674/2 915/675/2 916/676/2
f 891/674/2 916/676/2 917/677/2
f 890/678/2 891/674/2 917/677/2
f 741/679/2 742/680/2 743/681/2
f 890/678/2 917/677/2 918/682/2
f 741/679/2 743/681/2 744/683/2
f 741/679/2 744/683/2 745/684/2
f 890/678/2 918/682/2 919/685/2
f 741/679/2 745/684/2 746/686/2
f 741/679/2 746/686/2 747/687/2
f 741/679/2 747/687/2 748/688/2
f 741/679/2 748/688/2 749/689/2
f 890/678/2 919/685/2 920/690/2
f 741/679/2 749/689/2 750/691/2
f 741/679/2 750/691/2 751/692/2
f 741/679/2 751/692/2 752/693/2
f 741/679/2 752/693/2 753/694/2
f 741/679/2 753/694/2 754/695/2
f 741/679/2 754/695/2 740/696/2
f 740/696/2 754/695/2 739/697/2
f 739/697/2 754/695/2 738/698/2
f 738/698/2 754/695/2 737/699/2
f 737/699/2 754/695/2 736/700/2
f 736/700/2 754/695/2 735/701/2
f 735/701/2 754/695/2 734/702/2
f 734/702/2 754/695/2 733/703/2
f 733/703/2 754/695/2 732/704/2
f 732/704/2 754/695/2 755/619/2
f 732/704/2 755/619/2 731/705/2
f 731/705/2 755/619/2 889/608/2
f 731/705/2 889/608/2 730/706/2
f 730/706/2 889/608/2 890/678/2
f 730/706/2 890/678/2 920/690/2
f 730/706/2 920/690/2 921/707/2
f 730/706/2 921/707/2 922/708/2
f 730/706/2 922/708/2 923/709/2
f 730/706/2 923/709/2 924/710/2
f 730/706/2 924/710/2 925/711/2
f 730/706/2 925/711/2 729/712/2
f 729/712/2 925/711/2 926/713/2
f 729/712/2 926/713/2 927/714/2
f 729/712/2 927/714/2 928/715/2
f 729/712/2 928/715/2 929/716/2
f 729/712/2 929/716/2 930/717/2
f 729/712/2 930/717/2 931/718/2
f 729/712/2 931/718/2 932/719/2
f 729/712/2 932/719/2 933/720/2
f 729/712/2 933/720/2 934/721/2
f 729/712/2 934/721/2 935/722/2
f 729/712/2 935/722/2 936/723/2
f 729/712/2 936/723/2 937/724/2
f 729/712/2 937/724/2 938/725/2
f 728/726/1 729/712/1 938/725/1
f 727/727/2 728/726/2 939/728/2
f 939/728/1 728/726/1 938/725/1
f 727/727/2 939/728/2 940/729/2
f 713/730/2 714/731/2 715/732/2
f 952/733/2 953/734/2 954/735/2
f 952/733/2 954/735/2 955/736/2
f 951/737/2 952/733/2 955/736/2
f 951/737/2 955/736/2 956/738/2
f 950/739/2 951/737/2 956/738/2
f 713/730/2 715/732/2 716/740/2
f 950/739/2 956/738/2 957/741/2
f 949/742/2 950/739/2 957/741/2
f 949/742/2 957/741/2 958/743/2
f 948/744/2 949/742/2 958/743/2
f 713/730/2 716/740/2 717/745/2
f 712/746/2 713/730/2 717/745/2
f 948/744/2 958/743/2 959/747/2
f 947/748/2 948/744/2 959/747/2
f 947/748/2 959/747/2 960/749/2
f 712/746/2 717/745/2 718/750/2
f 946/751/2 947/748/2 960/749/2
f 946/751/2 960/749/2 961/752/2
f 712/746/2 718/750/2 719/753/2
f 711/754/2 712/746/2 719/753/2
f 945/755/2 946/751/2 961/752/2
f 945/755/2 961/752/2 962/756/2
f 711/754/2 719/753/2 720/757/2
f 944/758/2 945/755/2 962/756/2
f 944/758/2 962/756/2 963/759/2
f 711/754/2 720/757/2 721/760/2
f 710/761/2 711/754/2 721/760/2
f 943/762/2 944/758/2 963/759/2
f 710/761/2 721/760/2 722/763/2
f 943/762/2 963/759/2 964/764/2
f 710/761/2 722/763/2 723/765/2
f 943/762/2 964/764/2 965/766/2
f 942/767/2 943/762/2 965/766/2
f 709/768/2 710/761/2 723/765/2
f 709/768/2 723/765/2 724/769/2
f 942/767/2 965/766/2 966/770/2
f 709/768/2 724/769/2 725/771/2
f 941/772/2 942/767/2 966/770/2
f 941/772/2 966/770/2 967/773/2
f 709/768/2 725/771/2 726/774/2
f 708/775/2 709/768/2 726/774/2
f 941/772/2 967/773/2 968/776/2
f 708/775/2 726/774/2 727/727/2
f 708/775/2 727/727/2 940/729/2
f 708/775/2 940/729/2 941/772/2
f 708/775/2 941/772/2 968/776/2
f 708/775/2 968/776/2 969/777/2
f 708/775/2 969/777/2 970/778/2
f 707/779/2 708/775/2 970/778/2
f 707/779/2 970/778/2 971/780/2
f 707/779/2 971/780/2 972/781/2
f 707/779/2 972/781/2 973/782/2
f 707/779/2 973/782/2 974/783/2
f 707/779/2 974/783/2 975/784/2
f 706/785/2 707/779/2 1025/786/2
f 1025/786/2 707/779/2 975/784/2
f 1025/786/2 975/784/2 976/787/2
f 1025/786/2 976/787/2 977/788/2
f 1025/786/2 977/788/2 1024/789/2
f 1024/789/2 977/788/2 1022/790/2
f 1022/790/2 977/788/2 1021/791/2
f 1021/791/2 977/788/2 978/792/2
f 706/785/2 1025/786/2 1026/793/2
f 1023/794/2 1024/789/2 1022/790/2
f 1023/794/2 1022/790/2 1019/795/2
f 1020/796/2 1021/791/2 978/792/2
f 1020/796/2 978/792/2 979/797/2
f 1020/796/2 979/797/2 980/798/2
f 705/799/2 706/785/2 1026/793/2
f 1020/796/2 980/798/2 981/800/2
f 1020/796/2 981/800/2 982/801/2
f 1020/796/2 982/801/2 983/802/2
f 1020/796/2 983/802/2 989/803/2
f 989/803/2 983/802/2 984/804/2
f 704/805/2 705/799/2 1026/793/2
f 989/803/2 984/804/2 985/806/2
f 989/803/2 985/806/2 986/807/2
f 989/803/2 986/807/2 987/808/2
f 703/809/2 704/805/2 1026/793/2
f 989/803/2 987/808/2 988/810/2
f 1020/796/2 989/803/2 990/811/2
f 702/812/2 703/809/2 1026/793/2
f 701/813/2 702/812/2 1026/793/2
f 1020/796/2 990/811/2 991/814/2
f 701/813/2 1026/793/2 1028/815/2
f 1028/815/2 1026/793/2 1023/794/2
f 1028/815/2 1023/794/2 1019/795/2
f 1028/815/2 1019/795/2 1020/796/2
f 1028/815/2 1020/796/2 1027/816/2
f 1027/816/2 1020/796/2 1018/817/2
f 1018/817/2 1020/796/2 1017/818/2
f 1017/818/2 1020/796/2 991/814/2
f 701/813/2 1028/815/2 1029/819/2
f 1030/820/2 1027/816/2 1018/817/2
f 1030/820/2 1018/817/2 1015/821/2
f 1016/822/2 1017/818/2 991/814/2
f 701/813/2 1029/819/2 676/823/2
f 676/823/2 1029/819/2 1030/820/2
f 676/823/2 1030/820/2 1015/821/2
f 676/823/2 1015/821/2 1016/822/2
f 676/823/2 1016/822/2 991/814/2
f 701/813/2 676/823/2 677/824/2
f 675/825/1 676/823/1 991/814/1
f 674/826/2 675/825/2 518/827/2
f 518/827/1 675/825/1 991/814/1
f 674/826/2 518/827/2 519/828/2
f 517/829/1 518/827/1 991/814/1
f 516/830/2 517/829/2 991/814/2
f 516/830/2 991/814/2 992/831/2
f 516/830/2 992/831/2 993/832/2
f 1014/833/2 516/830/2 993/832/2
f 1014/833/2 993/832/2 994/834/2
f 701/813/2 677/824/2 678/835/2
f 1013/836/2 1014/833/2 994/834/2
f 1013/836/2 994/834/2 995/837/2
f 701/813/2 678/835/2 679/838/2
f 700/839/2 701/813/2 679/838/2
f 1012/840/2 1013/836/2 995/837/2
f 1012/840/2 995/837/2 996/841/2
f 700/839/2 679/838/2 680/842/2
f 1011/843/2 1012/840/2 996/841/2
f 699/844/2 700/839/2 680/842/2
f 1011/843/2 996/841/2 997/845/2
f 1010/846/2 1011/843/2 997/845/2
f 699/844/2 680/842/2 681/847/2
f 698/848/2 699/844/2 681/847/2
f 1010/846/2 997/845/2 998/849/2
f 1009/850/2 1010/846/2 998/849/2
f 697/851/2 698/848/2 681/847/2
f 1008/852/2 1009/850/2 998/849/2
f 697/851/2 681/847/2 682/853/2
f 1008/852/2 998/849/2 999/854/2
f 1007/855/2 1008/852/2 999/854/2
f 1007/855/2 999/854/2 1000/856/2
f 696/857/2 697/851/2 682/853/2
f 696/857/2 682/853/2 683/858/2
f 1006/859/2 1007/855/2 1000/856/2
f 1006/859/2 1000/856/2 1001/860/2
f 1005/861/2 1006/859/2 1001/860/2
f 1005/861/2 1001/860/2 1002/862/2
f 1004/863/2 1005/861/2 1002/862/2
f 695/864/2 696/857/2 683/858/2
f 1004/863/2 1002/862/2 1003/865/2
f 695/864/2 683/858/2 684/866/2
f 694/867/2 695/864/2 684/866/2
f 694/867/2 684/866/2 685/868/2
f 693/869/2 694/867/2 685/868/2
f 693/869/2 685/868/2 686/870/2
f 692/871/2 693/869/2 686/870/2
f 692/871/2 686/870/2 687/872/2
f 531/873/2 532/874/2 533/875/2
f 691/876/2 692/871/2 687/872/2
f 531/873/2 533/875/2 534/877/2
f 530/878/2 531/873/2 534/877/2
f 691/876/2 687/872/2 688/879/2
f 530/878/2 534/877/2 535/880/2
f 690/881/2 691/876/2 688/879/2
f 529/882/2 530/878/2 535/880/2
f 690/881/2 688/879/2 689/883/2
f 529/882/2 535/880/2 536/884/2
f 528/885/2 529/882/2 536/884/2
f 528/885/2 536/884/2 537/886/2
f 527/887/2 528/885/2 537/886/2
f 527/887/2 537/886/2 538/888/2
f 526/889/2 527/887/2 538/888/2
f 526/889/2 538/888/2 539/890/2
f 526/889/2 539/890/2 540/891/2
f 525/892/2 526/889/2 540/891/2
f 525/892/2 540/891/2 541/893/2
f 524/894/2 525/892/2 541/893/2
f 524/894/2 541/893/2 542/895/2
f 523/896/2 524/894/2 542/895/2
f 523/896/2 542/895/2 543/897/2
f 522/898/2 523/896/2 543/897/2
f 522/898/2 543/897/2 544/899/2
f 521/900/2 522/898/2 544/899/2
f 521/900/2 544/899/2 545/901/2
f 521/900/2 545/901/2 546/902/2
f 521/900/2 546/902/2 547/903/2
f 520/904/2 521/900/2 547/903/2
f 660/905/2 661/906/2 662/907/2
f 520/904/2 547/903/2 548/908/2
f 660/905/2 662/907/2 663/909/2
f 660/905/2 663/909/2 664/910/2
f 520/904/2 548/908/2 549/911/2
f 660/905/2 664/910/2 665/912/2
f 660/905/2 665/912/2 666/913/2
f 660/905/2 666/913/2 667/914/2
f 660/905/2 667/914/2 668/915/2
f 520/904/2 549/911/2 550/916/2
f 660/905/2 668/915/2 669/917/2
f 660/905/2 669/917/2 670/918/2
f 660/905/2 670/918/2 671/919/2
f 660/905/2 671/919/2 672/920/2
f 660/905/2 672/920/2 673/921/2
f 660/905/2 673/921/2 659/922/2
f 659/922/2 673/921/2 658/923/2
f 658/923/2 673/921/2 657/924/2
f 657/924/2 673/921/2 656/925/2
f 656/925/2 673/921/2 655/926/2
f 655/926/2 673/921/2 654/927/2
f 654/927/2 673/921/2 653/928/2
f 653/928/2 673/921/2 652/929/2
f 652/929/2 673/921/2 674/826/2
f 652/929/2 674/826/2 651/930/2
f 651/930/2 674/826/2 519/828/2
f 651/930/2 519/828/2 650/931/2
f 650/931/2 519/828/2 520/904/2
f 650/931/2 520/904/2 649/932/2
f 649/932/2 520/904/2 550/916/2
f 649/932/2 550/916/2 551/933/2
f 649/932/2 551/933/2 552/934/2
f 649/932/2 552/934/2 553/935/2
f 649/932/2 553/935/2 554/936/2
f 649/932/2 554/936/2 555/937/2
f 649/932/2 555/937/2 556/938/2
f 649/932/2 556/938/2 648/939/2
f 648/939/2 556/938/2 557/940/2
f 648/939/2 557/940/2 558/941/2
f 648/939/2 558/941/2 559/942/2
f 648/939/2 559/942/2 560/943/2
f 648/939/2 560/943/2 561/944/2
f 648/939/2 561/944/2 562/945/2
f 648/939/2 562/945/2 563/946/2
f 648/939/2 563/946/2 564/947/2
f 648/939/2 564/947/2 565/948/2
f 648/939/2 565/948/2 566/949/2
f 648/939/2 566/949/2 567/950/2
f 648/939/2 567/950/2 568/951/2
f 647/952/2 648/939/2 568/951/2
f 646/953/2 647/952/2 569/954/2
f 569/954/2 647/952/2 568/951/2
f 646/953/2 569/954/2 570/955/2
f 582/956/2 583/957/2 584/958/2
f 582/956/2 584/958/2 585/959/2
f 581/960/2 582/956/2 585/959/2
f 581/960/2 585/959/2 586/961/2
f 580/962/2 581/960/2 586/961/2
f 580/962/2 586/961/2 587/963/2
f 579/964/2 580/962/2 587/963/2
f 579/964/2 587/963/2 588/965/2
f 578/966/2 579/964/2 588/965/2
f 578/966/2 588/965/2 589/967/2
f 578/966/2 589/967/2 590/968/2
f 577/969/2 578/966/2 590/968/2
f 577/969/2 590/968/2 591/970/2
f 576/971/2 577/969/2 591/970/2
f 576/971/2 591/970/2 592/972/2
f 575/973/2 576/971/2 592/972/2
f 575/973/2 592/972/2 593/974/2
f 574/975/2 575/973/2 593/974/2
f 574/975/2 593/974/2 594/976/2
f 573/977/2 574/975/2 594/976/2
f 573/977/2 594/976/2 595/978/2
f 573/977/2 595/978/2 596/979/2
f 572/980/2 573/977/2 596/979/2
f 572/980/2 596/979/2 597/981/2
f 572/980/2 597/981/2 598/982/2
f 571/983/2 572/980/2 598/982/2
f 571/983/2 598/982/2 599/984/2
f 632/985/2 633/986/2 634/987/2
f 632/985/2 634/987/2 635/988/2
f 571/983/2 599/984/2 600/989/2
f 632/985/2 635/988/2 636/990/2
f 632/985/2 636/990/2 637/991/2
f 632/985/2 637/991/2 638/992/2
f 571/983/2 600/989/2 601/993/2
f 632/985/2 638/992/2 639/994/2
f 632/985/2 639/994/2 640/995/2
f 632/985/2 640/995/2 641/996/2
f 632/985/2 641/996/2 642/997/2
f 632/985/2 642/997/2 643/998/2
f 632/985/2 643/998/2 644/999/2
f 632/985/2 644/999/2 645/1000/2
f 632/985/2 645/1000/2 631/1001/2
f 631/1001/2 645/1000/2 630/1002/2
f 630/1002/2 645/1000/2 629/1003/2
f 629/1003/2 645/1000/2 628/1004/2
f 628/1004/2 645/1000/2 627/1005/2
f 627/1005/2 645/1000/2 626/1006/2
f 626/1006/2 645/1000/2 625/1007/2
f 625/1007/2 645/1000/2 646/953/2
f 625/1007/2 646/953/2 624/1008/2
f 624/1008/2 646/953/2 570/955/2
f 624/1008/2 570/955/2 623/1009/2
f 623/1009/2 570/955/2 622/1010/2
f 622/1010/2 570/955/2 571/983/2
f 622/1010/2 571/983/2 601/993/2
f 622/1010/2 601/993/2 602/1011/2
f 622/1010/2 602/1011/2 621/1012/2
f 621/1012/2 602/1011/2 603/1013/2
f 621/1012/2 603/1013/2 604/1014/2
f 621/1012/2 604/1014/2 605/1015/2
f 621/1012/2 605/1015/2 606/1016/2
f 621/1012/2 606/1016/2 607/1017/2
f 621/1012/2 607/1017/2 608/1018/2
f 621/1012/2 608/1018/2 620/1019/2
f 620/1019/2 608/1018/2 609/1020/2
f 620/1019/2 609/1020/2 610/1021/2
f 620/1019/2 610/1021/2 611/1022/2
f 620/1019/2 611/1022/2 612/1023/2
f 620/1019/2 612/1023/2 613/1024/2
f 620/1019/2 613/1024/2 614/1025/2
f 620/1019/2 614/1025/2 615/1026/2
f 620/1019/2 615/1026/2 616/1027/2
f 620/1019/2 616/1027/2 617/1028/2
f 620/1019/2 617/1028/2 618/1029/2
f 620/1019/2 618/1029/2 619/1030/2
s 1
f 1032/1031/3 1034/1032/4 1033/1033/4 1031/1034/3
f 1034/1032/4 1036/1035/5 1035/1036/5 1033/1033/4
f 1036/1035/5 1038/1037/6 1037/1038/6 1035/1036/5
f 1038/1037/6 1040/1039/7 1039/1040/7 1037/1038/6
f 1040/1039/7 1042/1041/8 1041/1042/8 1039/1040/7
f 1042/1041/8 1044/1043/9 1043/1044/9 1041/1042/8
f 1044/1043/9 1046/1045/10 1045/1046/10 1043/1044/9
f 1046/1045/10 1048/1047/11 1047/1048/11 1045/1046/10
f 1048/1047/11 1050/1049/12 1049/1050/12 1047/1048/11
f 1050/1049/12 1052/1051/13 1051/1052/13 1049/1050/12
f 1052/1051/13 1054/1053/14 1053/1054/14 1051/1052/13
f 1054/1053/14 1056/1055/15 1055/1056/15 1053/1054/14
f 1056/1055/15 1058/1057/16 1057/1058/16 1055/1056/15
f 1058/1057/16 1060/1059/17 1059/1060/17 1057/1058/16
f 1060/1059/17 1062/1061/18 1061/1062/18 1059/1060/17
f 1062/1061/18 1064/1063/19 1063/1064/19 1061/1062/18
f 1064/1063/19 1066/1065/20 1065/1066/20 1063/1064/19
f 1066/1065/20 1068/1067/21 1067/1068/21 1065/1066/20
f 1068/1067/21 1070/1069/22 1069/1070/22 1067/1068/21
f 1070/1069/22 1072/1071/23 1071/1072/23 1069/1070/22
f 1072/1071/23 1074/1073/24 1073/1074/24 1071/1072/23
f 1074/1073/24 1076/1075/25 1075/1076/25 1073/1074/24
f 1076/1075/25 1078/1077/26 1077/1078/26 1075/1076/25
f 1078/1077/26 1080/1079/27 1079/1080/27 1077/1078/26
f 1080/1079/27 1082/1081/28 1081/1082/28 1079/1080/27
f 1082/1081/28 1084/1083/29 1083/1084/29 1081/1082/28
f 1084/1083/29 1086/1085/30 1085/1086/30 1083/1084/29
f 1086/1085/30 1088/1087/31 1087/1088/31 1085/1086/30
f 1088/1087/31 1090/1089/32 1089/1090/32 1087/1088/31
f 1090/1089/32 1092/1091/33 1091/1092/33 1089/1090/32
f 1092/1091/33 1094/1093/34 1093/1094/34 1091/1092/33
f 1094/1093/34 1096/1095/35 1095/1096/35 1093/1094/34
f 1096/1095/35 1098/1097/36 1097/1098/36 1095/1096/35
f 1098/1097/36 1100/1099/37 1099/1100/37 1097/1098/36
f 1100/1099/37 1102/1101/38 1101/1102/38 1099/1100/37
f 1102/1101/38 1104/1103/39 1103/1104/39 1101/1102/38
f 1104/1103/39 1106/1105/40 1105/1106/40 1103/1104/39
f 1106/1105/40 1108/1107/41 1107/1108/41 1105/1106/40
f 1108/1107/41 1110/1109/42 1109/1110/42 1107/1108/41
f 1110/1109/42 1112/1111/43 1111/1112/43 1109/1110/42
f 1112/1111/43 1114/1113/44 1113/1114/44 1111/1112/43
f 1114/1113/44 1116/1115/45 1115/1116/45 1113/1114/44
f 1116/1115/45 1118/1117/46 1117/1118/46 1115/1116/45
f 1118/1117/46 1120/1119/47 1119/1120/47 1117/1118/46
f 1120/1119/47 1122/1121/48 1121/1122/48 1119/1120/47
f 1122/1121/48 1124/1123/49 1123/1124/49 1121/1122/48
f 1124/1123/49 1126/1125/50 1125/1126/50 1123/1124/49
f 1126/1125/50 1128/1127/51 1127/1128/51 1125/1126/50
f 1128/1127/51 1130/1129/52 1129/1130/52 1127/1128/51
f 1130/1129/52 1132/1131/53 1131/1132/53 1129/1130/52
f 1132/1131/53 1134/1133/54 1133/1134/54 1131/1132/53
f 1134/1133/54 1136/1135/55 1135/1136/55 1133/1134/54
f 1136/1135/55 1138/1137/5 1137/1138/5 1135/1136/55
f 1138/1137/5 1140/1139/6 1139/1140/6 1137/1138/5
f 1140/1139/6 1142/1141/56 1141/1142/56 1139/1140/6
f 1142/1141/56 1144/1143/57 1143/1144/57 1141/1142/56
f 1144/1143/57 1146/1145/58 1145/1146/58 1143/1144/57
f 1146/1145/58 1148/1147/59 1147/1148/59 1145/1146/58
f 1148/1147/59 1150/1149/60 1149/1150/60 1147/1148/59
f 1150/1149/60 1152/1151/61 1151/1152/61 1149/1150/60
f 1152/1151/61 1154/1153/62 1153/1154/62 1151/1152/61
f 1154/1153/62 1156/1155/63 1155/1156/63 1153/1154/62
f 1156/1155/63 1158/1157/64 1157/1158/64 1155/1156/63
f 1158/1157/64 1160/1159/65 1159/1160/65 1157/1158/64
f 1160/1159/65 1162/1161/66 1161/1162/66 1159/1160/65
f 1162/1161/66 1164/1163/67 1163/1164/67 1161/1162/66
f 1164/1163/67 1166/1165/68 1165/1166/68 1163/1164/67
f 1166/1165/68 1168/1167/69 1167/1168/69 1165/1166/68
f 1168/1167/69 1170/1169/70 1169/1170/70 1167/1168/69
f 1170/1169/70 1172/1171/71 1171/1172/71 1169/1170/70
f 1172/1171/71 1174/1173/72 1173/1174/72 1171/1172/71
f 1174/1173/72 1176/1175/73 1175/1176/73 1173/1174/72
f 1176/1175/73 1178/1177/74 1177/1178/74 1175/1176/73
f 1178/1177/74 1180/1179/75 1179/1180/75 1177/1178/74
f 1180/1179/75 1182/1181/76 1181/1182/76 1179/1180/75
f 1182/1181/76 1184/1183/77 1183/1184/77 1181/1182/76
f 1184/1183/77 1186/1185/78 1185/1186/78 1183/1184/77
f 1186/1185/78 1188/1187/79 1187/1188/79 1185/1186/78
f 1188/1187/79 1190/1189/80 1189/1190/80 1187/1188/79
f 1190/1189/80 1192/1191/81 1191/1192/81 1189/1190/80
f 1192/1191/81 1194/1193/82 1193/1194/82 1191/1192/81
f 1194/1193/82 1196/1195/83 1195/1196/83 1193/1194/82
f 1196/1195/83 1198/1197/84 1197/1198/84 1195/1196/83
f 1198/1197/84 1200/1199/85 1199/1200/85 1197/1198/84
f 1200/1199/85 1202/1201/86 1201/1202/86 1199/1200/85
f 1202/1201/86 1204/1203/87 1203/1204/87 1201/1202/86
f 1204/1203/87 1206/1205/88 1205/1206/88 1203/1204/87
f 1206/1205/88 1208/1207/89 1207/1208/89 1205/1206/88
f 1208/1207/89 1210/1209/90 1209/1210/90 1207/1208/89
f 1210/1209/90 1212/1211/91 1211/1212/91 1209/1210/90
f 1212/1211/91 1214/1213/92 1213/1214/92 1211/1212/91
f 1214/1213/92 1216/1215/93 1215/1216/93 1213/1214/92
f 1216/1215/93 1218/1217/94 1217/1218/94 1215/1216/93
f 1218/1217/94 1220/1219/95 1219/1220/95 1217/1218/94
f 1220/1219/95 1222/1221/96 1221/1222/96 1219/1220/95
f 1222/1221/96 1224/1223/97 1223/1224/97 1221/1222/96
f 1224/1223/97 1226/1225/98 1225/1226/98 1223/1224/97
f 1226/1225/98 1228/1227/99 1227/1228/99 1225/1226/98
f 1228/1227/99 1230/1229/100 1229/1230/100 1227/1228/99
f 1230/1229/100 1232/1231/101 1231/1232/101 1229/1230/100
f 1232/1231/101 1234/1233/102 1233/1234/102 1231/1232/101
f 1234/1233/102 1236/1235/103 1235/1236/103 1233/1234/102
f 1236/1235/103 1238/1237/104 1237/1238/104 1235/1236/103
f 1238/1237/104 1240/1239/105 1239/1240/105 1237/1238/104
f 1240/1239/105 1242/1241/106 1241/1242/106 1239/1240/105
f 1242/1241/106 1244/1243/107 1243/1244/107 1241/1242/106
f 1244/1243/107 1246/1245/108 1245/1246/108 1243/1244/107
f 1246/1245/108 1248/1247/109 1247/1248/109 1245/1246/108
f 1248/1247/109 1250/1249/110 1249/1250/110 1247/1248/109
f 1250/1249/110 1252/1251/111 1251/1252/111 1249/1250/110
f 1252/1251/111 1254/1253/112 1253/1254/112 1251/1252/111
f 1254/1253/112 1256/1255/113 1255/1256/113 1253/1254/112
f 1256/1255/113 1258/1257/114 1257/1258/114 1255/1256/113
f 1258/1257/114 1260/1259/115 1259/1260/115 1257/1258/114
f 1260/1259/115 1262/1261/116 1261/1262/116 1259/1260/115
f 1262/1261/116 1264/1263/117 1263/1264/117 1261/1262/116
f 1264/1263/117 1266/1265/118 1265/1266/118 1263/1264/117
f 1266/1265/118 1268/1267/119 1267/1268/119 1265/1266/118
f 1268/1267/119 1270/1269/120 1269/1270/120 1267/1268/119
f 1270/1269/120 1272/1271/121 1271/1272/121 1269/1270/120
f 1272/1271/121 1274/1273/122 1273/1274/122 1271/1272/121
f 1274/1273/122 1276/1275/123 1275/1276/123 1273/1274/122
f 1276/1275/123 1278/1277/124 1277/1278/124 1275/1276/123
f 1278/1277/124 1280/1279/125 1279/1280/125 1277/1278/124
f 1280/1279/125 1282/1281/126 1281/1282/126 1279/1280/125
f 1282/1281/126 1284/1283/127 1283/1284/127 1281/1282/126
f 1284/1283/127 1286/1285/128 1285/1286/128 1283/1284/127
f 1286/1285/128 1288/1287/129 1287/1288/129 1285/1286/128
f 1288/1287/129 1290/1289/130 1289/1290/130 1287/1288/129
f 1290/1289/130 1292/1291/131 1291/1292/131 1289/1290/130
f 1292/1291/131 1294/1293/4 1293/1294/4 1291/1292/131
f 1294/1293/4 1296/1295/132 1295/1296/132 1293/1294/4
f 1296/1295/132 1298/1297/133 1297/1298/133 1295/1296/132
f 1298/1297/133 1300/1299/108 1299/1300/108 1297/1298/133
f 1300/1299/108 1302/1301/134 1301/1302/134 1299/1300/108
f 1302/1301/134 1304/1303/135 1303/1304/135 1301/1302/134
f 1304/1303/135 1306/1305/136 1305/1306/136 1303/1304/135
f 1306/1305/136 1308/1307/137 1307/1308/137 1305/1306/136
f 1308/1307/137 1310/1309/138 1309/1310/138 1307/1308/137
f 1310/1309/138 1312/1311/139 1311/1312/139 1309/1310/138
f 1312/1311/139 1314/1313/140 1313/1314/140 1311/1312/139
f 1314/1313/140 1316/1315/141 1315/1316/141 1313/1314/140
f 1316/1315/141 1318/1317/142 1317/1318/142 1315/1316/141
f 1318/1317/142 1320/1319/143 1319/1320/143 1317/1318/142
f 1320/1319/143 1322/1321/144 1321/1322/144 1319/1320/143
f 1322/1321/144 1324/1323/145 1323/1324/145 1321/1322/144
f 1324/1323/145 1326/1325/146 1325/1326/146 1323/1324/145
f 1326/1325/146 1328/1327/147 1327/1328/147 1325/1326/146
f 1328/1327/147 1330/1329/148 1329/1330/148 1327/1328/147
f 1330/1329/148 1332/1331/149 1331/1332/149 1329/1330/148
f 1332/1331/149 1334/1333/150 1333/1334/150 1331/1332/149
f 1334/1333/150 1336/1335/151 1335/1336/151 1333/1334/150
f 1336/1335/151 1338/1337/152 1337/1338/152 1335/1336/151
f 1338/1337/152 1340/1339/153 1339/1340/153 1337/1338/152
f 1340/1339/153 1342/1341/154 1341/1342/154 1339/1340/153
f 1342/1341/154 1344/1343/155 1343/1344/155 1341/1342/154
f 1344/1343/155 1346/1345/156 1345/1346/156 1343/1344/155
f 1346/1345/156 1348/1347/131 1347/1348/131 1345/1346/156
f 1348/1347/131 1350/1349/4 1349/1350/4 1347/1348/131
f 1350/1349/4 1352/1351/5 1351/1352/5 1349/1350/4
f 1352/1351/5 1354/1353/157 1353/1354/157 1351/1352/5
f 1354/1353/157 1356/1355/158 1355/1356/158 1353/1354/157
f 1356/1355/158 1358/1357/159 1357/1358/159 1355/1356/158
f 1358/1357/159 1360/1359/160 1359/1360/160 1357/1358/159
f 1360/1359/160 1362/1361/161 1361/1362/161 1359/1360/160
f 1362/1361/161 1364/1363/162 1363/1364/162 1361/1362/161
f 1364/1363/162 1366/1365/163 1365/1366/163 1363/1364/162
f 1366/1365/163 1368/1367/164 1367/1368/164 1365/1366/163
f 1368/1367/164 1370/1369/165 1369/1370/165 1367/1368/164
f 1370/1369/165 1372/1371/166 1371/1372/166 1369/1370/165
f 1372/1371/166 1374/1373/167 1373/1374/167 1371/1372/166
f 1374/1373/167 1376/1375/168 1375/1376/168 1373/1374/167
f 1376/1375/168 1378/1377/169 1377/1378/169 1375/1376/168
f 1378/1377/169 1380/1379/170 1379/1380/170 1377/1378/169
f 1380/1379/170 1382/1381/171 1381/1382/171 1379/1380/170
f 1382/1381/171 1384/1383/172 1383/1384/172 1381/1382/171
f 1384/1383/172 1386/1385/173 1385/1386/173 1383/1384/172
f 1386/1385/173 1388/1387/174 1387/1388/174 1385/1386/173
f 1388/1387/174 1390/1389/175 1389/1390/175 1387/1388/174
f 1390/1389/175 1392/1391/176 1391/1392/176 1389/1390/175
f 1392/1391/176 1394/1393/177 1393/1394/177 1391/1392/176
f 1394/1393/177 1396/1395/178 1395/1396/178 1393/1394/177
f 1396/1395/178 1398/1397/179 1397/1398/179 1395/1396/178
f 1398/1397/179 1400/1399/180 1399/1400/180 1397/1398/179
f 1400/1399/180 1402/1401/181 1401/1402/181 1399/1400/180
f 1402/1401/181 1404/1403/182 1403/1404/182 1401/1402/181
f 1404/1403/182 1406/1405/183 1405/1406/183 1403/1404/182
f 1406/1405/183 1408/1407/184 1407/1408/184 1405/1406/183
f 1408/1407/184 1410/1409/185 1409/1410/185 1407/1408/184
f 1410/1409/185 1412/1411/186 1411/1412/186 1409/1410/185
f 1412/1411/186 1414/1413/187 1413/1414/187 1411/1412/186
f 1414/1413/187 1416/1415/188 1415/1416/188 1413/1414/187
f 1416/1415/188 1418/1417/189 1417/1418/189 1415/1416/188
f 1418/1417/189 1420/1419/190 1419/1420/190 1417/1418/189
f 1420/1419/190 1422/1421/191 1421/1422/191 1419/1420/190
f 1422/1421/191 1424/1423/192 1423/1424/192 1421/1422/191
f 1424/1423/192 1426/1425/193 1425/1426/193 1423/1424/192
f 1426/1425/193 1428/1427/194 1427/1428/194 1425/1426/193
f 1428/1427/194 1430/1429/195 1429/1430/195 1427/1428/194
f 1430/1429/195 1432/1431/196 1431/1432/196 1429/1430/195
f 1432/1431/196 1434/1433/197 1433/1434/197 1431/1432/196
f 1434/1433/197 1436/1435/198 1435/1436/198 1433/1434/197
f 1436/1435/198 1438/1437/199 1437/1438/199 1435/1436/198
f 1438/1437/199 1440/1439/200 1439/1440/200 1437/1438/199
f 1440/1439/200 1442/1441/201 1441/1442/201 1439/1440/200
f 1442/1441/201 1444/1443/202 1443/1444/202 1441/1442/201
f 1444/1443/202 1446/1445/203 1445/1446/203 1443/1444/202
f 1446/1445/203 1448/1447/204 1447/1448/204 1445/1446/203
f 1448/1447/204 1450/1449/205 1449/1450/205 1447/1448/204
f 1450/1449/205 1452/1451/206 1451/1452/206 1449/1450/205
f 1452/1451/206 1454/1453/131 1453/1454/131 1451/1452/206
f 1454/1453/131 1456/1455/4 1455/1456/4 1453/1454/131
f 1456/1455/4 1458/1457/207 1457/1458/207 1455/1456/4
f 1458/1457/207 1460/1459/208 1459/1460/208 1457/1458/207
f 1460/1459/208 1462/1461/209 1461/1462/209 1459/1460/208
f 1462/1461/209 1464/1463/210 1463/1464/210 1461/1462/209
f 1464/1463/210 1466/1465/211 1465/1466/211 1463/1464/210
f 1466/1465/211 1468/1467/212 1467/1468/212 1465/1466/211
f 1468/1467/212 1470/1469/213 1469/1470/213 1467/1468/212
f 1470/1469/213 1472/1471/116 1471/1472/116 1469/1470/213
f 1472/1471/116 1474/1473/214 1473/1474/214 1471/1472/116
f 1474/1473/214 1476/1475/215 1475/1476/215 1473/1474/214
f 1476/1475/215 1478/1477/216 1477/1478/216 1475/1476/215
f 1478/1477/216 1480/1479/217 1479/1480/217 1477/1478/216
f 1480/1479/217 1482/1481/218 1481/1482/218 1479/1480/217
f 1482/1481/218 1484/1483/144 1483/1484/144 1481/1482/218
f 1484/1483/144 1486/1485/145 1485/1486/145 1483/1484/144
f 1486/1485/145 1488/1487/146 1487/1488/146 1485/1486/145
f 1488/1487/146 1490/1489/147 1489/1490/147 1487/1488/146
f 1490/1489/147 1492/1491/148 1491/1492/148 1489/1490/147
f 1492/1491/148 1494/1493/149 1493/1494/149 1491/1492/148
f 1494/1493/149 1496/1495/150 1495/1496/150 1493/1494/149
f 1496/1495/150 1498/1497/151 1497/1498/151 1495/1496/150
f 1498/1497/151 1500/1499/152 1499/1500/152 1497/1498/151
f 1500/1499/152 1502/1501/153 1501/1502/153 1499/1500/152
f 1502/1501/153 1504/1503/154 1503/1504/154 1501/1502/153
f 1504/1503/154 1506/1505/155 1505/1506/155 1503/1504/154
f 1506/1505/155 1508/1507/156 1507/1508/156 1505/1506/155
f 1508/1507/156 1510/1509/131 1509/1510/131 1507/1508/156
f 1510/1509/131 1512/1511/219 1511/1512/219 1509/1510/131
f 1512/1511/219 1514/1513/220 1513/1514/220 1511/1512/219
f 1514/1513/220 1516/1515/221 1515/1516/221 1513/1514/220
f 1516/1515/221 1518/1517/222 1517/1518/222 1515/1516/221
f 1518/1517/222 1520/1519/223 1519/1520/223 1517/1518/222
f 1520/1519/223 1522/1521/224 1521/1522/224 1519/1520/223
f 1522/1521/224 1524/1523/225 1523/1524/225 1521/1522/224
f 1524/1523/225 1526/1525/226 1525/1526/226 1523/1524/225
f 1526/1525/226 1528/1527/133 1527/1528/133 1525/1526/226
f 1528/1527/133 1530/1529/227 1529/1530/227 1527/1528/133
f 1530/1529/227 1532/1531/228 1531/1532/228 1529/1530/227
f 1532/1531/228 1534/1533/229 1533/1534/229 1531/1532/228
f 1534/1533/229 1536/1535/230 1535/1536/230 1533/1534/229
f 1536/1535/230 1538/1537/231 1537/1538/231 1535/1536/230
f 1538/1537/231 1540/1539/232 1539/1540/232 1537/1538/231
f 1540/1539/232 1542/1541/233 1541/1542/233 1539/1540/232
f 1542/1541/233 1544/1543/234 1543/1544/234 1541/1542/233
f 1544/1543/234 1546/1545/235 1545/1546/235 1543/1544/234
f 1546/1545/235 1548/1547/236 1547/1548/236 1545/1546/235
f 1548/1547/236 1550/1549/237 1549/1550/237 1547/1548/236
f 1550/1549/237 1552/1551/238 1551/1552/238 1549/1550/237
f 1552/1551/238 1554/1553/239 1553/1554/239 1551/1552/238
f 1554/1553/239 1556/1555/240 1555/1556/240 1553/1554/239
f 1556/1555/240 1558/1557/241 1557/1558/241 1555/1556/240
f 1558/1557/241 1560/1559/242 1559/1560/242 1557/1558/241
f 1560/1559/242 1562/1561/243 1561/1562/243 1559/1560/242
f 1562/1561/243 1564/1563/244 1563/1564/244 1561/1562/243
f 1564/1563/244 1566/1565/245 1565/1566/245 1563/1564/244
f 1566/1565/245 1568/1567/246 1567/1568/246 1565/1566/245
f 1568/1567/246 1570/1569/247 1569/1570/247 1567/1568/246
f 1570/1569/247 1572/1571/248 1571/1572/248 1569/1570/247
f 1572/1571/248 1574/1573/249 1573/1574/249 1571/1572/248
f 1574/1573/249 1576/1575/250 1575/1576/250 1573/1574/249
f 1576/1575/250 1578/1577/251 1577/1578/251 1575/1576/250
f 1578/1577/251 1580/1579/252 1579/1580/252 1577/1578/251
f 1580/1579/252 1582/1581/253 1581/1582/253 1579/1580/252
f 1582/1581/253 1584/1583/254 1583/1584/254 1581/1582/253
f 1584/1583/254 1586/1585/255 1585/1586/255 1583/1584/254
f 1586/1585/255 1588/1587/256 1587/1588/256 1585/1586/255
f 1588/1587/256 1590/1589/257 1589/1590/257 1587/1588/256
f 1590/1589/257 1592/1591/258 1591/1592/258 1589/1590/257
f 1592/1591/258 1594/1593/259 1593/1594/259 1591/1592/258
f 1594/1593/259 1596/1595/260 1595/1596/260 1593/1594/259
f 1596/1595/260 1598/1597/261 1597/1598/261 1595/1596/260
f 1598/1597/261 1600/1599/262 1599/1600/262 1597/1598/261
f 1600/1599/262 1602/1601/263 1601/1602/263 1599/1600/262
f 1602/1601/263 1604/1603/264 1603/1604/264 1601/1602/263
f 1604/1603/264 1606/1605/265 1605/1606/265 1603/1604/264
f 1606/1605/265 1608/1607/266 1607/1608/266 1605/1606/265
f 1608/1607/266 1610/1609/267 1609/1610/267 1607/1608/266
f 1610/1609/267 1612/1611/268 1611/1612/268 1609/1610/267
f 1612/1611/268 1614/1613/269 1613/1614/269 1611/1612/268
f 1614/1613/269 1616/1615/270 1615/1616/270 1613/1614/269
f 1616/1615/270 1618/1617/271 1617/1618/271 1615/1616/270
f 1618/1617/271 1620/1619/272 1619/1620/272 1617/1618/271
f 1620/1619/272 1622/1621/273 1621/1622/273 1619/1620/272
f 1622/1621/273 1624/1623/274 1623/1624/274 1621/1622/273
f 1624/1623/274 1626/1625/275 1625/1626/275 1623/1624/274
f 1626/1625/275 1628/1627/276 1627/1628/276 1625/1626/275
f 1628/1627/276 1630/1629/277 1629/1630/277 1627/1628/276
f 1630/1629/277 1632/1631/278 1631/1632/278 1629/1630/277
f 1632/1631/278 1634/1633/279 1633/1634/279 1631/1632/278
f 1634/1633/279 1636/1635/280 1635/1636/280 1633/1634/279
f 1636/1635/280 1638/1637/281 1637/1638/281 1635/1636/280
f 1638/1637/281 1640/1639/282 1639/1640/282 1637/1638/281
f 1640/1639/282 1642/1641/283 1641/1642/283 1639/1640/282
f 1642/1641/283 1644/1643/284 1643/1644/284 1641/1642/283
f 1644/1643/284 1646/1645/285 1645/1646/285 1643/1644/284
f 1646/1645/285 1648/1647/286 1647/1648/286 1645/1646/285
f 1648/1647/286 1650/1649/287 1649/1650/287 1647/1648/286
f 1650/1649/287 1652/1651/288 1651/1652/288 1649/1650/287
f 1652/1651/288 1654/1653/289 1653/1654/289 1651/1652/288
f 1654/1653/289 1656/1655/290 1655/1656/290 1653/1654/289
f 1656/1655/290 1658/1657/291 1657/1658/291 1655/1656/290
f 1658/1657/291 1660/1659/292 1659/1660/292 1657/1658/291
f 1660/1659/292 1662/1661/293 1661/1662/293 1659/1660/292
f 1662/1661/293 1664/1663/294 1663/1664/294 1661/1662/293
f 1664/1663/294 1666/1665/295 1665/1666/295 1663/1664/294
f 1666/1665/295 1668/1667/296 1667/1668/296 1665/1666/295
f 1668/1667/296 1670/1669/297 1669/1670/297 1667/1668/296
f 1670/1669/297 1672/1671/298 1671/1672/298 1669/1670/297
f 1672/1671/298 1674/1673/299 1673/1674/299 1671/1672/298
f 1674/1673/299 1676/1675/300 1675/1676/300 1673/1674/299
f 1676/1675/300 1678/1677/301 1677/1678/301 1675/1676/300
f 1678/1677/301 1680/1679/302 1679/1680/302 1677/1678/301
f 1680/1679/302 1682/1681/303 1681/1682/303 1679/1680/302
f 1682/1681/303 1684/1683/304 1683/1684/304 1681/1682/303
f 1684/1683/304 1686/1685/305 1685/1686/305 1683/1684/304
f 1686/1685/305 1688/1687/306 1687/1688/306 1685/1686/305
f 1688/1687/306 1690/1689/307 1689/1690/307 1687/1688/306
f 1690/1689/307 1692/1691/308 1691/1692/308 1689/1690/307
f 1692/1691/308 1694/1693/309 1693/1694/309 1691/1692/308
f 1694/1693/309 1696/1695/310 1695/1696/310 1693/1694/309
f 1696/1695/310 1698/1697/311 1697/1698/311 1695/1696/310
f 1698/1697/311 1700/1699/312 1699/1700/312 1697/1698/311
f 1700/1699/312 1702/1701/313 1701/1702/313 1699/1700/312
f 1702/1701/313 1704/1703/314 1703/1704/314 1701/1702/313
f 1704/1703/314 1706/1705/315 1705/1706/315 1703/1704/314
f 1706/1705/315 1708/1707/316 1707/1708/316 1705/1706/315
f 1708/1707/316 1710/1709/317 1709/1710/317 1707/1708/316
f 1710/1709/317 1712/1711/318 1711/1712/318 1709/1710/317
f 1712/1711/318 1714/1713/319 1713/1714/319 1711/1712/318
f 1714/1713/319 1716/1715/320 1715/1716/320 1713/1714/319
f 1716/1715/320 1718/1717/321 1717/1718/321 1715/1716/320
f 1718/1717/321 1720/1719/322 1719/1720/322 1717/1718/321
f 1720/1719/322 1722/1721/323 1721/1722/323 1719/1720/322
f 1722/1721/323 1724/1723/324 1723/1724/324 1721/1722/323
f 1724/1723/324 1726/1725/325 1725/1726/325 1723/1724/324
f 1726/1725/325 1728/1727/326 1727/1728/326 1725/1726/325
f 1728/1727/326 1730/1729/327 1729/1730/327 1727/1728/326
f 1730/1729/327 1732/1731/328 1731/1732/328 1729/1730/327
f 1732/1731/328 1734/1733/329 1733/1734/329 1731/1732/328
f 1734/1733/329 1736/1735/330 1735/1736/330 1733/1734/329
f 1736/1735/330 1738/1737/331 1737/1738/331 1735/1736/330
f 1738/1737/331 1740/1739/332 1739/1740/332 1737/1738/331
f 1740/1739/332 1742/1741/333 1741/1742/333 1739/1740/332
f 1742/1741/333 1744/1743/334 1743/1744/334 1741/1742/333
f 1744/1743/334 1746/1745/335 1745/1746/335 1743/1744/334
f 1746/1745/335 1748/1747/336 1747/1748/336 1745/1746/335
f 1748/1747/336 1750/1749/337 1749/1750/337 1747/1748/336
f 1750/1749/337 1752/1751/338 1751/1752/338 1749/1750/337
f 1752/1751/338 1754/1753/339 1753/1754/339 1751/1752/338
f 1754/1753/339 1756/1755/340 1755/1756/340 1753/1754/339
f 1756/1755/340 1758/1757/341 1757/1758/341 1755/1756/340
f 1758/1757/341 1760/1759/342 1759/1760/342 1757/1758/341
f 1760/1759/342 1762/1761/343 1761/1762/343 1759/1760/342
f 1762/1761/343 1764/1763/344 1763/1764/344 1761/1762/343
f 1764/1763/344 1766/1765/345 1765/1766/345 1763/1764/344
f 1766/1765/345 1768/1767/346 1767/1768/346 1765/1766/345
f 1768/1767/346 1770/1769/347 1769/1770/347 1767/1768/346
f 1770/1769/347 1772/1771/348 1771/1772/348 1769/1770/347
f 1772/1771/348 1774/1773/349 1773/1774/349 1771/1772/348
f 1774/1773/349 1776/1775/350 1775/1776/350 1773/1774/349
f 1776/1775/350 1778/1777/6 1777/1778/6 1775/1776/350
f 1778/1777/6 1780/1779/351 1779/1780/351 1777/1778/6
f 1780/1779/351 1782/1781/352 1781/1782/352 1779/1780/351
f 1782/1781/352 1784/1783/353 1783/1784/353 1781/1782/352
f 1784/1783/353 1786/1785/354 1785/1786/354 1783/1784/353
f 1786/1785/354 1788/1787/355 1787/1788/355 1785/1786/354
f 1788/1787/355 1790/1789/356 1789/1790/356 1787/1788/355
f 1790/1789/356 1792/1791/357 1791/1792/357 1789/1790/356
f 1792/1791/357 1794/1793/358 1793/1794/358 1791/1792/357
f 1794/1793/358 1796/1795/359 1795/1796/359 1793/1794/358
f 1796/1795/359 1798/1797/360 1797/1798/360 1795/1796/359
f 1798/1797/360 1800/1799/361 1799/1800/361 1797/1798/360
f 1800/1799/361 1802/1801/362 1801/1802/362 1799/1800/361
f 1802/1801/362 1804/1803/363 1803/1804/363 1801/1802/362
f 1804/1803/363 1806/1805/364 1805/1806/364 1803/1804/363
f 1806/1805/364 1808/1807/365 1807/1808/365 1805/1806/364
f 1808/1807/365 1810/1809/366 1809/1810/366 1807/1808/365
f 1810/1809/366 1812/1811/367 1811/1812/367 1809/1810/366
f 1812/1811/367 1814/1813/368 1813/1814/368 1811/1812/367
f 1814/1813/368 1816/1815/369 1815/1816/369 1813/1814/368
f 1816/1815/369 1818/1817/370 1817/1818/370 1815/1816/369
f 1818/1817/370 1820/1819/371 1819/1820/371 1817/1818/370
f 1820/1819/371 1822/1821/372 1821/1822/372 1819/1820/371
f 1822/1821/372 1824/1823/373 1823/1824/373 1821/1822/372
f 1824/1823/373 1826/1825/374 1825/1826/374 1823/1824/373
f 1826/1825/374 1828/1827/375 1827/1828/375 1825/1826/374
f 1828/1827/375 1830/1829/376 1829/1830/376 1827/1828/375
f 1830/1829/376 1832/1831/377 1831/1832/377 1829/1830/376
f 1832/1831/377 1834/1833/378 1833/1834/378 1831/1832/377
f 1834/1833/378 1836/1835/379 1835/1836/379 1833/1834/378
f 1836/1835/379 1838/1837/380 1837/1838/380 1835/1836/379
f 1838/1837/380 1840/1839/381 1839/1840/381 1837/1838/380
f 1840/1839/381 1842/1841/382 1841/1842/382 1839/1840/381
f 1842/1841/382 1844/1843/383 1843/1844/383 1841/1842/382
f 1844/1843/383 1846/1845/384 1845/1846/384 1843/1844/383
f 1846/1845/384 1848/1847/385 1847/1848/385 1845/1846/384
f 1848/1847/385 1850/1849/386 1849/1850/386 1847/1848/385
f 1850/1849/386 1852/1851/43 1851/1852/43 1849/1850/386
f 1852/1851/43 1854/1853/93 1853/1854/93 1851/1852/43
f 1854/1853/93 1856/1855/94 1855/1856/94 1853/1854/93
f 1856/1855/94 1858/1857/95 1857/1858/95 1855/1856/94
f 1858/1857/95 1860/1859/96 1859/1860/96 1857/1858/95
f 1860/1859/96 1862/1861/97 1861/1862/97 1859/1860/96
f 1862/1861/97 1864/1863/98 1863/1864/98 1861/1862/97
f 1864/1863/98 1866/1865/99 1865/1866/99 1863/1864/98
f 1866/1865/99 1868/1867/100 1867/1868/100 1865/1866/99
f 1868/1867/100 1870/1869/101 1869/1870/101 1867/1868/100
f 1870/1869/101 1872/1871/102 1871/1872/102 1869/1870/101
f 1872/1871/102 1874/1873/103 1873/1874/103 1871/1872/102
f 1874/1873/103 1876/1875/104 1875/1876/104 1873/1874/103
f 1876/1875/104 1878/1877/5 1877/1878/5 1875/1876/104
f 1878/1877/5 1880/1879/6 1879/1880/6 1877/1878/5
f 1880/1879/6 1882/1881/387 1881/1882/387 1879/1880/6
f 1882/1881/387 1884/1883/388 1883/1884/388 1881/1882/387
f 1884/1883/388 1886/1885/389 1885/1886/389 1883/1884/388
f 1886/1885/389 1888/1887/390 1887/1888/390 1885/1886/389
f 1888/1887/390 1890/1889/391 1889/1890/391 1887/1888/390
f 1890/1889/391 1892/1891/392 1891/1892/392 1889/1890/391
f 1892/1891/392 1894/1893/393 1893/1894/393 1891/1892/392
f 1894/1893/393 1896/1895/394 1895/1896/394 1893/1894/393
f 1896/1895/394 1898/1897/395 1897/1898/395 1895/1896/394
f 1898/1897/395 1900/1899/396 1899/1900/396 1897/1898/395
f 1900/1899/396 1902/1901/397 1901/1902/397 1899/1900/396
f 1902/1901/397 1904/1903/398 1903/1904/398 1901/1902/397
f 1904/1903/398 1906/1905/399 1905/1906/399 1903/1904/398
f 1906/1905/399 1908/1907/400 1907/1908/400 1905/1906/399
f 1908/1907/400 1910/1909/401 1909/1910/401 1907/1908/400
f 1910/1909/401 1912/1911/402 1911/1912/402 1909/1910/401
f 1912/1911/402 1914/1913/403 1913/1914/403 1911/1912/402
f 1914/1913/403 1916/1915/404 1915/1916/404 1913/1914/403
f 1916/1915/404 1918/1917/405 1917/1918/405 1915/1916/404
f 1918/1917/405 1920/1919/406 1919/1920/406 1917/1918/405
f 1920/1919/406 1922/1921/407 1921/1922/407 1919/1920/406
f 1922/1921/407 1924/1923/408 1923/1924/408 1921/1922/407
f 1924/1923/408 1926/1925/409 1925/1926/409 1923/1924/408
f 1926/1925/409 1928/1927/410 1927/1928/410 1925/1926/409
f 1928/1927/410 1930/1929/411 1929/1930/411 1927/1928/410
f 1930/1929/411 1932/1931/412 1931/1932/412 1929/1930/411
f 1932/1931/412 1934/1933/413 1933/1934/413 1931/1932/412
f 1934/1933/413 1936/1935/414 1935/1936/414 1933/1934/413
f 1936/1935/414 1938/1937/415 1937/1938/415 1935/1936/414
f 1938/1937/415 1940/1939/416 1939/1940/416 1937/1938/415
f 1940/1939/416 1942/1941/417 1941/1942/417 1939/1940/416
f 1942/1941/417 1944/1943/418 1943/1944/418 1941/1942/417
f 1944/1943/418 1946/1945/419 1945/1946/419 1943/1944/418
f 1946/1945/419 1948/1947/420 1947/1948/420 1945/1946/419
f 1948/1947/420 1950/1949/421 1949/1950/421 1947/1948/420
f 1950/1949/421 1952/1951/422 1951/1952/422 1949/1950/421
f 1952/1951/422 1954/1953/423 1953/1954/423 1951/1952/422
f 1954/1953/423 1956/1955/424 1955/1956/424 1953/1954/423
f 1956/1955/424 1958/1957/425 1957/1958/425 1955/1956/424
f 1958/1957/425 1960/1959/426 1959/1960/426 1957/1958/425
f 1960/1959/426 1962/1961/427 1961/1962/427 1959/1960/426
f 1962/1961/427 1964/1963/428 1963/1964/428 1961/1962/427
f 1964/1963/428 1966/1965/429 1965/1966/429 1963/1964/428
f 1966/1965/429 1968/1967/430 1967/1968/430 1965/1966/429
f 1968/1967/430 1970/1969/431 1969/1970/431 1967/1968/430
f 1970/1969/431 1972/1971/432 1971/1972/432 1969/1970/431
f 1972/1971/432 1974/1973/433 1973/1974/433 1971/1972/432
f 1974/1973/433 1976/1975/434 1975/1976/434 1973/1974/433
f 1976/1975/434 1978/1977/435 1977/1978/435 1975/1976/434
f 1978/1977/435 1980/1979/436 1979/1980/436 1977/1978/435
f 1980/1979/436 1982/1981/437 1981/1982/437 1979/1980/436
f 1982/1981/437 1984/1983/438 1983/1984/438 1981/1982/437
f 1984/1983/438 1986/1985/439 1985/1986/439 1983/1984/438
f 1986/1985/439 1988/1987/440 1987/1988/440 1985/1986/439
f 1988/1987/440 1990/1989/441 1989/1990/441 1987/1988/440
f 1990/1989/441 1992/1991/442 1991/1992/442 1989/1990/441
f 1992/1991/442 1994/1993/443 1993/1994/443 1991/1992/442
f 1994/1993/443 1996/1995/444 1995/1996/444 1993/1994/443
f 1996/1995/444 1998/1997/445 1997/1998/445 1995/1996/444
f 1998/1997/445 2000/1999/446 1999/2000/446 1997/1998/445
f 2000/1999/446 2002/2001/447 2001/2002/447 1999/2000/446
f 2002/2001/447 2004/2003/448 2003/2004/448 2001/2002/447
f 2004/2003/448 2006/2005/449 2005/2006/449 2003/2004/448
f 2006/2005/449 2008/2007/450 2007/2008/450 2005/2006/449
f 2008/2007/450 2010/2009/451 2009/2010/451 2007/2008/450
f 2010/2009/451 2012/2011/452 2011/2012/452 2009/2010/451
f 2012/2011/452 2014/2013/453 2013/2014/453 2011/2012/452
f 2014/2013/453 2016/2015/454 2015/2016/454 2013/2014/453
f 2016/2015/454 2018/2017/455 2017/2018/455 2015/2016/454
f 2018/2017/455 2020/2019/456 2019/2020/456 2017/2018/455
f 2020/2019/456 2022/2021/457 2021/2022/457 2019/2020/456
f 2022/2021/457 2024/2023/458 2023/2024/458 2021/2022/457
f 2024/2023/458 2026/2025/459 2025/2026/459 2023/2024/458
f 2026/2025/459 2028/2027/460 2027/2028/460 2025/2026/459
f 2028/2027/460 1032/1031/3 1031/1034/3 2027/2028/460
f 2030/2029/6 2032/2030/131 2031/2031/131 2029/2032/6
f 2032/2030/131 2034/2033/4 2033/2034/4 2031/2031/131
f 2034/2033/4 2036/2035/5 2035/2036/5 2033/2034/4
f 2036/2035/5 2030/2029/6 2029/2032/6 2035/2036/5
f 2038/2037/6 2040/2038/131 2039/2039/131 2037/2040/6
f 2040/2038/131 2042/2041/4 2041/2042/4 2039/2039/131
f 2042/2041/4 2044/2043/5 2043/2044/5 2041/2042/4
f 2044/2043/5 2038/2037/6 2037/2040/6 2043/2044/5
f 2046/2045/131 2048/2046/4 2047/2047/4 2045/2048/131
f 2048/2046/4 2050/2049/5 2049/2050/5 2047/2047/4
f 2050/2049/5 2052/2051/6 2051/2052/6 2049/2050/5
f 2052/2051/6 2046/2045/131 2045/2048/131 2051/2052/6
f 2054/2053/4 2056/2054/5 2055/2055/5 2053/2056/4
f 2056/2054/5 2058/2057/6 2057/2058/6 2055/2055/5
f 2058/2057/6 2060/2059/131 2059/2060/131 2057/2058/6
f 2060/2059/131 2054/2053/4 2053/2056/4 2059/2060/131
