# Blender 4.2.1 LTS
# www.blender.org
mtllib MENN.mtl
o menn
v -1.728465 -2.003708 -1.000000
v 1.754136 -2.003708 -1.000000
v 1.754136 -2.154878 -1.000000
v 1.756414 -2.194057 -1.000000
v 1.763247 -2.229829 -1.000000
v 1.774637 -2.262194 -1.000000
v 1.790581 -2.291152 -1.000000
v 1.811082 -2.316704 -1.000000
v 1.836138 -2.338848 -1.000000
v 1.865750 -2.357586 -1.000000
v 1.899918 -2.372917 -1.000000
v 1.938641 -2.384841 -1.000000
v 1.981920 -2.393358 -1.000000
v 2.029755 -2.398468 -1.000000
v 2.082145 -2.400172 -1.000000
v 2.105755 -2.399835 -1.000000
v 2.128098 -2.398825 -1.000000
v 2.149173 -2.397141 -1.000000
v 2.168980 -2.394784 -1.000000
v 2.187520 -2.391753 -1.000000
v 2.204792 -2.388050 -1.000000
v 2.220796 -2.383672 -1.000000
v 2.235533 -2.378621 -1.000000
v 2.249002 -2.372897 -1.000000
v 2.261203 -2.366499 -1.000000
v 2.272137 -2.359428 -1.000000
v 2.281803 -2.351683 -1.000000
v 2.290003 -2.343622 -1.000000
v 2.297490 -2.334649 -1.000000
v 2.304264 -2.324765 -1.000000
v 2.310325 -2.313970 -1.000000
v 2.315673 -2.302264 -1.000000
v 2.320308 -2.289647 -1.000000
v 2.324230 -2.276118 -1.000000
v 2.327439 -2.261679 -1.000000
v 2.329935 -2.246328 -1.000000
v 2.331717 -2.230066 -1.000000
v 2.332787 -2.212893 -1.000000
v 2.333143 -2.194809 -1.000000
v 2.327221 -2.030706 -1.000000
v 2.321814 -1.856897 -1.000000
v 2.316921 -1.673382 -1.000000
v 2.312544 -1.480162 -1.000000
v 2.308681 -1.277236 -1.000000
v 2.305334 -1.064604 -1.000000
v 2.302502 -0.842267 -1.000000
v 2.300184 -0.610224 -1.000000
v 2.298382 -0.368476 -1.000000
v 2.297094 -0.117022 -1.000000
v 2.296322 0.144138 -1.000000
v 2.296064 0.415003 -1.000000
v 2.296282 0.509186 -1.000000
v 2.296936 0.605390 -1.000000
v 2.298025 0.703615 -1.000000
v 2.299550 0.803860 -1.000000
v 2.301511 0.906125 -1.000000
v 2.303908 1.010410 -1.000000
v 2.306740 1.116716 -1.000000
v 2.310009 1.225042 -1.000000
v 2.313713 1.335389 -1.000000
v 2.317852 1.447756 -1.000000
v 2.322428 1.562143 -1.000000
v 2.327439 1.678551 -1.000000
v 2.273286 1.653613 -1.000000
v 2.219212 1.628240 -1.000000
v 2.165217 1.602431 -1.000000
v 2.111301 1.576187 -1.000000
v 2.057465 1.549506 -1.000000
v 2.003708 1.522390 -1.000000
v 1.950030 1.494838 -1.000000
v 1.896432 1.466850 -1.000000
v 1.842912 1.438427 -1.000000
v 1.789472 1.409567 -1.000000
v 1.736111 1.380273 -1.000000
v 1.682830 1.350542 -1.000000
v 0.613235 1.350542 -1.000000
v 0.593308 1.423373 -1.000000
v 0.573462 1.499255 -1.000000
v 0.553694 1.578187 -1.000000
v 0.534005 1.660170 -1.000000
v 0.514396 1.745203 -1.000000
v 0.494866 1.833286 -1.000000
v 0.475415 1.924419 -1.000000
v 0.456044 2.018603 -1.000000
v 0.436751 2.115837 -1.000000
v 0.417538 2.216121 -1.000000
v 0.398404 2.319456 -1.000000
v 0.379350 2.425841 -1.000000
v 2.050770 2.425841 -1.000000
v 2.087196 2.425603 -1.000000
v 2.125166 2.424890 -1.000000
v 2.164682 2.423702 -1.000000
v 2.205742 2.422038 -1.000000
v 2.248348 2.419899 -1.000000
v 2.292498 2.417284 -1.000000
v 2.338194 2.414194 -1.000000
v 2.385434 2.410629 -1.000000
v 2.434220 2.406588 -1.000000
v 2.484550 2.402072 -1.000000
v 2.536426 2.397081 -1.000000
v 2.589846 2.391614 -1.000000
v 2.652596 2.605533 -1.000000
v 2.598224 2.598244 -1.000000
v 2.544448 2.591589 -1.000000
v 2.491265 2.585567 -1.000000
v 2.438677 2.580180 -1.000000
v 2.386683 2.575426 -1.000000
v 2.335283 2.571306 -1.000000
v 2.284477 2.567820 -1.000000
v 2.234265 2.564968 -1.000000
v 2.184648 2.562749 -1.000000
v 2.135625 2.561165 -1.000000
v 2.087196 2.560214 -1.000000
v 2.039361 2.559897 -1.000000
v -1.617228 2.559897 -1.000000
v -1.675580 2.629143 -1.000000
v -1.729892 2.692369 -1.000000
v -1.780163 2.749572 -1.000000
v -1.826393 2.800754 -1.000000
v -1.868582 2.845915 -1.000000
v -1.906731 2.885054 -1.000000
v -1.940839 2.918172 -1.000000
v -1.970907 2.945268 -1.000000
v -1.996934 2.966343 -1.000000
v -2.018920 2.981397 -1.000000
v -2.036866 2.990429 -1.000000
v -2.050770 2.993439 -1.000000
v -2.062437 2.991360 -1.000000
v -2.078421 2.985121 -1.000000
v -2.098724 2.974722 -1.000000
v -2.123344 2.960163 -1.000000
v -2.152283 2.941445 -1.000000
v -2.185539 2.918568 -1.000000
v -2.223114 2.891531 -1.000000
v -2.265007 2.860334 -1.000000
v -2.311217 2.824978 -1.000000
v -2.361745 2.785463 -1.000000
v -2.416592 2.741788 -1.000000
v -2.475756 2.693953 -1.000000
v -2.505823 2.668956 -1.000000
v -2.533276 2.645306 -1.000000
v -2.558115 2.623003 -1.000000
v -2.580338 2.602047 -1.000000
v -2.599948 2.582438 -1.000000
v -2.616942 2.564175 -1.000000
v -2.631323 2.547260 -1.000000
v -2.643088 2.531692 -1.000000
v -2.652239 2.517470 -1.000000
v -2.658776 2.504595 -1.000000
v -2.662697 2.493067 -1.000000
v -2.664005 2.482886 -1.000000
v -2.663470 2.473775 -1.000000
v -2.661865 2.465456 -1.000000
v -2.659192 2.457929 -1.000000
v -2.655448 2.451194 -1.000000
v -2.650635 2.445252 -1.000000
v -2.644752 2.440102 -1.000000
v -2.637800 2.435745 -1.000000
v -2.629778 2.432179 -1.000000
v -2.620686 2.429406 -1.000000
v -2.610525 2.427426 -1.000000
v -2.599294 2.426237 -1.000000
v -2.586994 2.425841 -1.000000
v -0.290930 2.425841 -1.000000
v -0.241709 2.326428 -1.000000
v -0.191022 2.228798 -1.000000
v -0.138869 2.132950 -1.000000
v -0.085251 2.038885 -1.000000
v -0.030166 1.946603 -1.000000
v 0.026384 1.856103 -1.000000
v 0.084399 1.767386 -1.000000
v 0.143881 1.680452 -1.000000
v 0.204828 1.595300 -1.000000
v 0.267240 1.511931 -1.000000
v 0.331119 1.430345 -1.000000
v 0.396463 1.350542 -1.000000
v -1.662864 1.350542 -1.000000
v -1.704756 1.397010 -1.000000
v -1.743915 1.439437 -1.000000
v -1.780341 1.477823 -1.000000
v -1.814033 1.512169 -1.000000
v -1.844992 1.542475 -1.000000
v -1.873217 1.568739 -1.000000
v -1.898710 1.590963 -1.000000
v -1.921468 1.609146 -1.000000
v -1.941493 1.623288 -1.000000
v -1.958785 1.633390 -1.000000
v -1.973344 1.639451 -1.000000
v -1.985168 1.641471 -1.000000
v -1.997469 1.639847 -1.000000
v -2.012502 1.634975 -1.000000
v -2.030270 1.626854 -1.000000
v -2.050770 1.615484 -1.000000
v -2.074004 1.600866 -1.000000
v -2.099972 1.583000 -1.000000
v -2.128672 1.561886 -1.000000
v -2.160107 1.537523 -1.000000
v -2.194274 1.509911 -1.000000
v -2.231175 1.479051 -1.000000
v -2.270810 1.444943 -1.000000
v -2.313178 1.407587 -1.000000
v -2.334589 1.387165 -1.000000
v -2.354139 1.367734 -1.000000
v -2.371827 1.349294 -1.000000
v -2.387653 1.331843 -1.000000
v -2.401617 1.315384 -1.000000
v -2.413720 1.299914 -1.000000
v -2.423960 1.285435 -1.000000
v -2.432338 1.271946 -1.000000
v -2.438855 1.259448 -1.000000
v -2.443510 1.247940 -1.000000
v -2.446302 1.237422 -1.000000
v -2.447233 1.227895 -1.000000
v -2.446005 1.215258 -1.000000
v -2.442321 1.202066 -1.000000
v -2.436181 1.188320 -1.000000
v -2.427585 1.174019 -1.000000
v -2.416532 1.159163 -1.000000
v -2.403024 1.143753 -1.000000
v -2.387059 1.127788 -1.000000
v -2.368638 1.111269 -1.000000
v -2.347761 1.094195 -1.000000
v -2.324428 1.076567 -1.000000
v -2.298639 1.058384 -1.000000
v -2.270394 1.039646 -1.000000
v -2.270394 0.514831 -1.000000
v -2.270691 0.291999 -1.000000
v -2.271582 0.069404 -1.000000
v -2.273068 -0.152952 -1.000000
v -2.275147 -0.375072 -1.000000
v -2.277821 -0.596953 -1.000000
v -2.281090 -0.818597 -1.000000
v -2.284952 -1.040003 -1.000000
v -2.289408 -1.261172 -1.000000
v -2.294459 -1.482103 -1.000000
v -2.300104 -1.702796 -1.000000
v -2.306344 -1.923251 -1.000000
v -2.313178 -2.143469 -1.000000
v -2.310900 -2.182648 -1.000000
v -2.304066 -2.218420 -1.000000
v -2.292677 -2.250785 -1.000000
v -2.276732 -2.279743 -1.000000
v -2.256231 -2.305295 -1.000000
v -2.231175 -2.327439 -1.000000
v -2.201563 -2.346177 -1.000000
v -2.167396 -2.361508 -1.000000
v -2.128672 -2.373432 -1.000000
v -2.085393 -2.381949 -1.000000
v -2.037559 -2.387059 -1.000000
v -1.985168 -2.388762 -1.000000
v -1.960647 -2.388426 -1.000000
v -1.937472 -2.387416 -1.000000
v -1.915645 -2.385732 -1.000000
v -1.895164 -2.383375 -1.000000
v -1.876030 -2.380344 -1.000000
v -1.858243 -2.376641 -1.000000
v -1.841803 -2.372263 -1.000000
v -1.826710 -2.367212 -1.000000
v -1.812963 -2.361488 -1.000000
v -1.800564 -2.355090 -1.000000
v -1.789511 -2.348019 -1.000000
v -1.779806 -2.340274 -1.000000
v -1.771606 -2.332747 -1.000000
v -1.764119 -2.324428 -1.000000
v -1.757344 -2.315317 -1.000000
v -1.751283 -2.305413 -1.000000
v -1.745935 -2.294717 -1.000000
v -1.741301 -2.283229 -1.000000
v -1.737379 -2.270949 -1.000000
v -1.734170 -2.257876 -1.000000
v -1.731674 -2.244011 -1.000000
v -1.729892 -2.229353 -1.000000
v -1.728822 -2.213904 -1.000000
v -1.728465 -2.197662 -1.000000
v -0.424986 1.216486 -1.000000
v 0.473474 1.216486 -1.000000
v 0.473474 0.315174 -1.000000
v -0.424986 0.315174 -1.000000
v 0.986880 -1.869652 -1.000000
v 0.986880 1.216486 -1.000000
v 1.754136 1.216486 -1.000000
v 1.754136 -1.869652 -1.000000
v -0.932687 -1.869652 -1.000000
v -1.728465 -1.869652 -1.000000
v -1.728465 1.216486 -1.000000
v -0.932687 1.216486 -1.000000
v 0.473474 -1.869652 -1.000000
v -0.424986 -1.869652 -1.000000
v -0.424986 -0.857103 -1.000000
v 0.473474 -0.857103 -1.000000
v 0.473474 -0.723047 -1.000000
v -0.424986 -0.723047 -1.000000
v -0.424986 0.181118 -1.000000
v 0.473474 0.181118 -1.000000
v -1.728466 -2.003708 1.000000
v 1.754136 -2.003708 1.000000
v 1.754136 -2.154878 1.000000
v 1.756414 -2.194057 1.000000
v 1.763247 -2.229829 1.000000
v 1.774636 -2.262194 1.000000
v 1.790581 -2.291152 1.000000
v 1.811082 -2.316704 1.000000
v 1.836138 -2.338848 1.000000
v 1.865750 -2.357586 1.000000
v 1.899918 -2.372917 1.000000
v 1.938641 -2.384841 1.000000
v 1.981920 -2.393358 1.000000
v 2.029755 -2.398468 1.000000
v 2.082145 -2.400172 1.000000
v 2.105755 -2.399835 1.000000
v 2.128098 -2.398825 1.000000
v 2.149173 -2.397141 1.000000
v 2.168980 -2.394784 1.000000
v 2.187520 -2.391753 1.000000
v 2.204792 -2.388050 1.000000
v 2.220796 -2.383672 1.000000
v 2.235533 -2.378621 1.000000
v 2.249002 -2.372897 1.000000
v 2.261203 -2.366499 1.000000
v 2.272137 -2.359428 1.000000
v 2.281803 -2.351683 1.000000
v 2.290003 -2.343622 1.000000
v 2.297490 -2.334649 1.000000
v 2.304264 -2.324765 1.000000
v 2.310325 -2.313970 1.000000
v 2.315673 -2.302264 1.000000
v 2.320308 -2.289647 1.000000
v 2.324230 -2.276118 1.000000
v 2.327439 -2.261679 1.000000
v 2.329935 -2.246328 1.000000
v 2.331717 -2.230066 1.000000
v 2.332787 -2.212893 1.000000
v 2.333143 -2.194809 1.000000
v 2.327221 -2.030706 1.000000
v 2.321814 -1.856897 1.000000
v 2.316921 -1.673382 1.000000
v 2.312544 -1.480162 1.000000
v 2.308681 -1.277236 1.000000
v 2.305334 -1.064604 1.000000
v 2.302502 -0.842267 1.000000
v 2.300184 -0.610224 1.000000
v 2.298382 -0.368476 1.000000
v 2.297094 -0.117022 1.000000
v 2.296322 0.144138 1.000000
v 2.296064 0.415003 1.000000
v 2.296282 0.509186 1.000000
v 2.296936 0.605390 1.000000
v 2.298025 0.703615 1.000000
v 2.299550 0.803860 1.000000
v 2.301511 0.906125 1.000000
v 2.303908 1.010410 1.000000
v 2.306740 1.116716 1.000000
v 2.310009 1.225042 1.000000
v 2.313713 1.335389 1.000000
v 2.317852 1.447756 1.000000
v 2.322428 1.562143 1.000000
v 2.327439 1.678551 1.000000
v 2.273286 1.653613 1.000000
v 2.219212 1.628240 1.000000
v 2.165217 1.602431 1.000000
v 2.111301 1.576187 1.000000
v 2.057465 1.549506 1.000000
v 2.003708 1.522390 1.000000
v 1.950030 1.494838 1.000000
v 1.896432 1.466850 1.000000
v 1.842912 1.438427 1.000000
v 1.789472 1.409567 1.000000
v 1.736111 1.380273 1.000000
v 1.682829 1.350542 1.000000
v 0.613234 1.350542 1.000000
v 0.593308 1.423373 1.000000
v 0.573461 1.499255 1.000000
v 0.553694 1.578187 1.000000
v 0.534005 1.660170 1.000000
v 0.514396 1.745203 1.000000
v 0.494866 1.833286 1.000000
v 0.475415 1.924419 1.000000
v 0.456044 2.018603 1.000000
v 0.436751 2.115837 1.000000
v 0.417538 2.216121 1.000000
v 0.398404 2.319456 1.000000
v 0.379349 2.425841 1.000000
v 2.050770 2.425841 1.000000
v 2.087196 2.425603 1.000000
v 2.125166 2.424890 1.000000
v 2.164682 2.423702 1.000000
v 2.205742 2.422038 1.000000
v 2.248348 2.419899 1.000000
v 2.292498 2.417284 1.000000
v 2.338194 2.414194 1.000000
v 2.385434 2.410629 1.000000
v 2.434220 2.406588 1.000000
v 2.484550 2.402072 1.000000
v 2.536426 2.397081 1.000000
v 2.589846 2.391614 1.000000
v 2.652596 2.605533 1.000000
v 2.598224 2.598244 1.000000
v 2.544448 2.591589 1.000000
v 2.491265 2.585567 1.000000
v 2.438677 2.580180 1.000000
v 2.386683 2.575426 1.000000
v 2.335283 2.571306 1.000000
v 2.284477 2.567820 1.000000
v 2.234265 2.564968 1.000000
v 2.184648 2.562749 1.000000
v 2.135625 2.561165 1.000000
v 2.087196 2.560214 1.000000
v 2.039361 2.559897 1.000000
v -1.617228 2.559897 1.000000
v -1.675580 2.629143 1.000000
v -1.729892 2.692369 1.000000
v -1.780163 2.749572 1.000000
v -1.826393 2.800754 1.000000
v -1.868583 2.845915 1.000000
v -1.906731 2.885054 1.000000
v -1.940840 2.918172 1.000000
v -1.970907 2.945268 1.000000
v -1.996934 2.966343 1.000000
v -2.018920 2.981397 1.000000
v -2.036866 2.990429 1.000000
v -2.050770 2.993439 1.000000
v -2.062437 2.991360 1.000000
v -2.078421 2.985121 1.000000
v -2.098724 2.974722 1.000000
v -2.123344 2.960163 1.000000
v -2.152283 2.941445 1.000000
v -2.185539 2.918568 1.000000
v -2.223114 2.891531 1.000000
v -2.265007 2.860334 1.000000
v -2.311217 2.824978 1.000000
v -2.361745 2.785463 1.000000
v -2.416592 2.741788 1.000000
v -2.475756 2.693953 1.000000
v -2.505823 2.668956 1.000000
v -2.533276 2.645306 1.000000
v -2.558115 2.623003 1.000000
v -2.580338 2.602047 1.000000
v -2.599948 2.582438 1.000000
v -2.616942 2.564175 1.000000
v -2.631323 2.547260 1.000000
v -2.643088 2.531692 1.000000
v -2.652239 2.517470 1.000000
v -2.658776 2.504595 1.000000
v -2.662697 2.493067 1.000000
v -2.664005 2.482886 1.000000
v -2.663470 2.473775 1.000000
v -2.661865 2.465456 1.000000
v -2.659192 2.457929 1.000000
v -2.655448 2.451194 1.000000
v -2.650635 2.445252 1.000000
v -2.644752 2.440102 1.000000
v -2.637800 2.435745 1.000000
v -2.629778 2.432179 1.000000
v -2.620686 2.429406 1.000000
v -2.610525 2.427426 1.000000
v -2.599294 2.426237 1.000000
v -2.586994 2.425841 1.000000
v -0.290930 2.425841 1.000000
v -0.241709 2.326428 1.000000
v -0.191022 2.228798 1.000000
v -0.138869 2.132950 1.000000
v -0.085251 2.038885 1.000000
v -0.030167 1.946603 1.000000
v 0.026383 1.856103 1.000000
v 0.084399 1.767386 1.000000
v 0.143880 1.680452 1.000000
v 0.204827 1.595300 1.000000
v 0.267240 1.511931 1.000000
v 0.331119 1.430345 1.000000
v 0.396463 1.350542 1.000000
v -1.662864 1.350542 1.000000
v -1.704756 1.397010 1.000000
v -1.743915 1.439437 1.000000
v -1.780341 1.477823 1.000000
v -1.814033 1.512169 1.000000
v -1.844992 1.542475 1.000000
v -1.873218 1.568739 1.000000
v -1.898710 1.590963 1.000000
v -1.921468 1.609146 1.000000
v -1.941494 1.623288 1.000000
v -1.958785 1.633390 1.000000
v -1.973344 1.639451 1.000000
v -1.985169 1.641471 1.000000
v -1.997469 1.639847 1.000000
v -2.012502 1.634975 1.000000
v -2.030270 1.626854 1.000000
v -2.050770 1.615484 1.000000
v -2.074004 1.600866 1.000000
v -2.099972 1.583000 1.000000
v -2.128672 1.561886 1.000000
v -2.160107 1.537523 1.000000
v -2.194274 1.509911 1.000000
v -2.231175 1.479051 1.000000
v -2.270810 1.444943 1.000000
v -2.313178 1.407587 1.000000
v -2.334589 1.387165 1.000000
v -2.354139 1.367734 1.000000
v -2.371827 1.349294 1.000000
v -2.387653 1.331843 1.000000
v -2.401617 1.315384 1.000000
v -2.413720 1.299914 1.000000
v -2.423960 1.285435 1.000000
v -2.432338 1.271946 1.000000
v -2.438855 1.259448 1.000000
v -2.443510 1.247940 1.000000
v -2.446302 1.237422 1.000000
v -2.447233 1.227895 1.000000
v -2.446005 1.215258 1.000000
v -2.442321 1.202066 1.000000
v -2.436181 1.188320 1.000000
v -2.427585 1.174019 1.000000
v -2.416532 1.159163 1.000000
v -2.403024 1.143753 1.000000
v -2.387059 1.127788 1.000000
v -2.368638 1.111269 1.000000
v -2.347761 1.094195 1.000000
v -2.324428 1.076567 1.000000
v -2.298639 1.058384 1.000000
v -2.270394 1.039646 1.000000
v -2.270394 0.514831 1.000000
v -2.270691 0.291999 1.000000
v -2.271582 0.069405 1.000000
v -2.273068 -0.152952 1.000000
v -2.275147 -0.375072 1.000000
v -2.277821 -0.596953 1.000000
v -2.281090 -0.818597 1.000000
v -2.284952 -1.040003 1.000000
v -2.289408 -1.261172 1.000000
v -2.294459 -1.482103 1.000000
v -2.300104 -1.702796 1.000000
v -2.306344 -1.923251 1.000000
v -2.313178 -2.143469 1.000000
v -2.310900 -2.182648 1.000000
v -2.304066 -2.218420 1.000000
v -2.292677 -2.250785 1.000000
v -2.276732 -2.279743 1.000000
v -2.256231 -2.305295 1.000000
v -2.231175 -2.327439 1.000000
v -2.201563 -2.346177 1.000000
v -2.167396 -2.361508 1.000000
v -2.128672 -2.373432 1.000000
v -2.085393 -2.381949 1.000000
v -2.037559 -2.387059 1.000000
v -1.985169 -2.388762 1.000000
v -1.960647 -2.388426 1.000000
v -1.937473 -2.387416 1.000000
v -1.915645 -2.385732 1.000000
v -1.895164 -2.383375 1.000000
v -1.876030 -2.380344 1.000000
v -1.858243 -2.376641 1.000000
v -1.841803 -2.372263 1.000000
v -1.826710 -2.367212 1.000000
v -1.812964 -2.361488 1.000000
v -1.800564 -2.355090 1.000000
v -1.789512 -2.348019 1.000000
v -1.779806 -2.340274 1.000000
v -1.771606 -2.332747 1.000000
v -1.764119 -2.324428 1.000000
v -1.757345 -2.315317 1.000000
v -1.751284 -2.305413 1.000000
v -1.745936 -2.294717 1.000000
v -1.741301 -2.283229 1.000000
v -1.737379 -2.270949 1.000000
v -1.734170 -2.257876 1.000000
v -1.731674 -2.244011 1.000000
v -1.729892 -2.229353 1.000000
v -1.728822 -2.213904 1.000000
v -1.728466 -2.197662 1.000000
v -0.424986 1.216486 1.000000
v 0.473474 1.216486 1.000000
v 0.473474 0.315174 1.000000
v -0.424986 0.315174 1.000000
v 0.986880 -1.869652 1.000000
v 0.986880 1.216486 1.000000
v 1.754136 1.216486 1.000000
v 1.754136 -1.869652 1.000000
v -0.932687 -1.869652 1.000000
v -1.728466 -1.869652 1.000000
v -1.728466 1.216486 1.000000
v -0.932687 1.216486 1.000000
v 0.473474 -1.869652 1.000000
v -0.424986 -1.869652 1.000000
v -0.424986 -0.857102 1.000000
v 0.473474 -0.857102 1.000000
v 0.473474 -0.723047 1.000000
v -0.424986 -0.723047 1.000000
v -0.424986 0.181118 1.000000
v 0.473474 0.181118 1.000000
v -1.728466 -2.003708 1.000000
v -1.728465 -2.003708 -1.000000
v 1.754136 -2.003708 1.000000
v 1.754136 -2.003708 -1.000000
v 1.754136 -2.154878 1.000000
v 1.754136 -2.154878 -1.000000
v 1.756414 -2.194057 1.000000
v 1.756414 -2.194057 -1.000000
v 1.763247 -2.229829 1.000000
v 1.763247 -2.229829 -1.000000
v 1.774636 -2.262194 1.000000
v 1.774637 -2.262194 -1.000000
v 1.790581 -2.291152 1.000000
v 1.790581 -2.291152 -1.000000
v 1.811082 -2.316704 1.000000
v 1.811082 -2.316704 -1.000000
v 1.836138 -2.338848 1.000000
v 1.836138 -2.338848 -1.000000
v 1.865750 -2.357586 1.000000
v 1.865750 -2.357586 -1.000000
v 1.899918 -2.372917 1.000000
v 1.899918 -2.372917 -1.000000
v 1.938641 -2.384841 1.000000
v 1.938641 -2.384841 -1.000000
v 1.981920 -2.393358 1.000000
v 1.981920 -2.393358 -1.000000
v 2.029755 -2.398468 1.000000
v 2.029755 -2.398468 -1.000000
v 2.082145 -2.400172 1.000000
v 2.082145 -2.400172 -1.000000
v 2.105755 -2.399835 1.000000
v 2.105755 -2.399835 -1.000000
v 2.128098 -2.398825 1.000000
v 2.128098 -2.398825 -1.000000
v 2.149173 -2.397141 1.000000
v 2.149173 -2.397141 -1.000000
v 2.168980 -2.394784 1.000000
v 2.168980 -2.394784 -1.000000
v 2.187520 -2.391753 1.000000
v 2.187520 -2.391753 -1.000000
v 2.204792 -2.388050 1.000000
v 2.204792 -2.388050 -1.000000
v 2.220796 -2.383672 1.000000
v 2.220796 -2.383672 -1.000000
v 2.235533 -2.378621 1.000000
v 2.235533 -2.378621 -1.000000
v 2.249002 -2.372897 1.000000
v 2.249002 -2.372897 -1.000000
v 2.261203 -2.366499 1.000000
v 2.261203 -2.366499 -1.000000
v 2.272137 -2.359428 1.000000
v 2.272137 -2.359428 -1.000000
v 2.281803 -2.351683 1.000000
v 2.281803 -2.351683 -1.000000
v 2.290003 -2.343622 1.000000
v 2.290003 -2.343622 -1.000000
v 2.297490 -2.334649 1.000000
v 2.297490 -2.334649 -1.000000
v 2.304264 -2.324765 1.000000
v 2.304264 -2.324765 -1.000000
v 2.310325 -2.313970 1.000000
v 2.310325 -2.313970 -1.000000
v 2.315673 -2.302264 1.000000
v 2.315673 -2.302264 -1.000000
v 2.320308 -2.289647 1.000000
v 2.320308 -2.289647 -1.000000
v 2.324230 -2.276118 1.000000
v 2.324230 -2.276118 -1.000000
v 2.327439 -2.261679 1.000000
v 2.327439 -2.261679 -1.000000
v 2.329935 -2.246328 1.000000
v 2.329935 -2.246328 -1.000000
v 2.331717 -2.230066 1.000000
v 2.331717 -2.230066 -1.000000
v 2.332787 -2.212893 1.000000
v 2.332787 -2.212893 -1.000000
v 2.333143 -2.194809 1.000000
v 2.333143 -2.194809 -1.000000
v 2.327221 -2.030706 1.000000
v 2.327221 -2.030706 -1.000000
v 2.321814 -1.856897 1.000000
v 2.321814 -1.856897 -1.000000
v 2.316921 -1.673382 1.000000
v 2.316921 -1.673382 -1.000000
v 2.312544 -1.480162 1.000000
v 2.312544 -1.480162 -1.000000
v 2.308681 -1.277236 1.000000
v 2.308681 -1.277236 -1.000000
v 2.305334 -1.064604 1.000000
v 2.305334 -1.064604 -1.000000
v 2.302502 -0.842267 1.000000
v 2.302502 -0.842267 -1.000000
v 2.300184 -0.610224 1.000000
v 2.300184 -0.610224 -1.000000
v 2.298382 -0.368476 1.000000
v 2.298382 -0.368476 -1.000000
v 2.297094 -0.117022 1.000000
v 2.297094 -0.117022 -1.000000
v 2.296322 0.144138 1.000000
v 2.296322 0.144138 -1.000000
v 2.296064 0.415003 1.000000
v 2.296064 0.415003 -1.000000
v 2.296282 0.509186 1.000000
v 2.296282 0.509186 -1.000000
v 2.296936 0.605390 1.000000
v 2.296936 0.605390 -1.000000
v 2.298025 0.703615 1.000000
v 2.298025 0.703615 -1.000000
v 2.299550 0.803860 1.000000
v 2.299550 0.803860 -1.000000
v 2.301511 0.906125 1.000000
v 2.301511 0.906125 -1.000000
v 2.303908 1.010410 1.000000
v 2.303908 1.010410 -1.000000
v 2.306740 1.116716 1.000000
v 2.306740 1.116716 -1.000000
v 2.310009 1.225042 1.000000
v 2.310009 1.225042 -1.000000
v 2.313713 1.335389 1.000000
v 2.313713 1.335389 -1.000000
v 2.317852 1.447756 1.000000
v 2.317852 1.447756 -1.000000
v 2.322428 1.562143 1.000000
v 2.322428 1.562143 -1.000000
v 2.327439 1.678551 1.000000
v 2.327439 1.678551 -1.000000
v 2.273286 1.653613 1.000000
v 2.273286 1.653613 -1.000000
v 2.219212 1.628240 1.000000
v 2.219212 1.628240 -1.000000
v 2.165217 1.602431 1.000000
v 2.165217 1.602431 -1.000000
v 2.111301 1.576187 1.000000
v 2.111301 1.576187 -1.000000
v 2.057465 1.549506 1.000000
v 2.057465 1.549506 -1.000000
v 2.003708 1.522390 1.000000
v 2.003708 1.522390 -1.000000
v 1.950030 1.494838 1.000000
v 1.950030 1.494838 -1.000000
v 1.896432 1.466850 1.000000
v 1.896432 1.466850 -1.000000
v 1.842912 1.438427 1.000000
v 1.842912 1.438427 -1.000000
v 1.789472 1.409567 1.000000
v 1.789472 1.409567 -1.000000
v 1.736111 1.380273 1.000000
v 1.736111 1.380273 -1.000000
v 1.682829 1.350542 1.000000
v 1.682830 1.350542 -1.000000
v 0.613234 1.350542 1.000000
v 0.613235 1.350542 -1.000000
v 0.593308 1.423373 1.000000
v 0.593308 1.423373 -1.000000
v 0.573461 1.499255 1.000000
v 0.573462 1.499255 -1.000000
v 0.553694 1.578187 1.000000
v 0.553694 1.578187 -1.000000
v 0.534005 1.660170 1.000000
v 0.534005 1.660170 -1.000000
v 0.514396 1.745203 1.000000
v 0.514396 1.745203 -1.000000
v 0.494866 1.833286 1.000000
v 0.494866 1.833286 -1.000000
v 0.475415 1.924419 1.000000
v 0.475415 1.924419 -1.000000
v 0.456044 2.018603 1.000000
v 0.456044 2.018603 -1.000000
v 0.436751 2.115837 1.000000
v 0.436751 2.115837 -1.000000
v 0.417538 2.216121 1.000000
v 0.417538 2.216121 -1.000000
v 0.398404 2.319456 1.000000
v 0.398404 2.319456 -1.000000
v 0.379349 2.425841 1.000000
v 0.379350 2.425841 -1.000000
v 2.050770 2.425841 1.000000
v 2.050770 2.425841 -1.000000
v 2.087196 2.425603 1.000000
v 2.087196 2.425603 -1.000000
v 2.125166 2.424890 1.000000
v 2.125166 2.424890 -1.000000
v 2.164682 2.423702 1.000000
v 2.164682 2.423702 -1.000000
v 2.205742 2.422038 1.000000
v 2.205742 2.422038 -1.000000
v 2.248348 2.419899 1.000000
v 2.248348 2.419899 -1.000000
v 2.292498 2.417284 1.000000
v 2.292498 2.417284 -1.000000
v 2.338194 2.414194 1.000000
v 2.338194 2.414194 -1.000000
v 2.385434 2.410629 1.000000
v 2.385434 2.410629 -1.000000
v 2.434220 2.406588 1.000000
v 2.434220 2.406588 -1.000000
v 2.484550 2.402072 1.000000
v 2.484550 2.402072 -1.000000
v 2.536426 2.397081 1.000000
v 2.536426 2.397081 -1.000000
v 2.589846 2.391614 1.000000
v 2.589846 2.391614 -1.000000
v 2.652596 2.605533 1.000000
v 2.652596 2.605533 -1.000000
v 2.598224 2.598244 1.000000
v 2.598224 2.598244 -1.000000
v 2.544448 2.591589 1.000000
v 2.544448 2.591589 -1.000000
v 2.491265 2.585567 1.000000
v 2.491265 2.585567 -1.000000
v 2.438677 2.580180 1.000000
v 2.438677 2.580180 -1.000000
v 2.386683 2.575426 1.000000
v 2.386683 2.575426 -1.000000
v 2.335283 2.571306 1.000000
v 2.335283 2.571306 -1.000000
v 2.284477 2.567820 1.000000
v 2.284477 2.567820 -1.000000
v 2.234265 2.564968 1.000000
v 2.234265 2.564968 -1.000000
v 2.184648 2.562749 1.000000
v 2.184648 2.562749 -1.000000
v 2.135625 2.561165 1.000000
v 2.135625 2.561165 -1.000000
v 2.087196 2.560214 1.000000
v 2.087196 2.560214 -1.000000
v 2.039361 2.559897 1.000000
v 2.039361 2.559897 -1.000000
v -1.617228 2.559897 1.000000
v -1.617228 2.559897 -1.000000
v -1.675580 2.629143 1.000000
v -1.675580 2.629143 -1.000000
v -1.729892 2.692369 1.000000
v -1.729892 2.692369 -1.000000
v -1.780163 2.749572 1.000000
v -1.780163 2.749572 -1.000000
v -1.826393 2.800754 1.000000
v -1.826393 2.800754 -1.000000
v -1.868583 2.845915 1.000000
v -1.868582 2.845915 -1.000000
v -1.906731 2.885054 1.000000
v -1.906731 2.885054 -1.000000
v -1.940840 2.918172 1.000000
v -1.940839 2.918172 -1.000000
v -1.970907 2.945268 1.000000
v -1.970907 2.945268 -1.000000
v -1.996934 2.966343 1.000000
v -1.996934 2.966343 -1.000000
v -2.018920 2.981397 1.000000
v -2.018920 2.981397 -1.000000
v -2.036866 2.990429 1.000000
v -2.036866 2.990429 -1.000000
v -2.050770 2.993439 1.000000
v -2.050770 2.993439 -1.000000
v -2.062437 2.991360 1.000000
v -2.062437 2.991360 -1.000000
v -2.078421 2.985121 1.000000
v -2.078421 2.985121 -1.000000
v -2.098724 2.974722 1.000000
v -2.098724 2.974722 -1.000000
v -2.123344 2.960163 1.000000
v -2.123344 2.960163 -1.000000
v -2.152283 2.941445 1.000000
v -2.152283 2.941445 -1.000000
v -2.185539 2.918568 1.000000
v -2.185539 2.918568 -1.000000
v -2.223114 2.891531 1.000000
v -2.223114 2.891531 -1.000000
v -2.265007 2.860334 1.000000
v -2.265007 2.860334 -1.000000
v -2.311217 2.824978 1.000000
v -2.311217 2.824978 -1.000000
v -2.361745 2.785463 1.000000
v -2.361745 2.785463 -1.000000
v -2.416592 2.741788 1.000000
v -2.416592 2.741788 -1.000000
v -2.475756 2.693953 1.000000
v -2.475756 2.693953 -1.000000
v -2.505823 2.668956 1.000000
v -2.505823 2.668956 -1.000000
v -2.533276 2.645306 1.000000
v -2.533276 2.645306 -1.000000
v -2.558115 2.623003 1.000000
v -2.558115 2.623003 -1.000000
v -2.580338 2.602047 1.000000
v -2.580338 2.602047 -1.000000
v -2.599948 2.582438 1.000000
v -2.599948 2.582438 -1.000000
v -2.616942 2.564175 1.000000
v -2.616942 2.564175 -1.000000
v -2.631323 2.547260 1.000000
v -2.631323 2.547260 -1.000000
v -2.643088 2.531692 1.000000
v -2.643088 2.531692 -1.000000
v -2.652239 2.517470 1.000000
v -2.652239 2.517470 -1.000000
v -2.658776 2.504595 1.000000
v -2.658776 2.504595 -1.000000
v -2.662697 2.493067 1.000000
v -2.662697 2.493067 -1.000000
v -2.664005 2.482886 1.000000
v -2.664005 2.482886 -1.000000
v -2.663470 2.473775 1.000000
v -2.663470 2.473775 -1.000000
v -2.661865 2.465456 1.000000
v -2.661865 2.465456 -1.000000
v -2.659192 2.457929 1.000000
v -2.659192 2.457929 -1.000000
v -2.655448 2.451194 1.000000
v -2.655448 2.451194 -1.000000
v -2.650635 2.445252 1.000000
v -2.650635 2.445252 -1.000000
v -2.644752 2.440102 1.000000
v -2.644752 2.440102 -1.000000
v -2.637800 2.435745 1.000000
v -2.637800 2.435745 -1.000000
v -2.629778 2.432179 1.000000
v -2.629778 2.432179 -1.000000
v -2.620686 2.429406 1.000000
v -2.620686 2.429406 -1.000000
v -2.610525 2.427426 1.000000
v -2.610525 2.427426 -1.000000
v -2.599294 2.426237 1.000000
v -2.599294 2.426237 -1.000000
v -2.586994 2.425841 1.000000
v -2.586994 2.425841 -1.000000
v -0.290930 2.425841 1.000000
v -0.290930 2.425841 -1.000000
v -0.241709 2.326428 1.000000
v -0.241709 2.326428 -1.000000
v -0.191022 2.228798 1.000000
v -0.191022 2.228798 -1.000000
v -0.138869 2.132950 1.000000
v -0.138869 2.132950 -1.000000
v -0.085251 2.038885 1.000000
v -0.085251 2.038885 -1.000000
v -0.030167 1.946603 1.000000
v -0.030166 1.946603 -1.000000
v 0.026383 1.856103 1.000000
v 0.026384 1.856103 -1.000000
v 0.084399 1.767386 1.000000
v 0.084399 1.767386 -1.000000
v 0.143880 1.680452 1.000000
v 0.143881 1.680452 -1.000000
v 0.204827 1.595300 1.000000
v 0.204828 1.595300 -1.000000
v 0.267240 1.511931 1.000000
v 0.267240 1.511931 -1.000000
v 0.331119 1.430345 1.000000
v 0.331119 1.430345 -1.000000
v 0.396463 1.350542 1.000000
v 0.396463 1.350542 -1.000000
v -1.662864 1.350542 1.000000
v -1.662864 1.350542 -1.000000
v -1.704756 1.397010 1.000000
v -1.704756 1.397010 -1.000000
v -1.743915 1.439437 1.000000
v -1.743915 1.439437 -1.000000
v -1.780341 1.477823 1.000000
v -1.780341 1.477823 -1.000000
v -1.814033 1.512169 1.000000
v -1.814033 1.512169 -1.000000
v -1.844992 1.542475 1.000000
v -1.844992 1.542475 -1.000000
v -1.873218 1.568739 1.000000
v -1.873217 1.568739 -1.000000
v -1.898710 1.590963 1.000000
v -1.898710 1.590963 -1.000000
v -1.921468 1.609146 1.000000
v -1.921468 1.609146 -1.000000
v -1.941494 1.623288 1.000000
v -1.941493 1.623288 -1.000000
v -1.958785 1.633390 1.000000
v -1.958785 1.633390 -1.000000
v -1.973344 1.639451 1.000000
v -1.973344 1.639451 -1.000000
v -1.985169 1.641471 1.000000
v -1.985168 1.641471 -1.000000
v -1.997469 1.639847 1.000000
v -1.997469 1.639847 -1.000000
v -2.012502 1.634975 1.000000
v -2.012502 1.634975 -1.000000
v -2.030270 1.626854 1.000000
v -2.030270 1.626854 -1.000000
v -2.050770 1.615484 1.000000
v -2.050770 1.615484 -1.000000
v -2.074004 1.600866 1.000000
v -2.074004 1.600866 -1.000000
v -2.099972 1.583000 1.000000
v -2.099972 1.583000 -1.000000
v -2.128672 1.561886 1.000000
v -2.128672 1.561886 -1.000000
v -2.160107 1.537523 1.000000
v -2.160107 1.537523 -1.000000
v -2.194274 1.509911 1.000000
v -2.194274 1.509911 -1.000000
v -2.231175 1.479051 1.000000
v -2.231175 1.479051 -1.000000
v -2.270810 1.444943 1.000000
v -2.270810 1.444943 -1.000000
v -2.313178 1.407587 1.000000
v -2.313178 1.407587 -1.000000
v -2.334589 1.387165 1.000000
v -2.334589 1.387165 -1.000000
v -2.354139 1.367734 1.000000
v -2.354139 1.367734 -1.000000
v -2.371827 1.349294 1.000000
v -2.371827 1.349294 -1.000000
v -2.387653 1.331843 1.000000
v -2.387653 1.331843 -1.000000
v -2.401617 1.315384 1.000000
v -2.401617 1.315384 -1.000000
v -2.413720 1.299914 1.000000
v -2.413720 1.299914 -1.000000
v -2.423960 1.285435 1.000000
v -2.423960 1.285435 -1.000000
v -2.432338 1.271946 1.000000
v -2.432338 1.271946 -1.000000
v -2.438855 1.259448 1.000000
v -2.438855 1.259448 -1.000000
v -2.443510 1.247940 1.000000
v -2.443510 1.247940 -1.000000
v -2.446302 1.237422 1.000000
v -2.446302 1.237422 -1.000000
v -2.447233 1.227895 1.000000
v -2.447233 1.227895 -1.000000
v -2.446005 1.215258 1.000000
v -2.446005 1.215258 -1.000000
v -2.442321 1.202066 1.000000
v -2.442321 1.202066 -1.000000
v -2.436181 1.188320 1.000000
v -2.436181 1.188320 -1.000000
v -2.427585 1.174019 1.000000
v -2.427585 1.174019 -1.000000
v -2.416532 1.159163 1.000000
v -2.416532 1.159163 -1.000000
v -2.403024 1.143753 1.000000
v -2.403024 1.143753 -1.000000
v -2.387059 1.127788 1.000000
v -2.387059 1.127788 -1.000000
v -2.368638 1.111269 1.000000
v -2.368638 1.111269 -1.000000
v -2.347761 1.094195 1.000000
v -2.347761 1.094195 -1.000000
v -2.324428 1.076567 1.000000
v -2.324428 1.076567 -1.000000
v -2.298639 1.058384 1.000000
v -2.298639 1.058384 -1.000000
v -2.270394 1.039646 1.000000
v -2.270394 1.039646 -1.000000
v -2.270394 0.514831 1.000000
v -2.270394 0.514831 -1.000000
v -2.270691 0.291999 1.000000
v -2.270691 0.291999 -1.000000
v -2.271582 0.069405 1.000000
v -2.271582 0.069404 -1.000000
v -2.273068 -0.152952 1.000000
v -2.273068 -0.152952 -1.000000
v -2.275147 -0.375072 1.000000
v -2.275147 -0.375072 -1.000000
v -2.277821 -0.596953 1.000000
v -2.277821 -0.596953 -1.000000
v -2.281090 -0.818597 1.000000
v -2.281090 -0.818597 -1.000000
v -2.284952 -1.040003 1.000000
v -2.284952 -1.040003 -1.000000
v -2.289408 -1.261172 1.000000
v -2.289408 -1.261172 -1.000000
v -2.294459 -1.482103 1.000000
v -2.294459 -1.482103 -1.000000
v -2.300104 -1.702796 1.000000
v -2.300104 -1.702796 -1.000000
v -2.306344 -1.923251 1.000000
v -2.306344 -1.923251 -1.000000
v -2.313178 -2.143469 1.000000
v -2.313178 -2.143469 -1.000000
v -2.310900 -2.182648 1.000000
v -2.310900 -2.182648 -1.000000
v -2.304066 -2.218420 1.000000
v -2.304066 -2.218420 -1.000000
v -2.292677 -2.250785 1.000000
v -2.292677 -2.250785 -1.000000
v -2.276732 -2.279743 1.000000
v -2.276732 -2.279743 -1.000000
v -2.256231 -2.305295 1.000000
v -2.256231 -2.305295 -1.000000
v -2.231175 -2.327439 1.000000
v -2.231175 -2.327439 -1.000000
v -2.201563 -2.346177 1.000000
v -2.201563 -2.346177 -1.000000
v -2.167396 -2.361508 1.000000
v -2.167396 -2.361508 -1.000000
v -2.128672 -2.373432 1.000000
v -2.128672 -2.373432 -1.000000
v -2.085393 -2.381949 1.000000
v -2.085393 -2.381949 -1.000000
v -2.037559 -2.387059 1.000000
v -2.037559 -2.387059 -1.000000
v -1.985169 -2.388762 1.000000
v -1.985168 -2.388762 -1.000000
v -1.960647 -2.388426 1.000000
v -1.960647 -2.388426 -1.000000
v -1.937473 -2.387416 1.000000
v -1.937472 -2.387416 -1.000000
v -1.915645 -2.385732 1.000000
v -1.915645 -2.385732 -1.000000
v -1.895164 -2.383375 1.000000
v -1.895164 -2.383375 -1.000000
v -1.876030 -2.380344 1.000000
v -1.876030 -2.380344 -1.000000
v -1.858243 -2.376641 1.000000
v -1.858243 -2.376641 -1.000000
v -1.841803 -2.372263 1.000000
v -1.841803 -2.372263 -1.000000
v -1.826710 -2.367212 1.000000
v -1.826710 -2.367212 -1.000000
v -1.812964 -2.361488 1.000000
v -1.812963 -2.361488 -1.000000
v -1.800564 -2.355090 1.000000
v -1.800564 -2.355090 -1.000000
v -1.789512 -2.348019 1.000000
v -1.789511 -2.348019 -1.000000
v -1.779806 -2.340274 1.000000
v -1.779806 -2.340274 -1.000000
v -1.771606 -2.332747 1.000000
v -1.771606 -2.332747 -1.000000
v -1.764119 -2.324428 1.000000
v -1.764119 -2.324428 -1.000000
v -1.757345 -2.315317 1.000000
v -1.757344 -2.315317 -1.000000
v -1.751284 -2.305413 1.000000
v -1.751283 -2.305413 -1.000000
v -1.745936 -2.294717 1.000000
v -1.745935 -2.294717 -1.000000
v -1.741301 -2.283229 1.000000
v -1.741301 -2.283229 -1.000000
v -1.737379 -2.270949 1.000000
v -1.737379 -2.270949 -1.000000
v -1.734170 -2.257876 1.000000
v -1.734170 -2.257876 -1.000000
v -1.731674 -2.244011 1.000000
v -1.731674 -2.244011 -1.000000
v -1.729892 -2.229353 1.000000
v -1.729892 -2.229353 -1.000000
v -1.728822 -2.213904 1.000000
v -1.728822 -2.213904 -1.000000
v -1.728466 -2.197662 1.000000
v -1.728465 -2.197662 -1.000000
v -0.424986 1.216486 1.000000
v -0.424986 1.216486 -1.000000
v 0.473474 1.216486 1.000000
v 0.473474 1.216486 -1.000000
v 0.473474 0.315174 1.000000
v 0.473474 0.315174 -1.000000
v -0.424986 0.315174 1.000000
v -0.424986 0.315174 -1.000000
v 0.986880 -1.869652 1.000000
v 0.986880 -1.869652 -1.000000
v 0.986880 1.216486 1.000000
v 0.986880 1.216486 -1.000000
v 1.754136 1.216486 1.000000
v 1.754136 1.216486 -1.000000
v 1.754136 -1.869652 1.000000
v 1.754136 -1.869652 -1.000000
v -0.932687 -1.869652 1.000000
v -0.932687 -1.869652 -1.000000
v -1.728466 -1.869652 1.000000
v -1.728465 -1.869652 -1.000000
v -1.728466 1.216486 1.000000
v -1.728465 1.216486 -1.000000
v -0.932687 1.216486 1.000000
v -0.932687 1.216486 -1.000000
v 0.473474 -1.869652 1.000000
v 0.473474 -1.869652 -1.000000
v -0.424986 -1.869652 1.000000
v -0.424986 -1.869652 -1.000000
v -0.424986 -0.857102 1.000000
v -0.424986 -0.857103 -1.000000
v 0.473474 -0.857102 1.000000
v 0.473474 -0.857103 -1.000000
v 0.473474 -0.723047 1.000000
v 0.473474 -0.723047 -1.000000
v -0.424986 -0.723047 1.000000
v -0.424986 -0.723047 -1.000000
v -0.424986 0.181118 1.000000
v -0.424986 0.181118 -1.000000
v 0.473474 0.181118 1.000000
v 0.473474 0.181118 -1.000000
vn -0.0000 -0.0000 -1.0000
vn -0.0000 -0.0000 1.0000
vn 0.7071 -0.7071 -0.0000
vn -0.7071 -0.7071 -0.0000
vn -0.9996 -0.0290 -0.0000
vn -0.9924 -0.1231 -0.0000
vn -0.9655 -0.2605 -0.0000
vn -0.9127 -0.4085 -0.0000
vn -0.8311 -0.5561 -0.0000
vn -0.7237 -0.6901 -0.0000
vn -0.6004 -0.7997 -0.0000
vn -0.4732 -0.8809 -0.0000
vn -0.3525 -0.9358 -0.0000
vn -0.2440 -0.9698 -0.0000
vn -0.1498 -0.9887 -0.0000
vn -0.0694 -0.9976 -0.0000
vn -0.0091 -1.0000 -0.0000
vn 0.0297 -0.9996 -0.0000
vn 0.0624 -0.9981 -0.0000
vn 0.0989 -0.9951 -0.0000
vn 0.1398 -0.9902 -0.0000
vn 0.1856 -0.9826 -0.0000
vn 0.2368 -0.9715 -0.0000
vn 0.2942 -0.9558 -0.0000
vn 0.3579 -0.9338 -0.0000
vn 0.4281 -0.9037 -0.0000
vn 0.5042 -0.8636 -0.0000
vn 0.5849 -0.8111 -0.0000
vn 0.6640 -0.7477 -0.0000
vn 0.7353 -0.6777 -0.0000
vn 0.7972 -0.6037 -0.0000
vn 0.8493 -0.5280 -0.0000
vn 0.8915 -0.4529 -0.0000
vn 0.9248 -0.3805 -0.0000
vn 0.9501 -0.3118 -0.0000
vn 0.9688 -0.2478 -0.0000
vn 0.9820 -0.1888 -0.0000
vn 0.9909 -0.1348 -0.0000
vn 0.9963 -0.0856 -0.0000
vn 0.9992 -0.0409 -0.0000
vn 1.0000 0.0082 -0.0000
vn 0.9994 0.0336 -0.0000
vn 0.9996 0.0289 -0.0000
vn 0.9997 0.0246 -0.0000
vn 0.9998 0.0208 -0.0000
vn 0.9998 0.0174 -0.0000
vn 0.9999 0.0142 -0.0000
vn 0.9999 0.0114 -0.0000
vn 1.0000 0.0087 -0.0000
vn 1.0000 0.0063 -0.0000
vn 1.0000 0.0040 -0.0000
vn 1.0000 0.0020 -0.0000
vn 1.0000 -0.0007 -0.0000
vn 1.0000 -0.0046 -0.0000
vn 1.0000 -0.0089 -0.0000
vn 0.9999 -0.0132 -0.0000
vn 0.9999 -0.0172 -0.0000
vn 0.9998 -0.0211 -0.0000
vn 0.9997 -0.0248 -0.0000
vn 0.9996 -0.0284 -0.0000
vn 0.9995 -0.0319 -0.0000
vn 0.9994 -0.0352 -0.0000
vn 0.9993 -0.0384 -0.0000
vn 0.9991 -0.0415 -0.0000
vn 0.5573 0.8303 -0.0000
vn -0.4215 0.9068 -0.0000
vn -0.4280 0.9038 -0.0000
vn -0.4345 0.9007 -0.0000
vn -0.4409 0.8976 -0.0000
vn -0.4472 0.8944 -0.0000
vn -0.4535 0.8913 -0.0000
vn -0.4598 0.8880 -0.0000
vn -0.4660 0.8848 -0.0000
vn -0.4721 0.8815 -0.0000
vn -0.4782 0.8782 -0.0000
vn -0.4843 0.8749 -0.0000
vn -0.2517 0.9678 -0.0000
vn 0.6067 0.7950 -0.0000
vn 0.9660 0.2585 -0.0000
vn 0.9688 0.2480 -0.0000
vn 0.9712 0.2382 -0.0000
vn 0.9734 0.2291 -0.0000
vn 0.9754 0.2206 -0.0000
vn 0.9771 0.2126 -0.0000
vn 0.9787 0.2051 -0.0000
vn 0.9802 0.1980 -0.0000
vn 0.9815 0.1914 -0.0000
vn 0.9827 0.1851 -0.0000
vn 0.9838 0.1792 -0.0000
vn 0.7669 -0.6418 -0.0000
vn -0.0033 -1.0000 -0.0000
vn -0.0127 -0.9999 -0.0000
vn -0.0244 -0.9997 -0.0000
vn -0.0353 -0.9994 -0.0000
vn -0.0453 -0.9990 -0.0000
vn -0.0546 -0.9985 -0.0000
vn -0.0633 -0.9980 -0.0000
vn -0.0714 -0.9975 -0.0000
vn -0.0789 -0.9969 -0.0000
vn -0.0860 -0.9963 -0.0000
vn -0.0926 -0.9957 -0.0000
vn -0.0988 -0.9951 -0.0000
vn 0.5578 -0.8300 -0.0000
vn 0.7588 0.6514 -0.0000
vn -0.1278 0.9918 -0.0000
vn -0.1177 0.9931 -0.0000
vn -0.1072 0.9942 -0.0000
vn -0.0965 0.9953 -0.0000
vn -0.0855 0.9963 -0.0000
vn -0.0742 0.9972 -0.0000
vn -0.0626 0.9980 -0.0000
vn -0.0507 0.9987 -0.0000
vn -0.0385 0.9993 -0.0000
vn -0.0260 0.9997 -0.0000
vn -0.0131 0.9999 -0.0000
vn -0.0033 1.0000 -0.0000
vn 0.4217 0.9067 -0.0000
vn 0.7616 0.6480 -0.0000
vn 0.7549 0.6559 -0.0000
vn 0.7466 0.6652 -0.0000
vn 0.7364 0.6765 -0.0000
vn 0.7235 0.6904 -0.0000
vn 0.7064 0.7078 -0.0000
vn 0.6831 0.7303 -0.0000
vn 0.6496 0.7603 -0.0000
vn 0.5976 0.8018 -0.0000
vn 0.5084 0.8611 -0.0000
vn 0.3333 0.9428 -0.0000
vn 0.0184 0.9998 -0.0000
vn -0.2708 0.9626 -0.0000
vn -0.4103 0.9120 -0.0000
vn -0.4827 0.8758 -0.0000
vn -0.5262 0.8504 -0.0000
vn -0.5550 0.8319 -0.0000
vn -0.5754 0.8178 -0.0000
vn -0.5907 0.8069 -0.0000
vn -0.6025 0.7981 -0.0000
vn -0.6119 0.7910 -0.0000
vn -0.6195 0.7850 -0.0000
vn -0.6258 0.7800 -0.0000
vn -0.6340 0.7733 -0.0000
vn -0.6460 0.7633 -0.0000
vn -0.6604 0.7509 -0.0000
vn -0.6771 0.7359 -0.0000
vn -0.6967 0.7174 -0.0000
vn -0.7197 0.6943 -0.0000
vn -0.7472 0.6646 -0.0000
vn -0.7802 0.6256 -0.0000
vn -0.8200 0.5724 -0.0000
vn -0.8674 0.4975 -0.0000
vn -0.9215 0.3884 -0.0000
vn -0.9742 0.2258 -0.0000
vn -0.9994 0.0345 -0.0000
vn -0.9923 -0.1242 -0.0000
vn -0.9649 -0.2628 -0.0000
vn -0.9113 -0.4117 -0.0000
vn -0.8287 -0.5597 -0.0000
vn -0.7205 -0.6935 -0.0000
vn -0.5968 -0.8024 -0.0000
vn -0.4698 -0.8828 -0.0000
vn -0.3496 -0.9369 -0.0000
vn -0.2419 -0.9703 -0.0000
vn -0.1484 -0.9889 -0.0000
vn -0.0688 -0.9976 -0.0000
vn -0.0161 -0.9999 -0.0000
vn -0.5274 -0.8496 -0.0000
vn -0.8919 -0.4523 -0.0000
vn -0.8830 -0.4694 -0.0000
vn -0.8736 -0.4866 -0.0000
vn -0.8638 -0.5039 -0.0000
vn -0.8534 -0.5213 -0.0000
vn -0.8425 -0.5386 -0.0000
vn -0.8312 -0.5560 -0.0000
vn -0.8193 -0.5734 -0.0000
vn -0.8069 -0.5907 -0.0000
vn -0.7940 -0.6079 -0.0000
vn -0.7806 -0.6250 -0.0000
vn -0.9038 0.4281 -0.0000
vn 0.4065 0.9137 -0.0000
vn 0.7388 0.6739 -0.0000
vn 0.7301 0.6833 -0.0000
vn 0.7197 0.6943 -0.0000
vn 0.7067 0.7075 -0.0000
vn 0.6904 0.7234 -0.0000
vn 0.6693 0.7430 -0.0000
vn 0.6408 0.7677 -0.0000
vn 0.6008 0.7994 -0.0000
vn 0.5411 0.8409 -0.0000
vn 0.4454 0.8953 -0.0000
vn 0.2781 0.9605 -0.0000
vn 0.0190 0.9998 -0.0000
vn -0.2205 0.9754 -0.0000
vn -0.3626 0.9319 -0.0000
vn -0.4507 0.8927 -0.0000
vn -0.5090 0.8608 -0.0000
vn -0.5498 0.8353 -0.0000
vn -0.5798 0.8148 -0.0000
vn -0.6026 0.7980 -0.0000
vn -0.6206 0.7841 -0.0000
vn -0.6351 0.7725 -0.0000
vn -0.6469 0.7626 -0.0000
vn -0.6568 0.7540 -0.0000
vn -0.6759 0.7370 -0.0000
vn -0.6976 0.7165 -0.0000
vn -0.7134 0.7008 -0.0000
vn -0.7313 0.6821 -0.0000
vn -0.7517 0.6595 -0.0000
vn -0.7752 0.6317 -0.0000
vn -0.8023 0.5970 -0.0000
vn -0.8333 0.5528 -0.0000
vn -0.8687 0.4953 -0.0000
vn -0.9079 0.4191 -0.0000
vn -0.9486 0.3164 -0.0000
vn -0.9841 0.1775 -0.0000
vn -1.0000 0.0003 -0.0000
vn -0.9830 -0.1835 -0.0000
vn -0.9407 -0.3393 -0.0000
vn -0.8867 -0.4624 -0.0000
vn -0.8307 -0.5567 -0.0000
vn -0.7778 -0.6286 -0.0000
vn -0.7299 -0.6835 -0.0000
vn -0.6876 -0.7261 -0.0000
vn -0.6505 -0.7595 -0.0000
vn -0.6181 -0.7861 -0.0000
vn -0.5896 -0.8077 -0.0000
vn -0.5646 -0.8254 -0.0000
vn -0.8811 -0.4729 -0.0000
vn -1.0000 0.0007 -0.0000
vn -1.0000 0.0027 -0.0000
vn -1.0000 0.0053 -0.0000
vn -1.0000 0.0080 -0.0000
vn -0.9999 0.0107 -0.0000
vn -0.9999 0.0134 -0.0000
vn -0.9999 0.0161 -0.0000
vn -0.9998 0.0188 -0.0000
vn -0.9998 0.0215 -0.0000
vn -0.9997 0.0242 -0.0000
vn -0.9996 0.0269 -0.0000
vn -0.9996 0.0297 -0.0000
vn -0.9999 -0.0135 -0.0000
vn -0.0094 -1.0000 -0.0000
vn 0.0286 -0.9996 -0.0000
vn 0.0602 -0.9982 -0.0000
vn 0.0956 -0.9954 -0.0000
vn 0.1354 -0.9908 -0.0000
vn 0.1802 -0.9836 -0.0000
vn 0.2307 -0.9730 -0.0000
vn 0.2875 -0.9578 -0.0000
vn 0.3511 -0.9363 -0.0000
vn 0.4218 -0.9067 -0.0000
vn 0.4993 -0.8664 -0.0000
vn 0.5821 -0.8131 -0.0000
vn 0.6504 -0.7596 -0.0000
vn 0.7106 -0.7036 -0.0000
vn 0.7737 -0.6335 -0.0000
vn 0.8286 -0.5599 -0.0000
vn 0.8745 -0.4851 -0.0000
vn 0.9116 -0.4110 -0.0000
vn 0.9406 -0.3394 -0.0000
vn 0.9625 -0.2715 -0.0000
vn 0.9782 -0.2079 -0.0000
vn 0.9888 -0.1490 -0.0000
vn 0.9955 -0.0949 -0.0000
vn 0.9990 -0.0455 -0.0000
vn 0.9999 -0.0110 -0.0000
vn -0.7071 0.7071 -0.0000
vn 0.7071 0.7071 -0.0000
vt 0.999660 0.445106
vt 0.999596 0.443535
vt 0.999779 0.444240
vt 0.999137 0.442585
vt 0.999193 0.446249
vt 0.998403 0.441390
vt 0.998375 0.447668
vt 0.997393 0.439951
vt 0.997207 0.449364
vt 0.996108 0.438267
vt 0.995690 0.451336
vt 0.994547 0.436337
vt 0.992711 0.434164
vt 0.993823 0.453584
vt 0.990599 0.431745
vt 0.991606 0.456109
vt 0.988212 0.429082
vt 0.989040 0.458910
vt 0.985549 0.426173
vt 0.986124 0.461987
vt 0.982611 0.423020
vt 0.982858 0.465341
vt 0.979397 0.419623
vt 0.977722 0.417899
vt 0.979242 0.468971
vt 0.976142 0.416330
vt 0.974656 0.414914
vt 0.975276 0.472878
vt 0.973266 0.413652
vt 0.985738 0.743622
vt 0.999036 0.743116
vt 0.999779 0.746567
vt 0.971971 0.412543
vt 0.998338 0.739699
vt 0.997683 0.736318
vt 0.997071 0.732972
vt 0.970770 0.411589
vt 0.996504 0.729660
vt 0.995980 0.726383
vt 0.995499 0.723142
vt 0.995063 0.719935
vt 0.994669 0.716763
vt 0.969665 0.410788
vt 0.994320 0.713626
vt 0.994014 0.710524
vt 0.993752 0.707457
vt 0.985819 0.740168
vt 0.985877 0.736815
vt 0.985913 0.733563
vt 0.985925 0.730413
vt 0.985915 0.727364
vt 0.985883 0.724417
vt 0.985827 0.721572
vt 0.985749 0.718827
vt 0.985648 0.716185
vt 0.984851 0.702880
vt 0.968655 0.410142
vt 0.967740 0.409649
vt 0.983640 0.686891
vt 0.966958 0.409325
vt 0.966267 0.409147
vt 0.965667 0.409117
vt 0.965137 0.409189
vt 0.964658 0.409320
vt 0.964231 0.409510
vt 0.982318 0.671770
vt 0.963872 0.409747
vt 0.963561 0.410040
vt 0.963299 0.410389
vt 0.963069 0.410827
vt 0.962852 0.411435
vt 0.962656 0.412310
vt 0.962499 0.413659
vt 0.962430 0.416102
vt 0.962782 0.423844
vt 0.974280 0.582500
vt 0.968683 0.584007
vt 0.971198 0.546685
vt 0.966112 0.549773
vt 0.961129 0.552930
vt 0.963250 0.585505
vt 0.956247 0.556157
vt 0.957980 0.586992
vt 0.951468 0.559455
vt 0.952874 0.588470
vt 0.946790 0.562823
vt 0.947931 0.589938
vt 0.942215 0.566261
vt 0.943151 0.591397
vt 0.937742 0.569769
vt 0.938534 0.592845
vt 0.933370 0.573347
vt 0.934081 0.594284
vt 0.929101 0.576995
vt 0.936302 0.690426
vt 0.940987 0.687420
vt 0.942545 0.690211
vt 0.929792 0.595713
vt 0.939407 0.684635
vt 0.921048 0.460336
vt 0.920946 0.459047
vt 0.921096 0.459695
vt 0.920610 0.458269
vt 0.920799 0.461144
vt 0.920086 0.457363
vt 0.920348 0.462119
vt 0.937804 0.681855
vt 0.919375 0.456326
vt 0.919695 0.463259
vt 0.918476 0.455161
vt 0.918841 0.464567
vt 0.936177 0.679082
vt 0.917390 0.453866
vt 0.924934 0.580713
vt 0.917785 0.466041
vt 0.916117 0.452442
vt 0.925666 0.597132
vt 0.934528 0.676315
vt 0.916527 0.467681
vt 0.930168 0.690656
vt 0.914657 0.450889
vt 0.932855 0.673554
vt 0.915067 0.469487
vt 0.913009 0.449206
vt 0.931160 0.670799
vt 0.913406 0.471461
vt 0.920869 0.584502
vt 0.911174 0.447394
vt 0.921703 0.598541
vt 0.929442 0.668050
vt 0.909152 0.445452
vt 0.911543 0.473600
vt 0.927700 0.665307
vt 0.924145 0.690900
vt 0.906942 0.443381
vt 0.909478 0.475906
vt 0.925936 0.662570
vt 0.916907 0.588360
vt 0.917904 0.599940
vt 0.924149 0.659839
vt 0.905743 0.442343
vt 0.907212 0.478379
vt 0.904606 0.441399
vt 0.922339 0.657114
vt 0.903532 0.440548
vt 0.902528 0.439783
vt 0.918233 0.691205
vt 0.901585 0.439112
vt 0.900703 0.438536
vt 0.899883 0.438055
vt 0.899125 0.437669
vt 0.898427 0.437378
vt 0.897791 0.437182
vt 0.897217 0.437080
vt 0.896703 0.437074
vt 0.896034 0.437197
vt 0.912409 0.691557
vt 0.915021 0.661436
vt 0.902051 0.518184
vt 0.898818 0.475634
vt 0.749232 0.676136
vt 0.910804 0.620450
vt 0.745669 0.634961
vt 0.908115 0.593103
vt 0.860117 0.597283
vt 0.903951 0.545352
vt 0.855998 0.549318
vt 0.736765 0.531963
vt 0.733180 0.489250
vt 0.887258 0.447275
vt 0.895340 0.437444
vt 0.894624 0.437824
vt 0.893889 0.438339
vt 0.893132 0.438987
vt 0.892355 0.439770
vt 0.891557 0.440686
vt 0.890739 0.441736
vt 0.906681 0.691914
vt 0.889900 0.442920
vt 0.889040 0.444238
vt 0.888159 0.445689
vt 0.859026 0.449590
vt 0.901063 0.692284
vt 0.895556 0.692667
vt 0.890159 0.693065
vt 0.884874 0.693476
vt 0.879699 0.693901
vt 0.847040 0.450557
vt 0.874634 0.694340
vt 0.860073 0.695650
vt 0.852958 0.597907
vt 0.848838 0.549925
vt 0.835063 0.451491
vt 0.804661 0.602115
vt 0.800533 0.554006
vt 0.846035 0.696940
vt 0.823097 0.452391
vt 0.832521 0.698212
vt 0.811140 0.453259
vt 0.819531 0.699465
vt 0.799193 0.454095
vt 0.787256 0.454897
vt 0.807065 0.700699
vt 0.797485 0.602742
vt 0.793356 0.554616
vt 0.775328 0.455667
vt 0.795122 0.701914
vt 0.743288 0.607433
vt 0.739120 0.559226
vt 0.763409 0.456404
vt 0.783702 0.703109
vt 0.751498 0.457110
vt 0.772804 0.704283
vt 0.762428 0.705435
vt 0.739594 0.457788
vt 0.752575 0.706562
vt 0.727698 0.458442
vt 0.743248 0.707664
vt 0.741666 0.676808
vt 0.725981 0.489830
vt 0.715844 0.459066
vt 0.733564 0.677607
vt 0.715568 0.490703
vt 0.734485 0.708848
vt 0.713751 0.459365
vt 0.731476 0.677936
vt 0.711861 0.459893
vt 0.729595 0.678491
vt 0.733514 0.708925
vt 0.714694 0.490757
vt 0.732588 0.708958
vt 0.713860 0.490769
vt 0.710175 0.460650
vt 0.713065 0.490740
vt 0.727921 0.679273
vt 0.731707 0.708949
vt 0.712309 0.490668
vt 0.730871 0.708896
vt 0.708692 0.461637
vt 0.711593 0.490555
vt 0.730080 0.708801
vt 0.726453 0.680280
vt 0.710916 0.490400
vt 0.729334 0.708662
vt 0.707412 0.462853
vt 0.710278 0.490202
vt 0.728633 0.708480
vt 0.725192 0.681514
vt 0.709680 0.489964
vt 0.727978 0.708256
vt 0.706336 0.464298
vt 0.709121 0.489683
vt 0.727367 0.707988
vt 0.708601 0.489360
vt 0.724138 0.682974
vt 0.708121 0.488995
vt 0.726802 0.707677
vt 0.705464 0.465972
vt 0.707680 0.488589
vt 0.726281 0.707323
vt 0.723290 0.684660
vt 0.707220 0.488103
vt 0.725806 0.706926
vt 0.704794 0.467875
vt 0.706791 0.487541
vt 0.725340 0.706449
vt 0.706392 0.486905
vt 0.722649 0.686572
vt 0.724903 0.705901
vt 0.706022 0.486192
vt 0.704328 0.470008
vt 0.724496 0.705281
vt 0.705683 0.485405
vt 0.705374 0.484542
vt 0.724118 0.704589
vt 0.722215 0.688711
vt 0.704066 0.472370
vt 0.705095 0.483603
vt 0.723769 0.703826
vt 0.704846 0.482590
vt 0.704007 0.474961
vt 0.704628 0.481501
vt 0.723450 0.702991
vt 0.721987 0.691075
vt 0.704439 0.480337
vt 0.704152 0.477782
vt 0.704280 0.479097
vt 0.723160 0.702085
vt 0.722899 0.701108
vt 0.721966 0.693666
vt 0.722668 0.700059
vt 0.722467 0.698938
vt 0.722152 0.696483
vt 0.722295 0.697746
vt 0.995944 0.301693
vt 0.996062 0.302560
vt 0.995879 0.303265
vt 0.995420 0.304215
vt 0.995476 0.300551
vt 0.994686 0.305410
vt 0.994658 0.299131
vt 0.993676 0.306849
vt 0.993490 0.297435
vt 0.992391 0.308534
vt 0.991973 0.295463
vt 0.990830 0.310463
vt 0.988994 0.312637
vt 0.990106 0.293215
vt 0.986882 0.315055
vt 0.987889 0.290690
vt 0.984495 0.317719
vt 0.985323 0.287889
vt 0.981832 0.320627
vt 0.982406 0.284812
vt 0.978893 0.323780
vt 0.979140 0.281458
vt 0.975680 0.327178
vt 0.974004 0.328902
vt 0.975524 0.277827
vt 0.972424 0.330472
vt 0.970938 0.331888
vt 0.971558 0.273921
vt 0.969548 0.333150
vt 0.982021 0.003166
vt 0.996062 0.000221
vt 0.995319 0.003673
vt 0.968253 0.334258
vt 0.994621 0.007089
vt 0.993966 0.010471
vt 0.993354 0.013817
vt 0.967052 0.335212
vt 0.992787 0.017129
vt 0.992263 0.020406
vt 0.991782 0.023647
vt 0.991346 0.026854
vt 0.990953 0.030026
vt 0.965947 0.336013
vt 0.990603 0.033163
vt 0.990297 0.036265
vt 0.990035 0.039333
vt 0.982102 0.006621
vt 0.982160 0.009974
vt 0.982195 0.013226
vt 0.982208 0.016376
vt 0.982198 0.019425
vt 0.982165 0.022372
vt 0.982110 0.025218
vt 0.982032 0.027962
vt 0.981931 0.030605
vt 0.981133 0.043911
vt 0.964937 0.336660
vt 0.964021 0.337153
vt 0.979922 0.059904
vt 0.963240 0.337477
vt 0.962549 0.337654
vt 0.961948 0.337685
vt 0.961419 0.337613
vt 0.960940 0.337482
vt 0.960512 0.337292
vt 0.978600 0.075026
vt 0.960153 0.337055
vt 0.959843 0.336762
vt 0.959581 0.336413
vt 0.959350 0.335975
vt 0.959134 0.335367
vt 0.958938 0.334492
vt 0.958781 0.333143
vt 0.958711 0.330700
vt 0.959064 0.322960
vt 0.970562 0.164300
vt 0.964965 0.162793
vt 0.967479 0.200114
vt 0.962394 0.197027
vt 0.957410 0.193870
vt 0.959532 0.161295
vt 0.952529 0.190642
vt 0.954262 0.159807
vt 0.947750 0.187345
vt 0.949155 0.158329
vt 0.943072 0.183977
vt 0.944212 0.156861
vt 0.938497 0.180539
vt 0.939433 0.155403
vt 0.934023 0.177031
vt 0.934816 0.153954
vt 0.929652 0.173453
vt 0.930363 0.152516
vt 0.925383 0.169805
vt 0.932584 0.056374
vt 0.938827 0.056589
vt 0.937269 0.059380
vt 0.926074 0.151087
vt 0.935689 0.062166
vt 0.917330 0.286466
vt 0.917377 0.287107
vt 0.917228 0.287755
vt 0.916891 0.288533
vt 0.917081 0.285658
vt 0.916367 0.289440
vt 0.916630 0.284684
vt 0.934085 0.064945
vt 0.915656 0.290476
vt 0.915977 0.283543
vt 0.914758 0.291642
vt 0.915122 0.282235
vt 0.932459 0.067718
vt 0.913672 0.292936
vt 0.921216 0.166086
vt 0.914066 0.280762
vt 0.912399 0.294361
vt 0.921948 0.149668
vt 0.930810 0.070485
vt 0.912808 0.279121
vt 0.926450 0.056145
vt 0.910938 0.295914
vt 0.929137 0.073246
vt 0.911349 0.277315
vt 0.909290 0.297597
vt 0.927442 0.076001
vt 0.909687 0.275341
vt 0.917151 0.162298
vt 0.907455 0.299409
vt 0.917985 0.148259
vt 0.925724 0.078750
vt 0.905433 0.301351
vt 0.907824 0.273202
vt 0.923982 0.081493
vt 0.920427 0.055900
vt 0.903223 0.303421
vt 0.905759 0.270895
vt 0.922218 0.084230
vt 0.913188 0.158439
vt 0.914186 0.146859
vt 0.920431 0.086961
vt 0.902024 0.304460
vt 0.903493 0.268423
vt 0.900887 0.305404
vt 0.918621 0.089686
vt 0.899813 0.306254
vt 0.898809 0.307020
vt 0.914515 0.055595
vt 0.897866 0.307691
vt 0.896984 0.308267
vt 0.896164 0.308748
vt 0.895405 0.309134
vt 0.894708 0.309425
vt 0.894072 0.309621
vt 0.893497 0.309723
vt 0.892984 0.309729
vt 0.892315 0.309606
vt 0.908691 0.055238
vt 0.911303 0.085361
vt 0.898334 0.228603
vt 0.895098 0.271178
vt 0.745466 0.070738
vt 0.907086 0.126349
vt 0.741925 0.111923
vt 0.904398 0.153693
vt 0.856380 0.149537
vt 0.900235 0.201436
vt 0.852297 0.197509
vt 0.733080 0.214917
vt 0.729517 0.257654
vt 0.883542 0.299532
vt 0.891621 0.309359
vt 0.890906 0.308979
vt 0.890170 0.308465
vt 0.889414 0.307816
vt 0.888637 0.307035
vt 0.887839 0.306119
vt 0.887021 0.305069
vt 0.902960 0.054884
vt 0.886182 0.303886
vt 0.885323 0.302568
vt 0.884443 0.301117
vt 0.855324 0.297232
vt 0.897340 0.054517
vt 0.891831 0.054136
vt 0.886432 0.053740
vt 0.881145 0.053331
vt 0.875968 0.052909
vt 0.843343 0.296272
vt 0.870901 0.052472
vt 0.856334 0.051169
vt 0.849221 0.148917
vt 0.845136 0.196905
vt 0.831373 0.295345
vt 0.800931 0.144736
vt 0.796830 0.192846
vt 0.842291 0.049884
vt 0.819412 0.294450
vt 0.828771 0.048618
vt 0.807461 0.293589
vt 0.815776 0.047370
vt 0.795520 0.292760
vt 0.783588 0.291965
vt 0.803305 0.046142
vt 0.793755 0.144113
vt 0.789652 0.192240
vt 0.771666 0.291202
vt 0.791357 0.044932
vt 0.739560 0.139451
vt 0.735419 0.187657
vt 0.759752 0.290471
vt 0.779932 0.043742
vt 0.747846 0.289772
vt 0.769030 0.042573
vt 0.758650 0.041426
vt 0.735946 0.289101
vt 0.748794 0.040304
vt 0.724054 0.288455
vt 0.739463 0.039207
vt 0.737898 0.070066
vt 0.722319 0.257066
vt 0.712199 0.287837
vt 0.729796 0.069271
vt 0.711905 0.256199
vt 0.730699 0.038027
vt 0.710105 0.287540
vt 0.727708 0.068943
vt 0.708215 0.287013
vt 0.725826 0.068389
vt 0.729728 0.037951
vt 0.711031 0.256145
vt 0.728801 0.037918
vt 0.710196 0.256133
vt 0.706528 0.286256
vt 0.709401 0.256164
vt 0.724151 0.067608
vt 0.727920 0.037928
vt 0.708646 0.256235
vt 0.727085 0.037981
vt 0.705045 0.285271
vt 0.707930 0.256349
vt 0.726294 0.038077
vt 0.722683 0.066601
vt 0.707253 0.256505
vt 0.725548 0.038217
vt 0.703764 0.284056
vt 0.706615 0.256702
vt 0.724847 0.038399
vt 0.721421 0.065368
vt 0.706017 0.256942
vt 0.724192 0.038624
vt 0.702687 0.282611
vt 0.705458 0.257223
vt 0.723581 0.038892
vt 0.704938 0.257546
vt 0.720366 0.063909
vt 0.704458 0.257911
vt 0.723016 0.039203
vt 0.701814 0.280937
vt 0.704017 0.258317
vt 0.722496 0.039557
vt 0.719517 0.062223
vt 0.703558 0.258804
vt 0.722021 0.039954
vt 0.701143 0.279034
vt 0.703129 0.259366
vt 0.721555 0.040432
vt 0.702730 0.260003
vt 0.718875 0.060311
vt 0.721118 0.040981
vt 0.702361 0.260715
vt 0.700676 0.276901
vt 0.720711 0.041601
vt 0.702022 0.261503
vt 0.701714 0.262366
vt 0.720333 0.042293
vt 0.718440 0.058173
vt 0.700413 0.274540
vt 0.701435 0.263305
vt 0.719985 0.043056
vt 0.701187 0.264319
vt 0.700352 0.271948
vt 0.700969 0.265408
vt 0.719666 0.043891
vt 0.718211 0.055809
vt 0.700781 0.266572
vt 0.700495 0.269127
vt 0.700623 0.267812
vt 0.719377 0.044797
vt 0.719117 0.045775
vt 0.718188 0.053218
vt 0.718887 0.046824
vt 0.718686 0.047945
vt 0.718372 0.050401
vt 0.718514 0.049137
vt 0.008850 0.294176
vt 0.119782 0.117546
vt 0.220799 0.181717
vt 0.109375 0.356078
vt 0.124786 0.109390
vt 0.220034 0.173925
vt 0.126268 0.106584
vt 0.218857 0.170379
vt 0.127698 0.103917
vt 0.216817 0.167622
vt 0.129097 0.101355
vt 0.214952 0.164825
vt 0.130493 0.098857
vt 0.213247 0.161962
vt 0.131916 0.096385
vt 0.211696 0.159014
vt 0.133399 0.093898
vt 0.210300 0.155964
vt 0.134973 0.091366
vt 0.209064 0.152799
vt 0.136665 0.088764
vt 0.207997 0.149510
vt 0.138499 0.086075
vt 0.207111 0.146094
vt 0.140495 0.083290
vt 0.206424 0.142545
vt 0.142671 0.080406
vt 0.205967 0.138859
vt 0.145040 0.077426
vt 0.205791 0.135019
vt 0.146631 0.075355
vt 0.206352 0.134731
vt 0.148216 0.073342
vt 0.206886 0.134482
vt 0.149794 0.071385
vt 0.207394 0.134271
vt 0.151361 0.069481
vt 0.207873 0.134097
vt 0.152916 0.067629
vt 0.208324 0.133961
vt 0.154459 0.065824
vt 0.208749 0.133859
vt 0.155987 0.064065
vt 0.209146 0.133791
vt 0.157501 0.062349
vt 0.209516 0.133753
vt 0.159001 0.060671
vt 0.209861 0.133745
vt 0.160489 0.059030
vt 0.210182 0.133764
vt 0.161965 0.057420
vt 0.210481 0.133808
vt 0.163433 0.055838
vt 0.210759 0.133875
vt 0.164882 0.054289
vt 0.211008 0.133964
vt 0.166354 0.052747
vt 0.211262 0.134063
vt 0.167852 0.051211
vt 0.211523 0.134171
vt 0.169383 0.049678
vt 0.211794 0.134291
vt 0.170950 0.048147
vt 0.212079 0.134421
vt 0.172558 0.046619
vt 0.212379 0.134563
vt 0.174212 0.045091
vt 0.212699 0.134716
vt 0.175916 0.043565
vt 0.213041 0.134882
vt 0.177673 0.042040
vt 0.213408 0.135061
vt 0.179488 0.040518
vt 0.213801 0.135256
vt 0.181363 0.038999
vt 0.214224 0.135467
vt 0.183303 0.037484
vt 0.214680 0.135696
vt 0.192529 0.033773
vt 0.222985 0.134758
vt 0.202435 0.030088
vt 0.231856 0.133277
vt 0.213026 0.026444
vt 0.241290 0.131359
vt 0.224305 0.022861
vt 0.251279 0.129114
vt 0.236271 0.019364
vt 0.261806 0.126628
vt 0.248921 0.015984
vt 0.272852 0.123962
vt 0.262247 0.012759
vt 0.284392 0.121157
vt 0.276239 0.009731
vt 0.296401 0.118246
vt 0.290880 0.006952
vt 0.308848 0.115255
vt 0.306148 0.004480
vt 0.321696 0.112209
vt 0.322015 0.002384
vt 0.334904 0.109130
vt 0.338442 0.000744
vt 0.348420 0.106036
vt 0.345566 0.000381
vt 0.352527 0.104631
vt 0.352790 0.000221
vt 0.356684 0.103231
vt 0.360104 0.000278
vt 0.360884 0.101841
vt 0.367500 0.000563
vt 0.365116 0.100461
vt 0.374969 0.001091
vt 0.369370 0.099095
vt 0.382500 0.001877
vt 0.373636 0.097744
vt 0.390080 0.002935
vt 0.377900 0.096409
vt 0.397696 0.004284
vt 0.382151 0.095093
vt 0.405333 0.005939
vt 0.386374 0.093795
vt 0.412975 0.007919
vt 0.390555 0.092517
vt 0.420604 0.010243
vt 0.394678 0.091259
vt 0.428198 0.012933
vt 0.398727 0.090020
vt 0.433498 0.015052
vt 0.398606 0.090792
vt 0.438733 0.017353
vt 0.398498 0.091641
vt 0.443901 0.019834
vt 0.398399 0.092568
vt 0.449001 0.022494
vt 0.398307 0.093570
vt 0.454031 0.025334
vt 0.398218 0.094647
vt 0.458991 0.028352
vt 0.398130 0.095798
vt 0.463878 0.031549
vt 0.398040 0.097022
vt 0.468691 0.034923
vt 0.397972 0.098318
vt 0.473428 0.038475
vt 0.397898 0.099683
vt 0.478088 0.042204
vt 0.397814 0.101116
vt 0.482667 0.046111
vt 0.397717 0.102617
vt 0.487165 0.050195
vt 0.397604 0.104183
vt 0.518076 0.101032
vt 0.423265 0.154878
vt 0.521660 0.105653
vt 0.426677 0.155829
vt 0.525234 0.110539
vt 0.430005 0.156818
vt 0.528778 0.115703
vt 0.433333 0.157837
vt 0.532272 0.121154
vt 0.436647 0.158881
vt 0.535693 0.126903
vt 0.439935 0.159942
vt 0.539016 0.132964
vt 0.443182 0.161013
vt 0.542214 0.139348
vt 0.446371 0.162085
vt 0.545254 0.146067
vt 0.449487 0.163147
vt 0.548103 0.153136
vt 0.452512 0.164188
vt 0.550724 0.160566
vt 0.455426 0.165195
vt 0.553074 0.168371
vt 0.458210 0.166152
vt 0.555107 0.176564
vt 0.460843 0.167044
vt 0.546826 0.260552
vt 0.445450 0.248609
vt 0.547964 0.262827
vt 0.445978 0.250976
vt 0.549075 0.265232
vt 0.446484 0.253413
vt 0.550159 0.267768
vt 0.446969 0.255921
vt 0.551212 0.270438
vt 0.447431 0.258500
vt 0.552233 0.273242
vt 0.447871 0.261152
vt 0.553218 0.276184
vt 0.448288 0.263876
vt 0.554164 0.279263
vt 0.448681 0.266674
vt 0.555067 0.282483
vt 0.449051 0.269547
vt 0.555925 0.285843
vt 0.449397 0.272495
vt 0.556734 0.289346
vt 0.449717 0.275520
vt 0.557489 0.292992
vt 0.450013 0.278621
vt 0.558187 0.296782
vt 0.450282 0.281799
vt 0.557489 0.309850
vt 0.455446 0.290979
vt 0.558123 0.314510
vt 0.455170 0.293259
vt 0.558663 0.319200
vt 0.454905 0.295530
vt 0.559108 0.323915
vt 0.454652 0.297790
vt 0.559457 0.328655
vt 0.454411 0.300037
vt 0.559712 0.333415
vt 0.454185 0.302269
vt 0.559871 0.338194
vt 0.453974 0.304483
vt 0.559934 0.342989
vt 0.453779 0.306679
vt 0.559902 0.347798
vt 0.453601 0.308853
vt 0.559774 0.352618
vt 0.453442 0.311004
vt 0.559551 0.357447
vt 0.453303 0.313130
vt 0.559231 0.362283
vt 0.453185 0.315229
vt 0.558816 0.367124
vt 0.453089 0.317299
vt 0.464183 0.564072
vt 0.357166 0.507522
vt 0.462916 0.572967
vt 0.355694 0.512278
vt 0.461512 0.581589
vt 0.354233 0.516565
vt 0.460006 0.589915
vt 0.352789 0.520398
vt 0.458440 0.597926
vt 0.351372 0.523792
vt 0.456855 0.605609
vt 0.349990 0.526760
vt 0.455295 0.612952
vt 0.348653 0.529314
vt 0.453806 0.619946
vt 0.347370 0.531469
vt 0.452432 0.626587
vt 0.346150 0.533235
vt 0.451218 0.632872
vt 0.345003 0.534625
vt 0.450204 0.638804
vt 0.343935 0.535651
vt 0.449423 0.644395
vt 0.342947 0.536326
vt 0.448881 0.649678
vt 0.342031 0.536674
vt 0.445877 0.649382
vt 0.341092 0.536842
vt 0.442588 0.649329
vt 0.339852 0.537194
vt 0.439001 0.649521
vt 0.338299 0.537737
vt 0.435115 0.649945
vt 0.336426 0.538471
vt 0.430935 0.650587
vt 0.334229 0.539397
vt 0.426466 0.651430
vt 0.331704 0.540510
vt 0.421717 0.652458
vt 0.328845 0.541810
vt 0.416698 0.653655
vt 0.325649 0.543293
vt 0.411418 0.655007
vt 0.322111 0.544957
vt 0.405889 0.656501
vt 0.318224 0.546800
vt 0.400127 0.658124
vt 0.313985 0.548820
vt 0.394144 0.659867
vt 0.309386 0.551014
vt 0.390264 0.659940
vt 0.306646 0.552090
vt 0.386599 0.659827
vt 0.304035 0.553073
vt 0.383143 0.659538
vt 0.301552 0.553966
vt 0.379890 0.659080
vt 0.299199 0.554769
vt 0.376834 0.658460
vt 0.296975 0.555483
vt 0.373967 0.657687
vt 0.294880 0.556111
vt 0.371282 0.656769
vt 0.292913 0.556654
vt 0.368769 0.655712
vt 0.291073 0.557112
vt 0.366418 0.654527
vt 0.289357 0.557489
vt 0.364215 0.653222
vt 0.287763 0.557786
vt 0.362146 0.651811
vt 0.286284 0.558008
vt 0.360187 0.650311
vt 0.284873 0.558213
vt 0.358299 0.648754
vt 0.283711 0.558438
vt 0.356457 0.647159
vt 0.282655 0.558577
vt 0.354652 0.645535
vt 0.281623 0.558719
vt 0.352875 0.643889
vt 0.280610 0.558868
vt 0.351115 0.642229
vt 0.279610 0.559029
vt 0.349363 0.640565
vt 0.278604 0.559228
vt 0.347611 0.638903
vt 0.277667 0.559361
vt 0.345853 0.637249
vt 0.276717 0.559538
vt 0.344084 0.635607
vt 0.275750 0.559761
vt 0.342303 0.633981
vt 0.274766 0.560033
vt 0.340508 0.632371
vt 0.273762 0.560354
vt 0.338701 0.630778
vt 0.272739 0.560725
vt 0.259217 0.702932
vt 0.201558 0.637874
vt 0.250578 0.706047
vt 0.200160 0.637316
vt 0.241964 0.708606
vt 0.198589 0.636822
vt 0.233392 0.710635
vt 0.196890 0.636320
vt 0.224874 0.712158
vt 0.195089 0.635816
vt 0.216421 0.713199
vt 0.193214 0.635313
vt 0.208045 0.713776
vt 0.191291 0.634813
vt 0.199753 0.713907
vt 0.189343 0.634320
vt 0.191556 0.713608
vt 0.187395 0.633837
vt 0.183459 0.712892
vt 0.185472 0.633365
vt 0.175470 0.711771
vt 0.183595 0.632909
vt 0.167595 0.710253
vt 0.181787 0.632468
vt 0.159840 0.708346
vt 0.180069 0.632044
vt 0.078598 0.682582
vt 0.104013 0.606139
vt 0.074809 0.680674
vt 0.101735 0.606109
vt 0.071267 0.678746
vt 0.099702 0.606058
vt 0.067964 0.676808
vt 0.097904 0.605991
vt 0.064890 0.674871
vt 0.096330 0.605910
vt 0.062038 0.672946
vt 0.095004 0.605675
vt 0.059396 0.671044
vt 0.093847 0.605486
vt 0.056956 0.669174
vt 0.092852 0.605337
vt 0.054705 0.667346
vt 0.092011 0.605227
vt 0.052633 0.665569
vt 0.091320 0.605154
vt 0.050726 0.663849
vt 0.090770 0.605117
vt 0.048967 0.662191
vt 0.090354 0.605112
vt 0.047335 0.660594
vt 0.090059 0.605133
vt 0.045708 0.658971
vt 0.089783 0.605104
vt 0.044009 0.657256
vt 0.089453 0.604973
vt 0.042236 0.655434
vt 0.089058 0.604729
vt 0.040394 0.653492
vt 0.088590 0.604366
vt 0.038489 0.651423
vt 0.088047 0.603876
vt 0.036529 0.649216
vt 0.087424 0.603252
vt 0.034521 0.646864
vt 0.086720 0.602491
vt 0.032477 0.644359
vt 0.085936 0.601588
vt 0.030405 0.641694
vt 0.085073 0.600543
vt 0.028315 0.638862
vt 0.084131 0.599351
vt 0.026219 0.635859
vt 0.083111 0.598008
vt 0.024127 0.632678
vt 0.082012 0.596510
vt 0.022590 0.630231
vt 0.081336 0.595837
vt 0.021133 0.627815
vt 0.080692 0.595219
vt 0.019751 0.625433
vt 0.080594 0.594209
vt 0.018440 0.623088
vt 0.080536 0.593258
vt 0.017196 0.620783
vt 0.080517 0.592366
vt 0.016012 0.618521
vt 0.080537 0.591534
vt 0.014885 0.616303
vt 0.080595 0.590762
vt 0.013809 0.614131
vt 0.080690 0.590049
vt 0.012780 0.612006
vt 0.080821 0.589396
vt 0.011791 0.609927
vt 0.080987 0.588800
vt 0.010838 0.607890
vt 0.081187 0.588260
vt 0.009914 0.605892
vt 0.081418 0.587773
vt 0.008981 0.603772
vt 0.081695 0.587188
vt 0.008062 0.601605
vt 0.082015 0.586591
vt 0.007156 0.599377
vt 0.082378 0.585972
vt 0.006266 0.597074
vt 0.082783 0.585326
vt 0.005394 0.594688
vt 0.083232 0.584647
vt 0.004545 0.592210
vt 0.083726 0.583930
vt 0.003723 0.589633
vt 0.084266 0.583173
vt 0.002935 0.586952
vt 0.084856 0.582370
vt 0.002184 0.584162
vt 0.085497 0.581518
vt 0.001477 0.581257
vt 0.086193 0.580615
vt 0.000821 0.578233
vt 0.086947 0.579656
vt 0.000221 0.575088
vt 0.087762 0.578639
vt 0.000960 0.550278
vt 0.092923 0.556575
vt 0.001069 0.539097
vt 0.095619 0.546246
vt 0.001337 0.527792
vt 0.098441 0.535626
vt 0.001728 0.516377
vt 0.101391 0.524718
vt 0.002204 0.504864
vt 0.104466 0.513521
vt 0.002725 0.493261
vt 0.107663 0.502034
vt 0.003247 0.481569
vt 0.110979 0.490251
vt 0.003725 0.469788
vt 0.114409 0.478164
vt 0.004109 0.457909
vt 0.117951 0.465762
vt 0.004348 0.445920
vt 0.119415 0.452456
vt 0.004440 0.433820
vt 0.114836 0.441442
vt 0.004530 0.421568
vt 0.110369 0.431077
vt 0.004768 0.409132
vt 0.106087 0.421353
vt 0.004080 0.405746
vt 0.099952 0.416200
vt 0.003434 0.402462
vt 0.099219 0.414240
vt 0.002831 0.399250
vt 0.098621 0.412279
vt 0.002272 0.396071
vt 0.098160 0.410293
vt 0.001765 0.392882
vt 0.097837 0.408257
vt 0.001317 0.389635
vt 0.097655 0.406143
vt 0.000938 0.386287
vt 0.097616 0.403928
vt 0.000641 0.382799
vt 0.097723 0.401590
vt 0.000438 0.379138
vt 0.097980 0.399109
vt 0.000343 0.375278
vt 0.098390 0.396472
vt 0.000369 0.371197
vt 0.098955 0.393664
vt 0.000530 0.366880
vt 0.099681 0.390673
vt 0.000426 0.363930
vt 0.099924 0.389098
vt 0.000347 0.361037
vt 0.100155 0.387599
vt 0.000289 0.358200
vt 0.100374 0.386174
vt 0.000251 0.355420
vt 0.100581 0.384823
vt 0.000229 0.352696
vt 0.100775 0.383547
vt 0.000221 0.350027
vt 0.100957 0.382344
vt 0.000226 0.347410
vt 0.101127 0.381212
vt 0.000242 0.344845
vt 0.101286 0.380152
vt 0.000266 0.342328
vt 0.101432 0.379160
vt 0.000298 0.339855
vt 0.101566 0.378224
vt 0.000339 0.337421
vt 0.101683 0.377312
vt 0.000388 0.335019
vt 0.101783 0.376420
vt 0.000431 0.332681
vt 0.101837 0.375567
vt 0.000496 0.330338
vt 0.101897 0.374713
vt 0.000584 0.327984
vt 0.101962 0.373854
vt 0.000698 0.325616
vt 0.102035 0.372990
vt 0.000842 0.323228
vt 0.102117 0.372117
vt 0.001018 0.320817
vt 0.102209 0.371234
vt 0.001229 0.318378
vt 0.102311 0.370339
vt 0.001478 0.315910
vt 0.102425 0.369431
vt 0.001769 0.313408
vt 0.102549 0.368494
vt 0.002104 0.310871
vt 0.102683 0.367510
vt 0.002487 0.308297
vt 0.102826 0.366479
vt 0.002921 0.305684
vt 0.102980 0.365399
vt 0.306080 0.869362
vt 0.306657 0.714350
vt 0.381780 0.791531
vt 0.383680 0.793506
vt 0.460590 0.714469
vt 0.383660 0.789670
vt 0.460590 0.868731
vt 0.385376 0.791635
vt 0.699909 0.000221
vt 0.699909 0.378690
vt 0.627990 0.203217
vt 0.630823 0.208824
vt 0.560377 0.408674
vt 0.629464 0.200071
vt 0.560377 0.030205
vt 0.632297 0.205678
vt 0.560377 0.437439
vt 0.703564 0.409117
vt 0.632252 0.613182
vt 0.633225 0.611304
vt 0.703066 0.782868
vt 0.630469 0.609814
vt 0.560377 0.811563
vt 0.631533 0.607946
vt 0.151173 0.883816
vt 0.000221 0.886730
vt 0.075797 0.802606
vt 0.077833 0.800457
vt 0.001146 0.717879
vt 0.073756 0.800407
vt 0.151173 0.714350
vt 0.075784 0.798487
vt 0.305637 0.870141
vt 0.151616 0.869808
vt 0.228618 0.794050
vt 0.230479 0.792023
vt 0.152374 0.714592
vt 0.226880 0.792031
vt 0.305637 0.714350
vt 0.228731 0.790190
s 0
usemtl マテリアル.004
f 126/1/1 128/2/1 127/3/1
f 126/1/1 129/4/1 128/2/1
f 125/5/1 129/4/1 126/1/1
f 125/5/1 130/6/1 129/4/1
f 124/7/1 130/6/1 125/5/1
f 124/7/1 131/8/1 130/6/1
f 123/9/1 131/8/1 124/7/1
f 123/9/1 132/10/1 131/8/1
f 122/11/1 132/10/1 123/9/1
f 122/11/1 133/12/1 132/10/1
f 122/11/1 134/13/1 133/12/1
f 121/14/1 134/13/1 122/11/1
f 121/14/1 135/15/1 134/13/1
f 120/16/1 135/15/1 121/14/1
f 120/16/1 136/17/1 135/15/1
f 119/18/1 136/17/1 120/16/1
f 119/18/1 137/19/1 136/17/1
f 118/20/1 137/19/1 119/18/1
f 118/20/1 138/21/1 137/19/1
f 117/22/1 138/21/1 118/20/1
f 117/22/1 139/23/1 138/21/1
f 117/22/1 140/24/1 139/23/1
f 116/25/1 140/24/1 117/22/1
f 116/25/1 141/26/1 140/24/1
f 116/25/1 142/27/1 141/26/1
f 115/28/1 142/27/1 116/25/1
f 115/28/1 143/29/1 142/27/1
f 101/30/1 103/31/1 102/32/1
f 115/28/1 144/33/1 143/29/1
f 101/30/1 104/34/1 103/31/1
f 101/30/1 105/35/1 104/34/1
f 101/30/1 106/36/1 105/35/1
f 115/28/1 145/37/1 144/33/1
f 101/30/1 107/38/1 106/36/1
f 101/30/1 108/39/1 107/38/1
f 101/30/1 109/40/1 108/39/1
f 101/30/1 110/41/1 109/40/1
f 101/30/1 111/42/1 110/41/1
f 115/28/1 146/43/1 145/37/1
f 101/30/1 112/44/1 111/42/1
f 101/30/1 113/45/1 112/44/1
f 101/30/1 114/46/1 113/45/1
f 101/30/1 100/47/1 114/46/1
f 100/47/1 99/48/1 114/46/1
f 99/48/1 98/49/1 114/46/1
f 98/49/1 97/50/1 114/46/1
f 97/50/1 96/51/1 114/46/1
f 96/51/1 95/52/1 114/46/1
f 95/52/1 94/53/1 114/46/1
f 94/53/1 93/54/1 114/46/1
f 93/54/1 92/55/1 114/46/1
f 92/55/1 115/28/1 114/46/1
f 92/55/1 91/56/1 115/28/1
f 91/56/1 146/43/1 115/28/1
f 91/56/1 147/57/1 146/43/1
f 91/56/1 148/58/1 147/57/1
f 91/56/1 90/59/1 148/58/1
f 90/59/1 149/60/1 148/58/1
f 90/59/1 150/61/1 149/60/1
f 90/59/1 151/62/1 150/61/1
f 90/59/1 152/63/1 151/62/1
f 90/59/1 153/64/1 152/63/1
f 90/59/1 154/65/1 153/64/1
f 90/59/1 89/66/1 154/65/1
f 89/66/1 155/67/1 154/65/1
f 89/66/1 156/68/1 155/67/1
f 89/66/1 157/69/1 156/68/1
f 89/66/1 158/70/1 157/69/1
f 89/66/1 159/71/1 158/70/1
f 89/66/1 160/72/1 159/71/1
f 89/66/1 161/73/1 160/72/1
f 89/66/1 162/74/1 161/73/1
f 89/66/1 163/75/1 162/74/1
f 88/76/1 163/75/1 89/66/1
f 87/77/1 164/78/1 88/76/1
f 164/78/1 163/75/1 88/76/1
f 87/77/1 165/79/1 164/78/1
f 87/77/1 166/80/1 165/79/1
f 86/81/1 166/80/1 87/77/1
f 86/81/1 167/82/1 166/80/1
f 85/83/1 167/82/1 86/81/1
f 85/83/1 168/84/1 167/82/1
f 84/85/1 168/84/1 85/83/1
f 84/85/1 169/86/1 168/84/1
f 83/87/1 169/86/1 84/85/1
f 83/87/1 170/88/1 169/86/1
f 82/89/1 170/88/1 83/87/1
f 82/89/1 171/90/1 170/88/1
f 81/91/1 171/90/1 82/89/1
f 81/91/1 172/92/1 171/90/1
f 80/93/1 172/92/1 81/91/1
f 80/93/1 173/94/1 172/92/1
f 62/95/1 64/96/1 63/97/1
f 79/98/1 173/94/1 80/93/1
f 62/95/1 65/99/1 64/96/1
f 188/100/1 190/101/1 189/102/1
f 188/100/1 191/103/1 190/101/1
f 187/104/1 191/103/1 188/100/1
f 187/104/1 192/105/1 191/103/1
f 186/106/1 192/105/1 187/104/1
f 62/95/1 66/107/1 65/99/1
f 186/106/1 193/108/1 192/105/1
f 185/109/1 193/108/1 186/106/1
f 185/109/1 194/110/1 193/108/1
f 184/111/1 194/110/1 185/109/1
f 62/95/1 67/112/1 66/107/1
f 184/111/1 195/113/1 194/110/1
f 79/98/1 174/114/1 173/94/1
f 183/115/1 195/113/1 184/111/1
f 183/115/1 196/116/1 195/113/1
f 78/117/1 174/114/1 79/98/1
f 62/95/1 68/118/1 67/112/1
f 182/119/1 196/116/1 183/115/1
f 61/120/1 68/118/1 62/95/1
f 182/119/1 197/121/1 196/116/1
f 61/120/1 69/122/1 68/118/1
f 181/123/1 197/121/1 182/119/1
f 181/123/1 198/124/1 197/121/1
f 61/120/1 70/125/1 69/122/1
f 180/126/1 198/124/1 181/123/1
f 78/117/1 175/127/1 174/114/1
f 180/126/1 199/128/1 198/124/1
f 77/129/1 175/127/1 78/117/1
f 61/120/1 71/130/1 70/125/1
f 180/126/1 200/131/1 199/128/1
f 179/132/1 200/131/1 180/126/1
f 61/120/1 72/133/1 71/130/1
f 60/134/1 72/133/1 61/120/1
f 179/132/1 201/135/1 200/131/1
f 178/136/1 201/135/1 179/132/1
f 60/134/1 73/137/1 72/133/1
f 77/129/1 176/138/1 175/127/1
f 76/139/1 176/138/1 77/129/1
f 60/134/1 74/140/1 73/137/1
f 178/136/1 202/141/1 201/135/1
f 177/142/1 202/141/1 178/136/1
f 177/142/1 203/143/1 202/141/1
f 60/134/1 75/144/1 74/140/1
f 177/142/1 204/145/1 203/143/1
f 60/134/1 76/139/1 75/144/1
f 60/134/1 176/138/1 76/139/1
f 60/134/1 177/142/1 176/138/1
f 60/134/1 204/145/1 177/142/1
f 60/134/1 205/146/1 204/145/1
f 59/147/1 205/146/1 60/134/1
f 59/147/1 206/148/1 205/146/1
f 59/147/1 207/149/1 206/148/1
f 59/147/1 208/150/1 207/149/1
f 59/147/1 209/151/1 208/150/1
f 59/147/1 210/152/1 209/151/1
f 59/147/1 211/153/1 210/152/1
f 59/147/1 212/154/1 211/153/1
f 59/147/1 213/155/1 212/154/1
f 59/147/1 214/156/1 213/155/1
f 58/157/1 281/158/1 59/147/1
f 281/158/1 286/159/1 59/147/1
f 286/159/1 285/160/1 59/147/1
f 285/160/1 214/156/1 59/147/1
f 58/157/1 282/161/1 281/158/1
f 280/162/1 286/159/1 281/158/1
f 279/163/1 276/164/1 280/162/1
f 276/164/1 286/159/1 280/162/1
f 279/163/1 277/165/1 276/164/1
f 275/166/1 286/159/1 276/164/1
f 278/167/1 286/159/1 275/166/1
f 278/167/1 283/168/1 286/159/1
f 284/169/1 225/170/1 285/160/1
f 225/170/1 214/156/1 285/160/1
f 225/170/1 215/171/1 214/156/1
f 225/170/1 216/172/1 215/171/1
f 225/170/1 217/173/1 216/172/1
f 225/170/1 218/174/1 217/173/1
f 225/170/1 219/175/1 218/174/1
f 225/170/1 220/176/1 219/175/1
f 225/170/1 221/177/1 220/176/1
f 57/178/1 282/161/1 58/157/1
f 225/170/1 222/179/1 221/177/1
f 225/170/1 223/180/1 222/179/1
f 225/170/1 224/181/1 223/180/1
f 284/169/1 226/182/1 225/170/1
f 56/183/1 282/161/1 57/178/1
f 55/184/1 282/161/1 56/183/1
f 54/185/1 282/161/1 55/184/1
f 53/186/1 282/161/1 54/185/1
f 52/187/1 282/161/1 53/186/1
f 284/169/1 227/188/1 226/182/1
f 51/189/1 282/161/1 52/187/1
f 50/190/1 282/161/1 51/189/1
f 279/163/1 294/191/1 277/165/1
f 294/191/1 278/167/1 277/165/1
f 294/191/1 293/192/1 278/167/1
f 293/192/1 283/168/1 278/167/1
f 284/169/1 228/193/1 227/188/1
f 279/163/1 291/194/1 294/191/1
f 292/195/1 283/168/1 293/192/1
f 49/196/1 282/161/1 50/190/1
f 284/169/1 229/197/1 228/193/1
f 48/198/1 282/161/1 49/196/1
f 284/169/1 230/199/1 229/197/1
f 47/200/1 282/161/1 48/198/1
f 284/169/1 231/201/1 230/199/1
f 284/169/1 232/202/1 231/201/1
f 46/203/1 282/161/1 47/200/1
f 279/163/1 290/204/1 291/194/1
f 290/204/1 292/195/1 291/194/1
f 290/204/1 289/205/1 292/195/1
f 289/205/1 283/168/1 292/195/1
f 284/169/1 233/206/1 232/202/1
f 45/207/1 282/161/1 46/203/1
f 279/163/1 287/208/1 290/204/1
f 288/209/1 283/168/1 289/205/1
f 284/169/1 234/210/1 233/206/1
f 44/211/1 282/161/1 45/207/1
f 284/169/1 235/212/1 234/210/1
f 43/213/1 282/161/1 44/211/1
f 42/214/1 282/161/1 43/213/1
f 284/169/1 236/215/1 235/212/1
f 41/216/1 282/161/1 42/214/1
f 284/169/1 237/217/1 236/215/1
f 40/218/1 282/161/1 41/216/1
f 40/218/1 279/163/1 282/161/1
f 40/218/1 287/208/1 279/163/1
f 40/218/1 288/209/1 287/208/1
f 40/218/1 283/168/1 288/209/1
f 40/218/1 2/219/1 283/168/1
f 2/219/1 284/169/1 283/168/1
f 2/219/1 237/217/1 284/169/1
f 2/219/1 1/220/1 237/217/1
f 1/220/1 238/221/1 237/217/1
f 40/218/1 3/222/1 2/219/1
f 274/223/1 238/221/1 1/220/1
f 39/224/1 3/222/1 40/218/1
f 274/223/1 239/225/1 238/221/1
f 39/224/1 4/226/1 3/222/1
f 274/223/1 240/227/1 239/225/1
f 39/224/1 5/228/1 4/226/1
f 38/229/1 5/228/1 39/224/1
f 273/230/1 240/227/1 274/223/1
f 37/231/1 5/228/1 38/229/1
f 272/232/1 240/227/1 273/230/1
f 272/232/1 241/233/1 240/227/1
f 271/234/1 241/233/1 272/232/1
f 37/231/1 6/235/1 5/228/1
f 36/236/1 6/235/1 37/231/1
f 270/237/1 241/233/1 271/234/1
f 35/238/1 6/235/1 36/236/1
f 270/237/1 242/239/1 241/233/1
f 269/240/1 242/239/1 270/237/1
f 34/241/1 6/235/1 35/238/1
f 34/241/1 7/242/1 6/235/1
f 268/243/1 242/239/1 269/240/1
f 33/244/1 7/242/1 34/241/1
f 268/243/1 243/245/1 242/239/1
f 267/246/1 243/245/1 268/243/1
f 32/247/1 7/242/1 33/244/1
f 32/247/1 8/248/1 7/242/1
f 266/249/1 243/245/1 267/246/1
f 31/250/1 8/248/1 32/247/1
f 266/249/1 244/251/1 243/245/1
f 265/252/1 244/251/1 266/249/1
f 30/253/1 8/248/1 31/250/1
f 264/254/1 244/251/1 265/252/1
f 30/253/1 9/255/1 8/248/1
f 263/256/1 244/251/1 264/254/1
f 29/257/1 9/255/1 30/253/1
f 263/256/1 245/258/1 244/251/1
f 262/259/1 245/258/1 263/256/1
f 28/260/1 9/255/1 29/257/1
f 28/260/1 10/261/1 9/255/1
f 261/262/1 245/258/1 262/259/1
f 27/263/1 10/261/1 28/260/1
f 261/262/1 246/264/1 245/258/1
f 260/265/1 246/264/1 261/262/1
f 26/266/1 10/261/1 27/263/1
f 259/267/1 246/264/1 260/265/1
f 26/266/1 11/268/1 10/261/1
f 25/269/1 11/268/1 26/266/1
f 258/270/1 246/264/1 259/267/1
f 258/270/1 247/271/1 246/264/1
f 24/272/1 11/268/1 25/269/1
f 257/273/1 247/271/1 258/270/1
f 256/274/1 247/271/1 257/273/1
f 23/275/1 11/268/1 24/272/1
f 23/275/1 12/276/1 11/268/1
f 256/274/1 248/277/1 247/271/1
f 255/278/1 248/277/1 256/274/1
f 22/279/1 12/276/1 23/275/1
f 254/280/1 248/277/1 255/278/1
f 254/280/1 249/281/1 248/277/1
f 253/282/1 249/281/1 254/280/1
f 21/283/1 12/276/1 22/279/1
f 21/283/1 13/284/1 12/276/1
f 252/285/1 249/281/1 253/282/1
f 252/285/1 250/286/1 249/281/1
f 251/287/1 250/286/1 252/285/1
f 20/288/1 13/284/1 21/283/1
f 19/289/1 13/284/1 20/288/1
f 19/289/1 14/290/1 13/284/1
f 18/291/1 14/290/1 19/289/1
f 17/292/1 14/290/1 18/291/1
f 17/292/1 15/293/1 14/290/1
f 16/294/1 15/293/1 17/292/1
f 420/295/2 421/296/2 422/297/2
f 420/295/2 422/297/2 423/298/2
f 419/299/2 420/295/2 423/298/2
f 419/299/2 423/298/2 424/300/2
f 418/301/2 419/299/2 424/300/2
f 418/301/2 424/300/2 425/302/2
f 417/303/2 418/301/2 425/302/2
f 417/303/2 425/302/2 426/304/2
f 416/305/2 417/303/2 426/304/2
f 416/305/2 426/304/2 427/306/2
f 416/305/2 427/306/2 428/307/2
f 415/308/2 416/305/2 428/307/2
f 415/308/2 428/307/2 429/309/2
f 414/310/2 415/308/2 429/309/2
f 414/310/2 429/309/2 430/311/2
f 413/312/2 414/310/2 430/311/2
f 413/312/2 430/311/2 431/313/2
f 412/314/2 413/312/2 431/313/2
f 412/314/2 431/313/2 432/315/2
f 411/316/2 412/314/2 432/315/2
f 411/316/2 432/315/2 433/317/2
f 411/316/2 433/317/2 434/318/2
f 410/319/2 411/316/2 434/318/2
f 410/319/2 434/318/2 435/320/2
f 410/319/2 435/320/2 436/321/2
f 409/322/2 410/319/2 436/321/2
f 409/322/2 436/321/2 437/323/2
f 395/324/2 396/325/2 397/326/2
f 409/322/2 437/323/2 438/327/2
f 395/324/2 397/326/2 398/328/2
f 395/324/2 398/328/2 399/329/2
f 395/324/2 399/329/2 400/330/2
f 409/322/2 438/327/2 439/331/2
f 395/324/2 400/330/2 401/332/2
f 395/324/2 401/332/2 402/333/2
f 395/324/2 402/333/2 403/334/2
f 395/324/2 403/334/2 404/335/2
f 395/324/2 404/335/2 405/336/2
f 409/322/2 439/331/2 440/337/2
f 395/324/2 405/336/2 406/338/2
f 395/324/2 406/338/2 407/339/2
f 395/324/2 407/339/2 408/340/2
f 395/324/2 408/340/2 394/341/2
f 394/341/2 408/340/2 393/342/2
f 393/342/2 408/340/2 392/343/2
f 392/343/2 408/340/2 391/344/2
f 391/344/2 408/340/2 390/345/2
f 390/345/2 408/340/2 389/346/2
f 389/346/2 408/340/2 388/347/2
f 388/347/2 408/340/2 387/348/2
f 387/348/2 408/340/2 386/349/2
f 386/349/2 408/340/2 409/322/2
f 386/349/2 409/322/2 385/350/2
f 385/350/2 409/322/2 440/337/2
f 385/350/2 440/337/2 441/351/2
f 385/350/2 441/351/2 442/352/2
f 385/350/2 442/352/2 384/353/2
f 384/353/2 442/352/2 443/354/2
f 384/353/2 443/354/2 444/355/2
f 384/353/2 444/355/2 445/356/2
f 384/353/2 445/356/2 446/357/2
f 384/353/2 446/357/2 447/358/2
f 384/353/2 447/358/2 448/359/2
f 384/353/2 448/359/2 383/360/2
f 383/360/2 448/359/2 449/361/2
f 383/360/2 449/361/2 450/362/2
f 383/360/2 450/362/2 451/363/2
f 383/360/2 451/363/2 452/364/2
f 383/360/2 452/364/2 453/365/2
f 383/360/2 453/365/2 454/366/2
f 383/360/2 454/366/2 455/367/2
f 383/360/2 455/367/2 456/368/2
f 383/360/2 456/368/2 457/369/2
f 382/370/1 383/360/1 457/369/1
f 381/371/2 382/370/2 458/372/2
f 458/372/1 382/370/1 457/369/1
f 381/371/2 458/372/2 459/373/2
f 381/371/2 459/373/2 460/374/2
f 380/375/2 381/371/2 460/374/2
f 380/375/2 460/374/2 461/376/2
f 379/377/2 380/375/2 461/376/2
f 379/377/2 461/376/2 462/378/2
f 378/379/2 379/377/2 462/378/2
f 378/379/2 462/378/2 463/380/2
f 377/381/2 378/379/2 463/380/2
f 377/381/2 463/380/2 464/382/2
f 376/383/2 377/381/2 464/382/2
f 376/383/2 464/382/2 465/384/2
f 375/385/2 376/383/2 465/384/2
f 375/385/2 465/384/2 466/386/2
f 374/387/2 375/385/2 466/386/2
f 374/387/2 466/386/2 467/388/2
f 356/389/2 357/390/2 358/391/2
f 373/392/2 374/387/2 467/388/2
f 356/389/2 358/391/2 359/393/2
f 482/394/2 483/395/2 484/396/2
f 482/394/2 484/396/2 485/397/2
f 481/398/2 482/394/2 485/397/2
f 481/398/2 485/397/2 486/399/2
f 480/400/2 481/398/2 486/399/2
f 356/389/2 359/393/2 360/401/2
f 480/400/2 486/399/2 487/402/2
f 479/403/2 480/400/2 487/402/2
f 479/403/2 487/402/2 488/404/2
f 478/405/2 479/403/2 488/404/2
f 356/389/2 360/401/2 361/406/2
f 478/405/2 488/404/2 489/407/2
f 373/392/2 467/388/2 468/408/2
f 477/409/2 478/405/2 489/407/2
f 477/409/2 489/407/2 490/410/2
f 372/411/2 373/392/2 468/408/2
f 356/389/2 361/406/2 362/412/2
f 476/413/2 477/409/2 490/410/2
f 355/414/2 356/389/2 362/412/2
f 476/413/2 490/410/2 491/415/2
f 355/414/2 362/412/2 363/416/2
f 475/417/2 476/413/2 491/415/2
f 475/417/2 491/415/2 492/418/2
f 355/414/2 363/416/2 364/419/2
f 474/420/2 475/417/2 492/418/2
f 372/411/2 468/408/2 469/421/2
f 474/420/2 492/418/2 493/422/2
f 371/423/2 372/411/2 469/421/2
f 355/414/2 364/419/2 365/424/2
f 474/420/2 493/422/2 494/425/2
f 473/426/2 474/420/2 494/425/2
f 355/414/2 365/424/2 366/427/2
f 354/428/2 355/414/2 366/427/2
f 473/426/2 494/425/2 495/429/2
f 472/430/2 473/426/2 495/429/2
f 354/428/2 366/427/2 367/431/2
f 371/423/2 469/421/2 470/432/2
f 370/433/2 371/423/2 470/432/2
f 354/428/2 367/431/2 368/434/2
f 472/430/2 495/429/2 496/435/2
f 471/436/2 472/430/2 496/435/2
f 471/436/2 496/435/2 497/437/2
f 354/428/2 368/434/2 369/438/2
f 471/436/2 497/437/2 498/439/2
f 354/428/2 369/438/2 370/433/2
f 354/428/2 370/433/2 470/432/2
f 354/428/2 470/432/2 471/436/2
f 354/428/2 471/436/2 498/439/2
f 354/428/2 498/439/2 499/440/2
f 353/441/2 354/428/2 499/440/2
f 353/441/2 499/440/2 500/442/2
f 353/441/2 500/442/2 501/443/2
f 353/441/2 501/443/2 502/444/2
f 353/441/2 502/444/2 503/445/2
f 353/441/2 503/445/2 504/446/2
f 353/441/2 504/446/2 505/447/2
f 353/441/2 505/447/2 506/448/2
f 353/441/2 506/448/2 507/449/2
f 353/441/2 507/449/2 508/450/2
f 352/451/2 353/441/2 575/452/2
f 575/452/2 353/441/2 580/453/2
f 580/453/2 353/441/2 579/454/2
f 579/454/2 353/441/2 508/450/2
f 352/451/2 575/452/2 576/455/2
f 574/456/2 575/452/2 580/453/2
f 573/457/2 574/456/2 570/458/2
f 570/458/1 574/456/1 580/453/1
f 573/457/2 570/458/2 571/459/2
f 569/460/1 570/458/1 580/453/1
f 572/461/2 569/460/2 580/453/2
f 572/461/2 580/453/2 577/462/2
f 578/463/2 579/454/2 519/464/2
f 519/464/2 579/454/2 508/450/2
f 519/464/2 508/450/2 509/465/2
f 519/464/2 509/465/2 510/466/2
f 519/464/2 510/466/2 511/467/2
f 519/464/2 511/467/2 512/468/2
f 519/464/2 512/468/2 513/469/2
f 519/464/2 513/469/2 514/470/2
f 519/464/2 514/470/2 515/471/2
f 351/472/2 352/451/2 576/455/2
f 519/464/2 515/471/2 516/473/2
f 519/464/2 516/473/2 517/474/2
f 519/464/2 517/474/2 518/475/2
f 578/463/2 519/464/2 520/476/2
f 350/477/2 351/472/2 576/455/2
f 349/478/2 350/477/2 576/455/2
f 348/479/2 349/478/2 576/455/2
f 347/480/2 348/479/2 576/455/2
f 346/481/2 347/480/2 576/455/2
f 578/463/2 520/476/2 521/482/2
f 345/483/2 346/481/2 576/455/2
f 344/484/2 345/483/2 576/455/2
f 573/457/2 571/459/2 588/485/2
f 588/485/2 571/459/2 572/461/2
f 588/485/2 572/461/2 587/486/2
f 587/486/2 572/461/2 577/462/2
f 578/463/2 521/482/2 522/487/2
f 573/457/2 588/485/2 585/488/2
f 586/489/2 587/486/2 577/462/2
f 343/490/2 344/484/2 576/455/2
f 578/463/2 522/487/2 523/491/2
f 342/492/2 343/490/2 576/455/2
f 578/463/2 523/491/2 524/493/2
f 341/494/2 342/492/2 576/455/2
f 578/463/2 524/493/2 525/495/2
f 578/463/2 525/495/2 526/496/2
f 340/497/2 341/494/2 576/455/2
f 573/457/2 585/488/2 584/498/2
f 584/498/2 585/488/2 586/489/2
f 584/498/2 586/489/2 583/499/2
f 583/499/2 586/489/2 577/462/2
f 578/463/2 526/496/2 527/500/2
f 339/501/2 340/497/2 576/455/2
f 573/457/2 584/498/2 581/502/2
f 582/503/2 583/499/2 577/462/2
f 578/463/2 527/500/2 528/504/2
f 338/505/2 339/501/2 576/455/2
f 578/463/2 528/504/2 529/506/2
f 337/507/2 338/505/2 576/455/2
f 336/508/2 337/507/2 576/455/2
f 578/463/2 529/506/2 530/509/2
f 335/510/2 336/508/2 576/455/2
f 578/463/2 530/509/2 531/511/2
f 334/512/2 335/510/2 576/455/2
f 334/512/2 576/455/2 573/457/2
f 334/512/2 573/457/2 581/502/2
f 334/512/2 581/502/2 582/503/2
f 334/512/2 582/503/2 577/462/2
f 334/512/2 577/462/2 296/513/2
f 296/513/2 577/462/2 578/463/2
f 296/513/2 578/463/2 531/511/2
f 296/513/2 531/511/2 295/514/2
f 295/514/2 531/511/2 532/515/2
f 334/512/2 296/513/2 297/516/2
f 568/517/2 295/514/2 532/515/2
f 333/518/2 334/512/2 297/516/2
f 568/517/2 532/515/2 533/519/2
f 333/518/2 297/516/2 298/520/2
f 568/517/2 533/519/2 534/521/2
f 333/518/2 298/520/2 299/522/2
f 332/523/2 333/518/2 299/522/2
f 567/524/2 568/517/2 534/521/2
f 331/525/2 332/523/2 299/522/2
f 566/526/2 567/524/2 534/521/2
f 566/526/2 534/521/2 535/527/2
f 565/528/2 566/526/2 535/527/2
f 331/525/2 299/522/2 300/529/2
f 330/530/2 331/525/2 300/529/2
f 564/531/2 565/528/2 535/527/2
f 329/532/2 330/530/2 300/529/2
f 564/531/2 535/527/2 536/533/2
f 563/534/2 564/531/2 536/533/2
f 328/535/2 329/532/2 300/529/2
f 328/535/2 300/529/2 301/536/2
f 562/537/2 563/534/2 536/533/2
f 327/538/2 328/535/2 301/536/2
f 562/537/2 536/533/2 537/539/2
f 561/540/2 562/537/2 537/539/2
f 326/541/2 327/538/2 301/536/2
f 326/541/2 301/536/2 302/542/2
f 560/543/2 561/540/2 537/539/2
f 325/544/2 326/541/2 302/542/2
f 560/543/2 537/539/2 538/545/2
f 559/546/2 560/543/2 538/545/2
f 324/547/2 325/544/2 302/542/2
f 558/548/2 559/546/2 538/545/2
f 324/547/2 302/542/2 303/549/2
f 557/550/2 558/548/2 538/545/2
f 323/551/2 324/547/2 303/549/2
f 557/550/2 538/545/2 539/552/2
f 556/553/2 557/550/2 539/552/2
f 322/554/2 323/551/2 303/549/2
f 322/554/2 303/549/2 304/555/2
f 555/556/2 556/553/2 539/552/2
f 321/557/2 322/554/2 304/555/2
f 555/556/2 539/552/2 540/558/2
f 554/559/2 555/556/2 540/558/2
f 320/560/2 321/557/2 304/555/2
f 553/561/2 554/559/2 540/558/2
f 320/560/2 304/555/2 305/562/2
f 319/563/2 320/560/2 305/562/2
f 552/564/2 553/561/2 540/558/2
f 552/564/2 540/558/2 541/565/2
f 318/566/2 319/563/2 305/562/2
f 551/567/2 552/564/2 541/565/2
f 550/568/2 551/567/2 541/565/2
f 317/569/2 318/566/2 305/562/2
f 317/569/2 305/562/2 306/570/2
f 550/568/2 541/565/2 542/571/2
f 549/572/2 550/568/2 542/571/2
f 316/573/2 317/569/2 306/570/2
f 548/574/2 549/572/2 542/571/2
f 548/574/2 542/571/2 543/575/2
f 547/576/2 548/574/2 543/575/2
f 315/577/2 316/573/2 306/570/2
f 315/577/2 306/570/2 307/578/2
f 546/579/2 547/576/2 543/575/2
f 546/579/2 543/575/2 544/580/2
f 545/581/2 546/579/2 544/580/2
f 314/582/2 315/577/2 307/578/2
f 313/583/2 314/582/2 307/578/2
f 313/583/2 307/578/2 308/584/2
f 312/585/2 313/583/2 308/584/2
f 311/586/2 312/585/2 308/584/2
f 311/586/2 308/584/2 309/587/2
f 310/588/2 311/586/2 309/587/2
s 1
f 590/589/3 592/590/4 591/591/4 589/592/3
f 592/590/4 594/593/5 593/594/5 591/591/4
f 594/593/5 596/595/6 595/596/6 593/594/5
f 596/595/6 598/597/7 597/598/7 595/596/6
f 598/597/7 600/599/8 599/600/8 597/598/7
f 600/599/8 602/601/9 601/602/9 599/600/8
f 602/601/9 604/603/10 603/604/10 601/602/9
f 604/603/10 606/605/11 605/606/11 603/604/10
f 606/605/11 608/607/12 607/608/12 605/606/11
f 608/607/12 610/609/13 609/610/13 607/608/12
f 610/609/13 612/611/14 611/612/14 609/610/13
f 612/611/14 614/613/15 613/614/15 611/612/14
f 614/613/15 616/615/16 615/616/16 613/614/15
f 616/615/16 618/617/17 617/618/17 615/616/16
f 618/617/17 620/619/18 619/620/18 617/618/17
f 620/619/18 622/621/19 621/622/19 619/620/18
f 622/621/19 624/623/20 623/624/20 621/622/19
f 624/623/20 626/625/21 625/626/21 623/624/20
f 626/625/21 628/627/22 627/628/22 625/626/21
f 628/627/22 630/629/23 629/630/23 627/628/22
f 630/629/23 632/631/24 631/632/24 629/630/23
f 632/631/24 634/633/25 633/634/25 631/632/24
f 634/633/25 636/635/26 635/636/26 633/634/25
f 636/635/26 638/637/27 637/638/27 635/636/26
f 638/637/27 640/639/28 639/640/28 637/638/27
f 640/639/28 642/641/29 641/642/29 639/640/28
f 642/641/29 644/643/30 643/644/30 641/642/29
f 644/643/30 646/645/31 645/646/31 643/644/30
f 646/645/31 648/647/32 647/648/32 645/646/31
f 648/647/32 650/649/33 649/650/33 647/648/32
f 650/649/33 652/651/34 651/652/34 649/650/33
f 652/651/34 654/653/35 653/654/35 651/652/34
f 654/653/35 656/655/36 655/656/36 653/654/35
f 656/655/36 658/657/37 657/658/37 655/656/36
f 658/657/37 660/659/38 659/660/38 657/658/37
f 660/659/38 662/661/39 661/662/39 659/660/38
f 662/661/39 664/663/40 663/664/40 661/662/39
f 664/663/40 666/665/41 665/666/41 663/664/40
f 666/665/41 668/667/42 667/668/42 665/666/41
f 668/667/42 670/669/43 669/670/43 667/668/42
f 670/669/43 672/671/44 671/672/44 669/670/43
f 672/671/44 674/673/45 673/674/45 671/672/44
f 674/673/45 676/675/46 675/676/46 673/674/45
f 676/675/46 678/677/47 677/678/47 675/676/46
f 678/677/47 680/679/48 679/680/48 677/678/47
f 680/679/48 682/681/49 681/682/49 679/680/48
f 682/681/49 684/683/50 683/684/50 681/682/49
f 684/683/50 686/685/51 685/686/51 683/684/50
f 686/685/51 688/687/52 687/688/52 685/686/51
f 688/687/52 690/689/53 689/690/53 687/688/52
f 690/689/53 692/691/54 691/692/54 689/690/53
f 692/691/54 694/693/55 693/694/55 691/692/54
f 694/693/55 696/695/56 695/696/56 693/694/55
f 696/695/56 698/697/57 697/698/57 695/696/56
f 698/697/57 700/699/58 699/700/58 697/698/57
f 700/699/58 702/701/59 701/702/59 699/700/58
f 702/701/59 704/703/60 703/704/60 701/702/59
f 704/703/60 706/705/61 705/706/61 703/704/60
f 706/705/61 708/707/62 707/708/62 705/706/61
f 708/707/62 710/709/63 709/710/63 707/708/62
f 710/709/63 712/711/64 711/712/64 709/710/63
f 712/711/64 714/713/65 713/714/65 711/712/64
f 714/713/65 716/715/66 715/716/66 713/714/65
f 716/715/66 718/717/67 717/718/67 715/716/66
f 718/717/67 720/719/68 719/720/68 717/718/67
f 720/719/68 722/721/69 721/722/69 719/720/68
f 722/721/69 724/723/70 723/724/70 721/722/69
f 724/723/70 726/725/71 725/726/71 723/724/70
f 726/725/71 728/727/72 727/728/72 725/726/71
f 728/727/72 730/729/73 729/730/73 727/728/72
f 730/729/73 732/731/74 731/732/74 729/730/73
f 732/731/74 734/733/75 733/734/75 731/732/74
f 734/733/75 736/735/76 735/736/76 733/734/75
f 736/735/76 738/737/77 737/738/77 735/736/76
f 738/737/77 740/739/78 739/740/78 737/738/77
f 740/739/78 742/741/79 741/742/79 739/740/78
f 742/741/79 744/743/80 743/744/80 741/742/79
f 744/743/80 746/745/81 745/746/81 743/744/80
f 746/745/81 748/747/82 747/748/82 745/746/81
f 748/747/82 750/749/83 749/750/83 747/748/82
f 750/749/83 752/751/84 751/752/84 749/750/83
f 752/751/84 754/753/85 753/754/85 751/752/84
f 754/753/85 756/755/86 755/756/86 753/754/85
f 756/755/86 758/757/87 757/758/87 755/756/86
f 758/757/87 760/759/88 759/760/88 757/758/87
f 760/759/88 762/761/89 761/762/89 759/760/88
f 762/761/89 764/763/90 763/764/90 761/762/89
f 764/763/90 766/765/91 765/766/91 763/764/90
f 766/765/91 768/767/92 767/768/92 765/766/91
f 768/767/92 770/769/93 769/770/93 767/768/92
f 770/769/93 772/771/94 771/772/94 769/770/93
f 772/771/94 774/773/95 773/774/95 771/772/94
f 774/773/95 776/775/96 775/776/96 773/774/95
f 776/775/96 778/777/97 777/778/97 775/776/96
f 778/777/97 780/779/98 779/780/98 777/778/97
f 780/779/98 782/781/99 781/782/99 779/780/98
f 782/781/99 784/783/100 783/784/100 781/782/99
f 784/783/100 786/785/101 785/786/101 783/784/100
f 786/785/101 788/787/102 787/788/102 785/786/101
f 788/787/102 790/789/103 789/790/103 787/788/102
f 790/789/103 792/791/104 791/792/104 789/790/103
f 792/791/104 794/793/105 793/794/105 791/792/104
f 794/793/105 796/795/106 795/796/106 793/794/105
f 796/795/106 798/797/107 797/798/107 795/796/106
f 798/797/107 800/799/108 799/800/108 797/798/107
f 800/799/108 802/801/109 801/802/109 799/800/108
f 802/801/109 804/803/110 803/804/110 801/802/109
f 804/803/110 806/805/111 805/806/111 803/804/110
f 806/805/111 808/807/112 807/808/112 805/806/111
f 808/807/112 810/809/113 809/810/113 807/808/112
f 810/809/113 812/811/114 811/812/114 809/810/113
f 812/811/114 814/813/115 813/814/115 811/812/114
f 814/813/115 816/815/116 815/816/116 813/814/115
f 816/815/116 818/817/117 817/818/117 815/816/116
f 818/817/117 820/819/118 819/820/118 817/818/117
f 820/819/118 822/821/119 821/822/119 819/820/118
f 822/821/119 824/823/120 823/824/120 821/822/119
f 824/823/120 826/825/121 825/826/121 823/824/120
f 826/825/121 828/827/122 827/828/122 825/826/121
f 828/827/122 830/829/123 829/830/123 827/828/122
f 830/829/123 832/831/124 831/832/124 829/830/123
f 832/831/124 834/833/125 833/834/125 831/832/124
f 834/833/125 836/835/126 835/836/126 833/834/125
f 836/835/126 838/837/127 837/838/127 835/836/126
f 838/837/127 840/839/128 839/840/128 837/838/127
f 840/839/128 842/841/129 841/842/129 839/840/128
f 842/841/129 844/843/130 843/844/130 841/842/129
f 844/843/130 846/845/131 845/846/131 843/844/130
f 846/845/131 848/847/132 847/848/132 845/846/131
f 848/847/132 850/849/133 849/850/133 847/848/132
f 850/849/133 852/851/134 851/852/134 849/850/133
f 852/851/134 854/853/135 853/854/135 851/852/134
f 854/853/135 856/855/136 855/856/136 853/854/135
f 856/855/136 858/857/137 857/858/137 855/856/136
f 858/857/137 860/859/138 859/860/138 857/858/137
f 860/859/138 862/861/139 861/862/139 859/860/138
f 862/861/139 864/863/140 863/864/140 861/862/139
f 864/863/140 866/865/141 865/866/141 863/864/140
f 866/865/141 868/867/142 867/868/142 865/866/141
f 868/867/142 870/869/143 869/870/143 867/868/142
f 870/869/143 872/871/144 871/872/144 869/870/143
f 872/871/144 874/873/145 873/874/145 871/872/144
f 874/873/145 876/875/146 875/876/146 873/874/145
f 876/875/146 878/877/147 877/878/147 875/876/146
f 878/877/147 880/879/148 879/880/148 877/878/147
f 880/879/148 882/881/149 881/882/149 879/880/148
f 882/881/149 884/883/150 883/884/150 881/882/149
f 884/883/150 886/885/151 885/886/151 883/884/150
f 886/885/151 888/887/152 887/888/152 885/886/151
f 888/887/152 890/889/153 889/890/153 887/888/152
f 890/889/153 892/891/154 891/892/154 889/890/153
f 892/891/154 894/893/155 893/894/155 891/892/154
f 894/893/155 896/895/156 895/896/156 893/894/155
f 896/895/156 898/897/157 897/898/157 895/896/156
f 898/897/157 900/899/158 899/900/158 897/898/157
f 900/899/158 902/901/159 901/902/159 899/900/158
f 902/901/159 904/903/160 903/904/160 901/902/159
f 904/903/160 906/905/161 905/906/161 903/904/160
f 906/905/161 908/907/162 907/908/162 905/906/161
f 908/907/162 910/909/163 909/910/163 907/908/162
f 910/909/163 912/911/164 911/912/164 909/910/163
f 912/911/164 914/913/165 913/914/165 911/912/164
f 914/913/165 916/915/166 915/916/166 913/914/165
f 916/915/166 918/917/167 917/918/167 915/916/166
f 918/917/167 920/919/168 919/920/168 917/918/167
f 920/919/168 922/921/169 921/922/169 919/920/168
f 922/921/169 924/923/170 923/924/170 921/922/169
f 924/923/170 926/925/171 925/926/171 923/924/170
f 926/925/171 928/927/172 927/928/172 925/926/171
f 928/927/172 930/929/173 929/930/173 927/928/172
f 930/929/173 932/931/174 931/932/174 929/930/173
f 932/931/174 934/933/175 933/934/175 931/932/174
f 934/933/175 936/935/176 935/936/176 933/934/175
f 936/935/176 938/937/177 937/938/177 935/936/176
f 938/937/177 940/939/178 939/940/178 937/938/177
f 940/939/178 942/941/179 941/942/179 939/940/178
f 942/941/179 944/943/180 943/944/180 941/942/179
f 944/943/180 946/945/181 945/946/181 943/944/180
f 946/945/181 948/947/182 947/948/182 945/946/181
f 948/947/182 950/949/183 949/950/183 947/948/182
f 950/949/183 952/951/184 951/952/184 949/950/183
f 952/951/184 954/953/185 953/954/185 951/952/184
f 954/953/185 956/955/186 955/956/186 953/954/185
f 956/955/186 958/957/187 957/958/187 955/956/186
f 958/957/187 960/959/188 959/960/188 957/958/187
f 960/959/188 962/961/189 961/962/189 959/960/188
f 962/961/189 964/963/190 963/964/190 961/962/189
f 964/963/190 966/965/191 965/966/191 963/964/190
f 966/965/191 968/967/192 967/968/192 965/966/191
f 968/967/192 970/969/193 969/970/193 967/968/192
f 970/969/193 972/971/194 971/972/194 969/970/193
f 972/971/194 974/973/195 973/974/195 971/972/194
f 974/973/195 976/975/196 975/976/196 973/974/195
f 976/975/196 978/977/197 977/978/197 975/976/196
f 978/977/197 980/979/198 979/980/198 977/978/197
f 980/979/198 982/981/199 981/982/199 979/980/198
f 982/981/199 984/983/200 983/984/200 981/982/199
f 984/983/200 986/985/201 985/986/201 983/984/200
f 986/985/201 988/987/202 987/988/202 985/986/201
f 988/987/202 990/989/203 989/990/203 987/988/202
f 990/989/203 992/991/204 991/992/204 989/990/203
f 992/991/204 994/993/205 993/994/205 991/992/204
f 994/993/205 996/995/206 995/996/206 993/994/205
f 996/995/206 998/997/207 997/998/207 995/996/206
f 998/997/207 1000/999/208 999/1000/208 997/998/207
f 1000/999/208 1002/1001/209 1001/1002/209 999/1000/208
f 1002/1001/209 1004/1003/210 1003/1004/210 1001/1002/209
f 1004/1003/210 1006/1005/211 1005/1006/211 1003/1004/210
f 1006/1005/211 1008/1007/212 1007/1008/212 1005/1006/211
f 1008/1007/212 1010/1009/213 1009/1010/213 1007/1008/212
f 1010/1009/213 1012/1011/214 1011/1012/214 1009/1010/213
f 1012/1011/214 1014/1013/215 1013/1014/215 1011/1012/214
f 1014/1013/215 1016/1015/216 1015/1016/216 1013/1014/215
f 1016/1015/216 1018/1017/217 1017/1018/217 1015/1016/216
f 1018/1017/217 1020/1019/218 1019/1020/218 1017/1018/217
f 1020/1019/218 1022/1021/219 1021/1022/219 1019/1020/218
f 1022/1021/219 1024/1023/220 1023/1024/220 1021/1022/219
f 1024/1023/220 1026/1025/221 1025/1026/221 1023/1024/220
f 1026/1025/221 1028/1027/222 1027/1028/222 1025/1026/221
f 1028/1027/222 1030/1029/223 1029/1030/223 1027/1028/222
f 1030/1029/223 1032/1031/224 1031/1032/224 1029/1030/223
f 1032/1031/224 1034/1033/225 1033/1034/225 1031/1032/224
f 1034/1033/225 1036/1035/226 1035/1036/226 1033/1034/225
f 1036/1035/226 1038/1037/227 1037/1038/227 1035/1036/226
f 1038/1037/227 1040/1039/228 1039/1040/228 1037/1038/227
f 1040/1039/228 1042/1041/229 1041/1042/229 1039/1040/228
f 1042/1041/229 1044/1043/230 1043/1044/230 1041/1042/229
f 1044/1043/230 1046/1045/231 1045/1046/231 1043/1044/230
f 1046/1045/231 1048/1047/232 1047/1048/232 1045/1046/231
f 1048/1047/232 1050/1049/233 1049/1050/233 1047/1048/232
f 1050/1049/233 1052/1051/234 1051/1052/234 1049/1050/233
f 1052/1051/234 1054/1053/235 1053/1054/235 1051/1052/234
f 1054/1053/235 1056/1055/236 1055/1056/236 1053/1054/235
f 1056/1055/236 1058/1057/237 1057/1058/237 1055/1056/236
f 1058/1057/237 1060/1059/238 1059/1060/238 1057/1058/237
f 1060/1059/238 1062/1061/239 1061/1062/239 1059/1060/238
f 1062/1061/239 1064/1063/240 1063/1064/240 1061/1062/239
f 1064/1063/240 1066/1065/6 1065/1066/6 1063/1064/240
f 1066/1065/6 1068/1067/7 1067/1068/7 1065/1066/6
f 1068/1067/7 1070/1069/8 1069/1070/8 1067/1068/7
f 1070/1069/8 1072/1071/9 1071/1072/9 1069/1070/8
f 1072/1071/9 1074/1073/10 1073/1074/10 1071/1072/9
f 1074/1073/10 1076/1075/11 1075/1076/11 1073/1074/10
f 1076/1075/11 1078/1077/12 1077/1078/12 1075/1076/11
f 1078/1077/12 1080/1079/13 1079/1080/13 1077/1078/12
f 1080/1079/13 1082/1081/14 1081/1082/14 1079/1080/13
f 1082/1081/14 1084/1083/15 1083/1084/15 1081/1082/14
f 1084/1083/15 1086/1085/16 1085/1086/16 1083/1084/15
f 1086/1085/16 1088/1087/241 1087/1088/241 1085/1086/16
f 1088/1087/241 1090/1089/242 1089/1090/242 1087/1088/241
f 1090/1089/242 1092/1091/243 1091/1092/243 1089/1090/242
f 1092/1091/243 1094/1093/244 1093/1094/244 1091/1092/243
f 1094/1093/244 1096/1095/245 1095/1096/245 1093/1094/244
f 1096/1095/245 1098/1097/246 1097/1098/246 1095/1096/245
f 1098/1097/246 1100/1099/247 1099/1100/247 1097/1098/246
f 1100/1099/247 1102/1101/248 1101/1102/248 1099/1100/247
f 1102/1101/248 1104/1103/249 1103/1104/249 1101/1102/248
f 1104/1103/249 1106/1105/250 1105/1106/250 1103/1104/249
f 1106/1105/250 1108/1107/251 1107/1108/251 1105/1106/250
f 1108/1107/251 1110/1109/252 1109/1110/252 1107/1108/251
f 1110/1109/252 1112/1111/253 1111/1112/253 1109/1110/252
f 1112/1111/253 1114/1113/254 1113/1114/254 1111/1112/253
f 1114/1113/254 1116/1115/255 1115/1116/255 1113/1114/254
f 1116/1115/255 1118/1117/256 1117/1118/256 1115/1116/255
f 1118/1117/256 1120/1119/257 1119/1120/257 1117/1118/256
f 1120/1119/257 1122/1121/258 1121/1122/258 1119/1120/257
f 1122/1121/258 1124/1123/259 1123/1124/259 1121/1122/258
f 1124/1123/259 1126/1125/260 1125/1126/260 1123/1124/259
f 1126/1125/260 1128/1127/261 1127/1128/261 1125/1126/260
f 1128/1127/261 1130/1129/262 1129/1130/262 1127/1128/261
f 1130/1129/262 1132/1131/263 1131/1132/263 1129/1130/262
f 1132/1131/263 1134/1133/264 1133/1134/264 1131/1132/263
f 1134/1133/264 1136/1135/265 1135/1136/265 1133/1134/264
f 1136/1135/265 590/589/3 589/592/3 1135/1136/265
f 1138/1137/3 1140/1138/4 1139/1139/4 1137/1140/3
f 1140/1138/4 1142/1141/266 1141/1142/266 1139/1139/4
f 1142/1141/266 1144/1143/267 1143/1144/267 1141/1142/266
f 1144/1143/267 1138/1137/3 1137/1140/3 1143/1144/267
f 1146/1145/267 1148/1146/3 1147/1147/3 1145/1148/267
f 1148/1146/3 1150/1149/4 1149/1150/4 1147/1147/3
f 1150/1149/4 1152/1151/266 1151/1152/266 1149/1150/4
f 1152/1151/266 1146/1145/267 1145/1148/267 1151/1152/266
f 1154/1153/266 1156/1154/267 1155/1155/267 1153/1156/266
f 1156/1154/267 1158/1157/3 1157/1158/3 1155/1155/267
f 1158/1157/3 1160/1159/4 1159/1160/4 1157/1158/3
f 1160/1159/4 1154/1153/266 1153/1156/266 1159/1160/4
f 1162/1161/266 1164/1162/267 1163/1163/267 1161/1164/266
f 1164/1162/267 1166/1165/3 1165/1166/3 1163/1163/267
f 1166/1165/3 1168/1167/4 1167/1168/4 1165/1166/3
f 1168/1167/4 1162/1161/266 1161/1164/266 1167/1168/4
f 1170/1169/266 1172/1170/267 1171/1171/267 1169/1172/266
f 1172/1170/267 1174/1173/3 1173/1174/3 1171/1171/267
f 1174/1173/3 1176/1175/4 1175/1176/4 1173/1174/3
f 1176/1175/4 1170/1169/266 1169/1172/266 1175/1176/4
